{"batch": {"label": "batch", "average_duration": 0.09170401465032518, "n_events": 194, "total_time": 17.790578842163086}, "batch.accumulate": {"label": "batch.accumulate", "average_duration": 0.000885626704422469, "n_events": 194, "total_time": 0.17181158065795898}, "batch.backward": {"label": "batch.backward", "average_duration": 0.06608646923733741, "n_events": 194, "total_time": 12.820775032043457}, "batch.evaluate": {"label": "batch.evaluate", "average_duration": 0.0011427046097430987, "n_events": 194, "total_time": 0.22168469429016113}, "batch.forward": {"label": "batch.forward", "average_duration": 0.006409190364719666, "n_events": 194, "total_time": 1.2433829307556152}, "batch.reduce": {"label": "batch.reduce", "average_duration": 0.011627492216444508, "n_events": 194, "total_time": 2.2557334899902344}, "batch.step": {"label": "batch.step", "average_duration": 0.0027207332788054474, "n_events": 194, "total_time": 0.5278222560882568}, "reduce.compress": {"label": "reduce.compress", "average_duration": 0.005586738438950372, "n_events": 194, "total_time": 1.083827257156372}, "reduce.decompress": {"label": "reduce.decompress", "average_duration": 0.0010035468130996546, "n_events": 194, "total_time": 0.194688081741333}, "reduce.flat_pack": {"label": "reduce.flat_pack", "average_duration": 0.0006338886378966656, "n_events": 194, "total_time": 0.12297439575195312}, "reduce.norm": {"label": "reduce.norm", "average_duration": 0.0005058971876950608, "n_events": 194, "total_time": 0.0981440544128418}, "reduce.reduce.vector": {"label": "reduce.reduce.vector", "average_duration": 0.000969709809293452, "n_events": 194, "total_time": 0.1881237030029297}, "reduce.setgrad": {"label": "reduce.setgrad", "average_duration": 0.0026796466296481105, "n_events": 194, "total_time": 0.5198514461517334}}