{"batch": {"label": "batch", "average_duration": 0.37743527442216873, "n_events": 96, "total_time": 36.2337863445282}, "batch.accumulate": {"label": "batch.accumulate", "average_duration": 0.002663691838582357, "n_events": 18, "total_time": 0.04794645309448242}, "batch.backward": {"label": "batch.backward", "average_duration": 0.12234350790580113, "n_events": 96, "total_time": 11.74497675895691}, "batch.evaluate": {"label": "batch.evaluate", "average_duration": 0.0008532653252283732, "n_events": 96, "total_time": 0.08191347122192383}, "batch.forward": {"label": "batch.forward", "average_duration": 0.04110346734523773, "n_events": 96, "total_time": 3.9459328651428223}, "batch.reduce": {"label": "batch.reduce", "average_duration": 0.8785486883587308, "n_events": 18, "total_time": 15.813876390457153}, "batch.step": {"label": "batch.step", "average_duration": 0.008838151892026266, "n_events": 96, "total_time": 0.8484625816345215}, "reduce.compress": {"label": "reduce.compress", "average_duration": 0.006803035736083984, "n_events": 18, "total_time": 0.12245464324951172}, "reduce.decompress": {"label": "reduce.decompress", "average_duration": 0.00021972921159532334, "n_events": 18, "total_time": 0.00395512580871582}, "reduce.flat_pack": {"label": "reduce.flat_pack", "average_duration": 0.0010571877161661785, "n_events": 18, "total_time": 0.01902937889099121}, "reduce.norm": {"label": "reduce.norm", "average_duration": 0.8616526656680636, "n_events": 18, "total_time": 15.509747982025146}, "reduce.setgrad": {"label": "reduce.setgrad", "average_duration": 0.008330053753323026, "n_events": 18, "total_time": 0.14994096755981445}}