{"batch": {"label": "batch", "average_duration": 0.19922173768281937, "n_events": 96, "total_time": 19.12528681755066}, "batch.accumulate": {"label": "batch.accumulate", "average_duration": 0.0027941962083180747, "n_events": 96, "total_time": 0.26824283599853516}, "batch.backward": {"label": "batch.backward", "average_duration": 0.12187826881806056, "n_events": 96, "total_time": 11.700313806533813}, "batch.evaluate": {"label": "batch.evaluate", "average_duration": 0.0007472112774848938, "n_events": 96, "total_time": 0.0717322826385498}, "batch.forward": {"label": "batch.forward", "average_duration": 0.041062697768211365, "n_events": 96, "total_time": 3.942018985748291}, "batch.reduce": {"label": "batch.reduce", "average_duration": 0.015734627842903137, "n_events": 96, "total_time": 1.5105242729187012}, "batch.step": {"label": "batch.step", "average_duration": 0.008291997015476227, "n_events": 96, "total_time": 0.7960317134857178}, "reduce.compress": {"label": "reduce.compress", "average_duration": 0.0012117500106493633, "n_events": 96, "total_time": 0.11632800102233887}, "reduce.decompress": {"label": "reduce.decompress", "average_duration": 0.0002083455522855123, "n_events": 96, "total_time": 0.02000117301940918}, "reduce.flat_pack": {"label": "reduce.flat_pack", "average_duration": 0.0009751816590627035, "n_events": 96, "total_time": 0.09361743927001953}, "reduce.norm": {"label": "reduce.norm", "average_duration": 0.00454094260931015, "n_events": 96, "total_time": 0.4359304904937744}, "reduce.setgrad": {"label": "reduce.setgrad", "average_duration": 0.008398398756980896, "n_events": 96, "total_time": 0.806246280670166}}