{"batch": {"label": "batch", "average_duration": 0.06872810867043247, "n_events": 974, "total_time": 66.94117784500122}, "batch.accumulate": {"label": "batch.accumulate", "average_duration": 0.001116734755357433, "n_events": 974, "total_time": 1.0876996517181396}, "batch.backward": {"label": "batch.backward", "average_duration": 0.01993802563120942, "n_events": 974, "total_time": 19.419636964797974}, "batch.evaluate": {"label": "batch.evaluate", "average_duration": 0.0009035065433572694, "n_events": 974, "total_time": 0.8800153732299805}, "batch.forward": {"label": "batch.forward", "average_duration": 0.011448874365867286, "n_events": 974, "total_time": 11.151203632354736}, "batch.reduce": {"label": "batch.reduce", "average_duration": 0.02650565288394873, "n_events": 974, "total_time": 25.816505908966064}, "batch.step": {"label": "batch.step", "average_duration": 0.005712023505929559, "n_events": 974, "total_time": 5.563510894775391}, "epoch_metrics.collect": {"label": "epoch_metrics.collect", "average_duration": 0.0026265382766723633, "n_events": 4, "total_time": 0.010506153106689453}, "reduce.compress": {"label": "reduce.compress", "average_duration": 0.01503953502897854, "n_events": 974, "total_time": 14.648507118225098}, "reduce.decompress": {"label": "reduce.decompress", "average_duration": 0.0021272765537551784, "n_events": 974, "total_time": 2.071967363357544}, "reduce.flat_pack": {"label": "reduce.flat_pack", "average_duration": 0.0008087623290702302, "n_events": 974, "total_time": 0.7877345085144043}, "reduce.norm": {"label": "reduce.norm", "average_duration": 0.00067510007588036, "n_events": 974, "total_time": 0.6575474739074707}, "reduce.reduce.vector": {"label": "reduce.reduce.vector", "average_duration": 0.00419384669474263, "n_events": 974, "total_time": 4.084806680679321}, "reduce.setgrad": {"label": "reduce.setgrad", "average_duration": 0.003422001793644022, "n_events": 974, "total_time": 3.3330297470092773}, "test.last": {"label": "test.last", "average_duration": 1.1067933440208435, "n_events": 4, "total_time": 4.427173376083374}}