{"batch": {"label": "batch", "average_duration": 0.24782197171143783, "n_events": 29249, "total_time": 7248.544850587845}, "batch.accumulate": {"label": "batch.accumulate", "average_duration": 0.002566672393638149, "n_events": 29249, "total_time": 75.07260084152222}, "batch.backward": {"label": "batch.backward", "average_duration": 0.14419362607697242, "n_events": 29249, "total_time": 4217.519369125366}, "batch.evaluate": {"label": "batch.evaluate", "average_duration": 0.0004354876703089325, "n_events": 29249, "total_time": 12.737578868865967}, "batch.forward": {"label": "batch.forward", "average_duration": 0.0667656145118975, "n_events": 29249, "total_time": 1952.82745885849}, "batch.reduce": {"label": "batch.reduce", "average_duration": 0.025048725714809553, "n_events": 29249, "total_time": 732.6501784324646}, "batch.step": {"label": "batch.step", "average_duration": 0.005866158953723453, "n_events": 29249, "total_time": 171.57928323745728}, "epoch_metrics.collect": {"label": "epoch_metrics.collect", "average_duration": 0.0017330774524867934, "n_events": 149, "total_time": 0.2582285404205322}, "reduce.compress": {"label": "reduce.compress", "average_duration": 0.0072427281045788165, "n_events": 29249, "total_time": 211.8425543308258}, "reduce.decompress": {"label": "reduce.decompress", "average_duration": 0.0006751394006116862, "n_events": 29249, "total_time": 19.74715232849121}, "reduce.flat_pack": {"label": "reduce.flat_pack", "average_duration": 0.0011190015143413023, "n_events": 29249, "total_time": 32.72967529296875}, "reduce.norm": {"label": "reduce.norm", "average_duration": 0.0009521612481478484, "n_events": 29249, "total_time": 27.849764347076416}, "reduce.reduce.vector": {"label": "reduce.reduce.vector", "average_duration": 0.0072003201487256, "n_events": 29249, "total_time": 210.60216403007507}, "reduce.setgrad": {"label": "reduce.setgrad", "average_duration": 0.007681480533767184, "n_events": 29249, "total_time": 224.67562413215637}, "test.last": {"label": "test.last", "average_duration": 2.4813606034989326, "n_events": 149, "total_time": 369.72272992134094}}