{"batch": {"label": "batch", "average_duration": 0.08384139784451189, "n_events": 290, "total_time": 24.314005374908447}, "batch.accumulate": {"label": "batch.accumulate", "average_duration": 0.0011631382836235894, "n_events": 18, "total_time": 0.02093648910522461}, "batch.backward": {"label": "batch.backward", "average_duration": 0.06538400238957898, "n_events": 290, "total_time": 18.961360692977905}, "batch.evaluate": {"label": "batch.evaluate", "average_duration": 0.0012276879672346445, "n_events": 290, "total_time": 0.3560295104980469}, "batch.forward": {"label": "batch.forward", "average_duration": 0.006398329241522427, "n_events": 290, "total_time": 1.855515480041504}, "batch.reduce": {"label": "batch.reduce", "average_duration": 0.012012468443976508, "n_events": 18, "total_time": 0.21622443199157715}, "batch.step": {"label": "batch.step", "average_duration": 0.0037200418011895543, "n_events": 290, "total_time": 1.0788121223449707}, "epoch_metrics.collect": {"label": "epoch_metrics.collect", "average_duration": 0.021355628967285156, "n_events": 2, "total_time": 0.04271125793457031}, "reduce.compress": {"label": "reduce.compress", "average_duration": 0.0010466443167792426, "n_events": 18, "total_time": 0.018839597702026367}, "reduce.decompress": {"label": "reduce.decompress", "average_duration": 0.00023853778839111328, "n_events": 18, "total_time": 0.004293680191040039}, "reduce.flat_pack": {"label": "reduce.flat_pack", "average_duration": 0.0008053779602050781, "n_events": 18, "total_time": 0.014496803283691406}, "reduce.norm": {"label": "reduce.norm", "average_duration": 0.00578100151485867, "n_events": 18, "total_time": 0.10405802726745605}, "reduce.reduce.vector": {"label": "reduce.reduce.vector", "average_duration": 0.000155435668097602, "n_events": 18, "total_time": 0.002797842025756836}, "reduce.setgrad": {"label": "reduce.setgrad", "average_duration": 0.00324249267578125, "n_events": 18, "total_time": 0.0583648681640625}, "test.last": {"label": "test.last", "average_duration": 1.3897342681884766, "n_events": 2, "total_time": 2.779468536376953}}