{"batch": {"label": "batch", "average_duration": 0.08389083845862026, "n_events": 290, "total_time": 24.328343152999878}, "batch.accumulate": {"label": "batch.accumulate", "average_duration": 0.0011703835593329535, "n_events": 18, "total_time": 0.021066904067993164}, "batch.backward": {"label": "batch.backward", "average_duration": 0.0065457204292560444, "n_events": 290, "total_time": 1.898258924484253}, "batch.evaluate": {"label": "batch.evaluate", "average_duration": 0.060532200747522816, "n_events": 290, "total_time": 17.554338216781616}, "batch.forward": {"label": "batch.forward", "average_duration": 0.005762022939221612, "n_events": 290, "total_time": 1.6709866523742676}, "batch.reduce": {"label": "batch.reduce", "average_duration": 0.015300538804796007, "n_events": 18, "total_time": 0.2754096984863281}, "batch.step": {"label": "batch.step", "average_duration": 0.0033189058303833008, "n_events": 290, "total_time": 0.9624826908111572}, "epoch_metrics.collect": {"label": "epoch_metrics.collect", "average_duration": 0.0011478662490844727, "n_events": 2, "total_time": 0.0022957324981689453}, "reduce.compress": {"label": "reduce.compress", "average_duration": 0.001069611973232693, "n_events": 18, "total_time": 0.019253015518188477}, "reduce.decompress": {"label": "reduce.decompress", "average_duration": 0.00024112065633138022, "n_events": 18, "total_time": 0.004340171813964844}, "reduce.flat_pack": {"label": "reduce.flat_pack", "average_duration": 0.0003223949008517795, "n_events": 18, "total_time": 0.005803108215332031}, "reduce.norm": {"label": "reduce.norm", "average_duration": 0.009602215554979112, "n_events": 18, "total_time": 0.17283987998962402}, "reduce.reduce.vector": {"label": "reduce.reduce.vector", "average_duration": 0.00013532903459337022, "n_events": 18, "total_time": 0.002435922622680664}, "reduce.setgrad": {"label": "reduce.setgrad", "average_duration": 0.0034072664048936632, "n_events": 18, "total_time": 0.06133079528808594}, "test.last": {"label": "test.last", "average_duration": 1.3896989822387695, "n_events": 2, "total_time": 2.779397964477539}}