{"batch": {"label": "batch", "average_duration": 0.21149260446059803, "n_events": 484, "total_time": 102.36242055892944}, "batch.accumulate": {"label": "batch.accumulate", "average_duration": 0.0020293258438425616, "n_events": 484, "total_time": 0.9821937084197998}, "batch.backward": {"label": "batch.backward", "average_duration": 0.12274719466847822, "n_events": 484, "total_time": 59.40964221954346}, "batch.evaluate": {"label": "batch.evaluate", "average_duration": 0.0005778473270826103, "n_events": 484, "total_time": 0.2796781063079834}, "batch.forward": {"label": "batch.forward", "average_duration": 0.05981872692581051, "n_events": 484, "total_time": 28.952263832092285}, "batch.reduce": {"label": "batch.reduce", "average_duration": 0.014426322515345803, "n_events": 484, "total_time": 6.982340097427368}, "batch.step": {"label": "batch.step", "average_duration": 0.008531486692507405, "n_events": 484, "total_time": 4.129239559173584}, "epoch_metrics.collect": {"label": "epoch_metrics.collect", "average_duration": 0.0038015246391296387, "n_events": 4, "total_time": 0.015206098556518555}, "reduce.compress": {"label": "reduce.compress", "average_duration": 0.0003574791033405903, "n_events": 484, "total_time": 0.1730198860168457}, "reduce.decompress": {"label": "reduce.decompress", "average_duration": 8.78419757874544e-05, "n_events": 484, "total_time": 0.04251551628112793}, "reduce.flat_pack": {"label": "reduce.flat_pack", "average_duration": 0.0007528017375094832, "n_events": 484, "total_time": 0.36435604095458984}, "reduce.norm": {"label": "reduce.norm", "average_duration": 0.005048219330054669, "n_events": 484, "total_time": 2.44333815574646}, "reduce.reduce.vector": {"label": "reduce.reduce.vector", "average_duration": 0.0009502541920370307, "n_events": 484, "total_time": 0.45992302894592285}, "reduce.setgrad": {"label": "reduce.setgrad", "average_duration": 0.006803461342803703, "n_events": 484, "total_time": 3.292875289916992}, "test.last": {"label": "test.last", "average_duration": 1.4211603999137878, "n_events": 4, "total_time": 5.684641599655151}}