{"batch": {"label": "batch", "average_duration": 0.08689519762992859, "n_events": 96, "total_time": 8.341938972473145}, "batch.accumulate": {"label": "batch.accumulate", "average_duration": 0.001098508636156718, "n_events": 96, "total_time": 0.10545682907104492}, "batch.backward": {"label": "batch.backward", "average_duration": 0.006600831945737203, "n_events": 96, "total_time": 0.6336798667907715}, "batch.evaluate": {"label": "batch.evaluate", "average_duration": 0.05915524810552597, "n_events": 96, "total_time": 5.678903818130493}, "batch.forward": {"label": "batch.forward", "average_duration": 0.005620087186495463, "n_events": 96, "total_time": 0.5395283699035645}, "batch.reduce": {"label": "batch.reduce", "average_duration": 0.008109244207541147, "n_events": 96, "total_time": 0.7784874439239502}, "batch.step": {"label": "batch.step", "average_duration": 0.0031861811876296997, "n_events": 96, "total_time": 0.30587339401245117}, "reduce.compress": {"label": "reduce.compress", "average_duration": 0.00041579951842625934, "n_events": 96, "total_time": 0.0399167537689209}, "reduce.decompress": {"label": "reduce.decompress", "average_duration": 8.739779392878215e-05, "n_events": 96, "total_time": 0.008390188217163086}, "reduce.flat_pack": {"label": "reduce.flat_pack", "average_duration": 0.0003061816096305847, "n_events": 96, "total_time": 0.029393434524536133}, "reduce.norm": {"label": "reduce.norm", "average_duration": 0.00372221569220225, "n_events": 96, "total_time": 0.357332706451416}, "reduce.reduce.vector": {"label": "reduce.reduce.vector", "average_duration": 0.00014203538497289023, "n_events": 96, "total_time": 0.013635396957397461}, "reduce.setgrad": {"label": "reduce.setgrad", "average_duration": 0.0031669586896896362, "n_events": 96, "total_time": 0.3040280342102051}}