{"batch": {"label": "batch", "average_duration": 0.05191195764730411, "n_events": 29249, "total_time": 1518.372849225998}, "batch.accumulate": {"label": "batch.accumulate", "average_duration": 0.0013174966582396388, "n_events": 29249, "total_time": 38.535459756851196}, "batch.backward": {"label": "batch.backward", "average_duration": 0.019909821044416885, "n_events": 29249, "total_time": 582.3423557281494}, "batch.evaluate": {"label": "batch.evaluate", "average_duration": 0.0007940935776365643, "n_events": 29249, "total_time": 23.22644305229187}, "batch.forward": {"label": "batch.forward", "average_duration": 0.011403108687314251, "n_events": 29249, "total_time": 333.5295259952545}, "batch.reduce": {"label": "batch.reduce", "average_duration": 0.007865912462121226, "n_events": 29249, "total_time": 230.07007360458374}, "batch.step": {"label": "batch.step", "average_duration": 0.007032724310261208, "n_events": 29249, "total_time": 205.70015335083008}, "epoch_metrics.collect": {"label": "epoch_metrics.collect", "average_duration": 0.00813484831944408, "n_events": 149, "total_time": 1.212092399597168}, "reduce.compress": {"label": "reduce.compress", "average_duration": 0.00046288899068869244, "n_events": 29249, "total_time": 13.539040088653564}, "reduce.decompress": {"label": "reduce.decompress", "average_duration": 9.507007886456272e-05, "n_events": 29249, "total_time": 2.7807047367095947}, "reduce.flat_pack": {"label": "reduce.flat_pack", "average_duration": 0.0007390077185266433, "n_events": 29249, "total_time": 21.61523675918579}, "reduce.norm": {"label": "reduce.norm", "average_duration": 0.001127234434175868, "n_events": 29249, "total_time": 32.97047996520996}, "reduce.reduce.vector": {"label": "reduce.reduce.vector", "average_duration": 0.00020241461850389701, "n_events": 29249, "total_time": 5.920425176620483}, "reduce.setgrad": {"label": "reduce.setgrad", "average_duration": 0.00437993891459497, "n_events": 29249, "total_time": 128.10883331298828}, "test.last": {"label": "test.last", "average_duration": 1.0714228265237489, "n_events": 149, "total_time": 159.64200115203857}}