{"batch": {"label": "batch", "average_duration": 0.08243070612299627, "n_events": 193, "total_time": 15.909126281738281}, "batch.accumulate": {"label": "batch.accumulate", "average_duration": 0.001036683718363444, "n_events": 18, "total_time": 0.018660306930541992}, "batch.backward": {"label": "batch.backward", "average_duration": 0.06698239529071076, "n_events": 193, "total_time": 12.927602291107178}, "batch.evaluate": {"label": "batch.evaluate", "average_duration": 0.0011941657782836282, "n_events": 193, "total_time": 0.23047399520874023}, "batch.forward": {"label": "batch.forward", "average_duration": 0.00655592537914533, "n_events": 193, "total_time": 1.2652935981750488}, "batch.reduce": {"label": "batch.reduce", "average_duration": 0.009492741690741645, "n_events": 18, "total_time": 0.1708693504333496}, "batch.step": {"label": "batch.step", "average_duration": 0.0034984615800294234, "n_events": 193, "total_time": 0.6752030849456787}, "epoch_metrics.collect": {"label": "epoch_metrics.collect", "average_duration": 0.005089282989501953, "n_events": 1, "total_time": 0.005089282989501953}, "reduce.allreduce": {"label": "reduce.allreduce", "average_duration": 0.008634739451938205, "n_events": 18, "total_time": 0.1554253101348877}, "reduce.flat_pack": {"label": "reduce.flat_pack", "average_duration": 0.0007268852657741971, "n_events": 18, "total_time": 0.013083934783935547}, "test.last": {"label": "test.last", "average_duration": 1.3394503593444824, "n_events": 1, "total_time": 1.3394503593444824}}