{"batch": {"label": "batch", "average_duration": 0.05042794774652909, "n_events": 29249, "total_time": 1474.9670436382294}, "batch.accumulate": {"label": "batch.accumulate", "average_duration": 0.0011145342696063144, "n_events": 29249, "total_time": 32.59901285171509}, "batch.backward": {"label": "batch.backward", "average_duration": 0.007953778132931294, "n_events": 29249, "total_time": 232.64005661010742}, "batch.evaluate": {"label": "batch.evaluate", "average_duration": 0.017846878192221725, "n_events": 29249, "total_time": 522.0033402442932}, "batch.forward": {"label": "batch.forward", "average_duration": 0.004773233800004652, "n_events": 29249, "total_time": 139.61231541633606}, "batch.reduce": {"label": "batch.reduce", "average_duration": 0.009662254907611358, "n_events": 29249, "total_time": 282.6112937927246}, "batch.step": {"label": "batch.step", "average_duration": 0.006002833527040676, "n_events": 29249, "total_time": 175.57687783241272}, "epoch_metrics.collect": {"label": "epoch_metrics.collect", "average_duration": 0.0045648437218378055, "n_events": 149, "total_time": 0.680161714553833}, "reduce.allocate_memory": {"label": "reduce.allocate_memory", "average_duration": 0.00038772530219726814, "n_events": 29249, "total_time": 11.340577363967896}, "reduce.compute.p": {"label": "reduce.compute.p", "average_duration": 0.0003328762069441827, "n_events": 29249, "total_time": 9.7362961769104}, "reduce.compute.q": {"label": "reduce.compute.q", "average_duration": 0.00040896979228969866, "n_events": 29249, "total_time": 11.961957454681396}, "reduce.normalize.p": {"label": "reduce.normalize.p", "average_duration": 0.0019273696473457577, "n_events": 29249, "total_time": 56.373634815216064}, "reduce.outerprod": {"label": "reduce.outerprod", "average_duration": 0.0012010546756681653, "n_events": 29249, "total_time": 35.129648208618164}, "reduce.p": {"label": "reduce.p", "average_duration": 8.927738529184325e-05, "n_events": 29249, "total_time": 2.611274242401123}, "reduce.prepare.q": {"label": "reduce.prepare.q", "average_duration": 0.0002967125534208384, "n_events": 29249, "total_time": 8.678545475006104}, "reduce.q": {"label": "reduce.q", "average_duration": 0.00014880897774729445, "n_events": 29249, "total_time": 4.352513790130615}, "reduce.rank1.all_reduce": {"label": "reduce.rank1.all_reduce", "average_duration": 7.931783205912889e-05, "n_events": 29249, "total_time": 2.319967269897461}, "reduce.rank1.pack": {"label": "reduce.rank1.pack", "average_duration": 0.0002547317441497983, "n_events": 29249, "total_time": 7.450648784637451}, "reduce.rank1.unpack": {"label": "reduce.rank1.unpack", "average_duration": 0.0011104630903894625, "n_events": 29249, "total_time": 32.47993493080139}, "test.last": {"label": "test.last", "average_duration": 1.0150262701431376, "n_events": 149, "total_time": 151.23891425132751}}