{"batch": {"label": "batch", "average_duration": 0.05332344023157313, "n_events": 29249, "total_time": 1559.6573033332825}, "batch.accumulate": {"label": "batch.accumulate", "average_duration": 0.001052028709217815, "n_events": 29249, "total_time": 30.770787715911865}, "batch.backward": {"label": "batch.backward", "average_duration": 0.01992054278065826, "n_events": 29249, "total_time": 582.6559557914734}, "batch.evaluate": {"label": "batch.evaluate", "average_duration": 0.0006876474625229032, "n_events": 29249, "total_time": 20.113000631332397}, "batch.forward": {"label": "batch.forward", "average_duration": 0.011427458756894934, "n_events": 29249, "total_time": 334.2417411804199}, "batch.reduce": {"label": "batch.reduce", "average_duration": 0.011468624994487345, "n_events": 29249, "total_time": 335.4458124637604}, "batch.step": {"label": "batch.step", "average_duration": 0.005663695476080333, "n_events": 29249, "total_time": 165.65742897987366}, "epoch_metrics.collect": {"label": "epoch_metrics.collect", "average_duration": 0.0049566934572770295, "n_events": 149, "total_time": 0.7385473251342773}, "reduce.allocate_memory": {"label": "reduce.allocate_memory", "average_duration": 0.00032683714723468025, "n_events": 29249, "total_time": 9.559659719467163}, "reduce.compute.p": {"label": "reduce.compute.p", "average_duration": 0.00037180908301201937, "n_events": 29249, "total_time": 10.875043869018555}, "reduce.compute.q": {"label": "reduce.compute.q", "average_duration": 0.00040313908086156777, "n_events": 29249, "total_time": 11.791414976119995}, "reduce.normalize.p": {"label": "reduce.normalize.p", "average_duration": 0.0018102217341713256, "n_events": 29249, "total_time": 52.9471755027771}, "reduce.outerprod": {"label": "reduce.outerprod", "average_duration": 0.0015270742270766277, "n_events": 29249, "total_time": 44.66539406776428}, "reduce.p": {"label": "reduce.p", "average_duration": 0.0017043666809602675, "n_events": 29249, "total_time": 49.85102105140686}, "reduce.prepare.q": {"label": "reduce.prepare.q", "average_duration": 0.0002845049010386381, "n_events": 29249, "total_time": 8.321483850479126}, "reduce.q": {"label": "reduce.q", "average_duration": 0.000403329129381919, "n_events": 29249, "total_time": 11.796973705291748}, "reduce.rank1.all_reduce": {"label": "reduce.rank1.all_reduce", "average_duration": 0.00012585463786827014, "n_events": 29249, "total_time": 3.681122303009033}, "reduce.rank1.pack": {"label": "reduce.rank1.pack", "average_duration": 0.0002485837091596364, "n_events": 29249, "total_time": 7.270824909210205}, "reduce.rank1.unpack": {"label": "reduce.rank1.unpack", "average_duration": 0.001089661324092264, "n_events": 29249, "total_time": 31.871504068374634}, "test.last": {"label": "test.last", "average_duration": 1.0605467997941396, "n_events": 149, "total_time": 158.02147316932678}}