{"batch": {"label": "batch", "average_duration": 0.08339398354291916, "n_events": 96, "total_time": 8.00582242012024}, "batch.accumulate": {"label": "batch.accumulate", "average_duration": 0.0011177857716878254, "n_events": 18, "total_time": 0.02012014389038086}, "batch.backward": {"label": "batch.backward", "average_duration": 0.006501940389474233, "n_events": 96, "total_time": 0.6241862773895264}, "batch.evaluate": {"label": "batch.evaluate", "average_duration": 0.05870730181535085, "n_events": 96, "total_time": 5.635900974273682}, "batch.forward": {"label": "batch.forward", "average_duration": 0.005662937959035237, "n_events": 96, "total_time": 0.5436420440673828}, "batch.reduce": {"label": "batch.reduce", "average_duration": 0.026648031340705022, "n_events": 18, "total_time": 0.47966456413269043}, "batch.step": {"label": "batch.step", "average_duration": 0.003148729602495829, "n_events": 96, "total_time": 0.3022780418395996}, "reduce.compress": {"label": "reduce.compress", "average_duration": 0.0010261668099297418, "n_events": 18, "total_time": 0.01847100257873535}, "reduce.decompress": {"label": "reduce.decompress", "average_duration": 0.0002262327406141493, "n_events": 18, "total_time": 0.0040721893310546875}, "reduce.flat_pack": {"label": "reduce.flat_pack", "average_duration": 0.00031749407450358075, "n_events": 18, "total_time": 0.005714893341064453}, "reduce.norm": {"label": "reduce.norm", "average_duration": 0.021332210964626737, "n_events": 18, "total_time": 0.38397979736328125}, "reduce.reduce.vector": {"label": "reduce.reduce.vector", "average_duration": 0.00013152758280436197, "n_events": 18, "total_time": 0.0023674964904785156}, "reduce.setgrad": {"label": "reduce.setgrad", "average_duration": 0.0032769044240315757, "n_events": 18, "total_time": 0.05898427963256836}, "reduce_times": [0.09985613822937012, 0.026988744735717773, 0.03499317169189453, 0.026336193084716797, 0.024354934692382812, 0.028781652450561523, 0.029087543487548828, 0.02767205238342285, 0.02429676055908203, 0.025067806243896484, 0.02387714385986328, 0.022562503814697266, 0.02580714225769043, 0.030507802963256836, 0.021083831787109375, 0.036661386489868164, 0.02663564682006836, 0.025935888290405273, 0.019014358520507812]}