{"batch": {"label": "batch", "average_duration": 0.08312422285477321, "n_events": 96, "total_time": 7.9799253940582275}, "batch.accumulate": {"label": "batch.accumulate", "average_duration": 0.0010850561989678277, "n_events": 18, "total_time": 0.0195310115814209}, "batch.backward": {"label": "batch.backward", "average_duration": 0.006364280978838603, "n_events": 96, "total_time": 0.6109709739685059}, "batch.evaluate": {"label": "batch.evaluate", "average_duration": 0.06024144838253657, "n_events": 96, "total_time": 5.783179044723511}, "batch.forward": {"label": "batch.forward", "average_duration": 0.005560112496217092, "n_events": 96, "total_time": 0.5337707996368408}, "batch.reduce": {"label": "batch.reduce", "average_duration": 0.019860837194654677, "n_events": 18, "total_time": 0.3574950695037842}, "batch.step": {"label": "batch.step", "average_duration": 0.003231622278690338, "n_events": 96, "total_time": 0.31023573875427246}, "reduce.compress": {"label": "reduce.compress", "average_duration": 0.0009891986846923828, "n_events": 18, "total_time": 0.01780557632446289}, "reduce.decompress": {"label": "reduce.decompress", "average_duration": 0.00022314654456244575, "n_events": 18, "total_time": 0.0040166378021240234}, "reduce.flat_pack": {"label": "reduce.flat_pack", "average_duration": 0.0002930561701456706, "n_events": 18, "total_time": 0.00527501106262207}, "reduce.norm": {"label": "reduce.norm", "average_duration": 0.014861464500427246, "n_events": 18, "total_time": 0.26750636100769043}, "reduce.reduce.vector": {"label": "reduce.reduce.vector", "average_duration": 0.00012640158335367838, "n_events": 18, "total_time": 0.002275228500366211}, "reduce.setgrad": {"label": "reduce.setgrad", "average_duration": 0.003051214747958713, "n_events": 18, "total_time": 0.054921865463256836}, "reduce_times": [0.07178330421447754, 0.02234935760498047, 0.02989482879638672, 0.022377967834472656, 0.019012928009033203, 0.02339935302734375, 0.02230095863342285, 0.021303415298461914, 0.019230365753173828, 0.020934581756591797, 0.021481037139892578, 0.02164602279663086, 0.009038209915161133, 0.010552167892456055, 0.014133214950561523, 0.025504350662231445, 0.020134449005126953, 0.019598722457885742, 0.014603137969970703]}