{"batch": {"label": "batch", "average_duration": 0.08322621881961823, "n_events": 96, "total_time": 7.98971700668335}, "batch.accumulate": {"label": "batch.accumulate", "average_duration": 0.001096698972913954, "n_events": 18, "total_time": 0.019740581512451172}, "batch.backward": {"label": "batch.backward", "average_duration": 0.0063786084453264875, "n_events": 96, "total_time": 0.6123464107513428}, "batch.evaluate": {"label": "batch.evaluate", "average_duration": 0.05839835355679194, "n_events": 96, "total_time": 5.606241941452026}, "batch.forward": {"label": "batch.forward", "average_duration": 0.005999118089675903, "n_events": 96, "total_time": 0.5759153366088867}, "batch.reduce": {"label": "batch.reduce", "average_duration": 0.025172657436794706, "n_events": 18, "total_time": 0.4531078338623047}, "batch.step": {"label": "batch.step", "average_duration": 0.003369125227133433, "n_events": 96, "total_time": 0.32343602180480957}, "reduce.compress": {"label": "reduce.compress", "average_duration": 0.000996655888027615, "n_events": 18, "total_time": 0.01793980598449707}, "reduce.decompress": {"label": "reduce.decompress", "average_duration": 0.00022996796502007378, "n_events": 18, "total_time": 0.004139423370361328}, "reduce.flat_pack": {"label": "reduce.flat_pack", "average_duration": 0.0003227922651502821, "n_events": 18, "total_time": 0.005810260772705078}, "reduce.norm": {"label": "reduce.norm", "average_duration": 0.020140793588426378, "n_events": 18, "total_time": 0.3625342845916748}, "reduce.reduce.vector": {"label": "reduce.reduce.vector", "average_duration": 0.0001312626732720269, "n_events": 18, "total_time": 0.0023627281188964844}, "reduce.setgrad": {"label": "reduce.setgrad", "average_duration": 0.0030174520280626086, "n_events": 18, "total_time": 0.05431413650512695}, "reduce_times": [0.08866453170776367, 0.019129037857055664, 0.030148029327392578, 0.027361392974853516, 0.025416135787963867, 0.028423786163330078, 0.02727794647216797, 0.01735997200012207, 0.023548603057861328, 0.029277563095092773, 0.03125953674316406, 0.018930912017822266, 0.020127534866333008, 0.0241546630859375, 0.023295879364013672, 0.03478860855102539, 0.025153398513793945, 0.027432680130004883, 0.020022153854370117]}