{"batch": {"label": "batch", "average_duration": 0.08267694960037868, "n_events": 96, "total_time": 7.9369871616363525}, "batch.accumulate": {"label": "batch.accumulate", "average_duration": 0.001135600937737359, "n_events": 18, "total_time": 0.02044081687927246}, "batch.backward": {"label": "batch.backward", "average_duration": 0.06537861873706181, "n_events": 96, "total_time": 6.276347398757935}, "batch.evaluate": {"label": "batch.evaluate", "average_duration": 0.0012157261371612549, "n_events": 96, "total_time": 0.11670970916748047}, "batch.forward": {"label": "batch.forward", "average_duration": 0.006423068543275197, "n_events": 96, "total_time": 0.616614580154419}, "batch.reduce": {"label": "batch.reduce", "average_duration": 0.01176407602098253, "n_events": 18, "total_time": 0.21175336837768555}, "batch.step": {"label": "batch.step", "average_duration": 0.003903597593307495, "n_events": 96, "total_time": 0.37474536895751953}, "reduce.compress": {"label": "reduce.compress", "average_duration": 0.00509035587310791, "n_events": 18, "total_time": 0.09162640571594238}, "reduce.decompress": {"label": "reduce.decompress", "average_duration": 0.0010162856843736437, "n_events": 18, "total_time": 0.018293142318725586}, "reduce.flat_pack": {"label": "reduce.flat_pack", "average_duration": 0.0006578895780775282, "n_events": 18, "total_time": 0.011842012405395508}, "reduce.norm": {"label": "reduce.norm", "average_duration": 0.000763800409105089, "n_events": 18, "total_time": 0.013748407363891602}, "reduce.reduce.vector": {"label": "reduce.reduce.vector", "average_duration": 0.0004992087682088217, "n_events": 18, "total_time": 0.008985757827758789}, "reduce.setgrad": {"label": "reduce.setgrad", "average_duration": 0.003386033905877007, "n_events": 18, "total_time": 0.06094861030578613}, "reduce_times": [0.012500762939453125, 0.011821508407592773, 0.011639833450317383, 0.011740446090698242, 0.01181936264038086, 0.011783361434936523, 0.011671304702758789, 0.011878728866577148, 0.011433124542236328, 0.01193380355834961, 0.01198887825012207, 0.012017965316772461, 0.011513233184814453, 0.01200556755065918, 0.011471748352050781, 0.012498617172241211, 0.012024164199829102, 0.011205911636352539, 0.011305809020996094]}