{"batch": {"label": "batch", "average_duration": 1.1034867517726938, "n_events": 194, "total_time": 214.0764298439026}, "batch.accumulate": {"label": "batch.accumulate", "average_duration": 0.0031724049872958785, "n_events": 194, "total_time": 0.6154465675354004}, "batch.backward": {"label": "batch.backward", "average_duration": 0.6224525110008791, "n_events": 194, "total_time": 120.75578713417053}, "batch.evaluate": {"label": "batch.evaluate", "average_duration": 0.0007833316154086712, "n_events": 194, "total_time": 0.15196633338928223}, "batch.forward": {"label": "batch.forward", "average_duration": 0.2929862774524492, "n_events": 194, "total_time": 56.83933782577515}, "batch.reduce": {"label": "batch.reduce", "average_duration": 0.16281363030069881, "n_events": 194, "total_time": 31.58584427833557}, "batch.step": {"label": "batch.step", "average_duration": 0.010970185712440727, "n_events": 194, "total_time": 2.128216028213501}, "reduce.allreduce": {"label": "reduce.allreduce", "average_duration": 0.16064529320628373, "n_events": 194, "total_time": 31.165186882019043}, "reduce.flat_pack": {"label": "reduce.flat_pack", "average_duration": 0.0019624786278636184, "n_events": 194, "total_time": 0.380720853805542}, "reduce_times": [0.14698481559753418, 0.1610727310180664, 0.17270851135253906, 0.16079258918762207, 0.17362308502197266, 0.16565752029418945, 0.17068886756896973, 0.15644264221191406, 0.16295456886291504, 0.16705894470214844, 0.16485953330993652, 0.17566800117492676, 0.15738439559936523, 0.17946338653564453, 0.15949654579162598, 0.16965031623840332, 0.1611614227294922, 0.17014122009277344, 0.1665809154510498, 0.16418194770812988, 0.17635726928710938, 0.15810513496398926, 0.16657209396362305, 0.1717219352722168, 0.15611577033996582, 0.15927934646606445, 0.15797638893127441, 0.16334152221679688, 0.1640474796295166, 0.1683790683746338, 0.16467738151550293, 0.15977096557617188, 0.16657733917236328, 0.17058086395263672, 0.17038893699645996, 0.17667698860168457, 0.15827488899230957, 0.16719579696655273, 0.17255282402038574, 0.1747727394104004, 0.15901899337768555, 0.1612851619720459, 0.16115212440490723, 0.1598958969116211, 0.15208649635314941, 0.15981745719909668, 0.16850852966308594, 0.15693879127502441, 0.1608283519744873, 0.1547868251800537, 0.1647179126739502, 0.16243505477905273, 0.1673567295074463, 0.15925908088684082, 0.1608262062072754, 0.14463043212890625, 0.1474621295928955, 0.1497783660888672, 0.1522541046142578, 0.1470165252685547, 0.14465665817260742, 0.15108180046081543, 0.15405988693237305, 0.14020848274230957, 0.17315268516540527, 0.16107773780822754, 0.16307592391967773, 0.15421819686889648, 0.1572713851928711, 0.16130304336547852, 0.14866328239440918, 0.1582329273223877, 0.14711403846740723, 0.16042041778564453, 0.15185546875, 0.1599137783050537, 0.1490790843963623, 0.17065715789794922, 0.15389728546142578, 0.1722123622894287, 0.1643979549407959, 0.15545940399169922, 0.16873884201049805, 0.14547395706176758, 0.1599748134613037, 0.16817665100097656, 0.18152880668640137, 0.16332650184631348, 0.1508347988128662, 0.16923737525939941, 0.1528031826019287, 0.16950774192810059, 0.1569805145263672, 0.147064208984375, 0.15036916732788086, 0.1461198329925537, 0.15600800514221191, 0.14272284507751465, 0.1489732265472412, 0.14736127853393555, 0.15892386436462402, 0.16165947914123535, 0.15625953674316406, 0.16283702850341797, 0.15687894821166992, 0.15752720832824707, 0.16605663299560547, 0.16827797889709473, 0.1578662395477295, 0.16176080703735352, 0.1562793254852295, 0.1534438133239746, 0.16010785102844238, 0.15729570388793945, 0.15921831130981445, 0.14915680885314941, 0.15807604789733887, 0.15974831581115723, 0.15352153778076172, 0.16491365432739258, 0.4084460735321045, 0.16453266143798828, 0.15190982818603516, 0.1620481014251709, 0.1513996124267578, 0.1551346778869629, 0.1445014476776123, 0.15170502662658691, 0.15038514137268066, 0.15912127494812012, 0.15249061584472656, 0.14675498008728027, 0.15944504737854004, 0.16254305839538574, 0.15433502197265625, 0.14345526695251465, 0.15549015998840332, 0.15009665489196777, 0.16583013534545898, 0.14977526664733887, 0.16188406944274902, 0.15610361099243164, 0.1634199619293213, 0.15454721450805664, 0.17462968826293945, 0.1748669147491455, 0.1550912857055664, 0.16512107849121094, 0.1651318073272705, 0.17015480995178223, 0.16821622848510742, 0.1583554744720459, 0.16571354866027832, 0.16394329071044922, 0.17230963706970215, 0.16026830673217773, 0.15653491020202637, 0.1747572422027588, 0.1715250015258789, 0.1656804084777832, 0.17627906799316406, 0.17982935905456543, 0.1706256866455078, 0.18181610107421875, 0.17666006088256836, 0.1706995964050293, 0.17850351333618164, 0.17217230796813965, 0.18364262580871582, 0.15210437774658203, 0.1533041000366211, 0.16507720947265625, 0.16088128089904785, 0.17271971702575684, 0.15370464324951172, 0.17580413818359375, 0.18118000030517578, 0.16762018203735352, 0.15847015380859375, 0.16453289985656738, 0.16967010498046875, 0.16732144355773926, 0.15772509574890137, 0.15277910232543945, 0.15376758575439453, 0.15527772903442383, 0.17489171028137207, 0.16416096687316895, 0.16161775588989258, 0.15939617156982422, 0.17017793655395508, 0.1669919490814209, 0.17608308792114258, 0.16212105751037598, 0.17055416107177734]}