{"batch": {"label": "batch", "average_duration": 0.20063661287228265, "n_events": 96, "total_time": 19.261114835739136}, "batch.accumulate": {"label": "batch.accumulate", "average_duration": 0.0029381761948267617, "n_events": 96, "total_time": 0.28206491470336914}, "batch.backward": {"label": "batch.backward", "average_duration": 0.02374882499376933, "n_events": 96, "total_time": 2.2798871994018555}, "batch.evaluate": {"label": "batch.evaluate", "average_duration": 0.11348116646210353, "n_events": 96, "total_time": 10.894191980361938}, "batch.forward": {"label": "batch.forward", "average_duration": 0.026018545031547546, "n_events": 96, "total_time": 2.4977803230285645}, "batch.reduce": {"label": "batch.reduce", "average_duration": 0.016262417038281757, "n_events": 96, "total_time": 1.5611920356750488}, "batch.step": {"label": "batch.step", "average_duration": 0.008895725011825562, "n_events": 96, "total_time": 0.8539896011352539}, "reduce.compress": {"label": "reduce.compress", "average_duration": 0.0009501551588376363, "n_events": 96, "total_time": 0.09121489524841309}, "reduce.decompress": {"label": "reduce.decompress", "average_duration": 0.00021496911843617758, "n_events": 96, "total_time": 0.020637035369873047}, "reduce.flat_pack": {"label": "reduce.flat_pack", "average_duration": 0.0007346048951148987, "n_events": 96, "total_time": 0.07052206993103027}, "reduce.norm": {"label": "reduce.norm", "average_duration": 0.005021117627620697, "n_events": 96, "total_time": 0.4820272922515869}, "reduce.reduce.vector": {"label": "reduce.reduce.vector", "average_duration": 0.00012343873580296835, "n_events": 96, "total_time": 0.011850118637084961}, "reduce.setgrad": {"label": "reduce.setgrad", "average_duration": 0.008696133891741434, "n_events": 96, "total_time": 0.8348288536071777}, "reduce_times": [1.6871709823608398, 0.018016338348388672, 0.016460418701171875, 0.01953434944152832, 0.016575336456298828, 0.014822959899902344, 0.014525175094604492, 0.016375303268432617, 0.016748666763305664, 0.014102458953857422, 0.013545751571655273, 0.013944625854492188, 0.016052961349487305, 0.015037059783935547, 0.016611099243164062, 0.013521909713745117, 0.017831802368164062, 0.015890121459960938, 0.016924142837524414, 0.01574540138244629, 0.017674684524536133, 0.013700008392333984, 0.01565098762512207, 0.01713848114013672, 0.015475273132324219, 0.012755155563354492, 0.01575303077697754, 0.015480756759643555, 0.017390727996826172, 0.015065908432006836, 0.015246868133544922, 0.015403032302856445, 0.017122507095336914, 0.015174388885498047, 0.01616644859313965, 0.015527963638305664, 0.017832040786743164, 0.013940811157226562, 0.01590895652770996, 0.015295743942260742, 0.017650842666625977, 0.013603448867797852, 0.014977216720581055, 0.015196561813354492, 0.018633127212524414, 0.015323877334594727, 0.015259981155395508, 0.01547384262084961, 0.018649578094482422, 0.016518592834472656, 0.015305280685424805, 0.016849040985107422, 0.01867842674255371, 0.022805213928222656, 0.014495134353637695, 0.013447999954223633, 0.017100811004638672, 0.02164292335510254, 0.01600933074951172, 0.014246225357055664, 0.020064115524291992, 0.014487743377685547, 0.016732454299926758, 0.020521879196166992, 0.011762142181396484, 0.01590871810913086, 0.016268014907836914, 0.015982389450073242, 0.011921167373657227, 0.0170743465423584, 0.014307975769042969, 0.014377355575561523, 0.011776447296142578, 0.025520801544189453, 0.016037464141845703, 0.025466442108154297, 0.011750221252441406, 0.021580219268798828, 0.01635265350341797, 0.023458480834960938, 0.011658906936645508, 0.015751361846923828, 0.023030757904052734, 0.02010941505432129, 0.014092445373535156, 0.013863563537597656, 0.020748376846313477, 0.022924184799194336, 0.016032934188842773, 0.014477968215942383, 0.014640092849731445, 0.014688730239868164, 0.013429880142211914, 0.014070272445678711, 0.01455998420715332, 0.013752222061157227, 0.014172792434692383]}