{"batch": {"label": "batch", "average_duration": 0.2006060058871905, "n_events": 96, "total_time": 19.258176565170288}, "batch.accumulate": {"label": "batch.accumulate", "average_duration": 0.0030797719955444336, "n_events": 96, "total_time": 0.2956581115722656}, "batch.backward": {"label": "batch.backward", "average_duration": 0.122882475455602, "n_events": 96, "total_time": 11.796717643737793}, "batch.evaluate": {"label": "batch.evaluate", "average_duration": 0.0006830816467603048, "n_events": 96, "total_time": 0.06557583808898926}, "batch.forward": {"label": "batch.forward", "average_duration": 0.041176902751127877, "n_events": 96, "total_time": 3.9529826641082764}, "batch.reduce": {"label": "batch.reduce", "average_duration": 0.013223762313524881, "n_events": 96, "total_time": 1.2694811820983887}, "batch.step": {"label": "batch.step", "average_duration": 0.009601833919684092, "n_events": 96, "total_time": 0.9217760562896729}, "reduce.compress": {"label": "reduce.compress", "average_duration": 0.0009840851028760274, "n_events": 96, "total_time": 0.09447216987609863}, "reduce.decompress": {"label": "reduce.decompress", "average_duration": 0.0002221787969271342, "n_events": 96, "total_time": 0.021329164505004883}, "reduce.flat_pack": {"label": "reduce.flat_pack", "average_duration": 0.0009397417306900024, "n_events": 96, "total_time": 0.09021520614624023}, "reduce.norm": {"label": "reduce.norm", "average_duration": 0.0009597366054852804, "n_events": 96, "total_time": 0.09213471412658691}, "reduce.reduce.vector": {"label": "reduce.reduce.vector", "average_duration": 0.0001455545425415039, "n_events": 96, "total_time": 0.013973236083984375}, "reduce.setgrad": {"label": "reduce.setgrad", "average_duration": 0.00952068716287613, "n_events": 96, "total_time": 0.9139859676361084}, "reduce_times": [1.5918326377868652, 0.01343679428100586, 0.0133514404296875, 0.015173912048339844, 0.012776613235473633, 0.012932062149047852, 0.012817859649658203, 0.012718677520751953, 0.012758255004882812, 0.013115644454956055, 0.01276087760925293, 0.012675285339355469, 0.012668132781982422, 0.012779474258422852, 0.012593269348144531, 0.012876510620117188, 0.012533903121948242, 0.01281285285949707, 0.012662172317504883, 0.01274871826171875, 0.012558937072753906, 0.013233661651611328, 0.01291036605834961, 0.012610197067260742, 0.012464046478271484, 0.013549327850341797, 0.013574361801147461, 0.012533903121948242, 0.012681245803833008, 0.013861656188964844, 0.013041496276855469, 0.012499570846557617, 0.012633800506591797, 0.013696908950805664, 0.012603521347045898, 0.012599468231201172, 0.012745141983032227, 0.012821435928344727, 0.013874053955078125, 0.013068914413452148, 0.012573719024658203, 0.012578725814819336, 0.012631416320800781, 0.012804269790649414, 0.012616157531738281, 0.013040304183959961, 0.012745857238769531, 0.012616634368896484, 0.012573957443237305, 0.012546539306640625, 0.012941837310791016, 0.012498617172241211, 0.012566089630126953, 0.01975846290588379, 0.013269186019897461, 0.013206720352172852, 0.012538909912109375, 0.020353317260742188, 0.01392674446105957, 0.012840986251831055, 0.012608528137207031, 0.012788057327270508, 0.012482881546020508, 0.015213251113891602, 0.013751745223999023, 0.013775348663330078, 0.012633323669433594, 0.012881755828857422, 0.013453483581542969, 0.01518392562866211, 0.012824773788452148, 0.013332128524780273, 0.013891220092773438, 0.013260841369628906, 0.013101816177368164, 0.01312112808227539, 0.013758182525634766, 0.018819332122802734, 0.013192176818847656, 0.01344609260559082, 0.01294255256652832, 0.012946605682373047, 0.012769222259521484, 0.017958879470825195, 0.012822866439819336, 0.013051271438598633, 0.012619972229003906, 0.012889862060546875, 0.012521743774414062, 0.0123291015625, 0.012651205062866211, 0.012425899505615234, 0.012286901473999023, 0.012285470962524414, 0.012325525283813477, 0.012376785278320312, 0.012374401092529297]}