{"batch": {"label": "batch", "average_duration": 0.17214706121397413, "n_events": 484, "total_time": 83.31917762756348}, "batch.accumulate": {"label": "batch.accumulate", "average_duration": 0.0007215866372605001, "n_events": 484, "total_time": 0.34924793243408203}, "batch.backward": {"label": "batch.backward", "average_duration": 0.06395673259230684, "n_events": 484, "total_time": 30.955058574676514}, "batch.evaluate": {"label": "batch.evaluate", "average_duration": 0.0007521707164354561, "n_events": 484, "total_time": 0.36405062675476074}, "batch.forward": {"label": "batch.forward", "average_duration": 0.05436582900275869, "n_events": 484, "total_time": 26.313061237335205}, "batch.reduce": {"label": "batch.reduce", "average_duration": 0.04765254505409682, "n_events": 484, "total_time": 23.06383180618286}, "batch.step": {"label": "batch.step", "average_duration": 0.002998187522257655, "n_events": 484, "total_time": 1.451122760772705}, "epoch_metrics.collect": {"label": "epoch_metrics.collect", "average_duration": 0.0037714242935180664, "n_events": 4, "total_time": 0.015085697174072266}, "reduce.compress": {"label": "reduce.compress", "average_duration": 0.022831414356704587, "n_events": 484, "total_time": 11.05040454864502}, "reduce.decompress": {"label": "reduce.decompress", "average_duration": 0.001088403473215655, "n_events": 484, "total_time": 0.526787281036377}, "reduce.flat_pack": {"label": "reduce.flat_pack", "average_duration": 0.00039382759204580764, "n_events": 484, "total_time": 0.1906125545501709}, "reduce.norm": {"label": "reduce.norm", "average_duration": 0.0014008534841301028, "n_events": 484, "total_time": 0.6780130863189697}, "reduce.reduce.vector": {"label": "reduce.reduce.vector", "average_duration": 0.019114669196861833, "n_events": 484, "total_time": 9.251499891281128}, "reduce.setgrad": {"label": "reduce.setgrad", "average_duration": 0.0023385576965395086, "n_events": 484, "total_time": 1.131861925125122}, "test.last": {"label": "test.last", "average_duration": 1.1666295528411865, "n_events": 4, "total_time": 4.666518211364746}}