{"batch": {"label": "batch", "average_duration": 0.07841302570283722, "n_events": 193, "total_time": 15.133713960647583}, "batch.accumulate": {"label": "batch.accumulate", "average_duration": 0.0010988050036960179, "n_events": 18, "total_time": 0.01977849006652832}, "batch.backward": {"label": "batch.backward", "average_duration": 0.006236463013090618, "n_events": 193, "total_time": 1.2036373615264893}, "batch.evaluate": {"label": "batch.evaluate", "average_duration": 0.059963730332764933, "n_events": 193, "total_time": 11.572999954223633}, "batch.forward": {"label": "batch.forward", "average_duration": 0.005626816823692519, "n_events": 193, "total_time": 1.0859756469726562}, "batch.reduce": {"label": "batch.reduce", "average_duration": 0.0037862989637586805, "n_events": 18, "total_time": 0.06815338134765625}, "batch.step": {"label": "batch.step", "average_duration": 0.003110662025491191, "n_events": 193, "total_time": 0.6003577709197998}, "epoch_metrics.collect": {"label": "epoch_metrics.collect", "average_duration": 0.010795354843139648, "n_events": 1, "total_time": 0.010795354843139648}, "reduce.allreduce": {"label": "reduce.allreduce", "average_duration": 0.003350072436862522, "n_events": 18, "total_time": 0.06030130386352539}, "reduce.flat_pack": {"label": "reduce.flat_pack", "average_duration": 0.00031559997134738497, "n_events": 18, "total_time": 0.00568079948425293}, "test.last": {"label": "test.last", "average_duration": 1.346794843673706, "n_events": 1, "total_time": 1.346794843673706}, "reduce_times": [0.004109859466552734, 0.003770589828491211, 0.0037963390350341797, 0.0037550926208496094, 0.003793478012084961, 0.003885507583618164, 0.0038297176361083984, 0.0037872791290283203, 0.0038471221923828125, 0.00403594970703125, 0.0036776065826416016, 0.0036973953247070312, 0.0037078857421875, 0.0036725997924804688, 0.003694772720336914, 0.003674030303955078, 0.0038068294525146484, 0.0037746429443359375, 0.003946542739868164]}