{"batch": {"label": "batch", "average_duration": 0.0820584260120293, "n_events": 193, "total_time": 15.837276220321655}, "batch.accumulate": {"label": "batch.accumulate", "average_duration": 0.0011362367206149632, "n_events": 18, "total_time": 0.020452260971069336}, "batch.backward": {"label": "batch.backward", "average_duration": 0.06624404754045714, "n_events": 193, "total_time": 12.785101175308228}, "batch.evaluate": {"label": "batch.evaluate", "average_duration": 0.0012222201095343872, "n_events": 193, "total_time": 0.23588848114013672}, "batch.forward": {"label": "batch.forward", "average_duration": 0.006511701821045554, "n_events": 193, "total_time": 1.256758451461792}, "batch.reduce": {"label": "batch.reduce", "average_duration": 0.008819990687900119, "n_events": 18, "total_time": 0.15875983238220215}, "batch.step": {"label": "batch.step", "average_duration": 0.003952385848050291, "n_events": 193, "total_time": 0.762810468673706}, "epoch_metrics.collect": {"label": "epoch_metrics.collect", "average_duration": 0.01439523696899414, "n_events": 1, "total_time": 0.01439523696899414}, "reduce.allreduce": {"label": "reduce.allreduce", "average_duration": 0.007980200979444716, "n_events": 18, "total_time": 0.14364361763000488}, "reduce.flat_pack": {"label": "reduce.flat_pack", "average_duration": 0.0007098913192749023, "n_events": 18, "total_time": 0.012778043746948242}, "test.last": {"label": "test.last", "average_duration": 1.3471529483795166, "n_events": 1, "total_time": 1.3471529483795166}, "reduce_times": [0.005000114440917969, 0.004604816436767578, 0.004738807678222656, 0.004525423049926758, 0.0045664310455322266, 0.004528045654296875, 0.005343437194824219, 0.004411220550537109, 0.003968954086303711, 0.08069634437561035, 0.004843950271606445, 0.0046825408935546875, 0.004689455032348633, 0.004508495330810547, 0.0046994686126708984, 0.004634857177734375, 0.004473209381103516, 0.0049741268157958984, 0.003870248794555664]}