{"batch": {"label": "batch", "average_duration": 0.07782492859993574, "n_events": 193, "total_time": 15.020211219787598}, "batch.accumulate": {"label": "batch.accumulate", "average_duration": 0.0010714928309122722, "n_events": 18, "total_time": 0.0192868709564209}, "batch.backward": {"label": "batch.backward", "average_duration": 0.006638941987190839, "n_events": 193, "total_time": 1.281315803527832}, "batch.evaluate": {"label": "batch.evaluate", "average_duration": 0.05872905316130485, "n_events": 193, "total_time": 11.334707260131836}, "batch.forward": {"label": "batch.forward", "average_duration": 0.005774826583466999, "n_events": 193, "total_time": 1.1145415306091309}, "batch.reduce": {"label": "batch.reduce", "average_duration": 0.003572861353556315, "n_events": 18, "total_time": 0.06431150436401367}, "batch.step": {"label": "batch.step", "average_duration": 0.0031628497523964994, "n_events": 193, "total_time": 0.6104300022125244}, "epoch_metrics.collect": {"label": "epoch_metrics.collect", "average_duration": 0.013915538787841797, "n_events": 1, "total_time": 0.013915538787841797}, "reduce.allreduce": {"label": "reduce.allreduce", "average_duration": 0.003137985865275065, "n_events": 18, "total_time": 0.05648374557495117}, "reduce.flat_pack": {"label": "reduce.flat_pack", "average_duration": 0.0003115601009792752, "n_events": 18, "total_time": 0.005608081817626953}, "test.last": {"label": "test.last", "average_duration": 1.3467910289764404, "n_events": 1, "total_time": 1.3467910289764404}, "reduce_times": [0.0037817955017089844, 0.0035681724548339844, 0.0036339759826660156, 0.0035924911499023438, 0.0036296844482421875, 0.003592252731323242, 0.0035004615783691406, 0.0035588741302490234, 0.0036640167236328125, 0.0038232803344726562, 0.0035142898559570312, 0.0035517215728759766, 0.003549814224243164, 0.0035376548767089844, 0.003503561019897461, 0.003484487533569336, 0.003603219985961914, 0.0035185813903808594, 0.003484964370727539]}