{"batch": {"label": "batch", "average_duration": 0.07986676137064405, "n_events": 193, "total_time": 15.414284944534302}, "batch.accumulate": {"label": "batch.accumulate", "average_duration": 0.001173257827758789, "n_events": 18, "total_time": 0.021118640899658203}, "batch.backward": {"label": "batch.backward", "average_duration": 0.006384016936307127, "n_events": 193, "total_time": 1.2321152687072754}, "batch.evaluate": {"label": "batch.evaluate", "average_duration": 0.06064907874468077, "n_events": 193, "total_time": 11.705272197723389}, "batch.forward": {"label": "batch.forward", "average_duration": 0.005810095238562075, "n_events": 193, "total_time": 1.1213483810424805}, "batch.reduce": {"label": "batch.reduce", "average_duration": 0.003708137406243218, "n_events": 18, "total_time": 0.06674647331237793}, "batch.step": {"label": "batch.step", "average_duration": 0.003419604326159225, "n_events": 193, "total_time": 0.6599836349487305}, "epoch_metrics.collect": {"label": "epoch_metrics.collect", "average_duration": 0.0011355876922607422, "n_events": 1, "total_time": 0.0011355876922607422}, "reduce.allreduce": {"label": "reduce.allreduce", "average_duration": 0.003270109494527181, "n_events": 18, "total_time": 0.05886197090148926}, "reduce.flat_pack": {"label": "reduce.flat_pack", "average_duration": 0.0003171364466349284, "n_events": 18, "total_time": 0.005708456039428711}, "test.last": {"label": "test.last", "average_duration": 1.3470690250396729, "n_events": 1, "total_time": 1.3470690250396729}, "reduce_times": [0.0039675235748291016, 0.0037996768951416016, 0.003753662109375, 0.0037987232208251953, 0.003730297088623047, 0.0037457942962646484, 0.003696918487548828, 0.0035126209259033203, 0.0035605430603027344, 0.003823995590209961, 0.003856182098388672, 0.0036950111389160156, 0.003764629364013672, 0.003673076629638672, 0.0036351680755615234, 0.0036902427673339844, 0.003699779510498047, 0.0036377906799316406, 0.003672361373901367]}