{"batch": {"label": "batch", "average_duration": 0.22578824512399914, "n_events": 29249, "total_time": 6604.080381631851}, "batch.accumulate": {"label": "batch.accumulate", "average_duration": 0.0023468337643552098, "n_events": 5849, "total_time": 13.726630687713623}, "batch.backward": {"label": "batch.backward", "average_duration": 0.14353801937664737, "n_events": 29249, "total_time": 4198.343528747559}, "batch.evaluate": {"label": "batch.evaluate", "average_duration": 0.00041042770042212063, "n_events": 29249, "total_time": 12.004599809646606}, "batch.forward": {"label": "batch.forward", "average_duration": 0.06708386368317712, "n_events": 29249, "total_time": 1962.1359288692474}, "batch.reduce": {"label": "batch.reduce", "average_duration": 0.03164181849511796, "n_events": 5849, "total_time": 185.07299637794495}, "batch.step": {"label": "batch.step", "average_duration": 0.005188243785040281, "n_events": 29249, "total_time": 151.7509424686432}, "epoch_metrics.collect": {"label": "epoch_metrics.collect", "average_duration": 0.0017825085044707227, "n_events": 149, "total_time": 0.2655937671661377}, "reduce.allreduce": {"label": "reduce.allreduce", "average_duration": 0.030450605657247828, "n_events": 5849, "total_time": 178.10559248924255}, "reduce.flat_pack": {"label": "reduce.flat_pack", "average_duration": 0.0011120449479654685, "n_events": 5849, "total_time": 6.504350900650024}, "test.last": {"label": "test.last", "average_duration": 2.479815270276678, "n_events": 149, "total_time": 369.492475271225}}