{"batch": {"label": "batch", "average_duration": 0.2421661282593199, "n_events": 29249, "total_time": 7083.117085456848}, "batch.accumulate": {"label": "batch.accumulate", "average_duration": 0.0024371277251167456, "n_events": 29249, "total_time": 71.2835488319397}, "batch.backward": {"label": "batch.backward", "average_duration": 0.14381426783308068, "n_events": 29249, "total_time": 4206.423519849777}, "batch.evaluate": {"label": "batch.evaluate", "average_duration": 0.0004155309861605178, "n_events": 29249, "total_time": 12.153865814208984}, "batch.forward": {"label": "batch.forward", "average_duration": 0.06700843519836643, "n_events": 29249, "total_time": 1959.9297211170197}, "batch.reduce": {"label": "batch.reduce", "average_duration": 0.024100895828538693, "n_events": 29249, "total_time": 704.9271020889282}, "batch.step": {"label": "batch.step", "average_duration": 0.0016459851938417423, "n_events": 29249, "total_time": 48.143420934677124}, "epoch_metrics.collect": {"label": "epoch_metrics.collect", "average_duration": 0.003042387482303901, "n_events": 149, "total_time": 0.45331573486328125}, "reduce.compress": {"label": "reduce.compress", "average_duration": 0.007249961653678143, "n_events": 29249, "total_time": 212.054128408432}, "reduce.decompress": {"label": "reduce.decompress", "average_duration": 0.0006538353894257277, "n_events": 29249, "total_time": 19.12403130531311}, "reduce.flat_pack": {"label": "reduce.flat_pack", "average_duration": 0.0010929225860463194, "n_events": 29249, "total_time": 31.9668927192688}, "reduce.reduce.norm": {"label": "reduce.reduce.norm", "average_duration": 0.0010171790845031644, "n_events": 29249, "total_time": 29.751471042633057}, "reduce.reduce.vector": {"label": "reduce.reduce.vector", "average_duration": 0.007134634187687865, "n_events": 29249, "total_time": 208.68091535568237}, "reduce.setgrad": {"label": "reduce.setgrad", "average_duration": 0.0067873778655071, "n_events": 29249, "total_time": 198.52401518821716}, "test.last": {"label": "test.last", "average_duration": 2.5022290329005092, "n_events": 149, "total_time": 372.8321259021759}}