{"batch": {"label": "batch", "average_duration": 0.08679126955799221, "n_events": 194, "total_time": 16.83750629425049}, "batch.accumulate": {"label": "batch.accumulate", "average_duration": 0.0009434948262480116, "n_events": 194, "total_time": 0.18303799629211426}, "batch.backward": {"label": "batch.backward", "average_duration": 0.0662541438623802, "n_events": 194, "total_time": 12.853303909301758}, "batch.evaluate": {"label": "batch.evaluate", "average_duration": 0.0012278876353784935, "n_events": 194, "total_time": 0.23821020126342773}, "batch.forward": {"label": "batch.forward", "average_duration": 0.006424295533563673, "n_events": 194, "total_time": 1.2463133335113525}, "batch.reduce": {"label": "batch.reduce", "average_duration": 0.005926677861164526, "n_events": 194, "total_time": 1.149775505065918}, "batch.step": {"label": "batch.step", "average_duration": 0.0030295234365561572, "n_events": 194, "total_time": 0.5877275466918945}, "reduce.compress": {"label": "reduce.compress", "average_duration": 0.0009160213863726744, "n_events": 194, "total_time": 0.17770814895629883}, "reduce.decompress": {"label": "reduce.decompress", "average_duration": 0.0002103957933248933, "n_events": 194, "total_time": 0.0408167839050293}, "reduce.flat_pack": {"label": "reduce.flat_pack", "average_duration": 0.000648222018762962, "n_events": 194, "total_time": 0.12575507164001465}, "reduce.norm": {"label": "reduce.norm", "average_duration": 0.0003193358785098361, "n_events": 194, "total_time": 0.0619511604309082}, "reduce.reduce.vector": {"label": "reduce.reduce.vector", "average_duration": 0.0001233336851768887, "n_events": 194, "total_time": 0.023926734924316406}, "reduce.setgrad": {"label": "reduce.setgrad", "average_duration": 0.0030584790042995176, "n_events": 194, "total_time": 0.5933449268341064}}