{"batch": {"label": "batch", "average_duration": 0.08304806550343831, "n_events": 96, "total_time": 7.972614288330078}, "batch.accumulate": {"label": "batch.accumulate", "average_duration": 0.0011113087336222331, "n_events": 18, "total_time": 0.020003557205200195}, "batch.backward": {"label": "batch.backward", "average_duration": 0.06674772500991821, "n_events": 96, "total_time": 6.407781600952148}, "batch.evaluate": {"label": "batch.evaluate", "average_duration": 0.0012071430683135986, "n_events": 96, "total_time": 0.11588573455810547}, "batch.forward": {"label": "batch.forward", "average_duration": 0.006565367182095845, "n_events": 96, "total_time": 0.6302752494812012}, "batch.reduce": {"label": "batch.reduce", "average_duration": 0.005417188008626302, "n_events": 18, "total_time": 0.09750938415527344}, "batch.step": {"label": "batch.step", "average_duration": 0.0035243257880210876, "n_events": 96, "total_time": 0.3383352756500244}, "reduce.allreduce": {"label": "reduce.allreduce", "average_duration": 0.004602180586920844, "n_events": 18, "total_time": 0.0828392505645752}, "reduce.flat_pack": {"label": "reduce.flat_pack", "average_duration": 0.0006876521640353733, "n_events": 18, "total_time": 0.012377738952636719}}