{"batch": {"label": "batch", "average_duration": 0.18490343751578495, "n_events": 290, "total_time": 53.62199687957764}, "batch.accumulate": {"label": "batch.accumulate", "average_duration": 0.003095481130811903, "n_events": 18, "total_time": 0.05571866035461426}, "batch.backward": {"label": "batch.backward", "average_duration": 0.024680231357442923, "n_events": 290, "total_time": 7.157267093658447}, "batch.evaluate": {"label": "batch.evaluate", "average_duration": 0.11729865567437534, "n_events": 290, "total_time": 34.01661014556885}, "batch.forward": {"label": "batch.forward", "average_duration": 0.023963553329993937, "n_events": 290, "total_time": 6.949430465698242}, "batch.reduce": {"label": "batch.reduce", "average_duration": 0.009886384010314941, "n_events": 18, "total_time": 0.17795491218566895}, "batch.step": {"label": "batch.step", "average_duration": 0.009482484028257172, "n_events": 290, "total_time": 2.74992036819458}, "epoch_metrics.collect": {"label": "epoch_metrics.collect", "average_duration": 0.003941535949707031, "n_events": 2, "total_time": 0.007883071899414062}, "reduce.allreduce": {"label": "reduce.allreduce", "average_duration": 0.009028911590576172, "n_events": 18, "total_time": 0.1625204086303711}, "reduce.flat_pack": {"label": "reduce.flat_pack", "average_duration": 0.0007341967688666449, "n_events": 18, "total_time": 0.01321554183959961}, "test.last": {"label": "test.last", "average_duration": 1.4889541864395142, "n_events": 2, "total_time": 2.9779083728790283}, "reduce_times": [0.010294437408447266, 0.010039091110229492, 0.010051488876342773, 0.010032892227172852, 0.009917020797729492, 0.009689807891845703, 0.009996175765991211, 0.009813547134399414, 0.009690523147583008, 0.009824037551879883, 0.009708166122436523, 0.009679555892944336, 0.009961605072021484, 0.010097980499267578, 0.009617805480957031, 0.00958871841430664, 0.010031461715698242, 0.010182380676269531, 0.01003265380859375]}