{"batch": {"label": "batch", "average_duration": 0.1827238181541706, "n_events": 290, "total_time": 52.98990726470947}, "batch.accumulate": {"label": "batch.accumulate", "average_duration": 0.0030228826734754774, "n_events": 18, "total_time": 0.054411888122558594}, "batch.backward": {"label": "batch.backward", "average_duration": 0.025080892135357035, "n_events": 290, "total_time": 7.27345871925354}, "batch.evaluate": {"label": "batch.evaluate", "average_duration": 0.11533923477962099, "n_events": 290, "total_time": 33.44837808609009}, "batch.forward": {"label": "batch.forward", "average_duration": 0.023990744557873957, "n_events": 290, "total_time": 6.957315921783447}, "batch.reduce": {"label": "batch.reduce", "average_duration": 0.010394679175482856, "n_events": 18, "total_time": 0.1871042251586914}, "batch.step": {"label": "batch.step", "average_duration": 0.008944150497173441, "n_events": 290, "total_time": 2.593803644180298}, "epoch_metrics.collect": {"label": "epoch_metrics.collect", "average_duration": 0.036565423011779785, "n_events": 2, "total_time": 0.07313084602355957}, "reduce.allreduce": {"label": "reduce.allreduce", "average_duration": 0.009518557124667697, "n_events": 18, "total_time": 0.17133402824401855}, "reduce.flat_pack": {"label": "reduce.flat_pack", "average_duration": 0.000747627682156033, "n_events": 18, "total_time": 0.013457298278808594}, "test.last": {"label": "test.last", "average_duration": 1.488939881324768, "n_events": 2, "total_time": 2.977879762649536}, "reduce_times": [0.01054239273071289, 0.010363578796386719, 0.01158905029296875, 0.010149240493774414, 0.010250091552734375, 0.010303258895874023, 0.010705947875976562, 0.010550975799560547, 0.010178565979003906, 0.010115385055541992, 0.010258913040161133, 0.010337352752685547, 0.010602951049804688, 0.010300397872924805, 0.010320425033569336, 0.010237693786621094, 0.010258913040161133, 0.010239601135253906, 0.010341882705688477]}