{"batch": {"label": "batch", "average_duration": 0.20680023729801178, "n_events": 96, "total_time": 19.85282278060913}, "batch.accumulate": {"label": "batch.accumulate", "average_duration": 0.003027147716946072, "n_events": 18, "total_time": 0.0544886589050293}, "batch.backward": {"label": "batch.backward", "average_duration": 0.024268880486488342, "n_events": 96, "total_time": 2.329812526702881}, "batch.evaluate": {"label": "batch.evaluate", "average_duration": 0.11495678623517354, "n_events": 96, "total_time": 11.03585147857666}, "batch.forward": {"label": "batch.forward", "average_duration": 0.023722849786281586, "n_events": 96, "total_time": 2.2773935794830322}, "batch.reduce": {"label": "batch.reduce", "average_duration": 0.04300999641418457, "n_events": 18, "total_time": 0.7741799354553223}, "batch.step": {"label": "batch.step", "average_duration": 0.009101937214533487, "n_events": 96, "total_time": 0.8737859725952148}, "reduce.compress": {"label": "reduce.compress", "average_duration": 0.0010335577858818902, "n_events": 18, "total_time": 0.018604040145874023}, "reduce.decompress": {"label": "reduce.decompress", "average_duration": 0.0002317031224568685, "n_events": 18, "total_time": 0.004170656204223633}, "reduce.flat_pack": {"label": "reduce.flat_pack", "average_duration": 0.0007996426688300238, "n_events": 18, "total_time": 0.01439356803894043}, "reduce.norm": {"label": "reduce.norm", "average_duration": 0.03057775232526991, "n_events": 18, "total_time": 0.5503995418548584}, "reduce.reduce.vector": {"label": "reduce.reduce.vector", "average_duration": 0.00013094478183322481, "n_events": 18, "total_time": 0.002357006072998047}, "reduce.setgrad": {"label": "reduce.setgrad", "average_duration": 0.009655303425259061, "n_events": 18, "total_time": 0.17379546165466309}}