{"batch": {"label": "batch", "average_duration": 0.0538326088858611, "n_events": 29249, "total_time": 1574.5499773025513}, "batch.accumulate": {"label": "batch.accumulate", "average_duration": 0.0011686938673603241, "n_events": 29249, "total_time": 34.18312692642212}, "batch.backward": {"label": "batch.backward", "average_duration": 0.008230816006004279, "n_events": 29249, "total_time": 240.74313735961914}, "batch.evaluate": {"label": "batch.evaluate", "average_duration": 0.017348720312583155, "n_events": 29249, "total_time": 507.43272042274475}, "batch.forward": {"label": "batch.forward", "average_duration": 0.004826457362944637, "n_events": 29249, "total_time": 141.1690514087677}, "batch.reduce": {"label": "batch.reduce", "average_duration": 0.012277343977520236, "n_events": 29249, "total_time": 359.1000339984894}, "batch.step": {"label": "batch.step", "average_duration": 0.006761546265207163, "n_events": 29249, "total_time": 197.7684667110443}, "epoch_metrics.collect": {"label": "epoch_metrics.collect", "average_duration": 0.003728296932758101, "n_events": 149, "total_time": 0.555516242980957}, "reduce.allocate_memory": {"label": "reduce.allocate_memory", "average_duration": 0.0003801061294478976, "n_events": 29249, "total_time": 11.117724180221558}, "reduce.compute.p": {"label": "reduce.compute.p", "average_duration": 0.0003375571553917183, "n_events": 29249, "total_time": 9.873209238052368}, "reduce.compute.q": {"label": "reduce.compute.q", "average_duration": 0.0004187874388232582, "n_events": 29249, "total_time": 12.24911379814148}, "reduce.normalize.p": {"label": "reduce.normalize.p", "average_duration": 0.002063464423913932, "n_events": 29249, "total_time": 60.354270935058594}, "reduce.outerprod": {"label": "reduce.outerprod", "average_duration": 0.001312230370131031, "n_events": 29249, "total_time": 38.381426095962524}, "reduce.p": {"label": "reduce.p", "average_duration": 9.1557739298504e-05, "n_events": 29249, "total_time": 2.6779723167419434}, "reduce.prepare.q": {"label": "reduce.prepare.q", "average_duration": 7.553000161413771e-05, "n_events": 29249, "total_time": 2.209177017211914}, "reduce.q": {"label": "reduce.q", "average_duration": 0.00014881738993142494, "n_events": 29249, "total_time": 4.352759838104248}, "reduce.rank1.all_reduce": {"label": "reduce.rank1.all_reduce", "average_duration": 7.736145310892791e-05, "n_events": 29249, "total_time": 2.2627451419830322}, "reduce.rank1.pack": {"label": "reduce.rank1.pack", "average_duration": 0.00025138156736580555, "n_events": 29249, "total_time": 7.352659463882446}, "reduce.rank1.unpack": {"label": "reduce.rank1.unpack", "average_duration": 0.0034314183407292177, "n_events": 29249, "total_time": 100.36555504798889}, "test.last": {"label": "test.last", "average_duration": 1.0245828164503878, "n_events": 149, "total_time": 152.6628396511078}}