{"batch": {"label": "batch", "average_duration": 0.05626489899375222, "n_events": 29249, "total_time": 1645.6920306682587}, "batch.accumulate": {"label": "batch.accumulate", "average_duration": 0.0010702960279001007, "n_events": 29249, "total_time": 31.30508852005005}, "batch.backward": {"label": "batch.backward", "average_duration": 0.019841835614477346, "n_events": 29249, "total_time": 580.3538498878479}, "batch.evaluate": {"label": "batch.evaluate", "average_duration": 0.0007192478322091032, "n_events": 29249, "total_time": 21.037279844284058}, "batch.forward": {"label": "batch.forward", "average_duration": 0.011374743413776816, "n_events": 29249, "total_time": 332.6998701095581}, "batch.reduce": {"label": "batch.reduce", "average_duration": 0.014200041145661977, "n_events": 29249, "total_time": 415.33700346946716}, "batch.step": {"label": "batch.step", "average_duration": 0.005868846997060818, "n_events": 29249, "total_time": 171.65790581703186}, "epoch_metrics.collect": {"label": "epoch_metrics.collect", "average_duration": 0.006693382391193569, "n_events": 149, "total_time": 0.9973139762878418}, "reduce.allocate_memory": {"label": "reduce.allocate_memory", "average_duration": 0.00035178881840215324, "n_events": 29249, "total_time": 10.28947114944458}, "reduce.compute.p": {"label": "reduce.compute.p", "average_duration": 0.00039277362344187464, "n_events": 29249, "total_time": 11.488235712051392}, "reduce.compute.q": {"label": "reduce.compute.q", "average_duration": 0.00043198393040785215, "n_events": 29249, "total_time": 12.635097980499268}, "reduce.normalize.p": {"label": "reduce.normalize.p", "average_duration": 0.0019325270987465067, "n_events": 29249, "total_time": 56.52448511123657}, "reduce.outerprod": {"label": "reduce.outerprod", "average_duration": 0.0015900769622196535, "n_events": 29249, "total_time": 46.50816106796265}, "reduce.p": {"label": "reduce.p", "average_duration": 0.002198116307120196, "n_events": 29249, "total_time": 64.29270386695862}, "reduce.prepare.q": {"label": "reduce.prepare.q", "average_duration": 7.754233137041594e-05, "n_events": 29249, "total_time": 2.268035650253296}, "reduce.q": {"label": "reduce.q", "average_duration": 0.00043347296036102043, "n_events": 29249, "total_time": 12.678650617599487}, "reduce.rank1.all_reduce": {"label": "reduce.rank1.all_reduce", "average_duration": 0.0001250505977224874, "n_events": 29249, "total_time": 3.657604932785034}, "reduce.rank1.pack": {"label": "reduce.rank1.pack", "average_duration": 0.000259143999936972, "n_events": 29249, "total_time": 7.579702854156494}, "reduce.rank1.unpack": {"label": "reduce.rank1.unpack", "average_duration": 0.0030599293608865826, "n_events": 29249, "total_time": 89.49987387657166}, "test.last": {"label": "test.last", "average_duration": 1.0384985744553124, "n_events": 149, "total_time": 154.73628759384155}}