{"batch": {"label": "batch", "average_duration": 0.03865595065066703, "n_events": 29249, "total_time": 1130.6479005813599}, "batch.accumulate": {"label": "batch.accumulate", "average_duration": 0.001019395094147253, "n_events": 291, "total_time": 0.2966439723968506}, "batch.backward": {"label": "batch.backward", "average_duration": 0.02235700945645676, "n_events": 29249, "total_time": 653.9201695919037}, "batch.evaluate": {"label": "batch.evaluate", "average_duration": 0.0006161446310344152, "n_events": 29249, "total_time": 18.02161431312561}, "batch.forward": {"label": "batch.forward", "average_duration": 0.011499822475982815, "n_events": 29249, "total_time": 336.35830760002136}, "batch.reduce": {"label": "batch.reduce", "average_duration": 0.01654702527416531, "n_events": 291, "total_time": 4.8151843547821045}, "batch.step": {"label": "batch.step", "average_duration": 0.0026590438731784777, "n_events": 29249, "total_time": 77.77437424659729}, "epoch_metrics.collect": {"label": "epoch_metrics.collect", "average_duration": 0.002222115561466089, "n_events": 149, "total_time": 0.33109521865844727}, "reduce.compress": {"label": "reduce.compress", "average_duration": 0.0045564338513666, "n_events": 291, "total_time": 1.3259222507476807}, "reduce.decompress": {"label": "reduce.decompress", "average_duration": 0.000459819315225398, "n_events": 291, "total_time": 0.13380742073059082}, "reduce.flat_pack": {"label": "reduce.flat_pack", "average_duration": 0.001241925655771367, "n_events": 291, "total_time": 0.3614003658294678}, "reduce.norm": {"label": "reduce.norm", "average_duration": 0.0020895930090311056, "n_events": 291, "total_time": 0.6080715656280518}, "reduce.reduce.vector": {"label": "reduce.reduce.vector", "average_duration": 0.004639163459699179, "n_events": 291, "total_time": 1.349996566772461}, "reduce.setgrad": {"label": "reduce.setgrad", "average_duration": 0.0033010191114497757, "n_events": 291, "total_time": 0.9605965614318848}, "test.last": {"label": "test.last", "average_duration": 0.9055221016775041, "n_events": 149, "total_time": 134.92279314994812}}