{"batch": {"label": "batch", "average_duration": 0.19896314789851507, "n_events": 96, "total_time": 19.100462198257446}, "batch.accumulate": {"label": "batch.accumulate", "average_duration": 0.0028697301944096885, "n_events": 96, "total_time": 0.2754940986633301}, "batch.backward": {"label": "batch.backward", "average_duration": 0.023782163858413696, "n_events": 96, "total_time": 2.283087730407715}, "batch.evaluate": {"label": "batch.evaluate", "average_duration": 0.1181851476430893, "n_events": 96, "total_time": 11.345774173736572}, "batch.forward": {"label": "batch.forward", "average_duration": 0.022783038516839344, "n_events": 96, "total_time": 2.187171697616577}, "batch.reduce": {"label": "batch.reduce", "average_duration": 0.014262447754542032, "n_events": 96, "total_time": 1.3691949844360352}, "batch.step": {"label": "batch.step", "average_duration": 0.00880526751279831, "n_events": 96, "total_time": 0.8453056812286377}, "reduce.compress": {"label": "reduce.compress", "average_duration": 0.0004015018542607625, "n_events": 96, "total_time": 0.0385441780090332}, "reduce.decompress": {"label": "reduce.decompress", "average_duration": 8.291006088256836e-05, "n_events": 96, "total_time": 0.007959365844726562}, "reduce.flat_pack": {"label": "reduce.flat_pack", "average_duration": 0.0007456565896670023, "n_events": 96, "total_time": 0.07158303260803223}, "reduce.norm": {"label": "reduce.norm", "average_duration": 0.0038175334533055625, "n_events": 96, "total_time": 0.366483211517334}, "reduce.reduce.vector": {"label": "reduce.reduce.vector", "average_duration": 0.00013356655836105347, "n_events": 96, "total_time": 0.012822389602661133}, "reduce.setgrad": {"label": "reduce.setgrad", "average_duration": 0.00857346753279368, "n_events": 96, "total_time": 0.8230528831481934}}