{"batch": {"label": "batch", "average_duration": 0.04939029544775491, "n_events": 974, "total_time": 48.10614776611328}, "batch.accumulate": {"label": "batch.accumulate", "average_duration": 0.0010463922175538614, "n_events": 974, "total_time": 1.019186019897461}, "batch.backward": {"label": "batch.backward", "average_duration": 0.00790255270454673, "n_events": 974, "total_time": 7.697086334228516}, "batch.evaluate": {"label": "batch.evaluate", "average_duration": 0.01820244975158566, "n_events": 974, "total_time": 17.729186058044434}, "batch.forward": {"label": "batch.forward", "average_duration": 0.004473743497468608, "n_events": 974, "total_time": 4.357426166534424}, "batch.reduce": {"label": "batch.reduce", "average_duration": 0.009322542674242838, "n_events": 974, "total_time": 9.080156564712524}, "batch.step": {"label": "batch.step", "average_duration": 0.005521632317889643, "n_events": 974, "total_time": 5.378069877624512}, "epoch_metrics.collect": {"label": "epoch_metrics.collect", "average_duration": 0.0014174580574035645, "n_events": 4, "total_time": 0.005669832229614258}, "reduce.compress": {"label": "reduce.compress", "average_duration": 0.0008948348630869903, "n_events": 974, "total_time": 0.8715691566467285}, "reduce.decompress": {"label": "reduce.decompress", "average_duration": 0.0002050221088730579, "n_events": 974, "total_time": 0.1996915340423584}, "reduce.flat_pack": {"label": "reduce.flat_pack", "average_duration": 0.0002860690044426575, "n_events": 974, "total_time": 0.27863121032714844}, "reduce.norm": {"label": "reduce.norm", "average_duration": 0.0037431809936460773, "n_events": 974, "total_time": 3.6458582878112793}, "reduce.reduce.vector": {"label": "reduce.reduce.vector", "average_duration": 0.00011221706500043614, "n_events": 974, "total_time": 0.1092994213104248}, "reduce.setgrad": {"label": "reduce.setgrad", "average_duration": 0.0034871324131865765, "n_events": 974, "total_time": 3.3964669704437256}, "test.last": {"label": "test.last", "average_duration": 1.017158031463623, "n_events": 4, "total_time": 4.068632125854492}}