{"batch": {"label": "batch", "average_duration": 0.19016836086908975, "n_events": 96, "total_time": 18.256162643432617}, "batch.accumulate": {"label": "batch.accumulate", "average_duration": 0.003164370854695638, "n_events": 18, "total_time": 0.056958675384521484}, "batch.backward": {"label": "batch.backward", "average_duration": 0.02563252051671346, "n_events": 96, "total_time": 2.460721969604492}, "batch.evaluate": {"label": "batch.evaluate", "average_duration": 0.11542405933141708, "n_events": 96, "total_time": 11.08070969581604}, "batch.forward": {"label": "batch.forward", "average_duration": 0.02387210726737976, "n_events": 96, "total_time": 2.291722297668457}, "batch.reduce": {"label": "batch.reduce", "average_duration": 0.023679799503750272, "n_events": 18, "total_time": 0.4262363910675049}, "batch.step": {"label": "batch.step", "average_duration": 0.009312850733598074, "n_events": 96, "total_time": 0.894033670425415}, "reduce.compress": {"label": "reduce.compress", "average_duration": 0.00041348404354519315, "n_events": 18, "total_time": 0.0074427127838134766}, "reduce.decompress": {"label": "reduce.decompress", "average_duration": 8.693006303575303e-05, "n_events": 18, "total_time": 0.0015647411346435547}, "reduce.flat_pack": {"label": "reduce.flat_pack", "average_duration": 0.0007383690940009223, "n_events": 18, "total_time": 0.013290643692016602}, "reduce.norm": {"label": "reduce.norm", "average_duration": 0.012928366661071777, "n_events": 18, "total_time": 0.232710599899292}, "reduce.reduce.vector": {"label": "reduce.reduce.vector", "average_duration": 0.00014297167460123697, "n_events": 18, "total_time": 0.0025734901428222656}, "reduce.setgrad": {"label": "reduce.setgrad", "average_duration": 0.009047600958082411, "n_events": 18, "total_time": 0.1628568172454834}, "reduce_times": [0.23748493194580078, 0.02005743980407715, 0.018924951553344727, 0.034766197204589844, 0.028699874877929688, 0.048575639724731445, 0.011675357818603516, 0.01743602752685547, 0.012614011764526367, 0.020404338836669922, 0.011400699615478516, 0.012423992156982422, 0.024246931076049805, 0.025549888610839844, 0.026116132736206055, 0.04780745506286621, 0.024174213409423828, 0.018198490142822266, 0.023164749145507812]}