{"batch": {"label": "batch", "average_duration": 0.18940653651952744, "n_events": 96, "total_time": 18.183027505874634}, "batch.accumulate": {"label": "batch.accumulate", "average_duration": 0.0031581189897325304, "n_events": 18, "total_time": 0.05684614181518555}, "batch.backward": {"label": "batch.backward", "average_duration": 0.02336235096057256, "n_events": 96, "total_time": 2.242785692214966}, "batch.evaluate": {"label": "batch.evaluate", "average_duration": 0.11555808037519455, "n_events": 96, "total_time": 11.093575716018677}, "batch.forward": {"label": "batch.forward", "average_duration": 0.024300997455914814, "n_events": 96, "total_time": 2.3328957557678223}, "batch.reduce": {"label": "batch.reduce", "average_duration": 0.0323891904619005, "n_events": 18, "total_time": 0.583005428314209}, "batch.step": {"label": "batch.step", "average_duration": 0.009332249561945597, "n_events": 96, "total_time": 0.8958959579467773}, "reduce.compress": {"label": "reduce.compress", "average_duration": 0.00041211975945366756, "n_events": 18, "total_time": 0.007418155670166016}, "reduce.decompress": {"label": "reduce.decompress", "average_duration": 9.054607815212673e-05, "n_events": 18, "total_time": 0.0016298294067382812}, "reduce.flat_pack": {"label": "reduce.flat_pack", "average_duration": 0.0007877349853515625, "n_events": 18, "total_time": 0.014179229736328125}, "reduce.norm": {"label": "reduce.norm", "average_duration": 0.021605478392706975, "n_events": 18, "total_time": 0.3888986110687256}, "reduce.reduce.vector": {"label": "reduce.reduce.vector", "average_duration": 0.0001478327645195855, "n_events": 18, "total_time": 0.002660989761352539}, "reduce.setgrad": {"label": "reduce.setgrad", "average_duration": 0.009009944068060981, "n_events": 18, "total_time": 0.16217899322509766}, "reduce_times": [0.170670747756958, 0.024627208709716797, 0.031991004943847656, 0.03899192810058594, 0.03412818908691406, 0.05705070495605469, 0.02024555206298828, 0.02302694320678711, 0.022879838943481445, 0.028361797332763672, 0.026484251022338867, 0.014144659042358398, 0.029725313186645508, 0.03908705711364746, 0.033915042877197266, 0.05511355400085449, 0.03968930244445801, 0.034096717834472656, 0.02944636344909668]}