{"batch": {"label": "batch", "average_duration": 0.1879366859793663, "n_events": 96, "total_time": 18.041921854019165}, "batch.accumulate": {"label": "batch.accumulate", "average_duration": 0.003135138087802463, "n_events": 18, "total_time": 0.056432485580444336}, "batch.backward": {"label": "batch.backward", "average_duration": 0.12260239074627559, "n_events": 96, "total_time": 11.769829511642456}, "batch.evaluate": {"label": "batch.evaluate", "average_duration": 0.0007959082722663879, "n_events": 96, "total_time": 0.07640719413757324}, "batch.forward": {"label": "batch.forward", "average_duration": 0.04121582210063934, "n_events": 96, "total_time": 3.956718921661377}, "batch.reduce": {"label": "batch.reduce", "average_duration": 0.015809151861402724, "n_events": 18, "total_time": 0.284564733505249}, "batch.step": {"label": "batch.step", "average_duration": 0.010340164105097452, "n_events": 96, "total_time": 0.9926557540893555}, "reduce.compress": {"label": "reduce.compress", "average_duration": 0.003277805116441515, "n_events": 18, "total_time": 0.059000492095947266}, "reduce.decompress": {"label": "reduce.decompress", "average_duration": 0.00029263231489393447, "n_events": 18, "total_time": 0.00526738166809082}, "reduce.flat_pack": {"label": "reduce.flat_pack", "average_duration": 0.0009795559777153863, "n_events": 18, "total_time": 0.017632007598876953}, "reduce.norm": {"label": "reduce.norm", "average_duration": 0.0006952683130900065, "n_events": 18, "total_time": 0.012514829635620117}, "reduce.reduce.vector": {"label": "reduce.reduce.vector", "average_duration": 0.0007290177875094943, "n_events": 18, "total_time": 0.013122320175170898}, "reduce.setgrad": {"label": "reduce.setgrad", "average_duration": 0.00950997405582004, "n_events": 18, "total_time": 0.17117953300476074}, "reduce_times": [0.017093896865844727, 0.016613245010375977, 0.015617609024047852, 0.015521764755249023, 0.015442371368408203, 0.015561103820800781, 0.015576601028442383, 0.01611804962158203, 0.01538538932800293, 0.015964984893798828, 0.017407894134521484, 0.015594482421875, 0.015414237976074219, 0.01577901840209961, 0.015299320220947266, 0.015508174896240234, 0.01593327522277832, 0.015902042388916016, 0.015925168991088867]}