{"batch": {"label": "batch", "average_duration": 0.19127019191610403, "n_events": 290, "total_time": 55.468355655670166}, "batch.accumulate": {"label": "batch.accumulate", "average_duration": 0.0029831594891018337, "n_events": 18, "total_time": 0.05369687080383301}, "batch.backward": {"label": "batch.backward", "average_duration": 0.025734075184526115, "n_events": 290, "total_time": 7.462881803512573}, "batch.evaluate": {"label": "batch.evaluate", "average_duration": 0.11300931552360798, "n_events": 290, "total_time": 32.77270150184631}, "batch.forward": {"label": "batch.forward", "average_duration": 0.024411957017306623, "n_events": 290, "total_time": 7.079467535018921}, "batch.reduce": {"label": "batch.reduce", "average_duration": 0.06601337591807048, "n_events": 18, "total_time": 1.1882407665252686}, "batch.step": {"label": "batch.step", "average_duration": 0.00916369865680563, "n_events": 290, "total_time": 2.657472610473633}, "epoch_metrics.collect": {"label": "epoch_metrics.collect", "average_duration": 0.039128899574279785, "n_events": 2, "total_time": 0.07825779914855957}, "reduce.compress": {"label": "reduce.compress", "average_duration": 0.00045500861273871525, "n_events": 18, "total_time": 0.008190155029296875}, "reduce.decompress": {"label": "reduce.decompress", "average_duration": 8.886390262179905e-05, "n_events": 18, "total_time": 0.0015995502471923828}, "reduce.flat_pack": {"label": "reduce.flat_pack", "average_duration": 0.0008031659656100803, "n_events": 18, "total_time": 0.014456987380981445}, "reduce.norm": {"label": "reduce.norm", "average_duration": 0.05439057615068224, "n_events": 18, "total_time": 0.9790303707122803}, "reduce.reduce.vector": {"label": "reduce.reduce.vector", "average_duration": 0.00014935599433051216, "n_events": 18, "total_time": 0.0026884078979492188}, "reduce.setgrad": {"label": "reduce.setgrad", "average_duration": 0.009568982654147677, "n_events": 18, "total_time": 0.1722416877746582}, "test.last": {"label": "test.last", "average_duration": 1.5156991481781006, "n_events": 2, "total_time": 3.031398296356201}}