{"batch": {"label": "batch", "average_duration": 0.1862307515637628, "n_events": 290, "total_time": 54.00691795349121}, "batch.accumulate": {"label": "batch.accumulate", "average_duration": 0.002978894445631239, "n_events": 18, "total_time": 0.053620100021362305}, "batch.backward": {"label": "batch.backward", "average_duration": 0.025461169769024027, "n_events": 290, "total_time": 7.383739233016968}, "batch.evaluate": {"label": "batch.evaluate", "average_duration": 0.11624860845763108, "n_events": 290, "total_time": 33.71209645271301}, "batch.forward": {"label": "batch.forward", "average_duration": 0.023231906726442535, "n_events": 290, "total_time": 6.737252950668335}, "batch.reduce": {"label": "batch.reduce", "average_duration": 0.060857295989990234, "n_events": 18, "total_time": 1.0954313278198242}, "batch.step": {"label": "batch.step", "average_duration": 0.00880063977734796, "n_events": 290, "total_time": 2.552185535430908}, "epoch_metrics.collect": {"label": "epoch_metrics.collect", "average_duration": 0.02723562717437744, "n_events": 2, "total_time": 0.05447125434875488}, "reduce.compress": {"label": "reduce.compress", "average_duration": 0.0004392862319946289, "n_events": 18, "total_time": 0.00790715217590332}, "reduce.decompress": {"label": "reduce.decompress", "average_duration": 8.728769090440538e-05, "n_events": 18, "total_time": 0.0015711784362792969}, "reduce.flat_pack": {"label": "reduce.flat_pack", "average_duration": 0.0007598797480265299, "n_events": 18, "total_time": 0.013677835464477539}, "reduce.norm": {"label": "reduce.norm", "average_duration": 0.049905737241109215, "n_events": 18, "total_time": 0.8983032703399658}, "reduce.reduce.vector": {"label": "reduce.reduce.vector", "average_duration": 0.00015077326032850478, "n_events": 18, "total_time": 0.002713918685913086}, "reduce.setgrad": {"label": "reduce.setgrad", "average_duration": 0.009198082817925347, "n_events": 18, "total_time": 0.16556549072265625}, "test.last": {"label": "test.last", "average_duration": 1.4971592426300049, "n_events": 2, "total_time": 2.9943184852600098}, "reduce_times": [0.12603116035461426, 0.0532076358795166, 0.05216383934020996, 0.07451057434082031, 0.058498382568359375, 0.06024456024169922, 0.0364832878112793, 0.05615520477294922, 0.05138278007507324, 0.05107378959655762, 0.04406380653381348, 0.05813193321228027, 0.0650184154510498, 0.08470797538757324, 0.07271742820739746, 0.08042407035827637, 0.06661105155944824, 0.06425309181213379, 0.06578350067138672]}