{"batch": {"label": "batch", "average_duration": 0.07576694947934981, "n_events": 29249, "total_time": 2216.1075053215027}, "batch.accumulate": {"label": "batch.accumulate", "average_duration": 0.0009582313889213911, "n_events": 29249, "total_time": 28.027309894561768}, "batch.backward": {"label": "batch.backward", "average_duration": 0.04069413003801195, "n_events": 29249, "total_time": 1190.2626094818115}, "batch.evaluate": {"label": "batch.evaluate", "average_duration": 0.0004562651863660261, "n_events": 29249, "total_time": 13.345300436019897}, "batch.forward": {"label": "batch.forward", "average_duration": 0.017104674267595238, "n_events": 29249, "total_time": 500.29461765289307}, "batch.reduce": {"label": "batch.reduce", "average_duration": 0.013751620320997636, "n_events": 29249, "total_time": 402.22114276885986}, "batch.step": {"label": "batch.step", "average_duration": 0.001043229165201599, "n_events": 29249, "total_time": 30.513409852981567}, "epoch_metrics.collect": {"label": "epoch_metrics.collect", "average_duration": 0.0019193975717429347, "n_events": 149, "total_time": 0.28599023818969727}, "reduce.allreduce": {"label": "reduce.allreduce", "average_duration": 0.013118621520398763, "n_events": 29249, "total_time": 383.70656085014343}, "reduce.flat_pack": {"label": "reduce.flat_pack", "average_duration": 0.0005598221401006056, "n_events": 29249, "total_time": 16.374237775802612}, "test.last": {"label": "test.last", "average_duration": 0.939836524476941, "n_events": 149, "total_time": 140.0356421470642}}