{"batch": {"label": "batch", "average_duration": 0.1498816333526422, "n_events": 484, "total_time": 72.54271054267883}, "batch.accumulate": {"label": "batch.accumulate", "average_duration": 0.0007655063936533021, "n_events": 484, "total_time": 0.37050509452819824}, "batch.backward": {"label": "batch.backward", "average_duration": 0.06276764455905631, "n_events": 484, "total_time": 30.379539966583252}, "batch.evaluate": {"label": "batch.evaluate", "average_duration": 0.0005865471422179671, "n_events": 484, "total_time": 0.2838888168334961}, "batch.forward": {"label": "batch.forward", "average_duration": 0.053439503858897314, "n_events": 484, "total_time": 25.8647198677063}, "batch.reduce": {"label": "batch.reduce", "average_duration": 0.027578978006504783, "n_events": 484, "total_time": 13.348225355148315}, "batch.step": {"label": "batch.step", "average_duration": 0.0032601455026421665, "n_events": 484, "total_time": 1.5779104232788086}, "epoch_metrics.collect": {"label": "epoch_metrics.collect", "average_duration": 0.007448434829711914, "n_events": 4, "total_time": 0.029793739318847656}, "reduce.compress": {"label": "reduce.compress", "average_duration": 0.0020937136382110848, "n_events": 484, "total_time": 1.013357400894165}, "reduce.decompress": {"label": "reduce.decompress", "average_duration": 0.0003004753885190349, "n_events": 484, "total_time": 0.1454300880432129}, "reduce.flat_pack": {"label": "reduce.flat_pack", "average_duration": 0.0003663138909773393, "n_events": 484, "total_time": 0.17729592323303223}, "reduce.norm": {"label": "reduce.norm", "average_duration": 0.0037219302713378402, "n_events": 484, "total_time": 1.8014142513275146}, "reduce.reduce.vector": {"label": "reduce.reduce.vector", "average_duration": 0.01820071965209709, "n_events": 484, "total_time": 8.80914831161499}, "reduce.setgrad": {"label": "reduce.setgrad", "average_duration": 0.002522092220211817, "n_events": 484, "total_time": 1.2206926345825195}, "test.last": {"label": "test.last", "average_duration": 1.15922349691391, "n_events": 4, "total_time": 4.63689398765564}}