{"batch": {"label": "batch", "average_duration": 0.08332905173301697, "n_events": 96, "total_time": 7.999588966369629}, "batch.accumulate": {"label": "batch.accumulate", "average_duration": 0.0011441707611083984, "n_events": 18, "total_time": 0.020595073699951172}, "batch.backward": {"label": "batch.backward", "average_duration": 0.006361072262128194, "n_events": 96, "total_time": 0.6106629371643066}, "batch.evaluate": {"label": "batch.evaluate", "average_duration": 0.06014219423135122, "n_events": 96, "total_time": 5.773650646209717}, "batch.forward": {"label": "batch.forward", "average_duration": 0.005834445357322693, "n_events": 96, "total_time": 0.5601067543029785}, "batch.reduce": {"label": "batch.reduce", "average_duration": 0.017203980022006564, "n_events": 18, "total_time": 0.30967164039611816}, "batch.step": {"label": "batch.step", "average_duration": 0.003354420264561971, "n_events": 96, "total_time": 0.3220243453979492}, "reduce.compress": {"label": "reduce.compress", "average_duration": 0.000415696038140191, "n_events": 18, "total_time": 0.0074825286865234375}, "reduce.decompress": {"label": "reduce.decompress", "average_duration": 8.670488993326823e-05, "n_events": 18, "total_time": 0.0015606880187988281}, "reduce.flat_pack": {"label": "reduce.flat_pack", "average_duration": 0.0002980894512600369, "n_events": 18, "total_time": 0.005365610122680664}, "reduce.norm": {"label": "reduce.norm", "average_duration": 0.012842377026875814, "n_events": 18, "total_time": 0.23116278648376465}, "reduce.reduce.vector": {"label": "reduce.reduce.vector", "average_duration": 0.000141196780734592, "n_events": 18, "total_time": 0.0025415420532226562}, "reduce.setgrad": {"label": "reduce.setgrad", "average_duration": 0.0031084484524197048, "n_events": 18, "total_time": 0.05595207214355469}, "reduce_times": [0.09380102157592773, 0.00898599624633789, 0.016675472259521484, 0.017382383346557617, 0.015368938446044922, 0.025491952896118164, 0.0194549560546875, 0.021707773208618164, 0.020311355590820312, 0.015027761459350586, 0.017581462860107422, 0.016231775283813477, 0.014528036117553711, 0.015399456024169922, 0.016275882720947266, 0.018705129623413086, 0.007900476455688477, 0.022144079208374023, 0.02049875259399414]}