{"batch": {"label": "batch", "average_duration": 1.1147811561822891, "n_events": 96, "total_time": 107.01899099349976}, "batch.accumulate": {"label": "batch.accumulate", "average_duration": 0.0028004000584284463, "n_events": 96, "total_time": 0.26883840560913086}, "batch.backward": {"label": "batch.backward", "average_duration": 0.7080486789345741, "n_events": 96, "total_time": 67.97267317771912}, "batch.evaluate": {"label": "batch.evaluate", "average_duration": 0.0007126157482465109, "n_events": 96, "total_time": 0.06841111183166504}, "batch.forward": {"label": "batch.forward", "average_duration": 0.259850616256396, "n_events": 96, "total_time": 24.945659160614014}, "batch.reduce": {"label": "batch.reduce", "average_duration": 0.12580274045467377, "n_events": 96, "total_time": 12.077063083648682}, "batch.step": {"label": "batch.step", "average_duration": 0.012531206011772156, "n_events": 96, "total_time": 1.202995777130127}, "reduce.compress": {"label": "reduce.compress", "average_duration": 0.023083828389644623, "n_events": 96, "total_time": 2.216047525405884}, "reduce.decompress": {"label": "reduce.decompress", "average_duration": 0.0032748902837435403, "n_events": 96, "total_time": 0.3143894672393799}, "reduce.flat_pack": {"label": "reduce.flat_pack", "average_duration": 0.0020277375976244607, "n_events": 96, "total_time": 0.19466280937194824}, "reduce.norm": {"label": "reduce.norm", "average_duration": 0.03812429557243983, "n_events": 96, "total_time": 3.6599323749542236}, "reduce.reduce.vector": {"label": "reduce.reduce.vector", "average_duration": 0.0503260021408399, "n_events": 96, "total_time": 4.83129620552063}, "reduce.setgrad": {"label": "reduce.setgrad", "average_duration": 0.008518191675345102, "n_events": 96, "total_time": 0.8177464008331299}}