{"batch": {"label": "batch", "average_duration": 0.46096190511414203, "n_events": 389, "total_time": 179.31418108940125}, "batch.accumulate": {"label": "batch.accumulate", "average_duration": 0.0012630907612778534, "n_events": 389, "total_time": 0.49134230613708496}, "batch.backward": {"label": "batch.backward", "average_duration": 0.38182444008579597, "n_events": 389, "total_time": 148.52970719337463}, "batch.evaluate": {"label": "batch.evaluate", "average_duration": 0.0007414793294009329, "n_events": 389, "total_time": 0.2884354591369629}, "batch.forward": {"label": "batch.forward", "average_duration": 0.047730850376629275, "n_events": 389, "total_time": 18.56730079650879}, "batch.reduce": {"label": "batch.reduce", "average_duration": 0.021558842499642263, "n_events": 389, "total_time": 8.38638973236084}, "batch.step": {"label": "batch.step", "average_duration": 0.005732243349129253, "n_events": 389, "total_time": 2.2298426628112793}, "reduce.compress": {"label": "reduce.compress", "average_duration": 0.013938369358719773, "n_events": 389, "total_time": 5.422025680541992}, "reduce.decompress": {"label": "reduce.decompress", "average_duration": 0.0019380660167390093, "n_events": 389, "total_time": 0.7539076805114746}, "reduce.flat_pack": {"label": "reduce.flat_pack", "average_duration": 0.001130727998395199, "n_events": 389, "total_time": 0.4398531913757324}, "reduce.norm": {"label": "reduce.norm", "average_duration": 0.0012102010623961303, "n_events": 389, "total_time": 0.4707682132720947}, "reduce.reduce.vector": {"label": "reduce.reduce.vector", "average_duration": 1.2133605682451498e-05, "n_events": 389, "total_time": 0.004719972610473633}, "reduce.setgrad": {"label": "reduce.setgrad", "average_duration": 0.0031193467216197508, "n_events": 389, "total_time": 1.213425874710083}}