{"batch": {"label": "batch", "average_duration": 0.2104724419018454, "n_events": 484, "total_time": 101.86866188049316}, "batch.accumulate": {"label": "batch.accumulate", "average_duration": 0.001081505097633551, "n_events": 484, "total_time": 0.5234484672546387}, "batch.backward": {"label": "batch.backward", "average_duration": 0.06410419202047932, "n_events": 484, "total_time": 31.026428937911987}, "batch.evaluate": {"label": "batch.evaluate", "average_duration": 0.0006293959854062924, "n_events": 484, "total_time": 0.3046276569366455}, "batch.forward": {"label": "batch.forward", "average_duration": 0.05433792466959678, "n_events": 484, "total_time": 26.29955554008484}, "batch.reduce": {"label": "batch.reduce", "average_duration": 0.08534923318989021, "n_events": 484, "total_time": 41.30902886390686}, "batch.step": {"label": "batch.step", "average_duration": 0.003386294546206135, "n_events": 484, "total_time": 1.6389665603637695}, "epoch_metrics.collect": {"label": "epoch_metrics.collect", "average_duration": 0.004629373550415039, "n_events": 4, "total_time": 0.018517494201660156}, "reduce.allreduce": {"label": "reduce.allreduce", "average_duration": 0.08463602272932194, "n_events": 484, "total_time": 40.96383500099182}, "reduce.flat_pack": {"label": "reduce.flat_pack", "average_duration": 0.0004768982406490105, "n_events": 484, "total_time": 0.2308187484741211}, "test.last": {"label": "test.last", "average_duration": 1.1688106060028076, "n_events": 4, "total_time": 4.6752424240112305}}