{"batch": {"label": "batch", "average_duration": 0.14360062938091184, "n_events": 484, "total_time": 69.50270462036133}, "batch.accumulate": {"label": "batch.accumulate", "average_duration": 0.000712928693156597, "n_events": 484, "total_time": 0.34505748748779297}, "batch.backward": {"label": "batch.backward", "average_duration": 0.06398606300354004, "n_events": 484, "total_time": 30.96925449371338}, "batch.evaluate": {"label": "batch.evaluate", "average_duration": 0.0007693334059281783, "n_events": 484, "total_time": 0.3723573684692383}, "batch.forward": {"label": "batch.forward", "average_duration": 0.054371770255821794, "n_events": 484, "total_time": 26.31593680381775}, "batch.reduce": {"label": "batch.reduce", "average_duration": 0.018900076219858217, "n_events": 484, "total_time": 9.147636890411377}, "batch.step": {"label": "batch.step", "average_duration": 0.0031802560672287115, "n_events": 484, "total_time": 1.5392439365386963}, "epoch_metrics.collect": {"label": "epoch_metrics.collect", "average_duration": 0.021078050136566162, "n_events": 4, "total_time": 0.08431220054626465}, "reduce.allocate_memory": {"label": "reduce.allocate_memory", "average_duration": 0.0002298404362576067, "n_events": 484, "total_time": 0.11124277114868164}, "reduce.compute.p": {"label": "reduce.compute.p", "average_duration": 0.0006115879894288118, "n_events": 484, "total_time": 0.2960085868835449}, "reduce.compute.q": {"label": "reduce.compute.q", "average_duration": 0.000667383355542648, "n_events": 484, "total_time": 0.3230135440826416}, "reduce.normalize.p": {"label": "reduce.normalize.p", "average_duration": 0.003854759961120353, "n_events": 484, "total_time": 1.865703821182251}, "reduce.outerprod": {"label": "reduce.outerprod", "average_duration": 0.0011486795322954162, "n_events": 484, "total_time": 0.5559608936309814}, "reduce.p": {"label": "reduce.p", "average_duration": 0.005440944482472317, "n_events": 484, "total_time": 2.6334171295166016}, "reduce.prepare.q": {"label": "reduce.prepare.q", "average_duration": 0.00024555192506017765, "n_events": 484, "total_time": 0.11884713172912598}, "reduce.q": {"label": "reduce.q", "average_duration": 0.002010522795117591, "n_events": 484, "total_time": 0.9730930328369141}, "reduce.rank1.all_reduce": {"label": "reduce.rank1.all_reduce", "average_duration": 0.0011876461919674204, "n_events": 484, "total_time": 0.5748207569122314}, "reduce.rank1.pack": {"label": "reduce.rank1.pack", "average_duration": 0.0002940533574947641, "n_events": 484, "total_time": 0.14232182502746582}, "reduce.rank1.unpack": {"label": "reduce.rank1.unpack", "average_duration": 0.0008341936040515742, "n_events": 484, "total_time": 0.4037497043609619}, "test.last": {"label": "test.last", "average_duration": 1.208116054534912, "n_events": 4, "total_time": 4.832464218139648}}