{"batch": {"label": "batch", "average_duration": 0.2775247141349414, "n_events": 484, "total_time": 134.32196164131165}, "batch.accumulate": {"label": "batch.accumulate", "average_duration": 0.001966428658193793, "n_events": 484, "total_time": 0.9517514705657959}, "batch.backward": {"label": "batch.backward", "average_duration": 0.12353179129687222, "n_events": 484, "total_time": 59.78938698768616}, "batch.evaluate": {"label": "batch.evaluate", "average_duration": 0.000745402387351044, "n_events": 484, "total_time": 0.3607747554779053}, "batch.forward": {"label": "batch.forward", "average_duration": 0.06009134921160611, "n_events": 484, "total_time": 29.08421301841736}, "batch.reduce": {"label": "batch.reduce", "average_duration": 0.078661891054516, "n_events": 484, "total_time": 38.07235527038574}, "batch.step": {"label": "batch.step", "average_duration": 0.008591957328733335, "n_events": 484, "total_time": 4.158507347106934}, "epoch_metrics.collect": {"label": "epoch_metrics.collect", "average_duration": 0.0032590627670288086, "n_events": 4, "total_time": 0.013036251068115234}, "reduce.compress": {"label": "reduce.compress", "average_duration": 0.0365346305626483, "n_events": 484, "total_time": 17.682761192321777}, "reduce.decompress": {"label": "reduce.decompress", "average_duration": 0.001594488778390175, "n_events": 484, "total_time": 0.7717325687408447}, "reduce.flat_pack": {"label": "reduce.flat_pack", "average_duration": 0.0008469957950686621, "n_events": 484, "total_time": 0.4099459648132324}, "reduce.norm": {"label": "reduce.norm", "average_duration": 0.0027588265986481972, "n_events": 484, "total_time": 1.3352720737457275}, "reduce.reduce.vector": {"label": "reduce.reduce.vector", "average_duration": 0.029827132697932978, "n_events": 484, "total_time": 14.43633222579956}, "reduce.setgrad": {"label": "reduce.setgrad", "average_duration": 0.006615270267833363, "n_events": 484, "total_time": 3.2017908096313477}, "test.last": {"label": "test.last", "average_duration": 1.4165536165237427, "n_events": 4, "total_time": 5.666214466094971}}