{"batch": {"label": "batch", "average_duration": 0.1983436420559883, "n_events": 96, "total_time": 19.040989637374878}, "batch.accumulate": {"label": "batch.accumulate", "average_duration": 0.0029546295603116355, "n_events": 96, "total_time": 0.283644437789917}, "batch.backward": {"label": "batch.backward", "average_duration": 0.12411426504453023, "n_events": 96, "total_time": 11.914969444274902}, "batch.evaluate": {"label": "batch.evaluate", "average_duration": 0.0006412863731384277, "n_events": 96, "total_time": 0.06156349182128906}, "batch.forward": {"label": "batch.forward", "average_duration": 0.04135782023270925, "n_events": 96, "total_time": 3.970350742340088}, "batch.reduce": {"label": "batch.reduce", "average_duration": 0.01240794857343038, "n_events": 96, "total_time": 1.1911630630493164}, "batch.step": {"label": "batch.step", "average_duration": 0.008515797555446625, "n_events": 96, "total_time": 0.817516565322876}, "reduce.compress": {"label": "reduce.compress", "average_duration": 0.00038288533687591553, "n_events": 96, "total_time": 0.03675699234008789}, "reduce.decompress": {"label": "reduce.decompress", "average_duration": 8.1673264503479e-05, "n_events": 96, "total_time": 0.007840633392333984}, "reduce.flat_pack": {"label": "reduce.flat_pack", "average_duration": 0.0009360859791437784, "n_events": 96, "total_time": 0.08986425399780273}, "reduce.norm": {"label": "reduce.norm", "average_duration": 0.0015377029776573181, "n_events": 96, "total_time": 0.14761948585510254}, "reduce.reduce.vector": {"label": "reduce.reduce.vector", "average_duration": 0.00017256538073221842, "n_events": 96, "total_time": 0.01656627655029297}, "reduce.setgrad": {"label": "reduce.setgrad", "average_duration": 0.008874545494715372, "n_events": 96, "total_time": 0.8519563674926758}}