{"batch": {"label": "batch", "average_duration": 0.4586282003201678, "n_events": 389, "total_time": 178.4063699245453}, "batch.accumulate": {"label": "batch.accumulate", "average_duration": 0.0012692357090261111, "n_events": 389, "total_time": 0.4937326908111572}, "batch.backward": {"label": "batch.backward", "average_duration": 0.38279655966476794, "n_events": 389, "total_time": 148.90786170959473}, "batch.evaluate": {"label": "batch.evaluate", "average_duration": 0.0005025489777709647, "n_events": 389, "total_time": 0.19549155235290527}, "batch.forward": {"label": "batch.forward", "average_duration": 0.04814535057636644, "n_events": 389, "total_time": 18.728541374206543}, "batch.reduce": {"label": "batch.reduce", "average_duration": 0.018613418147619097, "n_events": 389, "total_time": 7.240619659423828}, "batch.step": {"label": "batch.step", "average_duration": 0.005768885649261867, "n_events": 389, "total_time": 2.244096517562866}, "epoch_metrics.collect": {"label": "epoch_metrics.collect", "average_duration": 0.0011243820190429688, "n_events": 1, "total_time": 0.0011243820190429688}, "reduce.allreduce": {"label": "reduce.allreduce", "average_duration": 0.017456188299968495, "n_events": 389, "total_time": 6.790457248687744}, "reduce.flat_pack": {"label": "reduce.flat_pack", "average_duration": 0.0010665462072220438, "n_events": 389, "total_time": 0.414886474609375}, "test.last": {"label": "test.last", "average_duration": 2.1015419960021973, "n_events": 1, "total_time": 2.1015419960021973}}