{"batch": {"label": "batch", "average_duration": 0.35880035592108656, "n_events": 194, "total_time": 69.6072690486908}, "batch.accumulate": {"label": "batch.accumulate", "average_duration": 0.0026896941034417403, "n_events": 38, "total_time": 0.10220837593078613}, "batch.backward": {"label": "batch.backward", "average_duration": 0.12175590598706118, "n_events": 194, "total_time": 23.620645761489868}, "batch.evaluate": {"label": "batch.evaluate", "average_duration": 0.0006021347242532318, "n_events": 194, "total_time": 0.11681413650512695}, "batch.forward": {"label": "batch.forward", "average_duration": 0.04099806313662185, "n_events": 194, "total_time": 7.953624248504639}, "batch.reduce": {"label": "batch.reduce", "average_duration": 0.8725519870456896, "n_events": 38, "total_time": 33.156975507736206}, "batch.step": {"label": "batch.step", "average_duration": 0.008461158300183484, "n_events": 194, "total_time": 1.6414647102355957}, "reduce.compress": {"label": "reduce.compress", "average_duration": 0.0032881498336791992, "n_events": 38, "total_time": 0.12494969367980957}, "reduce.decompress": {"label": "reduce.decompress", "average_duration": 0.0002934619000083522, "n_events": 38, "total_time": 0.011151552200317383}, "reduce.flat_pack": {"label": "reduce.flat_pack", "average_duration": 0.0009223912891588713, "n_events": 38, "total_time": 0.03505086898803711}, "reduce.norm": {"label": "reduce.norm", "average_duration": 0.850800024835687, "n_events": 38, "total_time": 32.3304009437561}, "reduce.reduce.vector": {"label": "reduce.reduce.vector", "average_duration": 0.008461362437198037, "n_events": 38, "total_time": 0.3215317726135254}, "reduce.setgrad": {"label": "reduce.setgrad", "average_duration": 0.008480191230773926, "n_events": 38, "total_time": 0.3222472667694092}}