{"batch": {"label": "batch", "average_duration": 0.2530153813030036, "n_events": 29249, "total_time": 7400.446887731552}, "batch.accumulate": {"label": "batch.accumulate", "average_duration": 0.0029006636062440003, "n_events": 29249, "total_time": 84.84150981903076}, "batch.backward": {"label": "batch.backward", "average_duration": 0.02359760373697317, "n_events": 29249, "total_time": 690.2063117027283}, "batch.evaluate": {"label": "batch.evaluate", "average_duration": 0.17599001293194763, "n_events": 29249, "total_time": 5147.531888246536}, "batch.forward": {"label": "batch.forward", "average_duration": 0.013462218297942528, "n_events": 29249, "total_time": 393.756422996521}, "batch.reduce": {"label": "batch.reduce", "average_duration": 0.01403158643297947, "n_events": 29249, "total_time": 410.40987157821655}, "batch.step": {"label": "batch.step", "average_duration": 0.01553261807859158, "n_events": 29249, "total_time": 454.3135461807251}, "epoch_metrics.collect": {"label": "epoch_metrics.collect", "average_duration": 0.00154328826289849, "n_events": 149, "total_time": 0.229949951171875}, "reduce.compress": {"label": "reduce.compress", "average_duration": 0.0008497068529769072, "n_events": 29249, "total_time": 24.853075742721558}, "reduce.decompress": {"label": "reduce.decompress", "average_duration": 0.00019340842168528164, "n_events": 29249, "total_time": 5.657002925872803}, "reduce.flat_pack": {"label": "reduce.flat_pack", "average_duration": 0.0006259293787548442, "n_events": 29249, "total_time": 18.30780839920044}, "reduce.norm": {"label": "reduce.norm", "average_duration": 0.0022034829871471675, "n_events": 29249, "total_time": 64.4496738910675}, "reduce.reduce.vector": {"label": "reduce.reduce.vector", "average_duration": 0.00010201205448874605, "n_events": 29249, "total_time": 2.983750581741333}, "reduce.setgrad": {"label": "reduce.setgrad", "average_duration": 0.008896763310309674, "n_events": 29249, "total_time": 260.2214300632477}, "test.last": {"label": "test.last", "average_duration": 2.5474774997506366, "n_events": 149, "total_time": 379.57414746284485}}