{"batch": {"label": "batch", "average_duration": 0.25238781685486644, "n_events": 29249, "total_time": 7382.091255187988}, "batch.accumulate": {"label": "batch.accumulate", "average_duration": 0.0026807067716153057, "n_events": 29249, "total_time": 78.40799236297607}, "batch.backward": {"label": "batch.backward", "average_duration": 0.14474115504897017, "n_events": 29249, "total_time": 4233.5340440273285}, "batch.evaluate": {"label": "batch.evaluate", "average_duration": 0.0006363701056592864, "n_events": 29249, "total_time": 18.613189220428467}, "batch.forward": {"label": "batch.forward", "average_duration": 0.06765147711159678, "n_events": 29249, "total_time": 1978.7380540370941}, "batch.reduce": {"label": "batch.reduce", "average_duration": 0.015454252657390968, "n_events": 29249, "total_time": 452.02143597602844}, "batch.step": {"label": "batch.step", "average_duration": 0.013879129632223838, "n_events": 29249, "total_time": 405.95066261291504}, "epoch_metrics.collect": {"label": "epoch_metrics.collect", "average_duration": 0.012681213801339169, "n_events": 149, "total_time": 1.8895008563995361}, "reduce.compress": {"label": "reduce.compress", "average_duration": 0.0008727735346405114, "n_events": 29249, "total_time": 25.527753114700317}, "reduce.decompress": {"label": "reduce.decompress", "average_duration": 0.00018552117577748134, "n_events": 29249, "total_time": 5.426308870315552}, "reduce.flat_pack": {"label": "reduce.flat_pack", "average_duration": 0.0011939016210633043, "n_events": 29249, "total_time": 34.92042851448059}, "reduce.norm": {"label": "reduce.norm", "average_duration": 0.003864286251486116, "n_events": 29249, "total_time": 113.02650856971741}, "reduce.reduce.vector": {"label": "reduce.reduce.vector", "average_duration": 0.00013826204701820484, "n_events": 29249, "total_time": 4.044026613235474}, "reduce.setgrad": {"label": "reduce.setgrad", "average_duration": 0.008402085278991096, "n_events": 29249, "total_time": 245.75259232521057}, "test.last": {"label": "test.last", "average_duration": 2.6641201604932747, "n_events": 149, "total_time": 396.9539039134979}}