{"batch": {"label": "batch", "average_duration": 0.20060332864522934, "n_events": 96, "total_time": 19.257919549942017}, "batch.accumulate": {"label": "batch.accumulate", "average_duration": 0.0030530144770940146, "n_events": 96, "total_time": 0.2930893898010254}, "batch.backward": {"label": "batch.backward", "average_duration": 0.02510870744784673, "n_events": 96, "total_time": 2.410435914993286}, "batch.evaluate": {"label": "batch.evaluate", "average_duration": 0.11340769628683726, "n_events": 96, "total_time": 10.887138843536377}, "batch.forward": {"label": "batch.forward", "average_duration": 0.024772226810455322, "n_events": 96, "total_time": 2.378133773803711}, "batch.reduce": {"label": "batch.reduce", "average_duration": 0.016431907812754314, "n_events": 96, "total_time": 1.577463150024414}, "batch.step": {"label": "batch.step", "average_duration": 0.009081204732259115, "n_events": 96, "total_time": 0.871795654296875}, "reduce.compress": {"label": "reduce.compress", "average_duration": 0.0009956061840057373, "n_events": 96, "total_time": 0.09557819366455078}, "reduce.decompress": {"label": "reduce.decompress", "average_duration": 0.00022103140751520792, "n_events": 96, "total_time": 0.02121901512145996}, "reduce.flat_pack": {"label": "reduce.flat_pack", "average_duration": 0.0007534672816594442, "n_events": 96, "total_time": 0.07233285903930664}, "reduce.norm": {"label": "reduce.norm", "average_duration": 0.004292411108811696, "n_events": 96, "total_time": 0.41207146644592285}, "reduce.reduce.vector": {"label": "reduce.reduce.vector", "average_duration": 0.0001276011268297831, "n_events": 96, "total_time": 0.01224970817565918}, "reduce.setgrad": {"label": "reduce.setgrad", "average_duration": 0.009505646924177805, "n_events": 96, "total_time": 0.9125421047210693}, "reduce_times": [1.72255277633667, 0.015679597854614258, 0.015419244766235352, 0.02064204216003418, 0.023999691009521484, 0.015036344528198242, 0.014747381210327148, 0.015838146209716797, 0.02183246612548828, 0.01369619369506836, 0.01368403434753418, 0.013727188110351562, 0.021650075912475586, 0.015074491500854492, 0.01714634895324707, 0.014298677444458008, 0.022808551788330078, 0.015278816223144531, 0.016013622283935547, 0.016042709350585938, 0.022430896759033203, 0.013925790786743164, 0.016248464584350586, 0.015847444534301758, 0.02082085609436035, 0.014474630355834961, 0.015003204345703125, 0.015168905258178711, 0.022231340408325195, 0.014022350311279297, 0.014426946640014648, 0.014475584030151367, 0.021834611892700195, 0.01528024673461914, 0.016698837280273438, 0.015493631362915039, 0.023185014724731445, 0.013644695281982422, 0.015728473663330078, 0.01459813117980957, 0.022212505340576172, 0.01398324966430664, 0.014757871627807617, 0.014943122863769531, 0.02316451072692871, 0.014251947402954102, 0.015379190444946289, 0.013905525207519531, 0.0237734317779541, 0.015180110931396484, 0.013769388198852539, 0.015184164047241211, 0.02121710777282715, 0.012807130813598633, 0.015097379684448242, 0.014376163482666016, 0.02239513397216797, 0.013040781021118164, 0.015645265579223633, 0.014729976654052734, 0.019831418991088867, 0.014813423156738281, 0.01584768295288086, 0.012734651565551758, 0.017004728317260742, 0.015636920928955078, 0.014246225357055664, 0.014539480209350586, 0.01607966423034668, 0.01238703727722168, 0.013495445251464844, 0.01398777961730957, 0.015598297119140625, 0.01955103874206543, 0.017091989517211914, 0.025166988372802734, 0.01771259307861328, 0.01282191276550293, 0.015598058700561523, 0.023116111755371094, 0.015497922897338867, 0.013649702072143555, 0.019959688186645508, 0.012779712677001953, 0.014327764511108398, 0.014516592025756836, 0.02051544189453125, 0.022270679473876953, 0.015144824981689453, 0.014909744262695312, 0.014195680618286133, 0.014015913009643555, 0.012676477432250977, 0.013726472854614258, 0.015102148056030273, 0.014205694198608398, 0.014737606048583984]}