{"batch": {"label": "batch", "average_duration": 0.7682594511952293, "n_events": 29249, "total_time": 22470.820688009262}, "batch.accumulate": {"label": "batch.accumulate", "average_duration": 0.005299433980739163, "n_events": 29249, "total_time": 155.00314450263977}, "batch.backward": {"label": "batch.backward", "average_duration": 0.02296875044767166, "n_events": 29249, "total_time": 671.8129818439484}, "batch.evaluate": {"label": "batch.evaluate", "average_duration": 0.15983143105963862, "n_events": 29249, "total_time": 4674.90952706337}, "batch.forward": {"label": "batch.forward", "average_duration": 0.020407478717001992, "n_events": 29249, "total_time": 596.8983449935913}, "batch.reduce": {"label": "batch.reduce", "average_duration": 0.020436094350833406, "n_events": 29249, "total_time": 597.7353236675262}, "batch.step": {"label": "batch.step", "average_duration": 0.027429126699527774, "n_events": 29249, "total_time": 802.2745268344879}, "epoch_metrics.collect": {"label": "epoch_metrics.collect", "average_duration": 0.0019588918493898123, "n_events": 149, "total_time": 0.29187488555908203}, "reduce.allreduce": {"label": "reduce.allreduce", "average_duration": 0.01891113945616914, "n_events": 29249, "total_time": 553.1319179534912}, "reduce.flat_pack": {"label": "reduce.flat_pack", "average_duration": 0.0013595961591900628, "n_events": 29249, "total_time": 39.76682806015015}, "test.last": {"label": "test.last", "average_duration": 2.466996055321405, "n_events": 149, "total_time": 367.5824122428894}}