{"batch": {"label": "batch", "average_duration": 0.7676532617157034, "n_events": 29249, "total_time": 22453.090251922607}, "batch.accumulate": {"label": "batch.accumulate", "average_duration": 0.003297924200666595, "n_events": 29249, "total_time": 96.46098494529724}, "batch.auxiliary.backward": {"label": "batch.auxiliary.backward", "average_duration": 0.0429145727219869, "n_events": 29249, "total_time": 1255.208337545395}, "batch.auxiliary.evaluate": {"label": "batch.auxiliary.evaluate", "average_duration": 0.0006196108177065332, "n_events": 29249, "total_time": 18.12299680709839}, "batch.auxiliary.forward": {"label": "batch.auxiliary.forward", "average_duration": 0.021356984201123676, "n_events": 29249, "total_time": 624.6704308986664}, "batch.backward": {"label": "batch.backward", "average_duration": 0.1432305756395807, "n_events": 29249, "total_time": 4189.351106882095}, "batch.evaluate": {"label": "batch.evaluate", "average_duration": 0.0007869959603032845, "n_events": 29249, "total_time": 23.018844842910767}, "batch.forward": {"label": "batch.forward", "average_duration": 0.06569275387642, "n_events": 29249, "total_time": 1921.4473581314087}, "batch.reduce": {"label": "batch.reduce", "average_duration": 0.4633917104827428, "n_events": 29249, "total_time": 13553.744139909744}, "batch.step": {"label": "batch.step", "average_duration": 0.015190164966825183, "n_events": 29249, "total_time": 444.2971351146698}, "epoch_metrics.collect": {"label": "epoch_metrics.collect", "average_duration": 0.011926487788257983, "n_events": 149, "total_time": 1.7770466804504395}, "reduce.allreduce": {"label": "reduce.allreduce", "average_duration": 0.462000848248521, "n_events": 29249, "total_time": 13513.06281042099}, "reduce.flat_pack": {"label": "reduce.flat_pack", "average_duration": 0.0012693381104910612, "n_events": 29249, "total_time": 37.12687039375305}, "test.last": {"label": "test.last", "average_duration": 2.569575844195065, "n_events": 149, "total_time": 382.8668007850647}}