{"batch": {"label": "batch", "average_duration": 0.34779150239352524, "n_events": 290, "total_time": 100.85953569412231}, "batch.accumulate": {"label": "batch.accumulate", "average_duration": 0.0026981565687391493, "n_events": 18, "total_time": 0.04856681823730469}, "batch.backward": {"label": "batch.backward", "average_duration": 0.12229922968765784, "n_events": 290, "total_time": 35.466776609420776}, "batch.evaluate": {"label": "batch.evaluate", "average_duration": 0.000721052597308981, "n_events": 290, "total_time": 0.2091052532196045}, "batch.forward": {"label": "batch.forward", "average_duration": 0.0411284693356218, "n_events": 290, "total_time": 11.927256107330322}, "batch.reduce": {"label": "batch.reduce", "average_duration": 2.425979826185438, "n_events": 18, "total_time": 43.66763687133789}, "batch.step": {"label": "batch.step", "average_duration": 0.008430425874118148, "n_events": 290, "total_time": 2.4448235034942627}, "epoch_metrics.collect": {"label": "epoch_metrics.collect", "average_duration": 1.7662277221679688, "n_events": 2, "total_time": 3.5324554443359375}, "reduce.compress": {"label": "reduce.compress", "average_duration": 0.0004571941163804796, "n_events": 18, "total_time": 0.008229494094848633}, "reduce.decompress": {"label": "reduce.decompress", "average_duration": 9.434752994113498e-05, "n_events": 18, "total_time": 0.0016982555389404297}, "reduce.flat_pack": {"label": "reduce.flat_pack", "average_duration": 0.0010237561331854926, "n_events": 18, "total_time": 0.018427610397338867}, "reduce.norm": {"label": "reduce.norm", "average_duration": 2.409277319908142, "n_events": 18, "total_time": 43.36699175834656}, "reduce.reduce.vector": {"label": "reduce.reduce.vector", "average_duration": 0.006139424112108018, "n_events": 18, "total_time": 0.11050963401794434}, "reduce.setgrad": {"label": "reduce.setgrad", "average_duration": 0.008443845642937554, "n_events": 18, "total_time": 0.15198922157287598}, "test.last": {"label": "test.last", "average_duration": 2.2012563943862915, "n_events": 2, "total_time": 4.402512788772583}}