{"batch": {"label": "batch", "average_duration": 0.40681490302085876, "n_events": 96, "total_time": 39.05423069000244}, "batch.accumulate": {"label": "batch.accumulate", "average_duration": 0.002835445933871799, "n_events": 18, "total_time": 0.05103802680969238}, "batch.backward": {"label": "batch.backward", "average_duration": 0.1230905329187711, "n_events": 96, "total_time": 11.816691160202026}, "batch.evaluate": {"label": "batch.evaluate", "average_duration": 0.000702458123366038, "n_events": 96, "total_time": 0.06743597984313965}, "batch.forward": {"label": "batch.forward", "average_duration": 0.04144009451071421, "n_events": 96, "total_time": 3.9782490730285645}, "batch.reduce": {"label": "batch.reduce", "average_duration": 0.8723905881245931, "n_events": 18, "total_time": 15.703030586242676}, "batch.step": {"label": "batch.step", "average_duration": 0.00910581648349762, "n_events": 96, "total_time": 0.8741583824157715}, "reduce.allreduce": {"label": "reduce.allreduce", "average_duration": 0.8712911605834961, "n_events": 18, "total_time": 15.68324089050293}, "reduce.flat_pack": {"label": "reduce.flat_pack", "average_duration": 0.0009619924757215711, "n_events": 18, "total_time": 0.01731586456298828}}