{"batch": {"label": "batch", "average_duration": 0.1979405412968901, "n_events": 194, "total_time": 38.40046501159668}, "batch.accumulate": {"label": "batch.accumulate", "average_duration": 0.0027284425558503143, "n_events": 194, "total_time": 0.5293178558349609}, "batch.backward": {"label": "batch.backward", "average_duration": 0.12432536021950319, "n_events": 194, "total_time": 24.119119882583618}, "batch.evaluate": {"label": "batch.evaluate", "average_duration": 0.0006048593324484284, "n_events": 194, "total_time": 0.11734271049499512}, "batch.forward": {"label": "batch.forward", "average_duration": 0.04154547465216253, "n_events": 194, "total_time": 8.059822082519531}, "batch.reduce": {"label": "batch.reduce", "average_duration": 0.011689418369961768, "n_events": 194, "total_time": 2.267747163772583}, "batch.step": {"label": "batch.step", "average_duration": 0.008795095473220669, "n_events": 194, "total_time": 1.7062485218048096}, "reduce.compress": {"label": "reduce.compress", "average_duration": 0.000933596768330053, "n_events": 194, "total_time": 0.18111777305603027}, "reduce.decompress": {"label": "reduce.decompress", "average_duration": 0.00021346451080951493, "n_events": 194, "total_time": 0.0414121150970459}, "reduce.flat_pack": {"label": "reduce.flat_pack", "average_duration": 0.0008697288552510369, "n_events": 194, "total_time": 0.16872739791870117}, "reduce.norm": {"label": "reduce.norm", "average_duration": 0.0004625431041127628, "n_events": 194, "total_time": 0.08973336219787598}, "reduce.reduce.vector": {"label": "reduce.reduce.vector", "average_duration": 0.0001229957206962035, "n_events": 194, "total_time": 0.023861169815063477}, "reduce.setgrad": {"label": "reduce.setgrad", "average_duration": 0.008664270037228299, "n_events": 194, "total_time": 1.68086838722229}}