{"batch": {"label": "batch", "average_duration": 0.14274890807049334, "n_events": 484, "total_time": 69.09047150611877}, "batch.accumulate": {"label": "batch.accumulate", "average_duration": 0.002462988057412392, "n_events": 484, "total_time": 1.1920862197875977}, "batch.backward": {"label": "batch.backward", "average_duration": 0.0822886760569801, "n_events": 484, "total_time": 39.82771921157837}, "batch.evaluate": {"label": "batch.evaluate", "average_duration": 0.000584677231213278, "n_events": 484, "total_time": 0.28298377990722656}, "batch.forward": {"label": "batch.forward", "average_duration": 0.0358545661957796, "n_events": 484, "total_time": 17.353610038757324}, "batch.reduce": {"label": "batch.reduce", "average_duration": 0.008745427959221454, "n_events": 484, "total_time": 4.232787132263184}, "batch.step": {"label": "batch.step", "average_duration": 0.008890700241750923, "n_events": 484, "total_time": 4.303098917007446}, "epoch_metrics.collect": {"label": "epoch_metrics.collect", "average_duration": 0.0010564327239990234, "n_events": 4, "total_time": 0.004225730895996094}, "reduce.allreduce": {"label": "reduce.allreduce", "average_duration": 0.0077276446602561255, "n_events": 484, "total_time": 3.740180015563965}, "reduce.flat_pack": {"label": "reduce.flat_pack", "average_duration": 0.0009140692466546681, "n_events": 484, "total_time": 0.4424095153808594}, "test.last": {"label": "test.last", "average_duration": 0.8459292054176331, "n_events": 4, "total_time": 3.3837168216705322}}