{"batch": {"label": "batch", "average_duration": 0.251825080759961, "n_events": 974, "total_time": 245.27762866020203}, "batch.accumulate": {"label": "batch.accumulate", "average_duration": 0.0026922642083138655, "n_events": 974, "total_time": 2.622265338897705}, "batch.backward": {"label": "batch.backward", "average_duration": 0.023339581685389337, "n_events": 974, "total_time": 22.732752561569214}, "batch.evaluate": {"label": "batch.evaluate", "average_duration": 0.1743763668091635, "n_events": 974, "total_time": 169.84258127212524}, "batch.forward": {"label": "batch.forward", "average_duration": 0.01286925378521365, "n_events": 974, "total_time": 12.534653186798096}, "batch.reduce": {"label": "batch.reduce", "average_duration": 0.017038460140110775, "n_events": 974, "total_time": 16.595460176467896}, "batch.step": {"label": "batch.step", "average_duration": 0.014308099629208293, "n_events": 974, "total_time": 13.936089038848877}, "epoch_metrics.collect": {"label": "epoch_metrics.collect", "average_duration": 0.0013883709907531738, "n_events": 4, "total_time": 0.005553483963012695}, "reduce.compress": {"label": "reduce.compress", "average_duration": 0.0003247877900360546, "n_events": 974, "total_time": 0.3163433074951172}, "reduce.decompress": {"label": "reduce.decompress", "average_duration": 6.836738429764703e-05, "n_events": 974, "total_time": 0.0665898323059082}, "reduce.flat_pack": {"label": "reduce.flat_pack", "average_duration": 0.0005935699787962363, "n_events": 974, "total_time": 0.5781371593475342}, "reduce.norm": {"label": "reduce.norm", "average_duration": 0.006735732667989555, "n_events": 974, "total_time": 6.560603618621826}, "reduce.reduce.vector": {"label": "reduce.reduce.vector", "average_duration": 0.00010607570593361982, "n_events": 974, "total_time": 0.1033177375793457}, "reduce.setgrad": {"label": "reduce.setgrad", "average_duration": 0.008482632940554766, "n_events": 974, "total_time": 8.262084484100342}, "test.last": {"label": "test.last", "average_duration": 2.4992185831069946, "n_events": 4, "total_time": 9.996874332427979}}