{"batch": {"label": "batch", "average_duration": 0.043927893564759686, "n_events": 29249, "total_time": 1284.8469588756561}, "batch.accumulate": {"label": "batch.accumulate", "average_duration": 0.000985937748791976, "n_events": 29249, "total_time": 28.837693214416504}, "batch.backward": {"label": "batch.backward", "average_duration": 0.022428931780418025, "n_events": 29249, "total_time": 656.0238256454468}, "batch.evaluate": {"label": "batch.evaluate", "average_duration": 0.0006471071338167745, "n_events": 29249, "total_time": 18.927236557006836}, "batch.forward": {"label": "batch.forward", "average_duration": 0.011446382739473895, "n_events": 29249, "total_time": 334.79524874687195}, "batch.reduce": {"label": "batch.reduce", "average_duration": 0.0061943969497020735, "n_events": 29249, "total_time": 181.17991638183594}, "batch.step": {"label": "batch.step", "average_duration": 0.0008610533080087481, "n_events": 29249, "total_time": 25.184948205947876}, "epoch_metrics.collect": {"label": "epoch_metrics.collect", "average_duration": 0.009435072841260257, "n_events": 149, "total_time": 1.4058258533477783}, "reduce.compress": {"label": "reduce.compress", "average_duration": 0.000396475334966964, "n_events": 29249, "total_time": 11.59650707244873}, "reduce.decompress": {"label": "reduce.decompress", "average_duration": 8.559068038592466e-05, "n_events": 29249, "total_time": 2.50344181060791}, "reduce.flat_pack": {"label": "reduce.flat_pack", "average_duration": 0.0007467721970844539, "n_events": 29249, "total_time": 21.842339992523193}, "reduce.norm": {"label": "reduce.norm", "average_duration": 0.0008386535609317456, "n_events": 29249, "total_time": 24.529778003692627}, "reduce.reduce.vector": {"label": "reduce.reduce.vector", "average_duration": 0.00022922061382960024, "n_events": 29249, "total_time": 6.7044737339019775}, "reduce.setgrad": {"label": "reduce.setgrad", "average_duration": 0.0030897608895298395, "n_events": 29249, "total_time": 90.37241625785828}, "test.last": {"label": "test.last", "average_duration": 0.9157616180061494, "n_events": 149, "total_time": 136.44848108291626}}