{"batch": {"label": "batch", "average_duration": 0.19608088972654986, "n_events": 193, "total_time": 37.84361171722412}, "batch.accumulate": {"label": "batch.accumulate", "average_duration": 0.0031092166900634766, "n_events": 18, "total_time": 0.05596590042114258}, "batch.backward": {"label": "batch.backward", "average_duration": 0.026657969222785276, "n_events": 193, "total_time": 5.144988059997559}, "batch.evaluate": {"label": "batch.evaluate", "average_duration": 0.11521652201914416, "n_events": 193, "total_time": 22.236788749694824}, "batch.forward": {"label": "batch.forward", "average_duration": 0.02370800996691452, "n_events": 193, "total_time": 4.575645923614502}, "batch.reduce": {"label": "batch.reduce", "average_duration": 0.035339448187086314, "n_events": 18, "total_time": 0.6361100673675537}, "batch.step": {"label": "batch.step", "average_duration": 0.00945870246294249, "n_events": 193, "total_time": 1.8255295753479004}, "epoch_metrics.collect": {"label": "epoch_metrics.collect", "average_duration": 0.001068115234375, "n_events": 1, "total_time": 0.001068115234375}, "reduce.compress": {"label": "reduce.compress", "average_duration": 0.0004228353500366211, "n_events": 18, "total_time": 0.00761103630065918}, "reduce.decompress": {"label": "reduce.decompress", "average_duration": 8.604261610243056e-05, "n_events": 18, "total_time": 0.00154876708984375}, "reduce.flat_pack": {"label": "reduce.flat_pack", "average_duration": 0.0007511377334594727, "n_events": 18, "total_time": 0.013520479202270508}, "reduce.norm": {"label": "reduce.norm", "average_duration": 0.024437652693854436, "n_events": 18, "total_time": 0.4398777484893799}, "reduce.reduce.vector": {"label": "reduce.reduce.vector", "average_duration": 0.0001451571782430013, "n_events": 18, "total_time": 0.0026128292083740234}, "reduce.setgrad": {"label": "reduce.setgrad", "average_duration": 0.008960247039794922, "n_events": 18, "total_time": 0.1612844467163086}, "test.last": {"label": "test.last", "average_duration": 1.4680171012878418, "n_events": 1, "total_time": 1.4680171012878418}, "reduce_times": [1.7305362224578857, 0.028749465942382812, 0.05599784851074219, 0.016961336135864258, 0.018148183822631836, 0.017171859741210938, 0.02466273307800293, 0.05802607536315918, 0.061669349670410156, 0.06549954414367676, 0.04160475730895996, 0.05236625671386719, 0.042331695556640625, 0.04645347595214844, 0.01161336898803711, 0.011474847793579102, 0.02836441993713379, 0.04355454444885254, 0.011460304260253906]}