{"batch": {"label": "batch", "average_duration": 0.05429592759212674, "n_events": 974, "total_time": 52.884233474731445}, "batch.accumulate": {"label": "batch.accumulate", "average_duration": 0.0011808695979186887, "n_events": 974, "total_time": 1.1501669883728027}, "batch.backward": {"label": "batch.backward", "average_duration": 0.019885541966808404, "n_events": 974, "total_time": 19.368517875671387}, "batch.evaluate": {"label": "batch.evaluate", "average_duration": 0.0007367420490272726, "n_events": 974, "total_time": 0.7175867557525635}, "batch.forward": {"label": "batch.forward", "average_duration": 0.011460299364595198, "n_events": 974, "total_time": 11.162331581115723}, "batch.reduce": {"label": "batch.reduce", "average_duration": 0.01145684572215932, "n_events": 974, "total_time": 11.158967733383179}, "batch.step": {"label": "batch.step", "average_duration": 0.0062498818677553655, "n_events": 974, "total_time": 6.087384939193726}, "epoch_metrics.collect": {"label": "epoch_metrics.collect", "average_duration": 0.0015990138053894043, "n_events": 4, "total_time": 0.006396055221557617}, "reduce.allocate_memory": {"label": "reduce.allocate_memory", "average_duration": 0.0003846996373954005, "n_events": 974, "total_time": 0.3746974468231201}, "reduce.compute.p": {"label": "reduce.compute.p", "average_duration": 0.00038695310909890053, "n_events": 974, "total_time": 0.3768923282623291}, "reduce.compute.q": {"label": "reduce.compute.q", "average_duration": 0.0004406619120917036, "n_events": 974, "total_time": 0.42920470237731934}, "reduce.normalize.p": {"label": "reduce.normalize.p", "average_duration": 0.002038509449185287, "n_events": 974, "total_time": 1.9855082035064697}, "reduce.outerprod": {"label": "reduce.outerprod", "average_duration": 0.0015998878028603304, "n_events": 974, "total_time": 1.558290719985962}, "reduce.p": {"label": "reduce.p", "average_duration": 0.0006937305050953703, "n_events": 974, "total_time": 0.6756935119628906}, "reduce.prepare.q": {"label": "reduce.prepare.q", "average_duration": 0.0003156865157141088, "n_events": 974, "total_time": 0.307478666305542}, "reduce.q": {"label": "reduce.q", "average_duration": 0.00024937286024465696, "n_events": 974, "total_time": 0.2428891658782959}, "reduce.rank1.all_reduce": {"label": "reduce.rank1.all_reduce", "average_duration": 0.00010284677423246098, "n_events": 974, "total_time": 0.10017275810241699}, "reduce.rank1.pack": {"label": "reduce.rank1.pack", "average_duration": 0.00027758335920329946, "n_events": 974, "total_time": 0.27036619186401367}, "reduce.rank1.unpack": {"label": "reduce.rank1.unpack", "average_duration": 0.0012418729323870838, "n_events": 974, "total_time": 1.2095842361450195}, "test.last": {"label": "test.last", "average_duration": 1.0296088457107544, "n_events": 4, "total_time": 4.118435382843018}}