{"batch": {"label": "batch", "average_duration": 0.048753424346814164, "n_events": 974, "total_time": 47.485835313797}, "batch.accumulate": {"label": "batch.accumulate", "average_duration": 0.0010348974556893538, "n_events": 974, "total_time": 1.0079901218414307}, "batch.backward": {"label": "batch.backward", "average_duration": 0.00789777796860838, "n_events": 974, "total_time": 7.6924357414245605}, "batch.evaluate": {"label": "batch.evaluate", "average_duration": 0.018167071518711976, "n_events": 974, "total_time": 17.694727659225464}, "batch.forward": {"label": "batch.forward", "average_duration": 0.0044349495635140354, "n_events": 974, "total_time": 4.319640874862671}, "batch.reduce": {"label": "batch.reduce", "average_duration": 0.008635649690882626, "n_events": 974, "total_time": 8.411122798919678}, "batch.step": {"label": "batch.step", "average_duration": 0.005683947392802463, "n_events": 974, "total_time": 5.5361647605896}, "epoch_metrics.collect": {"label": "epoch_metrics.collect", "average_duration": 0.011748850345611572, "n_events": 4, "total_time": 0.04699540138244629}, "reduce.allocate_memory": {"label": "reduce.allocate_memory", "average_duration": 0.00030589495351427147, "n_events": 974, "total_time": 0.2979416847229004}, "reduce.compute.p": {"label": "reduce.compute.p", "average_duration": 0.0002645178252421855, "n_events": 974, "total_time": 0.25764036178588867}, "reduce.compute.q": {"label": "reduce.compute.q", "average_duration": 0.00035333192813567804, "n_events": 974, "total_time": 0.3441452980041504}, "reduce.normalize.p": {"label": "reduce.normalize.p", "average_duration": 0.0017432681833694113, "n_events": 974, "total_time": 1.6979432106018066}, "reduce.outerprod": {"label": "reduce.outerprod", "average_duration": 0.0010940514550806316, "n_events": 974, "total_time": 1.0656061172485352}, "reduce.p": {"label": "reduce.p", "average_duration": 8.211953439262124e-05, "n_events": 974, "total_time": 0.07998442649841309}, "reduce.prepare.q": {"label": "reduce.prepare.q", "average_duration": 0.0002582344920728241, "n_events": 974, "total_time": 0.25152039527893066}, "reduce.q": {"label": "reduce.q", "average_duration": 0.00013855521928603156, "n_events": 974, "total_time": 0.13495278358459473}, "reduce.rank1.all_reduce": {"label": "reduce.rank1.all_reduce", "average_duration": 7.275879015912755e-05, "n_events": 974, "total_time": 0.07086706161499023}, "reduce.rank1.pack": {"label": "reduce.rank1.pack", "average_duration": 0.00022167273370637052, "n_events": 974, "total_time": 0.21590924263000488}, "reduce.rank1.unpack": {"label": "reduce.rank1.unpack", "average_duration": 0.0010688760197382933, "n_events": 974, "total_time": 1.0410852432250977}, "test.last": {"label": "test.last", "average_duration": 0.9710543155670166, "n_events": 4, "total_time": 3.8842172622680664}}