{"batch": {"label": "batch", "average_duration": 0.0785021757086118, "n_events": 96, "total_time": 7.536208868026733}, "batch.accumulate": {"label": "batch.accumulate", "average_duration": 0.0010870165295071071, "n_events": 18, "total_time": 0.01956629753112793}, "batch.backward": {"label": "batch.backward", "average_duration": 0.006288876136144002, "n_events": 96, "total_time": 0.6037321090698242}, "batch.evaluate": {"label": "batch.evaluate", "average_duration": 0.05925882856051127, "n_events": 96, "total_time": 5.688847541809082}, "batch.forward": {"label": "batch.forward", "average_duration": 0.005711083610852559, "n_events": 96, "total_time": 0.5482640266418457}, "batch.reduce": {"label": "batch.reduce", "average_duration": 0.0037757555643717446, "n_events": 18, "total_time": 0.0679636001586914}, "batch.step": {"label": "batch.step", "average_duration": 0.003177093962828318, "n_events": 96, "total_time": 0.30500102043151855}, "reduce.allreduce": {"label": "reduce.allreduce", "average_duration": 0.003350112173292372, "n_events": 18, "total_time": 0.060302019119262695}, "reduce.flat_pack": {"label": "reduce.flat_pack", "average_duration": 0.0003078248765733507, "n_events": 18, "total_time": 0.0055408477783203125}, "reduce_times": [0.0047185420989990234, 0.0038750171661376953, 0.003718852996826172, 0.0037763118743896484, 0.004266500473022461, 0.003830432891845703, 0.0037546157836914062, 0.0036928653717041016, 0.003780364990234375, 0.0037033557891845703, 0.0036733150482177734, 0.0038056373596191406, 0.003638029098510742, 0.003880739212036133, 0.003738880157470703, 0.0037376880645751953, 0.0038399696350097656, 0.003667116165161133, 0.0035839080810546875]}