{"batch": {"label": "batch", "average_duration": 0.07802296181519826, "n_events": 96, "total_time": 7.490204334259033}, "batch.accumulate": {"label": "batch.accumulate", "average_duration": 0.001084234979417589, "n_events": 18, "total_time": 0.0195162296295166}, "batch.backward": {"label": "batch.backward", "average_duration": 0.006487518548965454, "n_events": 96, "total_time": 0.6228017807006836}, "batch.evaluate": {"label": "batch.evaluate", "average_duration": 0.058439984917640686, "n_events": 96, "total_time": 5.610238552093506}, "batch.forward": {"label": "batch.forward", "average_duration": 0.005828395485877991, "n_events": 96, "total_time": 0.5595259666442871}, "batch.reduce": {"label": "batch.reduce", "average_duration": 0.0037130117416381836, "n_events": 18, "total_time": 0.0668342113494873}, "batch.step": {"label": "batch.step", "average_duration": 0.00326547771692276, "n_events": 96, "total_time": 0.31348586082458496}, "reduce.allreduce": {"label": "reduce.allreduce", "average_duration": 0.0032832490073310006, "n_events": 18, "total_time": 0.05909848213195801}, "reduce.flat_pack": {"label": "reduce.flat_pack", "average_duration": 0.000310977300008138, "n_events": 18, "total_time": 0.005597591400146484}, "reduce_times": [0.003824472427368164, 0.003653287887573242, 0.003542661666870117, 0.003570079803466797, 0.004333972930908203, 0.0035216808319091797, 0.003608226776123047, 0.003552675247192383, 0.0037698745727539062, 0.0037298202514648438, 0.004329681396484375, 0.0037810802459716797, 0.003707408905029297, 0.0037446022033691406, 0.003692150115966797, 0.0036611557006835938, 0.003689289093017578, 0.003484487533569336, 0.003462076187133789]}