{"batch": {"label": "batch", "average_duration": 0.07979466517766316, "n_events": 96, "total_time": 7.660287857055664}, "batch.accumulate": {"label": "batch.accumulate", "average_duration": 0.0011564360724555121, "n_events": 18, "total_time": 0.02081584930419922}, "batch.backward": {"label": "batch.backward", "average_duration": 0.0067057013511657715, "n_events": 96, "total_time": 0.6437473297119141}, "batch.evaluate": {"label": "batch.evaluate", "average_duration": 0.05988777677218119, "n_events": 96, "total_time": 5.7492265701293945}, "batch.forward": {"label": "batch.forward", "average_duration": 0.005782683690388997, "n_events": 96, "total_time": 0.5551376342773438}, "batch.reduce": {"label": "batch.reduce", "average_duration": 0.0035886764526367188, "n_events": 18, "total_time": 0.06459617614746094}, "batch.step": {"label": "batch.step", "average_duration": 0.0033502082029978433, "n_events": 96, "total_time": 0.32161998748779297}, "reduce.allreduce": {"label": "reduce.allreduce", "average_duration": 0.0031683709886338976, "n_events": 18, "total_time": 0.057030677795410156}, "reduce.flat_pack": {"label": "reduce.flat_pack", "average_duration": 0.0003044870164659288, "n_events": 18, "total_time": 0.005480766296386719}, "reduce_times": [0.0039234161376953125, 0.003790616989135742, 0.0038597583770751953, 0.0037500858306884766, 0.003618955612182617, 0.003499746322631836, 0.0035963058471679688, 0.0035393238067626953, 0.003481149673461914, 0.003664255142211914, 0.003505229949951172, 0.0037813186645507812, 0.003521442413330078, 0.0035195350646972656, 0.003524303436279297, 0.0035424232482910156, 0.003540515899658203, 0.003436565399169922, 0.0034246444702148438]}