{"batch": {"label": "batch", "average_duration": 1.1192496695469336, "n_events": 194, "total_time": 217.1344358921051}, "batch.accumulate": {"label": "batch.accumulate", "average_duration": 0.0031047002556397743, "n_events": 194, "total_time": 0.6023118495941162}, "batch.backward": {"label": "batch.backward", "average_duration": 0.6906583284594349, "n_events": 194, "total_time": 133.98771572113037}, "batch.evaluate": {"label": "batch.evaluate", "average_duration": 0.0008292665186616563, "n_events": 194, "total_time": 0.16087770462036133}, "batch.forward": {"label": "batch.forward", "average_duration": 0.3159367055008092, "n_events": 194, "total_time": 61.29172086715698}, "batch.reduce": {"label": "batch.reduce", "average_duration": 0.08842080155598749, "n_events": 194, "total_time": 17.153635501861572}, "batch.step": {"label": "batch.step", "average_duration": 0.010458630384858121, "n_events": 194, "total_time": 2.0289742946624756}, "reduce.allreduce": {"label": "reduce.allreduce", "average_duration": 0.08628015542767711, "n_events": 194, "total_time": 16.73835015296936}, "reduce.flat_pack": {"label": "reduce.flat_pack", "average_duration": 0.0019479240338826918, "n_events": 194, "total_time": 0.3778972625732422}, "reduce_times": [0.08862113952636719, 0.0885002613067627, 0.08756303787231445, 0.09145593643188477, 0.08885622024536133, 0.08991503715515137, 0.08674407005310059, 0.08882355690002441, 0.08651375770568848, 0.08747339248657227, 0.08665800094604492, 0.08937549591064453, 0.08515286445617676, 0.09070301055908203, 0.08751296997070312, 0.08946919441223145, 0.08772492408752441, 0.08706426620483398, 0.08746075630187988, 0.084991455078125, 0.09011340141296387, 0.08832597732543945, 0.08922600746154785, 0.08581900596618652, 0.08748006820678711, 0.08631134033203125, 0.08724117279052734, 0.08517861366271973, 0.08638477325439453, 0.09602546691894531, 0.08585810661315918, 0.08646655082702637, 0.08834433555603027, 0.08757328987121582, 0.08969831466674805, 0.08436012268066406, 0.08601093292236328, 0.08593583106994629, 0.09006762504577637, 0.09431219100952148, 0.08785343170166016, 0.08880424499511719, 0.09077787399291992, 0.0922250747680664, 0.08789443969726562, 0.09087252616882324, 0.08779263496398926, 0.08447694778442383, 0.08871674537658691, 0.08701610565185547, 0.08591437339782715, 0.0849459171295166, 0.08644890785217285, 0.0887293815612793, 0.09096407890319824, 0.08951497077941895, 0.0865483283996582, 0.08887505531311035, 0.0863180160522461, 0.08688712120056152, 0.08514571189880371, 0.09155154228210449, 0.08869814872741699, 0.08746933937072754, 0.08611869812011719, 0.08665943145751953, 0.08846735954284668, 0.08627152442932129, 0.08590531349182129, 0.08740901947021484, 0.08793163299560547, 0.09289765357971191, 0.09262633323669434, 0.08983612060546875, 0.09036421775817871, 0.08644819259643555, 0.09528017044067383, 0.08866405487060547, 0.08562016487121582, 0.08736729621887207, 0.09001374244689941, 0.08640146255493164, 0.08727598190307617, 0.0902254581451416, 0.08676886558532715, 0.08684468269348145, 0.0921483039855957, 0.08881711959838867, 0.08839845657348633, 0.08877849578857422, 0.09171891212463379, 0.08894133567810059, 0.08751583099365234, 0.08498597145080566, 0.08848905563354492, 0.09425902366638184, 0.08667707443237305, 0.08871960639953613, 0.08957123756408691, 0.08934688568115234, 0.08626842498779297, 0.08573484420776367, 0.08954310417175293, 0.09215545654296875, 0.09148406982421875, 0.0867919921875, 0.08986568450927734, 0.08766841888427734, 0.08543658256530762, 0.08555865287780762, 0.08838510513305664, 0.08945751190185547, 0.08731293678283691, 0.08955764770507812, 0.08746719360351562, 0.08853363990783691, 0.08790302276611328, 0.08893752098083496, 0.08995556831359863, 0.08880734443664551, 0.09281778335571289, 0.08838200569152832, 0.09041595458984375, 0.08657550811767578, 0.09050464630126953, 0.08987188339233398, 0.0892031192779541, 0.0920557975769043, 0.08703303337097168, 0.09289264678955078, 0.08673787117004395, 0.0907292366027832, 0.0877068042755127, 0.08689093589782715, 0.08711957931518555, 0.08625650405883789, 0.08968019485473633, 0.08789849281311035, 0.08888530731201172, 0.08728146553039551, 0.08808469772338867, 0.09208130836486816, 0.08817291259765625, 0.08600139617919922, 0.0873420238494873, 0.08631038665771484, 0.09153199195861816, 0.09009552001953125, 0.08797526359558105, 0.0867767333984375, 0.08955669403076172, 0.0902853012084961, 0.08666253089904785, 0.08834266662597656, 0.08763694763183594, 0.09046387672424316, 0.08664250373840332, 0.08669090270996094, 0.08799171447753906, 0.09183669090270996, 0.0899505615234375, 0.08835840225219727, 0.08631706237792969, 0.08902144432067871, 0.09141206741333008, 0.08806467056274414, 0.08728313446044922, 0.08918547630310059, 0.09054231643676758, 0.0925743579864502, 0.08858203887939453, 0.08760690689086914, 0.09259271621704102, 0.09131622314453125, 0.0879819393157959, 0.08739686012268066, 0.09058952331542969, 0.09031343460083008, 0.08610391616821289, 0.08805561065673828, 0.08866667747497559, 0.08891415596008301, 0.08561086654663086, 0.0877690315246582, 0.08584952354431152, 0.0898904800415039, 0.08576059341430664, 0.08686041831970215, 0.08723115921020508, 0.08710169792175293, 0.08945536613464355, 0.08555126190185547, 0.08609700202941895, 0.09098935127258301, 0.08749675750732422]}