{"batch": {"label": "batch", "average_duration": 0.3551799251978073, "n_events": 389, "total_time": 138.16499090194702}, "batch.accumulate": {"label": "batch.accumulate", "average_duration": 0.0026950647956446596, "n_events": 38, "total_time": 0.10241246223449707}, "batch.backward": {"label": "batch.backward", "average_duration": 0.12249397925055731, "n_events": 389, "total_time": 47.6501579284668}, "batch.evaluate": {"label": "batch.evaluate", "average_duration": 0.0005719692357708066, "n_events": 389, "total_time": 0.22249603271484375}, "batch.forward": {"label": "batch.forward", "average_duration": 0.04110816634406161, "n_events": 389, "total_time": 15.991076707839966}, "batch.reduce": {"label": "batch.reduce", "average_duration": 1.729030264051337, "n_events": 38, "total_time": 65.7031500339508}, "batch.step": {"label": "batch.step", "average_duration": 0.008145354400870119, "n_events": 389, "total_time": 3.1685428619384766}, "epoch_metrics.collect": {"label": "epoch_metrics.collect", "average_duration": 0.013683557510375977, "n_events": 1, "total_time": 0.013683557510375977}, "reduce.compress": {"label": "reduce.compress", "average_duration": 0.0032936773802104747, "n_events": 38, "total_time": 0.12515974044799805}, "reduce.decompress": {"label": "reduce.decompress", "average_duration": 0.0002892707523546721, "n_events": 38, "total_time": 0.010992288589477539}, "reduce.flat_pack": {"label": "reduce.flat_pack", "average_duration": 0.000894458670365183, "n_events": 38, "total_time": 0.03398942947387695}, "reduce.norm": {"label": "reduce.norm", "average_duration": 1.7073999643325806, "n_events": 38, "total_time": 64.88119864463806}, "reduce.reduce.vector": {"label": "reduce.reduce.vector", "average_duration": 0.008442665401257966, "n_events": 38, "total_time": 0.32082128524780273}, "reduce.setgrad": {"label": "reduce.setgrad", "average_duration": 0.008420021910416452, "n_events": 38, "total_time": 0.3199608325958252}, "test.last": {"label": "test.last", "average_duration": 4.201908111572266, "n_events": 1, "total_time": 4.201908111572266}}