{"batch": {"label": "batch", "average_duration": 0.18589966778928135, "n_events": 193, "total_time": 35.8786358833313}, "batch.accumulate": {"label": "batch.accumulate", "average_duration": 0.0031693379084269204, "n_events": 18, "total_time": 0.05704808235168457}, "batch.backward": {"label": "batch.backward", "average_duration": 0.12289303077934938, "n_events": 193, "total_time": 23.71835494041443}, "batch.evaluate": {"label": "batch.evaluate", "average_duration": 0.0008204823330894036, "n_events": 193, "total_time": 0.15835309028625488}, "batch.forward": {"label": "batch.forward", "average_duration": 0.041299495054650186, "n_events": 193, "total_time": 7.970802545547485}, "batch.reduce": {"label": "batch.reduce", "average_duration": 0.021025207307603624, "n_events": 18, "total_time": 0.37845373153686523}, "batch.step": {"label": "batch.step", "average_duration": 0.00991662425698394, "n_events": 193, "total_time": 1.9139084815979004}, "epoch_metrics.collect": {"label": "epoch_metrics.collect", "average_duration": 0.019687652587890625, "n_events": 1, "total_time": 0.019687652587890625}, "reduce.compress": {"label": "reduce.compress", "average_duration": 0.0032805601755777993, "n_events": 18, "total_time": 0.05905008316040039}, "reduce.decompress": {"label": "reduce.decompress", "average_duration": 0.00029525491926405166, "n_events": 18, "total_time": 0.00531458854675293}, "reduce.flat_pack": {"label": "reduce.flat_pack", "average_duration": 0.0009773837195502387, "n_events": 18, "total_time": 0.017592906951904297}, "reduce.norm": {"label": "reduce.norm", "average_duration": 0.005823930104573567, "n_events": 18, "total_time": 0.10483074188232422}, "reduce.reduce.vector": {"label": "reduce.reduce.vector", "average_duration": 0.0007328324847751193, "n_events": 18, "total_time": 0.013190984725952148}, "reduce.setgrad": {"label": "reduce.setgrad", "average_duration": 0.009602599673800997, "n_events": 18, "total_time": 0.17284679412841797}, "test.last": {"label": "test.last", "average_duration": 1.4927630424499512, "n_events": 1, "total_time": 1.4927630424499512}, "reduce_times": [0.017488956451416016, 0.030461549758911133, 0.03031015396118164, 0.016014575958251953, 0.015871286392211914, 0.015877962112426758, 0.01580643653869629, 0.015934228897094727, 0.015828371047973633, 0.050722360610961914, 0.032791852951049805, 0.015616655349731445, 0.02263498306274414, 0.01785445213317871, 0.019713163375854492, 0.015500783920288086, 0.01552271842956543, 0.016693592071533203, 0.015298604965209961]}