{"batch": {"label": "batch", "average_duration": 0.18601185299571932, "n_events": 193, "total_time": 35.90028762817383}, "batch.accumulate": {"label": "batch.accumulate", "average_duration": 0.002974563174777561, "n_events": 18, "total_time": 0.053542137145996094}, "batch.backward": {"label": "batch.backward", "average_duration": 0.026568993385591655, "n_events": 193, "total_time": 5.1278157234191895}, "batch.evaluate": {"label": "batch.evaluate", "average_duration": 0.1122351643952681, "n_events": 193, "total_time": 21.661386728286743}, "batch.forward": {"label": "batch.forward", "average_duration": 0.024506393491913, "n_events": 193, "total_time": 4.729733943939209}, "batch.reduce": {"label": "batch.reduce", "average_duration": 0.04440230793423123, "n_events": 18, "total_time": 0.7992415428161621}, "batch.step": {"label": "batch.step", "average_duration": 0.009168374106056332, "n_events": 193, "total_time": 1.769496202468872}, "epoch_metrics.collect": {"label": "epoch_metrics.collect", "average_duration": 0.012654542922973633, "n_events": 1, "total_time": 0.012654542922973633}, "reduce.compress": {"label": "reduce.compress", "average_duration": 0.0004286633597479926, "n_events": 18, "total_time": 0.007715940475463867}, "reduce.decompress": {"label": "reduce.decompress", "average_duration": 8.980433146158855e-05, "n_events": 18, "total_time": 0.0016164779663085938}, "reduce.flat_pack": {"label": "reduce.flat_pack", "average_duration": 0.0007644759284125434, "n_events": 18, "total_time": 0.013760566711425781}, "reduce.norm": {"label": "reduce.norm", "average_duration": 0.03393332163492838, "n_events": 18, "total_time": 0.6107997894287109}, "reduce.reduce.vector": {"label": "reduce.reduce.vector", "average_duration": 0.00015058782365587022, "n_events": 18, "total_time": 0.002710580825805664}, "reduce.setgrad": {"label": "reduce.setgrad", "average_duration": 0.008739776081509061, "n_events": 18, "total_time": 0.15731596946716309}, "test.last": {"label": "test.last", "average_duration": 1.492699384689331, "n_events": 1, "total_time": 1.492699384689331}, "reduce_times": [0.13281846046447754, 0.055860280990600586, 0.01903820037841797, 0.058663368225097656, 0.055902957916259766, 0.05661630630493164, 0.04585146903991699, 0.0529477596282959, 0.05494856834411621, 0.015366792678833008, 0.05164504051208496, 0.034902334213256836, 0.036824941635131836, 0.03318619728088379, 0.03743290901184082, 0.05348563194274902, 0.05670762062072754, 0.048253774642944336, 0.03160738945007324]}