{"batch": {"label": "batch", "average_duration": 0.18640467292904236, "n_events": 193, "total_time": 35.976101875305176}, "batch.accumulate": {"label": "batch.accumulate", "average_duration": 0.0031465027067396375, "n_events": 18, "total_time": 0.05663704872131348}, "batch.backward": {"label": "batch.backward", "average_duration": 0.027741864555240296, "n_events": 193, "total_time": 5.354179859161377}, "batch.evaluate": {"label": "batch.evaluate", "average_duration": 0.11348223315619434, "n_events": 193, "total_time": 21.902070999145508}, "batch.forward": {"label": "batch.forward", "average_duration": 0.024153688411020863, "n_events": 193, "total_time": 4.661661863327026}, "batch.reduce": {"label": "batch.reduce", "average_duration": 0.020680334832933214, "n_events": 18, "total_time": 0.37224602699279785}, "batch.step": {"label": "batch.step", "average_duration": 0.009479590648196522, "n_events": 193, "total_time": 1.8295609951019287}, "epoch_metrics.collect": {"label": "epoch_metrics.collect", "average_duration": 0.0012810230255126953, "n_events": 1, "total_time": 0.0012810230255126953}, "reduce.compress": {"label": "reduce.compress", "average_duration": 0.0004330078760782878, "n_events": 18, "total_time": 0.00779414176940918}, "reduce.decompress": {"label": "reduce.decompress", "average_duration": 8.781750996907552e-05, "n_events": 18, "total_time": 0.0015807151794433594}, "reduce.flat_pack": {"label": "reduce.flat_pack", "average_duration": 0.0007472435633341471, "n_events": 18, "total_time": 0.013450384140014648}, "reduce.norm": {"label": "reduce.norm", "average_duration": 0.010004825062221952, "n_events": 18, "total_time": 0.18008685111999512}, "reduce.reduce.vector": {"label": "reduce.reduce.vector", "average_duration": 0.00014813741048177084, "n_events": 18, "total_time": 0.002666473388671875}, "reduce.setgrad": {"label": "reduce.setgrad", "average_duration": 0.008968035380045572, "n_events": 18, "total_time": 0.1614246368408203}, "test.last": {"label": "test.last", "average_duration": 1.4927349090576172, "n_events": 1, "total_time": 1.4927349090576172}, "reduce_times": [0.1274864673614502, 0.011371374130249023, 0.011251211166381836, 0.030487537384033203, 0.030869245529174805, 0.03526186943054199, 0.024291038513183594, 0.02595353126525879, 0.026641368865966797, 0.012042522430419922, 0.022724151611328125, 0.012360334396362305, 0.011367082595825195, 0.011456489562988281, 0.011455774307250977, 0.03124547004699707, 0.027966737747192383, 0.022884845733642578, 0.012615442276000977]}