{"batch": {"label": "batch", "average_duration": 0.1864332658639226, "n_events": 193, "total_time": 35.98162031173706}, "batch.accumulate": {"label": "batch.accumulate", "average_duration": 0.0031308200624254015, "n_events": 18, "total_time": 0.05635476112365723}, "batch.backward": {"label": "batch.backward", "average_duration": 0.026542259621496644, "n_events": 193, "total_time": 5.1226561069488525}, "batch.evaluate": {"label": "batch.evaluate", "average_duration": 0.11332055077033958, "n_events": 193, "total_time": 21.870866298675537}, "batch.forward": {"label": "batch.forward", "average_duration": 0.02411922642604057, "n_events": 193, "total_time": 4.65501070022583}, "batch.reduce": {"label": "batch.reduce", "average_duration": 0.03895539707607693, "n_events": 18, "total_time": 0.7011971473693848}, "batch.step": {"label": "batch.step", "average_duration": 0.009139690992128045, "n_events": 193, "total_time": 1.763960361480713}, "epoch_metrics.collect": {"label": "epoch_metrics.collect", "average_duration": 0.01158905029296875, "n_events": 1, "total_time": 0.01158905029296875}, "reduce.compress": {"label": "reduce.compress", "average_duration": 0.0004424651463826497, "n_events": 18, "total_time": 0.007964372634887695}, "reduce.decompress": {"label": "reduce.decompress", "average_duration": 8.859899308946397e-05, "n_events": 18, "total_time": 0.0015947818756103516}, "reduce.flat_pack": {"label": "reduce.flat_pack", "average_duration": 0.0007688734266493055, "n_events": 18, "total_time": 0.0138397216796875}, "reduce.norm": {"label": "reduce.norm", "average_duration": 0.027699708938598633, "n_events": 18, "total_time": 0.4985947608947754}, "reduce.reduce.vector": {"label": "reduce.reduce.vector", "average_duration": 0.0001463227801852756, "n_events": 18, "total_time": 0.002633810043334961}, "reduce.setgrad": {"label": "reduce.setgrad", "average_duration": 0.009499708811442057, "n_events": 18, "total_time": 0.17099475860595703}, "test.last": {"label": "test.last", "average_duration": 1.4928133487701416, "n_events": 1, "total_time": 1.4928133487701416}, "reduce_times": [0.16913652420043945, 0.058145761489868164, 0.05356931686401367, 0.0466768741607666, 0.05052971839904785, 0.051344871520996094, 0.040873050689697266, 0.04580950736999512, 0.046216726303100586, 0.04717278480529785, 0.011553287506103516, 0.0269162654876709, 0.02382349967956543, 0.022750139236450195, 0.026685476303100586, 0.05006885528564453, 0.05271339416503906, 0.023789167404174805, 0.02255845069885254]}