{"batch": {"label": "batch", "average_duration": 0.08422021567821503, "n_events": 96, "total_time": 8.085140705108643}, "batch.accumulate": {"label": "batch.accumulate", "average_duration": 0.0010996560255686443, "n_events": 96, "total_time": 0.10556697845458984}, "batch.backward": {"label": "batch.backward", "average_duration": 0.005808974305788676, "n_events": 96, "total_time": 0.5576615333557129}, "batch.evaluate": {"label": "batch.evaluate", "average_duration": 0.06181050340334574, "n_events": 96, "total_time": 5.933808326721191}, "batch.forward": {"label": "batch.forward", "average_duration": 0.005507123967011769, "n_events": 96, "total_time": 0.5286839008331299}, "batch.reduce": {"label": "batch.reduce", "average_duration": 0.0036639596025149026, "n_events": 96, "total_time": 0.35174012184143066}, "batch.step": {"label": "batch.step", "average_duration": 0.003195603688557943, "n_events": 96, "total_time": 0.3067779541015625}, "reduce.allreduce": {"label": "reduce.allreduce", "average_duration": 0.0032534475127855935, "n_events": 96, "total_time": 0.312330961227417}, "reduce.flat_pack": {"label": "reduce.flat_pack", "average_duration": 0.00030687451362609863, "n_events": 96, "total_time": 0.02945995330810547}}