{"batch": {"label": "batch", "average_duration": 0.08317395796378453, "n_events": 96, "total_time": 7.984699964523315}, "batch.accumulate": {"label": "batch.accumulate", "average_duration": 0.0010749474167823792, "n_events": 96, "total_time": 0.1031949520111084}, "batch.backward": {"label": "batch.backward", "average_duration": 0.005900534490744273, "n_events": 96, "total_time": 0.5664513111114502}, "batch.evaluate": {"label": "batch.evaluate", "average_duration": 0.06029186894496282, "n_events": 96, "total_time": 5.788019418716431}, "batch.forward": {"label": "batch.forward", "average_duration": 0.005728212495644887, "n_events": 96, "total_time": 0.5499083995819092}, "batch.reduce": {"label": "batch.reduce", "average_duration": 0.0037181551257769265, "n_events": 96, "total_time": 0.35694289207458496}, "batch.step": {"label": "batch.step", "average_duration": 0.0033099005619684854, "n_events": 96, "total_time": 0.3177504539489746}, "reduce.allreduce": {"label": "reduce.allreduce", "average_duration": 0.0033085718750953674, "n_events": 96, "total_time": 0.3176229000091553}, "reduce.flat_pack": {"label": "reduce.flat_pack", "average_duration": 0.0003066559632619222, "n_events": 96, "total_time": 0.02943897247314453}}