{"batch": {"label": "batch", "average_duration": 0.12929712592176423, "n_events": 389, "total_time": 50.296581983566284}, "batch.accumulate": {"label": "batch.accumulate", "average_duration": 0.0010094956347816869, "n_events": 38, "total_time": 0.0383608341217041}, "batch.backward": {"label": "batch.backward", "average_duration": 0.0650217392144289, "n_events": 389, "total_time": 25.293456554412842}, "batch.evaluate": {"label": "batch.evaluate", "average_duration": 0.0012444254671699897, "n_events": 389, "total_time": 0.484081506729126}, "batch.forward": {"label": "batch.forward", "average_duration": 0.0063144915514556175, "n_events": 389, "total_time": 2.4563372135162354}, "batch.reduce": {"label": "batch.reduce", "average_duration": 0.4968103421361823, "n_events": 38, "total_time": 18.878793001174927}, "batch.step": {"label": "batch.step", "average_duration": 0.003533253020063464, "n_events": 389, "total_time": 1.3744354248046875}, "epoch_metrics.collect": {"label": "epoch_metrics.collect", "average_duration": 0.011907577514648438, "n_events": 1, "total_time": 0.011907577514648438}, "reduce.compress": {"label": "reduce.compress", "average_duration": 0.01591875678614566, "n_events": 38, "total_time": 0.6049127578735352}, "reduce.decompress": {"label": "reduce.decompress", "average_duration": 0.0009915640479639957, "n_events": 38, "total_time": 0.037679433822631836}, "reduce.flat_pack": {"label": "reduce.flat_pack", "average_duration": 0.0008169287129452354, "n_events": 38, "total_time": 0.031043291091918945}, "reduce.norm": {"label": "reduce.norm", "average_duration": 0.47581222810243307, "n_events": 38, "total_time": 18.080864667892456}, "reduce.setgrad": {"label": "reduce.setgrad", "average_duration": 0.0029972477963096217, "n_events": 38, "total_time": 0.11389541625976562}, "test.last": {"label": "test.last", "average_duration": 3.4037749767303467, "n_events": 1, "total_time": 3.4037749767303467}}