{"batch": {"label": "batch", "average_duration": 0.20019028832515082, "n_events": 96, "total_time": 19.218267679214478}, "batch.accumulate": {"label": "batch.accumulate", "average_duration": 0.002865868310133616, "n_events": 96, "total_time": 0.27512335777282715}, "batch.backward": {"label": "batch.backward", "average_duration": 0.02483054002126058, "n_events": 96, "total_time": 2.3837318420410156}, "batch.evaluate": {"label": "batch.evaluate", "average_duration": 0.11303770045439403, "n_events": 96, "total_time": 10.851619243621826}, "batch.forward": {"label": "batch.forward", "average_duration": 0.026161755124727886, "n_events": 96, "total_time": 2.511528491973877}, "batch.reduce": {"label": "batch.reduce", "average_duration": 0.015304617583751678, "n_events": 96, "total_time": 1.4692432880401611}, "batch.step": {"label": "batch.step", "average_duration": 0.00879028687874476, "n_events": 96, "total_time": 0.8438675403594971}, "reduce.compress": {"label": "reduce.compress", "average_duration": 0.0004088679949442546, "n_events": 96, "total_time": 0.03925132751464844}, "reduce.decompress": {"label": "reduce.decompress", "average_duration": 8.640686670939128e-05, "n_events": 96, "total_time": 0.008295059204101562}, "reduce.flat_pack": {"label": "reduce.flat_pack", "average_duration": 0.000743048886458079, "n_events": 96, "total_time": 0.07133269309997559}, "reduce.norm": {"label": "reduce.norm", "average_duration": 0.005086670319239299, "n_events": 96, "total_time": 0.48832035064697266}, "reduce.reduce.vector": {"label": "reduce.reduce.vector", "average_duration": 0.00013712296883265177, "n_events": 96, "total_time": 0.01316380500793457}, "reduce.setgrad": {"label": "reduce.setgrad", "average_duration": 0.008580828706423441, "n_events": 96, "total_time": 0.8237595558166504}}