{"batch": {"label": "batch", "average_duration": 0.2651875616892851, "n_events": 29249, "total_time": 7756.470991849899}, "batch.accumulate": {"label": "batch.accumulate", "average_duration": 0.0029980471417118846, "n_events": 29249, "total_time": 87.68988084793091}, "batch.backward": {"label": "batch.backward", "average_duration": 0.02364574573749909, "n_events": 29249, "total_time": 691.6144170761108}, "batch.evaluate": {"label": "batch.evaluate", "average_duration": 0.16862537081683654, "n_events": 29249, "total_time": 4932.123471021652}, "batch.forward": {"label": "batch.forward", "average_duration": 0.013935350590051514, "n_events": 29249, "total_time": 407.59506940841675}, "batch.reduce": {"label": "batch.reduce", "average_duration": 0.010143596692600268, "n_events": 29249, "total_time": 296.69005966186523}, "batch.step": {"label": "batch.step", "average_duration": 0.038226016660303806, "n_events": 29249, "total_time": 1118.072761297226}, "epoch_metrics.collect": {"label": "epoch_metrics.collect", "average_duration": 0.0106273785533521, "n_events": 149, "total_time": 1.583479404449463}, "reduce.allreduce": {"label": "reduce.allreduce", "average_duration": 0.009397495106357302, "n_events": 29249, "total_time": 274.8673343658447}, "reduce.flat_pack": {"label": "reduce.flat_pack", "average_duration": 0.0006630972938181547, "n_events": 29249, "total_time": 19.394932746887207}, "test.last": {"label": "test.last", "average_duration": 2.472989887199146, "n_events": 149, "total_time": 368.47549319267273}}