{"batch": {"label": "batch", "average_duration": 0.26553743914859457, "n_events": 29249, "total_time": 7766.704557657242}, "batch.accumulate": {"label": "batch.accumulate", "average_duration": 0.0029334983661352555, "n_events": 29249, "total_time": 85.80189371109009}, "batch.backward": {"label": "batch.backward", "average_duration": 0.1443014672615291, "n_events": 29249, "total_time": 4220.673615932465}, "batch.evaluate": {"label": "batch.evaluate", "average_duration": 0.0006914003644708022, "n_events": 29249, "total_time": 20.222769260406494}, "batch.forward": {"label": "batch.forward", "average_duration": 0.06656457826888983, "n_events": 29249, "total_time": 1946.9473497867584}, "batch.reduce": {"label": "batch.reduce", "average_duration": 0.02776892314246913, "n_events": 29249, "total_time": 812.2132329940796}, "batch.step": {"label": "batch.step", "average_duration": 0.015383117818201484, "n_events": 29249, "total_time": 449.9408130645752}, "epoch_metrics.collect": {"label": "epoch_metrics.collect", "average_duration": 0.0018854717280240667, "n_events": 149, "total_time": 0.28093528747558594}, "reduce.allreduce": {"label": "reduce.allreduce", "average_duration": 0.02644278411437452, "n_events": 29249, "total_time": 773.4249925613403}, "reduce.flat_pack": {"label": "reduce.flat_pack", "average_duration": 0.0012354837482356795, "n_events": 29249, "total_time": 36.136664152145386}, "test.last": {"label": "test.last", "average_duration": 2.5840933882950137, "n_events": 149, "total_time": 385.02991485595703}}