{"batch": {"label": "batch", "average_duration": 1.1193346682283067, "n_events": 194, "total_time": 217.1509256362915}, "batch.accumulate": {"label": "batch.accumulate", "average_duration": 0.0027659271181244213, "n_events": 194, "total_time": 0.5365898609161377}, "batch.backward": {"label": "batch.backward", "average_duration": 0.07344340174853956, "n_events": 389, "total_time": 28.569483280181885}, "batch.evaluate": {"label": "batch.evaluate", "average_duration": 0.0005962333826295515, "n_events": 389, "total_time": 0.2319347858428955}, "batch.forward": {"label": "batch.forward", "average_duration": 0.040623552082130414, "n_events": 389, "total_time": 15.80256175994873}, "batch.reduce": {"label": "batch.reduce", "average_duration": 0.8506186426300364, "n_events": 194, "total_time": 165.02001667022705}, "batch.step": {"label": "batch.step", "average_duration": 0.008806503925126852, "n_events": 194, "total_time": 1.7084617614746094}, "reduce.allreduce": {"label": "reduce.allreduce", "average_duration": 0.8495437828535887, "n_events": 194, "total_time": 164.8114938735962}, "reduce.flat_pack": {"label": "reduce.flat_pack", "average_duration": 0.0008771923399463142, "n_events": 194, "total_time": 0.17017531394958496}, "reduce_times": [0.7434659004211426, 0.826378345489502, 0.8246805667877197, 0.8290798664093018, 0.8282167911529541, 0.8314054012298584, 0.8250184059143066, 0.8234295845031738, 0.8245077133178711, 0.8196303844451904, 0.8300259113311768, 0.8304133415222168, 0.8265161514282227, 0.8201580047607422, 0.8310432434082031, 0.8263568878173828, 0.8336803913116455, 0.8231604099273682, 0.8302605152130127, 0.8225984573364258, 0.8372721672058105, 0.8316190242767334, 0.8370828628540039, 0.8219311237335205, 0.8253016471862793, 0.8333916664123535, 0.8219091892242432, 0.8298747539520264, 0.8264212608337402, 0.8469796180725098, 0.8288519382476807, 0.831322431564331, 0.8303945064544678, 0.834526538848877, 0.8323855400085449, 0.836000919342041, 0.8373265266418457, 0.8291206359863281, 0.8358049392700195, 0.8357462882995605, 0.8363211154937744, 0.8289799690246582, 0.8375430107116699, 0.8238823413848877, 0.8326585292816162, 0.8313198089599609, 0.836315393447876, 0.8261148929595947, 0.8354065418243408, 0.8255419731140137, 0.8303797245025635, 0.8222630023956299, 0.8369584083557129, 0.8302223682403564, 0.8416099548339844, 0.8339385986328125, 0.8294270038604736, 0.8303637504577637, 0.8345823287963867, 0.8301217555999756, 0.8346779346466064, 0.8273718357086182, 0.8371717929840088, 0.8302116394042969, 0.8369243144989014, 0.8284599781036377, 0.8416652679443359, 0.8323695659637451, 0.8317921161651611, 0.8317663669586182, 0.8401932716369629, 0.8585691452026367, 0.8632643222808838, 0.8543956279754639, 0.8655002117156982, 0.8568336963653564, 0.8655025959014893, 0.8519484996795654, 0.8608794212341309, 0.8593318462371826, 0.8699660301208496, 0.8592276573181152, 0.8637673854827881, 0.8542900085449219, 0.862778902053833, 0.8532810211181641, 0.8666794300079346, 0.8560254573822021, 0.8573734760284424, 0.860482931137085, 0.8624014854431152, 0.8605780601501465, 0.8584938049316406, 0.8572268486022949, 0.8588457107543945, 0.8685548305511475, 0.8579280376434326, 0.8574721813201904, 0.8688347339630127, 0.8614921569824219, 0.8592240810394287, 0.8596935272216797, 0.8682935237884521, 0.8636102676391602, 0.8608124256134033, 0.859236478805542, 0.8649020195007324, 0.8578343391418457, 0.8532404899597168, 0.8595762252807617, 0.8658759593963623, 0.8606832027435303, 0.8652379512786865, 0.8521926403045654, 0.8663520812988281, 0.8511974811553955, 0.8680918216705322, 0.8622925281524658, 0.8648700714111328, 0.8641328811645508, 0.8627440929412842, 0.8579552173614502, 0.8692660331726074, 0.8659851551055908, 0.8775293827056885, 0.8653593063354492, 0.8732712268829346, 0.8623692989349365, 0.8723537921905518, 0.8702549934387207, 0.8674402236938477, 0.8703522682189941, 0.878709077835083, 0.8714401721954346, 0.8678243160247803, 0.8676702976226807, 0.8716762065887451, 0.8699390888214111, 0.8718905448913574, 0.8676574230194092, 0.8744192123413086, 0.8745813369750977, 0.8806290626525879, 0.8634421825408936, 0.8727574348449707, 0.860980749130249, 0.8780694007873535, 0.8639035224914551, 0.8705384731292725, 0.8653748035430908, 0.8664538860321045, 0.863292932510376, 0.866241455078125, 0.8562986850738525, 0.8677136898040771, 0.8637702465057373, 0.8677272796630859, 0.8627324104309082, 0.8747458457946777, 0.8717963695526123, 0.8639888763427734, 0.8641321659088135, 0.8692243099212646, 0.8650498390197754, 0.8753509521484375, 0.8558149337768555, 0.8642001152038574, 0.8643620014190674, 0.8751187324523926, 0.8687882423400879, 0.8696446418762207, 0.8631234169006348, 0.8714983463287354, 0.8699920177459717, 0.8691930770874023, 0.8605387210845947, 0.8589098453521729, 0.8413689136505127, 0.8428792953491211, 0.8424396514892578, 0.8482377529144287, 0.8390355110168457, 0.8432457447052002, 0.8473529815673828, 0.8436622619628906, 0.8453941345214844, 0.8435392379760742, 0.8406076431274414, 0.8454079627990723, 0.8478772640228271, 0.8523356914520264, 0.8450310230255127, 0.8440961837768555, 0.8476862907409668, 0.8480777740478516]}