{"batch": {"label": "batch", "average_duration": 0.0820289785547774, "n_events": 387, "total_time": 31.745214700698853}, "batch.accumulate": {"label": "batch.accumulate", "average_duration": 0.001158912976582845, "n_events": 18, "total_time": 0.02086043357849121}, "batch.backward": {"label": "batch.backward", "average_duration": 0.06604931520861249, "n_events": 387, "total_time": 25.561084985733032}, "batch.evaluate": {"label": "batch.evaluate", "average_duration": 0.0012744748315145803, "n_events": 387, "total_time": 0.4932217597961426}, "batch.forward": {"label": "batch.forward", "average_duration": 0.006444580487194603, "n_events": 387, "total_time": 2.4940526485443115}, "batch.reduce": {"label": "batch.reduce", "average_duration": 0.021630366643269856, "n_events": 18, "total_time": 0.3893465995788574}, "batch.step": {"label": "batch.step", "average_duration": 0.004038667185978064, "n_events": 387, "total_time": 1.5629642009735107}, "epoch_metrics.collect": {"label": "epoch_metrics.collect", "average_duration": 0.004625638326009114, "n_events": 3, "total_time": 0.013876914978027344}, "reduce.compress": {"label": "reduce.compress", "average_duration": 0.005147960450914171, "n_events": 18, "total_time": 0.09266328811645508}, "reduce.decompress": {"label": "reduce.decompress", "average_duration": 0.0010249879625108507, "n_events": 18, "total_time": 0.018449783325195312}, "reduce.flat_pack": {"label": "reduce.flat_pack", "average_duration": 0.0008051925235324436, "n_events": 18, "total_time": 0.014493465423583984}, "reduce.norm": {"label": "reduce.norm", "average_duration": 0.010481384065416124, "n_events": 18, "total_time": 0.18866491317749023}, "reduce.reduce.vector": {"label": "reduce.reduce.vector", "average_duration": 0.0004999240239461263, "n_events": 18, "total_time": 0.008998632431030273}, "reduce.setgrad": {"label": "reduce.setgrad", "average_duration": 0.0033154884974161782, "n_events": 18, "total_time": 0.05967879295349121}, "test.last": {"label": "test.last", "average_duration": 1.350088357925415, "n_events": 3, "total_time": 4.050265073776245}, "reduce_times": [0.012291193008422852, 0.012367486953735352, 0.014887094497680664, 0.011600494384765625, 0.07574892044067383, 0.011807918548583984, 0.011626005172729492, 0.011919736862182617, 0.011892080307006836, 0.05672597885131836, 0.012003183364868164, 0.011904716491699219, 0.011779069900512695, 0.01199030876159668, 0.0748600959777832, 0.012588977813720703, 0.011631965637207031, 0.011949539184570312, 0.012063026428222656]}