{"batch": {"label": "batch", "average_duration": 0.08129137307790514, "n_events": 387, "total_time": 31.459761381149292}, "batch.accumulate": {"label": "batch.accumulate", "average_duration": 0.0011445681254069011, "n_events": 18, "total_time": 0.02060222625732422}, "batch.backward": {"label": "batch.backward", "average_duration": 0.006342165845925186, "n_events": 387, "total_time": 2.454418182373047}, "batch.evaluate": {"label": "batch.evaluate", "average_duration": 0.058954354712513375, "n_events": 387, "total_time": 22.815335273742676}, "batch.forward": {"label": "batch.forward", "average_duration": 0.005923128867334174, "n_events": 387, "total_time": 2.292250871658325}, "batch.reduce": {"label": "batch.reduce", "average_duration": 0.06954532199435765, "n_events": 18, "total_time": 1.2518157958984375}, "batch.step": {"label": "batch.step", "average_duration": 0.003318766290827315, "n_events": 387, "total_time": 1.284362554550171}, "epoch_metrics.collect": {"label": "epoch_metrics.collect", "average_duration": 0.03201834360758463, "n_events": 3, "total_time": 0.0960550308227539}, "reduce.compress": {"label": "reduce.compress", "average_duration": 0.0010826852586534289, "n_events": 18, "total_time": 0.01948833465576172}, "reduce.decompress": {"label": "reduce.decompress", "average_duration": 0.00023165014055040147, "n_events": 18, "total_time": 0.0041697025299072266}, "reduce.flat_pack": {"label": "reduce.flat_pack", "average_duration": 0.000335640377468533, "n_events": 18, "total_time": 0.006041526794433594}, "reduce.norm": {"label": "reduce.norm", "average_duration": 0.06431245803833008, "n_events": 18, "total_time": 1.1576242446899414}, "reduce.reduce.vector": {"label": "reduce.reduce.vector", "average_duration": 0.0001377264658610026, "n_events": 18, "total_time": 0.002479076385498047}, "reduce.setgrad": {"label": "reduce.setgrad", "average_duration": 0.003098381890190972, "n_events": 18, "total_time": 0.0557708740234375}, "test.last": {"label": "test.last", "average_duration": 1.3499634265899658, "n_events": 3, "total_time": 4.0498902797698975}, "reduce_times": [0.12843060493469238, 0.07222342491149902, 0.06663751602172852, 0.06994438171386719, 0.030478715896606445, 0.061241865158081055, 0.02505803108215332, 0.0907278060913086, 0.08933067321777344, 0.007219076156616211, 0.08388280868530273, 0.08276128768920898, 0.07525968551635742, 0.08156800270080566, 0.02679753303527832, 0.10502934455871582, 0.1046609878540039, 0.08469295501708984, 0.09430170059204102]}