{"batch": {"label": "batch", "average_duration": 0.0804972020230552, "n_events": 387, "total_time": 31.152417182922363}, "batch.accumulate": {"label": "batch.accumulate", "average_duration": 0.0011411375469631618, "n_events": 18, "total_time": 0.020540475845336914}, "batch.backward": {"label": "batch.backward", "average_duration": 0.006025687052605996, "n_events": 387, "total_time": 2.3319408893585205}, "batch.evaluate": {"label": "batch.evaluate", "average_duration": 0.060513984941388904, "n_events": 387, "total_time": 23.418912172317505}, "batch.forward": {"label": "batch.forward", "average_duration": 0.005625085313190785, "n_events": 387, "total_time": 2.176908016204834}, "batch.reduce": {"label": "batch.reduce", "average_duration": 0.03767153951856825, "n_events": 18, "total_time": 0.6780877113342285}, "batch.step": {"label": "batch.step", "average_duration": 0.0032259154997438732, "n_events": 387, "total_time": 1.248429298400879}, "epoch_metrics.collect": {"label": "epoch_metrics.collect", "average_duration": 0.006615082422892253, "n_events": 3, "total_time": 0.019845247268676758}, "reduce.compress": {"label": "reduce.compress", "average_duration": 0.0011151101854112414, "n_events": 18, "total_time": 0.020071983337402344}, "reduce.decompress": {"label": "reduce.decompress", "average_duration": 0.00023987558152940538, "n_events": 18, "total_time": 0.004317760467529297}, "reduce.flat_pack": {"label": "reduce.flat_pack", "average_duration": 0.0003170172373453776, "n_events": 18, "total_time": 0.005706310272216797}, "reduce.norm": {"label": "reduce.norm", "average_duration": 0.03245928552415636, "n_events": 18, "total_time": 0.5842671394348145}, "reduce.reduce.vector": {"label": "reduce.reduce.vector", "average_duration": 0.00013362036810980903, "n_events": 18, "total_time": 0.0024051666259765625}, "reduce.setgrad": {"label": "reduce.setgrad", "average_duration": 0.0030635462866889108, "n_events": 18, "total_time": 0.05514383316040039}, "test.last": {"label": "test.last", "average_duration": 1.3874104022979736, "n_events": 3, "total_time": 4.162231206893921}}