{"batch": {"label": "batch", "average_duration": 0.0805722059205521, "n_events": 387, "total_time": 31.181443691253662}, "batch.accumulate": {"label": "batch.accumulate", "average_duration": 0.0011147658030192058, "n_events": 18, "total_time": 0.020065784454345703}, "batch.backward": {"label": "batch.backward", "average_duration": 0.006214282925430811, "n_events": 387, "total_time": 2.4049274921417236}, "batch.evaluate": {"label": "batch.evaluate", "average_duration": 0.061022079576201524, "n_events": 387, "total_time": 23.61554479598999}, "batch.forward": {"label": "batch.forward", "average_duration": 0.005635923193406689, "n_events": 387, "total_time": 2.1811022758483887}, "batch.reduce": {"label": "batch.reduce", "average_duration": 0.02345209651523166, "n_events": 18, "total_time": 0.4221377372741699}, "batch.step": {"label": "batch.step", "average_duration": 0.0032194073502099484, "n_events": 387, "total_time": 1.24591064453125}, "epoch_metrics.collect": {"label": "epoch_metrics.collect", "average_duration": 0.0012329419453938801, "n_events": 3, "total_time": 0.0036988258361816406}, "reduce.compress": {"label": "reduce.compress", "average_duration": 0.0010413461261325413, "n_events": 18, "total_time": 0.018744230270385742}, "reduce.decompress": {"label": "reduce.decompress", "average_duration": 0.00023117330339219834, "n_events": 18, "total_time": 0.00416111946105957}, "reduce.flat_pack": {"label": "reduce.flat_pack", "average_duration": 0.0003153615527682834, "n_events": 18, "total_time": 0.0056765079498291016}, "reduce.norm": {"label": "reduce.norm", "average_duration": 0.018270148171318903, "n_events": 18, "total_time": 0.32886266708374023}, "reduce.reduce.vector": {"label": "reduce.reduce.vector", "average_duration": 0.00013187196519639756, "n_events": 18, "total_time": 0.0023736953735351562}, "reduce.setgrad": {"label": "reduce.setgrad", "average_duration": 0.0031229125128852, "n_events": 18, "total_time": 0.056212425231933594}, "test.last": {"label": "test.last", "average_duration": 1.3873473803202312, "n_events": 3, "total_time": 4.162042140960693}}