{"batch": {"label": "batch", "average_duration": 0.372602271050522, "n_events": 194, "total_time": 72.28484058380127}, "batch.accumulate": {"label": "batch.accumulate", "average_duration": 0.0013384745293056842, "n_events": 194, "total_time": 0.25966405868530273}, "batch.backward": {"label": "batch.backward", "average_duration": 0.10081967127691839, "n_events": 194, "total_time": 19.559016227722168}, "batch.evaluate": {"label": "batch.evaluate", "average_duration": 0.0007656689771671885, "n_events": 194, "total_time": 0.14853978157043457}, "batch.forward": {"label": "batch.forward", "average_duration": 0.05216868759430561, "n_events": 194, "total_time": 10.120725393295288}, "batch.reduce": {"label": "batch.reduce", "average_duration": 0.20942376446478145, "n_events": 194, "total_time": 40.6282103061676}, "batch.step": {"label": "batch.step", "average_duration": 0.004705928035618104, "n_events": 194, "total_time": 0.9129500389099121}, "reduce.allreduce": {"label": "reduce.allreduce", "average_duration": 0.20812667645129962, "n_events": 194, "total_time": 40.376575231552124}, "reduce.flat_pack": {"label": "reduce.flat_pack", "average_duration": 0.0011105254753348754, "n_events": 194, "total_time": 0.21544194221496582}, "reduce_times": [0.19378352165222168, 0.09107398986816406, 0.09632086753845215, 0.09300422668457031, 0.1002659797668457, 0.09024858474731445, 0.09086370468139648, 0.08669877052307129, 0.0913548469543457, 0.08874773979187012, 0.08801627159118652, 0.09090495109558105, 0.3420734405517578, 0.08736658096313477, 0.14527320861816406, 0.18192720413208008, 0.21776962280273438, 0.22071480751037598, 0.21526169776916504, 0.2092914581298828, 0.23123645782470703, 0.20032238960266113, 0.2154858112335205, 0.21744966506958008, 0.4158515930175781, 0.09417557716369629, 0.14315056800842285, 0.21689343452453613, 0.21785473823547363, 0.21792149543762207, 0.21781015396118164, 0.21723556518554688, 0.3634648323059082, 0.09369802474975586, 0.2262260913848877, 0.20354294776916504, 0.20099472999572754, 0.2175900936126709, 0.21711444854736328, 0.21793460845947266, 0.21335363388061523, 0.35912346839904785, 0.08826613426208496, 0.2413945198059082, 0.17444825172424316, 0.2167816162109375, 0.22490596771240234, 0.2099452018737793, 0.21745634078979492, 0.21835970878601074, 0.37995052337646484, 0.08934259414672852, 0.18128108978271484, 0.21755385398864746, 0.21791625022888184, 0.2165517807006836, 0.21846699714660645, 0.21606206893920898, 0.21448421478271484, 0.21451687812805176, 0.21476078033447266, 0.21601009368896484, 0.21497368812561035, 0.21364283561706543, 0.21458172798156738, 0.2155768871307373, 0.42894649505615234, 0.08643627166748047, 0.12668156623840332, 0.39209938049316406, 0.08991003036499023, 0.16967272758483887, 0.21659111976623535, 0.21714305877685547, 0.21694707870483398, 0.2175297737121582, 0.21763277053833008, 0.21763348579406738, 0.4298417568206787, 0.09003567695617676, 0.13342928886413574, 0.21617579460144043, 0.21681523323059082, 0.21730566024780273, 0.21723055839538574, 0.21755146980285645, 0.2166142463684082, 0.21742630004882812, 0.21741986274719238, 0.3866391181945801, 0.0912168025970459, 0.1993720531463623, 0.19353389739990234, 0.34591054916381836, 0.09006166458129883, 0.21752405166625977, 0.21752715110778809, 0.421921968460083, 0.09079337120056152, 0.14015722274780273, 0.3642551898956299, 0.08583617210388184, 0.19740033149719238, 0.3059871196746826, 0.13179516792297363, 0.3624241352081299, 0.09070587158203125, 0.19986987113952637, 0.21719861030578613, 0.30154991149902344, 0.13466191291809082, 0.2167973518371582, 0.21718788146972656, 0.2176952362060547, 0.3757505416870117, 0.09984064102172852, 0.17673516273498535, 0.2176220417022705, 0.21806740760803223, 0.21747064590454102, 0.21773004531860352, 0.30368781089782715, 0.1325054168701172, 0.21631836891174316, 0.21723222732543945, 0.21781301498413086, 0.2172844409942627, 0.2170569896697998, 0.21785998344421387, 0.3014693260192871, 0.1334247589111328, 0.21911191940307617, 0.21706104278564453, 0.21764469146728516, 0.2170407772064209, 0.21783661842346191, 0.42750120162963867, 0.09218120574951172, 0.13099336624145508, 0.21888160705566406, 0.3575303554534912, 0.09054136276245117, 0.20501470565795898, 0.21738982200622559, 0.21756958961486816, 0.21739459037780762, 0.21680378913879395, 0.32956647872924805, 0.3130347728729248, 0.09260749816894531, 0.1353285312652588, 0.21588945388793945, 0.21448421478271484, 0.21771454811096191, 0.21750640869140625, 0.21755576133728027, 0.21708345413208008, 0.21727657318115234, 0.2174537181854248, 0.2174391746520996, 0.2174530029296875, 0.21647357940673828, 0.21715998649597168, 0.37154316902160645, 0.09088540077209473, 0.1876232624053955, 0.2178330421447754, 0.26131129264831543, 0.17412376403808594, 0.21758437156677246, 0.217909574508667, 0.2180776596069336, 0.21702814102172852, 0.2179865837097168, 0.21748948097229004, 0.21830320358276367, 0.21756482124328613, 0.2512814998626709, 0.1838235855102539, 0.21747040748596191, 0.21752142906188965, 0.21795010566711426, 0.21684551239013672, 0.21760201454162598, 0.21794509887695312, 0.21843552589416504, 0.2166578769683838, 0.21766400337219238, 0.21830034255981445, 0.2175891399383545, 0.21406126022338867, 0.21720600128173828, 0.21796035766601562, 0.21670961380004883, 0.21759963035583496]}