{"batch": {"label": "batch", "average_duration": 0.08139667030452757, "n_events": 387, "total_time": 31.500511407852173}, "batch.accumulate": {"label": "batch.accumulate", "average_duration": 0.0010577705171373156, "n_events": 18, "total_time": 0.01903986930847168}, "batch.backward": {"label": "batch.backward", "average_duration": 0.06641142682511678, "n_events": 387, "total_time": 25.70122218132019}, "batch.evaluate": {"label": "batch.evaluate", "average_duration": 0.0012370831590598251, "n_events": 387, "total_time": 0.47875118255615234}, "batch.forward": {"label": "batch.forward", "average_duration": 0.00650673380809853, "n_events": 387, "total_time": 2.518105983734131}, "batch.reduce": {"label": "batch.reduce", "average_duration": 0.011089748806423612, "n_events": 18, "total_time": 0.199615478515625}, "batch.step": {"label": "batch.step", "average_duration": 0.0035722933382334944, "n_events": 387, "total_time": 1.3824775218963623}, "epoch_metrics.collect": {"label": "epoch_metrics.collect", "average_duration": 0.0013631184895833333, "n_events": 3, "total_time": 0.00408935546875}, "reduce.allreduce": {"label": "reduce.allreduce", "average_duration": 0.010187334484524198, "n_events": 18, "total_time": 0.18337202072143555}, "reduce.flat_pack": {"label": "reduce.flat_pack", "average_duration": 0.0007787677976820204, "n_events": 18, "total_time": 0.014017820358276367}, "test.last": {"label": "test.last", "average_duration": 1.3342583974202473, "n_events": 3, "total_time": 4.002775192260742}}