{"batch": {"label": "batch", "average_duration": 0.08634801849800071, "n_events": 193, "total_time": 16.665167570114136}, "batch.accumulate": {"label": "batch.accumulate", "average_duration": 0.001098248693678114, "n_events": 18, "total_time": 0.019768476486206055}, "batch.backward": {"label": "batch.backward", "average_duration": 0.006455879754970729, "n_events": 193, "total_time": 1.2459847927093506}, "batch.evaluate": {"label": "batch.evaluate", "average_duration": 0.05949788390045957, "n_events": 193, "total_time": 11.483091592788696}, "batch.forward": {"label": "batch.forward", "average_duration": 0.0056680928857833, "n_events": 193, "total_time": 1.0939419269561768}, "batch.reduce": {"label": "batch.reduce", "average_duration": 0.034862240155537925, "n_events": 18, "total_time": 0.6275203227996826}, "batch.step": {"label": "batch.step", "average_duration": 0.003147227776482933, "n_events": 193, "total_time": 0.607414960861206}, "epoch_metrics.collect": {"label": "epoch_metrics.collect", "average_duration": 0.010342597961425781, "n_events": 1, "total_time": 0.010342597961425781}, "reduce.compress": {"label": "reduce.compress", "average_duration": 0.0004267295201619466, "n_events": 18, "total_time": 0.007681131362915039}, "reduce.decompress": {"label": "reduce.decompress", "average_duration": 8.504920535617405e-05, "n_events": 18, "total_time": 0.0015308856964111328}, "reduce.flat_pack": {"label": "reduce.flat_pack", "average_duration": 0.0003147522608439128, "n_events": 18, "total_time": 0.00566554069519043}, "reduce.norm": {"label": "reduce.norm", "average_duration": 0.030088424682617188, "n_events": 18, "total_time": 0.5415916442871094}, "reduce.reduce.vector": {"label": "reduce.reduce.vector", "average_duration": 0.00014485253228081597, "n_events": 18, "total_time": 0.0026073455810546875}, "reduce.setgrad": {"label": "reduce.setgrad", "average_duration": 0.003323713938395182, "n_events": 18, "total_time": 0.05982685089111328}, "test.last": {"label": "test.last", "average_duration": 1.3223791122436523, "n_events": 1, "total_time": 1.3223791122436523}, "reduce_times": [0.9974093437194824, 0.024747610092163086, 0.04205465316772461, 0.036890506744384766, 0.03499794006347656, 0.038726806640625, 0.03792428970336914, 0.03353261947631836, 0.034938812255859375, 0.0059659481048583984, 0.03539919853210449, 0.029938936233520508, 0.031081199645996094, 0.04064178466796875, 0.04204916954040527, 0.05022287368774414, 0.03299832344055176, 0.03784823417663574, 0.03756141662597656]}