{"batch": {"label": "batch", "average_duration": 0.3723363950080478, "n_events": 194, "total_time": 72.23326063156128}, "batch.accumulate": {"label": "batch.accumulate", "average_duration": 0.0009917414065488835, "n_events": 194, "total_time": 0.1923978328704834}, "batch.backward": {"label": "batch.backward", "average_duration": 0.03416835863363467, "n_events": 389, "total_time": 13.291491508483887}, "batch.evaluate": {"label": "batch.evaluate", "average_duration": 0.000574312970080535, "n_events": 389, "total_time": 0.22340774536132812}, "batch.forward": {"label": "batch.forward", "average_duration": 0.029844423799097998, "n_events": 389, "total_time": 11.609480857849121}, "batch.reduce": {"label": "batch.reduce", "average_duration": 0.23060302267369537, "n_events": 194, "total_time": 44.7369863986969}, "batch.step": {"label": "batch.step", "average_duration": 0.0030856476616613645, "n_events": 194, "total_time": 0.5986156463623047}, "reduce.allreduce": {"label": "reduce.allreduce", "average_duration": 0.22997785843524737, "n_events": 194, "total_time": 44.61570453643799}, "reduce.flat_pack": {"label": "reduce.flat_pack", "average_duration": 0.00041608957900214443, "n_events": 194, "total_time": 0.08072137832641602}, "reduce_times": [0.057798147201538086, 0.1009066104888916, 0.09090065956115723, 0.0889277458190918, 0.0835580825805664, 0.08221435546875, 0.08942914009094238, 0.08750629425048828, 0.08177828788757324, 0.08908390998840332, 0.08917737007141113, 0.2277834415435791, 0.2387371063232422, 0.23883748054504395, 0.23844432830810547, 0.23850059509277344, 0.23922133445739746, 0.23880887031555176, 0.23872590065002441, 0.23880529403686523, 0.23874258995056152, 0.23837995529174805, 0.23912906646728516, 0.23872017860412598, 0.2386338710784912, 0.23899221420288086, 0.23862886428833008, 0.23873639106750488, 0.23867511749267578, 0.23883509635925293, 0.2387850284576416, 0.2382826805114746, 0.23883914947509766, 0.23905301094055176, 0.23746752738952637, 0.23921799659729004, 0.23869037628173828, 0.2388782501220703, 0.23873686790466309, 0.23869872093200684, 0.23904919624328613, 0.23847746849060059, 0.23905420303344727, 0.23906540870666504, 0.2386937141418457, 0.2389371395111084, 0.23887014389038086, 0.23900461196899414, 0.23819994926452637, 0.23897767066955566, 0.23845171928405762, 0.23872041702270508, 0.23833680152893066, 0.23901772499084473, 0.23813796043395996, 0.2389674186706543, 0.23868751525878906, 0.23897719383239746, 0.23850107192993164, 0.23897910118103027, 0.2384023666381836, 0.2388300895690918, 0.2384023666381836, 0.23882365226745605, 0.23846054077148438, 0.23864054679870605, 0.392925500869751, 0.08461189270019531, 0.2388160228729248, 0.23859429359436035, 0.23830103874206543, 0.23888373374938965, 0.23779845237731934, 0.23889565467834473, 0.2386767864227295, 0.23862218856811523, 0.23883581161499023, 0.2388770580291748, 0.23828744888305664, 0.2389216423034668, 0.23866963386535645, 0.23898792266845703, 0.23879671096801758, 0.23869991302490234, 0.23856067657470703, 0.2395918369293213, 0.24061250686645508, 0.23682832717895508, 0.23874735832214355, 0.23912262916564941, 0.2388439178466797, 0.23905205726623535, 0.23901796340942383, 0.25457143783569336, 0.22354531288146973, 0.2383260726928711, 0.23835444450378418, 0.23883271217346191, 0.2379462718963623, 0.23853635787963867, 0.23809003829956055, 0.23775863647460938, 0.23795485496520996, 0.23869609832763672, 0.23850488662719727, 0.23840689659118652, 0.23839473724365234, 0.23824715614318848, 0.28029966354370117, 0.19648289680480957, 0.23815035820007324, 0.23848772048950195, 0.23855352401733398, 0.23787212371826172, 0.23844456672668457, 0.23834466934204102, 0.23840999603271484, 0.2384495735168457, 0.23839235305786133, 0.45738744735717773, 0.07663631439208984, 0.4073905944824219, 0.0729069709777832, 0.2058393955230713, 0.24596047401428223, 0.20295000076293945, 0.23699307441711426, 0.238631010055542, 0.23848319053649902, 0.23836612701416016, 0.23841094970703125, 0.23868966102600098, 0.23850107192993164, 0.23808908462524414, 0.23845791816711426, 0.2386002540588379, 0.23804235458374023, 0.23842620849609375, 0.2523193359375, 0.22391223907470703, 0.23882699012756348, 0.23853707313537598, 0.23883724212646484, 0.2386934757232666, 0.23859882354736328, 0.23827672004699707, 0.2380971908569336, 0.2384014129638672, 0.23853564262390137, 0.23828792572021484, 0.238419771194458, 0.23820114135742188, 0.23801159858703613, 0.23865532875061035, 0.2382068634033203, 0.23805642127990723, 0.2379007339477539, 0.23838472366333008, 0.23786306381225586, 0.23874330520629883, 0.23787307739257812, 0.23861908912658691, 0.23814964294433594, 0.23827195167541504, 0.23875975608825684, 0.23813343048095703, 0.26781272888183594, 0.2082688808441162, 0.23863625526428223, 0.23812031745910645, 0.23820734024047852, 0.23794245719909668, 0.23830771446228027, 0.2433457374572754, 0.25920939445495605, 0.26510047912597656, 0.26694655418395996, 0.26818394660949707, 0.11225128173828125, 0.2360677719116211, 0.2383415699005127, 0.23432683944702148, 0.2385854721069336, 0.23763608932495117, 0.24002981185913086, 0.2362058162689209, 0.3146853446960449, 0.16167640686035156, 0.23786330223083496, 0.2891201972961426, 0.18749356269836426, 0.23792195320129395, 0.23854923248291016, 0.23842382431030273, 0.23862195014953613]}