{"batch": {"label": "batch", "average_duration": 0.08261176447073619, "n_events": 96, "total_time": 7.930729389190674}, "batch.accumulate": {"label": "batch.accumulate", "average_duration": 0.0010631349351671007, "n_events": 18, "total_time": 0.019136428833007812}, "batch.backward": {"label": "batch.backward", "average_duration": 0.006427312890688579, "n_events": 96, "total_time": 0.6170220375061035}, "batch.evaluate": {"label": "batch.evaluate", "average_duration": 0.06080122043689092, "n_events": 96, "total_time": 5.836917161941528}, "batch.forward": {"label": "batch.forward", "average_duration": 0.005549239615599315, "n_events": 96, "total_time": 0.5327270030975342}, "batch.reduce": {"label": "batch.reduce", "average_duration": 0.014977124002244737, "n_events": 18, "total_time": 0.2695882320404053}, "batch.step": {"label": "batch.step", "average_duration": 0.0031125744183858237, "n_events": 96, "total_time": 0.29880714416503906}, "reduce.compress": {"label": "reduce.compress", "average_duration": 0.0009624693128797743, "n_events": 18, "total_time": 0.017324447631835938}, "reduce.decompress": {"label": "reduce.decompress", "average_duration": 0.00022333198123508028, "n_events": 18, "total_time": 0.004019975662231445}, "reduce.flat_pack": {"label": "reduce.flat_pack", "average_duration": 0.00029280450608995225, "n_events": 18, "total_time": 0.005270481109619141}, "reduce.norm": {"label": "reduce.norm", "average_duration": 0.010045157538519965, "n_events": 18, "total_time": 0.18081283569335938}, "reduce.reduce.vector": {"label": "reduce.reduce.vector", "average_duration": 0.000123951170179579, "n_events": 18, "total_time": 0.002231121063232422}, "reduce.setgrad": {"label": "reduce.setgrad", "average_duration": 0.0030090808868408203, "n_events": 18, "total_time": 0.054163455963134766}}