{"batch": {"label": "batch", "average_duration": 0.08210522184769313, "n_events": 96, "total_time": 7.88210129737854}, "batch.accumulate": {"label": "batch.accumulate", "average_duration": 0.0010734531614515516, "n_events": 18, "total_time": 0.01932215690612793}, "batch.backward": {"label": "batch.backward", "average_duration": 0.006117202341556549, "n_events": 96, "total_time": 0.5872514247894287}, "batch.evaluate": {"label": "batch.evaluate", "average_duration": 0.06011779357989629, "n_events": 96, "total_time": 5.771308183670044}, "batch.forward": {"label": "batch.forward", "average_duration": 0.005589783191680908, "n_events": 96, "total_time": 0.5366191864013672}, "batch.reduce": {"label": "batch.reduce", "average_duration": 0.01970659361945258, "n_events": 18, "total_time": 0.3547186851501465}, "batch.step": {"label": "batch.step", "average_duration": 0.0031724348664283752, "n_events": 96, "total_time": 0.304553747177124}, "reduce.compress": {"label": "reduce.compress", "average_duration": 0.0010154512193467882, "n_events": 18, "total_time": 0.018278121948242188}, "reduce.decompress": {"label": "reduce.decompress", "average_duration": 0.00023080243004692925, "n_events": 18, "total_time": 0.0041544437408447266}, "reduce.flat_pack": {"label": "reduce.flat_pack", "average_duration": 0.00030979845258924697, "n_events": 18, "total_time": 0.005576372146606445}, "reduce.norm": {"label": "reduce.norm", "average_duration": 0.014556990729437934, "n_events": 18, "total_time": 0.2620258331298828}, "reduce.reduce.vector": {"label": "reduce.reduce.vector", "average_duration": 0.00012694464789496528, "n_events": 18, "total_time": 0.002285003662109375}, "reduce.setgrad": {"label": "reduce.setgrad", "average_duration": 0.0031376812193128797, "n_events": 18, "total_time": 0.056478261947631836}}