{"batch": {"label": "batch", "average_duration": 0.08228282382090886, "n_events": 96, "total_time": 7.899151086807251}, "batch.accumulate": {"label": "batch.accumulate", "average_duration": 0.0010256237453884548, "n_events": 18, "total_time": 0.018461227416992188}, "batch.backward": {"label": "batch.backward", "average_duration": 0.06554228067398071, "n_events": 96, "total_time": 6.292058944702148}, "batch.evaluate": {"label": "batch.evaluate", "average_duration": 0.001209348440170288, "n_events": 96, "total_time": 0.11609745025634766}, "batch.forward": {"label": "batch.forward", "average_duration": 0.006374816099802653, "n_events": 96, "total_time": 0.6119823455810547}, "batch.reduce": {"label": "batch.reduce", "average_duration": 0.01159203052520752, "n_events": 18, "total_time": 0.20865654945373535}, "batch.step": {"label": "batch.step", "average_duration": 0.003641227881113688, "n_events": 96, "total_time": 0.34955787658691406}, "reduce.compress": {"label": "reduce.compress", "average_duration": 0.005135085847642686, "n_events": 18, "total_time": 0.09243154525756836}, "reduce.decompress": {"label": "reduce.decompress", "average_duration": 0.001010298728942871, "n_events": 18, "total_time": 0.01818537712097168}, "reduce.flat_pack": {"label": "reduce.flat_pack", "average_duration": 0.0006499687830607096, "n_events": 18, "total_time": 0.011699438095092773}, "reduce.norm": {"label": "reduce.norm", "average_duration": 0.0010708835389879015, "n_events": 18, "total_time": 0.019275903701782227}, "reduce.reduce.vector": {"label": "reduce.reduce.vector", "average_duration": 0.0004965994093153211, "n_events": 18, "total_time": 0.008938789367675781}, "reduce.setgrad": {"label": "reduce.setgrad", "average_duration": 0.002887394693162706, "n_events": 18, "total_time": 0.05197310447692871}}