{"batch": {"label": "batch", "average_duration": 0.1730249494560494, "n_events": 484, "total_time": 83.7440755367279}, "batch.accumulate": {"label": "batch.accumulate", "average_duration": 0.0007440851739615448, "n_events": 484, "total_time": 0.3601372241973877}, "batch.backward": {"label": "batch.backward", "average_duration": 0.06412408322342171, "n_events": 484, "total_time": 31.03605628013611}, "batch.evaluate": {"label": "batch.evaluate", "average_duration": 0.0005502410171445737, "n_events": 484, "total_time": 0.26631665229797363}, "batch.forward": {"label": "batch.forward", "average_duration": 0.0544714415368955, "n_events": 484, "total_time": 26.364177703857422}, "batch.reduce": {"label": "batch.reduce", "average_duration": 0.04844632917199253, "n_events": 484, "total_time": 23.448023319244385}, "batch.step": {"label": "batch.step", "average_duration": 0.003233844091084378, "n_events": 484, "total_time": 1.5651805400848389}, "epoch_metrics.collect": {"label": "epoch_metrics.collect", "average_duration": 0.0042716264724731445, "n_events": 4, "total_time": 0.017086505889892578}, "reduce.compress": {"label": "reduce.compress", "average_duration": 0.022925079361466337, "n_events": 484, "total_time": 11.095738410949707}, "reduce.decompress": {"label": "reduce.decompress", "average_duration": 0.0010704905533593548, "n_events": 484, "total_time": 0.5181174278259277}, "reduce.flat_pack": {"label": "reduce.flat_pack", "average_duration": 0.0003628863776025693, "n_events": 484, "total_time": 0.17563700675964355}, "reduce.norm": {"label": "reduce.norm", "average_duration": 0.0019461877089886625, "n_events": 484, "total_time": 0.9419548511505127}, "reduce.reduce.vector": {"label": "reduce.reduce.vector", "average_duration": 0.019261297608210035, "n_events": 484, "total_time": 9.322468042373657}, "reduce.setgrad": {"label": "reduce.setgrad", "average_duration": 0.002443874670454293, "n_events": 484, "total_time": 1.182835340499878}, "test.last": {"label": "test.last", "average_duration": 1.1677583456039429, "n_events": 4, "total_time": 4.6710333824157715}}