{"batch": {"label": "batch", "average_duration": 0.18701677404601, "n_events": 290, "total_time": 54.234864473342896}, "batch.accumulate": {"label": "batch.accumulate", "average_duration": 0.0029830137888590493, "n_events": 18, "total_time": 0.05369424819946289}, "batch.backward": {"label": "batch.backward", "average_duration": 0.12307657866642394, "n_events": 290, "total_time": 35.69220781326294}, "batch.evaluate": {"label": "batch.evaluate", "average_duration": 0.0007697804220791521, "n_events": 290, "total_time": 0.2232363224029541}, "batch.forward": {"label": "batch.forward", "average_duration": 0.04135665729128081, "n_events": 290, "total_time": 11.993430614471436}, "batch.reduce": {"label": "batch.reduce", "average_duration": 0.048832469516330294, "n_events": 18, "total_time": 0.8789844512939453}, "batch.step": {"label": "batch.step", "average_duration": 0.009497149237271013, "n_events": 290, "total_time": 2.7541732788085938}, "epoch_metrics.collect": {"label": "epoch_metrics.collect", "average_duration": 0.03553056716918945, "n_events": 2, "total_time": 0.0710611343383789}, "reduce.compress": {"label": "reduce.compress", "average_duration": 0.007918927404615615, "n_events": 18, "total_time": 0.14254069328308105}, "reduce.decompress": {"label": "reduce.decompress", "average_duration": 0.001523998048570421, "n_events": 18, "total_time": 0.027431964874267578}, "reduce.flat_pack": {"label": "reduce.flat_pack", "average_duration": 0.0010537438922458226, "n_events": 18, "total_time": 0.018967390060424805}, "reduce.norm": {"label": "reduce.norm", "average_duration": 0.02863143550025092, "n_events": 18, "total_time": 0.5153658390045166}, "reduce.reduce.vector": {"label": "reduce.reduce.vector", "average_duration": 0.0007179975509643555, "n_events": 18, "total_time": 0.012923955917358398}, "reduce.setgrad": {"label": "reduce.setgrad", "average_duration": 0.008640911844041612, "n_events": 18, "total_time": 0.15553641319274902}, "test.last": {"label": "test.last", "average_duration": 1.5132545232772827, "n_events": 2, "total_time": 3.0265090465545654}}