{"batch": {"label": "batch", "average_duration": 0.1869778764658961, "n_events": 290, "total_time": 54.22358417510986}, "batch.accumulate": {"label": "batch.accumulate", "average_duration": 0.0030377043618096244, "n_events": 18, "total_time": 0.05467867851257324}, "batch.backward": {"label": "batch.backward", "average_duration": 0.027487180972921438, "n_events": 290, "total_time": 7.971282482147217}, "batch.evaluate": {"label": "batch.evaluate", "average_duration": 0.11150292856939907, "n_events": 290, "total_time": 32.33584928512573}, "batch.forward": {"label": "batch.forward", "average_duration": 0.024379367663942535, "n_events": 290, "total_time": 7.070016622543335}, "batch.reduce": {"label": "batch.reduce", "average_duration": 0.08525704012976752, "n_events": 18, "total_time": 1.5346267223358154}, "batch.step": {"label": "batch.step", "average_duration": 0.00904397388984417, "n_events": 290, "total_time": 2.6227524280548096}, "epoch_metrics.collect": {"label": "epoch_metrics.collect", "average_duration": 0.04038286209106445, "n_events": 2, "total_time": 0.0807657241821289}, "reduce.compress": {"label": "reduce.compress", "average_duration": 0.0010795858171251086, "n_events": 18, "total_time": 0.019432544708251953}, "reduce.decompress": {"label": "reduce.decompress", "average_duration": 0.0002410676744249132, "n_events": 18, "total_time": 0.0043392181396484375}, "reduce.flat_pack": {"label": "reduce.flat_pack", "average_duration": 0.0007994439866807726, "n_events": 18, "total_time": 0.014389991760253906}, "reduce.norm": {"label": "reduce.norm", "average_duration": 0.07319075531429714, "n_events": 18, "total_time": 1.3174335956573486}, "reduce.reduce.vector": {"label": "reduce.reduce.vector", "average_duration": 0.00013211038377549913, "n_events": 18, "total_time": 0.0023779869079589844}, "reduce.setgrad": {"label": "reduce.setgrad", "average_duration": 0.00948317845662435, "n_events": 18, "total_time": 0.17069721221923828}, "test.last": {"label": "test.last", "average_duration": 1.513102412223816, "n_events": 2, "total_time": 3.026204824447632}}