{"batch": {"label": "batch", "average_duration": 0.18723148641915158, "n_events": 290, "total_time": 54.297131061553955}, "batch.accumulate": {"label": "batch.accumulate", "average_duration": 0.0029132498635186087, "n_events": 18, "total_time": 0.05243849754333496}, "batch.backward": {"label": "batch.backward", "average_duration": 0.024879070808147562, "n_events": 290, "total_time": 7.214930534362793}, "batch.evaluate": {"label": "batch.evaluate", "average_duration": 0.11611097516684697, "n_events": 290, "total_time": 33.67218279838562}, "batch.forward": {"label": "batch.forward", "average_duration": 0.024431656969004664, "n_events": 290, "total_time": 7.0851805210113525}, "batch.reduce": {"label": "batch.reduce", "average_duration": 0.05871319770812988, "n_events": 18, "total_time": 1.056837558746338}, "batch.step": {"label": "batch.step", "average_duration": 0.009033197370068781, "n_events": 290, "total_time": 2.6196272373199463}, "epoch_metrics.collect": {"label": "epoch_metrics.collect", "average_duration": 0.030248403549194336, "n_events": 2, "total_time": 0.06049680709838867}, "reduce.compress": {"label": "reduce.compress", "average_duration": 0.0010488430658976238, "n_events": 18, "total_time": 0.018879175186157227}, "reduce.decompress": {"label": "reduce.decompress", "average_duration": 0.00023102760314941406, "n_events": 18, "total_time": 0.004158496856689453}, "reduce.flat_pack": {"label": "reduce.flat_pack", "average_duration": 0.000760250621371799, "n_events": 18, "total_time": 0.013684511184692383}, "reduce.norm": {"label": "reduce.norm", "average_duration": 0.04751006762186686, "n_events": 18, "total_time": 0.8551812171936035}, "reduce.reduce.vector": {"label": "reduce.reduce.vector", "average_duration": 0.00012727578481038412, "n_events": 18, "total_time": 0.002290964126586914}, "reduce.setgrad": {"label": "reduce.setgrad", "average_duration": 0.008712040053473579, "n_events": 18, "total_time": 0.15681672096252441}, "test.last": {"label": "test.last", "average_duration": 1.513132095336914, "n_events": 2, "total_time": 3.026264190673828}}