{"batch": {"label": "batch", "average_duration": 0.335107246213708, "n_events": 484, "total_time": 162.1919071674347}, "batch.accumulate": {"label": "batch.accumulate", "average_duration": 0.0024281016066054666, "n_events": 484, "total_time": 1.175201177597046}, "batch.backward": {"label": "batch.backward", "average_duration": 0.12409624629769443, "n_events": 484, "total_time": 60.062583208084106}, "batch.evaluate": {"label": "batch.evaluate", "average_duration": 0.0005828831806655758, "n_events": 484, "total_time": 0.28211545944213867}, "batch.forward": {"label": "batch.forward", "average_duration": 0.05995725353887259, "n_events": 484, "total_time": 29.01931071281433}, "batch.reduce": {"label": "batch.reduce", "average_duration": 0.13542481887439065, "n_events": 484, "total_time": 65.54561233520508}, "batch.step": {"label": "batch.step", "average_duration": 0.009064307390165723, "n_events": 484, "total_time": 4.38712477684021}, "epoch_metrics.collect": {"label": "epoch_metrics.collect", "average_duration": 0.004846930503845215, "n_events": 4, "total_time": 0.01938772201538086}, "reduce.allreduce": {"label": "reduce.allreduce", "average_duration": 0.1342798875383109, "n_events": 484, "total_time": 64.99146556854248}, "reduce.flat_pack": {"label": "reduce.flat_pack", "average_duration": 0.000916567223131164, "n_events": 484, "total_time": 0.4436185359954834}, "test.last": {"label": "test.last", "average_duration": 1.4030431509017944, "n_events": 4, "total_time": 5.612172603607178}}