{"batch": {"label": "batch", "average_duration": 0.15817315719427977, "n_events": 389, "total_time": 61.52935814857483}, "batch.accumulate": {"label": "batch.accumulate", "average_duration": 0.003145392572358825, "n_events": 389, "total_time": 1.223557710647583}, "batch.backward": {"label": "batch.backward", "average_duration": 0.08323205896392273, "n_events": 389, "total_time": 32.37727093696594}, "batch.evaluate": {"label": "batch.evaluate", "average_duration": 0.0009220406451384635, "n_events": 389, "total_time": 0.3586738109588623}, "batch.forward": {"label": "batch.forward", "average_duration": 0.03609933522182749, "n_events": 389, "total_time": 14.042641401290894}, "batch.reduce": {"label": "batch.reduce", "average_duration": 0.017027992209309478, "n_events": 389, "total_time": 6.623888969421387}, "batch.step": {"label": "batch.step", "average_duration": 0.011965747357640598, "n_events": 389, "total_time": 4.654675722122192}, "reduce.compress": {"label": "reduce.compress", "average_duration": 0.0037721061461382477, "n_events": 389, "total_time": 1.4673492908477783}, "reduce.decompress": {"label": "reduce.decompress", "average_duration": 0.0003844729425974554, "n_events": 389, "total_time": 0.14955997467041016}, "reduce.flat_pack": {"label": "reduce.flat_pack", "average_duration": 0.0017863214782087233, "n_events": 389, "total_time": 0.6948790550231934}, "reduce.norm": {"label": "reduce.norm", "average_duration": 0.00040971405401940824, "n_events": 389, "total_time": 0.1593787670135498}, "reduce.reduce.vector": {"label": "reduce.reduce.vector", "average_duration": 1.5040596224042014e-05, "n_events": 389, "total_time": 0.005850791931152344}, "reduce.setgrad": {"label": "reduce.setgrad", "average_duration": 0.010383595537710313, "n_events": 389, "total_time": 4.0392186641693115}}