{"batch": {"label": "batch", "average_duration": 0.08415999240481976, "n_events": 194, "total_time": 16.327038526535034}, "batch.accumulate": {"label": "batch.accumulate", "average_duration": 0.0009511598606699521, "n_events": 194, "total_time": 0.1845250129699707}, "batch.backward": {"label": "batch.backward", "average_duration": 0.06471688477034421, "n_events": 194, "total_time": 12.555075645446777}, "batch.evaluate": {"label": "batch.evaluate", "average_duration": 0.0011827712206496405, "n_events": 194, "total_time": 0.22945761680603027}, "batch.forward": {"label": "batch.forward", "average_duration": 0.006307201287181107, "n_events": 194, "total_time": 1.2235970497131348}, "batch.reduce": {"label": "batch.reduce", "average_duration": 0.005135455082372292, "n_events": 194, "total_time": 0.9962782859802246}, "batch.step": {"label": "batch.step", "average_duration": 0.0029296985606557316, "n_events": 194, "total_time": 0.5683615207672119}, "reduce.compress": {"label": "reduce.compress", "average_duration": 0.00035421258395480125, "n_events": 194, "total_time": 0.06871724128723145}, "reduce.decompress": {"label": "reduce.decompress", "average_duration": 7.726974094036928e-05, "n_events": 194, "total_time": 0.01499032974243164}, "reduce.flat_pack": {"label": "reduce.flat_pack", "average_duration": 0.000672437481044494, "n_events": 194, "total_time": 0.13045287132263184}, "reduce.norm": {"label": "reduce.norm", "average_duration": 0.00031211449927890424, "n_events": 194, "total_time": 0.06055021286010742}, "reduce.reduce.vector": {"label": "reduce.reduce.vector", "average_duration": 0.00014770891248565358, "n_events": 194, "total_time": 0.028655529022216797}, "reduce.setgrad": {"label": "reduce.setgrad", "average_duration": 0.002931281463387086, "n_events": 194, "total_time": 0.5686686038970947}}