{"batch": {"label": "batch", "average_duration": 0.18874800174585651, "n_events": 389, "total_time": 73.42297267913818}, "batch.accumulate": {"label": "batch.accumulate", "average_duration": 0.0026025772094726562, "n_events": 38, "total_time": 0.09889793395996094}, "batch.backward": {"label": "batch.backward", "average_duration": 0.12470796298245232, "n_events": 389, "total_time": 48.51139760017395}, "batch.evaluate": {"label": "batch.evaluate", "average_duration": 0.0005535999729578171, "n_events": 389, "total_time": 0.21535038948059082}, "batch.forward": {"label": "batch.forward", "average_duration": 0.0416220809622718, "n_events": 389, "total_time": 16.19098949432373}, "batch.reduce": {"label": "batch.reduce", "average_duration": 0.011024512742695055, "n_events": 38, "total_time": 0.4189314842224121}, "batch.step": {"label": "batch.step", "average_duration": 0.008563855006946083, "n_events": 389, "total_time": 3.3313395977020264}, "epoch_metrics.collect": {"label": "epoch_metrics.collect", "average_duration": 0.008249282836914062, "n_events": 1, "total_time": 0.008249282836914062}, "reduce.compress": {"label": "reduce.compress", "average_duration": 0.0009046730242277446, "n_events": 38, "total_time": 0.0343775749206543}, "reduce.decompress": {"label": "reduce.decompress", "average_duration": 0.00020173976295872738, "n_events": 38, "total_time": 0.007666110992431641}, "reduce.flat_pack": {"label": "reduce.flat_pack", "average_duration": 0.0009016614211233039, "n_events": 38, "total_time": 0.03426313400268555}, "reduce.norm": {"label": "reduce.norm", "average_duration": 0.0003658407612850792, "n_events": 38, "total_time": 0.013901948928833008}, "reduce.reduce.vector": {"label": "reduce.reduce.vector", "average_duration": 0.00011721410249408923, "n_events": 38, "total_time": 0.004454135894775391}, "reduce.setgrad": {"label": "reduce.setgrad", "average_duration": 0.00810818923147101, "n_events": 38, "total_time": 0.30811119079589844}, "test.last": {"label": "test.last", "average_duration": 2.6638031005859375, "n_events": 1, "total_time": 2.6638031005859375}}