{"batch": {"label": "batch", "average_duration": 0.039430234830739534, "n_events": 29249, "total_time": 1153.2949385643005}, "batch.accumulate": {"label": "batch.accumulate", "average_duration": 0.0012335572455756854, "n_events": 291, "total_time": 0.3589651584625244}, "batch.backward": {"label": "batch.backward", "average_duration": 0.022561912475649062, "n_events": 29249, "total_time": 659.9133780002594}, "batch.evaluate": {"label": "batch.evaluate", "average_duration": 0.000695923315471631, "n_events": 29249, "total_time": 20.355061054229736}, "batch.forward": {"label": "batch.forward", "average_duration": 0.01143225487564245, "n_events": 29249, "total_time": 334.382022857666}, "batch.reduce": {"label": "batch.reduce", "average_duration": 0.008024106730300537, "n_events": 291, "total_time": 2.335015058517456}, "batch.step": {"label": "batch.step", "average_duration": 0.0029984600968090114, "n_events": 29249, "total_time": 87.70195937156677}, "epoch_metrics.collect": {"label": "epoch_metrics.collect", "average_duration": 0.0024827150690475567, "n_events": 149, "total_time": 0.36992454528808594}, "reduce.compress": {"label": "reduce.compress", "average_duration": 0.0008259196461680828, "n_events": 291, "total_time": 0.2403426170349121}, "reduce.decompress": {"label": "reduce.decompress", "average_duration": 0.00010670009757235287, "n_events": 291, "total_time": 0.031049728393554688}, "reduce.flat_pack": {"label": "reduce.flat_pack", "average_duration": 0.0008574687328535257, "n_events": 291, "total_time": 0.24952340126037598}, "reduce.norm": {"label": "reduce.norm", "average_duration": 0.001099043285723814, "n_events": 291, "total_time": 0.3198215961456299}, "reduce.reduce.vector": {"label": "reduce.reduce.vector", "average_duration": 0.00048266079827272607, "n_events": 291, "total_time": 0.14045429229736328}, "reduce.setgrad": {"label": "reduce.setgrad", "average_duration": 0.004063941359110305, "n_events": 291, "total_time": 1.1826069355010986}, "test.last": {"label": "test.last", "average_duration": 0.9281080953226793, "n_events": 149, "total_time": 138.28810620307922}}