{"batch": {"label": "batch", "average_duration": 0.19768374661604562, "n_events": 96, "total_time": 18.97763967514038}, "batch.accumulate": {"label": "batch.accumulate", "average_duration": 0.0029053539037704468, "n_events": 96, "total_time": 0.2789139747619629}, "batch.backward": {"label": "batch.backward", "average_duration": 0.022945548097292583, "n_events": 96, "total_time": 2.202772617340088}, "batch.evaluate": {"label": "batch.evaluate", "average_duration": 0.11957347144683202, "n_events": 96, "total_time": 11.479053258895874}, "batch.forward": {"label": "batch.forward", "average_duration": 0.023604025443394978, "n_events": 96, "total_time": 2.265986442565918}, "batch.reduce": {"label": "batch.reduce", "average_duration": 0.010115593671798706, "n_events": 96, "total_time": 0.9710969924926758}, "batch.step": {"label": "batch.step", "average_duration": 0.009696175654729208, "n_events": 96, "total_time": 0.9308328628540039}, "reduce.allreduce": {"label": "reduce.allreduce", "average_duration": 0.00931407262881597, "n_events": 96, "total_time": 0.894150972366333}, "reduce.flat_pack": {"label": "reduce.flat_pack", "average_duration": 0.0006932690739631653, "n_events": 96, "total_time": 0.06655383110046387}}