{"batch": {"label": "batch", "average_duration": 0.1951937104264895, "n_events": 96, "total_time": 18.738596200942993}, "batch.accumulate": {"label": "batch.accumulate", "average_duration": 0.0027193625768025718, "n_events": 96, "total_time": 0.2610588073730469}, "batch.backward": {"label": "batch.backward", "average_duration": 0.12155929704507192, "n_events": 96, "total_time": 11.669692516326904}, "batch.evaluate": {"label": "batch.evaluate", "average_duration": 0.0008175199230511984, "n_events": 96, "total_time": 0.07848191261291504}, "batch.forward": {"label": "batch.forward", "average_duration": 0.04101332277059555, "n_events": 96, "total_time": 3.937278985977173}, "batch.reduce": {"label": "batch.reduce", "average_duration": 0.012252087394396463, "n_events": 96, "total_time": 1.1762003898620605}, "batch.step": {"label": "batch.step", "average_duration": 0.008172730604807535, "n_events": 96, "total_time": 0.7845821380615234}, "reduce.allreduce": {"label": "reduce.allreduce", "average_duration": 0.011136154333750406, "n_events": 96, "total_time": 1.069070816040039}, "reduce.flat_pack": {"label": "reduce.flat_pack", "average_duration": 0.0010084981719652812, "n_events": 96, "total_time": 0.09681582450866699}}