{"batch": {"label": "batch", "average_duration": 0.20541614790757498, "n_events": 96, "total_time": 19.719950199127197}, "batch.accumulate": {"label": "batch.accumulate", "average_duration": 0.003178622987535265, "n_events": 18, "total_time": 0.057215213775634766}, "batch.backward": {"label": "batch.backward", "average_duration": 0.02491540213425954, "n_events": 96, "total_time": 2.391878604888916}, "batch.evaluate": {"label": "batch.evaluate", "average_duration": 0.11487244814634323, "n_events": 96, "total_time": 11.02775502204895}, "batch.forward": {"label": "batch.forward", "average_duration": 0.02545275290807088, "n_events": 96, "total_time": 2.4434642791748047}, "batch.reduce": {"label": "batch.reduce", "average_duration": 0.014445781707763672, "n_events": 18, "total_time": 0.2600240707397461}, "batch.step": {"label": "batch.step", "average_duration": 0.009386221567789713, "n_events": 96, "total_time": 0.9010772705078125}, "reduce.compress": {"label": "reduce.compress", "average_duration": 0.0004089143541124132, "n_events": 18, "total_time": 0.0073604583740234375}, "reduce.decompress": {"label": "reduce.decompress", "average_duration": 8.502271440294053e-05, "n_events": 18, "total_time": 0.0015304088592529297}, "reduce.flat_pack": {"label": "reduce.flat_pack", "average_duration": 0.0007430844836764865, "n_events": 18, "total_time": 0.013375520706176758}, "reduce.norm": {"label": "reduce.norm", "average_duration": 0.0033904314041137695, "n_events": 18, "total_time": 0.06102776527404785}, "reduce.reduce.vector": {"label": "reduce.reduce.vector", "average_duration": 0.00014101134406195747, "n_events": 18, "total_time": 0.0025382041931152344}, "reduce.setgrad": {"label": "reduce.setgrad", "average_duration": 0.009127484427558051, "n_events": 18, "total_time": 0.16429471969604492}, "reduce_times": [1.7498786449432373, 0.014275550842285156, 0.017558574676513672, 0.011182546615600586, 0.022235393524169922, 0.015445709228515625, 0.018094778060913086, 0.019997596740722656, 0.01158905029296875, 0.015801191329956055, 0.011748790740966797, 0.011813640594482422, 0.011683940887451172, 0.011668682098388672, 0.012349843978881836, 0.011116743087768555, 0.011898994445800781, 0.013336896896362305, 0.018226146697998047]}