{"batch": {"label": "batch", "average_duration": 0.19160798418110814, "n_events": 290, "total_time": 55.56631541252136}, "batch.accumulate": {"label": "batch.accumulate", "average_duration": 0.0031159453921847874, "n_events": 18, "total_time": 0.05608701705932617}, "batch.backward": {"label": "batch.backward", "average_duration": 0.025639839007936677, "n_events": 290, "total_time": 7.435553312301636}, "batch.evaluate": {"label": "batch.evaluate", "average_duration": 0.11685016648522739, "n_events": 290, "total_time": 33.88654828071594}, "batch.forward": {"label": "batch.forward", "average_duration": 0.023577611199740705, "n_events": 290, "total_time": 6.837507247924805}, "batch.reduce": {"label": "batch.reduce", "average_duration": 0.022637367248535156, "n_events": 18, "total_time": 0.4074726104736328}, "batch.step": {"label": "batch.step", "average_duration": 0.009360137479058627, "n_events": 290, "total_time": 2.714439868927002}, "epoch_metrics.collect": {"label": "epoch_metrics.collect", "average_duration": 0.001125931739807129, "n_events": 2, "total_time": 0.002251863479614258}, "reduce.compress": {"label": "reduce.compress", "average_duration": 0.0004336304134792752, "n_events": 18, "total_time": 0.007805347442626953}, "reduce.decompress": {"label": "reduce.decompress", "average_duration": 8.637375301784939e-05, "n_events": 18, "total_time": 0.001554727554321289}, "reduce.flat_pack": {"label": "reduce.flat_pack", "average_duration": 0.0007526079813639323, "n_events": 18, "total_time": 0.013546943664550781}, "reduce.norm": {"label": "reduce.norm", "average_duration": 0.011672099431355795, "n_events": 18, "total_time": 0.2100977897644043}, "reduce.reduce.vector": {"label": "reduce.reduce.vector", "average_duration": 0.0001472632090250651, "n_events": 18, "total_time": 0.002650737762451172}, "reduce.setgrad": {"label": "reduce.setgrad", "average_duration": 0.009007069799635146, "n_events": 18, "total_time": 0.16212725639343262}, "test.last": {"label": "test.last", "average_duration": 1.484259843826294, "n_events": 2, "total_time": 2.968519687652588}, "reduce_times": [1.7806634902954102, 0.02438974380493164, 0.033013343811035156, 0.0309598445892334, 0.02977728843688965, 0.043119192123413086, 0.012105464935302734, 0.011482477188110352, 0.01729130744934082, 0.011465072631835938, 0.02227926254272461, 0.020818471908569336, 0.025357484817504883, 0.011659622192382812, 0.011552572250366211, 0.02178192138671875, 0.05547595024108887, 0.01329183578491211, 0.011651754379272461]}