{"batch": {"label": "batch", "average_duration": 0.19144713220925166, "n_events": 290, "total_time": 55.51966834068298}, "batch.accumulate": {"label": "batch.accumulate", "average_duration": 0.003009756406148275, "n_events": 18, "total_time": 0.054175615310668945}, "batch.backward": {"label": "batch.backward", "average_duration": 0.025706999877403523, "n_events": 290, "total_time": 7.4550299644470215}, "batch.evaluate": {"label": "batch.evaluate", "average_duration": 0.1138927410388815, "n_events": 290, "total_time": 33.028894901275635}, "batch.forward": {"label": "batch.forward", "average_duration": 0.02380995092720821, "n_events": 290, "total_time": 6.904885768890381}, "batch.reduce": {"label": "batch.reduce", "average_duration": 0.06900221771664089, "n_events": 18, "total_time": 1.2420399188995361}, "batch.step": {"label": "batch.step", "average_duration": 0.009140384608301622, "n_events": 290, "total_time": 2.6507115364074707}, "epoch_metrics.collect": {"label": "epoch_metrics.collect", "average_duration": 0.03373146057128906, "n_events": 2, "total_time": 0.06746292114257812}, "reduce.compress": {"label": "reduce.compress", "average_duration": 0.00042589505513509113, "n_events": 18, "total_time": 0.007666110992431641}, "reduce.decompress": {"label": "reduce.decompress", "average_duration": 9.026792314317491e-05, "n_events": 18, "total_time": 0.0016248226165771484}, "reduce.flat_pack": {"label": "reduce.flat_pack", "average_duration": 0.0007720523410373264, "n_events": 18, "total_time": 0.013896942138671875}, "reduce.norm": {"label": "reduce.norm", "average_duration": 0.05825559298197428, "n_events": 18, "total_time": 1.048600673675537}, "reduce.reduce.vector": {"label": "reduce.reduce.vector", "average_duration": 0.00014677312639024522, "n_events": 18, "total_time": 0.002641916275024414}, "reduce.setgrad": {"label": "reduce.setgrad", "average_duration": 0.008760399288601346, "n_events": 18, "total_time": 0.15768718719482422}, "test.last": {"label": "test.last", "average_duration": 1.4840928316116333, "n_events": 2, "total_time": 2.9681856632232666}, "reduce_times": [1.782984733581543, 0.06143617630004883, 0.06401753425598145, 0.07025814056396484, 0.061426401138305664, 0.11635327339172363, 0.07353067398071289, 0.05155444145202637, 0.05647587776184082, 0.04817342758178711, 0.06417512893676758, 0.06630849838256836, 0.0393986701965332, 0.10429930686950684, 0.059461116790771484, 0.07282137870788574, 0.10446476936340332, 0.060791969299316406, 0.0670931339263916]}