{"batch": {"label": "batch", "average_duration": 0.19159523454205743, "n_events": 290, "total_time": 55.562618017196655}, "batch.accumulate": {"label": "batch.accumulate", "average_duration": 0.002998126877678765, "n_events": 18, "total_time": 0.05396628379821777}, "batch.backward": {"label": "batch.backward", "average_duration": 0.0249865277060147, "n_events": 290, "total_time": 7.246093034744263}, "batch.evaluate": {"label": "batch.evaluate", "average_duration": 0.1151095595853082, "n_events": 290, "total_time": 33.38177227973938}, "batch.forward": {"label": "batch.forward", "average_duration": 0.024410528150098077, "n_events": 290, "total_time": 7.079053163528442}, "batch.reduce": {"label": "batch.reduce", "average_duration": 0.04389891359541151, "n_events": 18, "total_time": 0.7901804447174072}, "batch.step": {"label": "batch.step", "average_duration": 0.009355627257248452, "n_events": 290, "total_time": 2.713131904602051}, "epoch_metrics.collect": {"label": "epoch_metrics.collect", "average_duration": 0.009438395500183105, "n_events": 2, "total_time": 0.01887679100036621}, "reduce.compress": {"label": "reduce.compress", "average_duration": 0.0004374451107449002, "n_events": 18, "total_time": 0.007874011993408203}, "reduce.decompress": {"label": "reduce.decompress", "average_duration": 9.054607815212673e-05, "n_events": 18, "total_time": 0.0016298294067382812}, "reduce.flat_pack": {"label": "reduce.flat_pack", "average_duration": 0.0007708602481418186, "n_events": 18, "total_time": 0.013875484466552734}, "reduce.norm": {"label": "reduce.norm", "average_duration": 0.0325492885377672, "n_events": 18, "total_time": 0.5858871936798096}, "reduce.reduce.vector": {"label": "reduce.reduce.vector", "average_duration": 0.00014885266621907553, "n_events": 18, "total_time": 0.0026793479919433594}, "reduce.setgrad": {"label": "reduce.setgrad", "average_duration": 0.009343597624037001, "n_events": 18, "total_time": 0.16818475723266602}, "test.last": {"label": "test.last", "average_duration": 1.4842588901519775, "n_events": 2, "total_time": 2.968517780303955}, "reduce_times": [1.804490327835083, 0.04691505432128906, 0.049829721450805664, 0.06534409523010254, 0.06240558624267578, 0.08745861053466797, 0.05245161056518555, 0.037548065185546875, 0.045462846755981445, 0.04787945747375488, 0.015720367431640625, 0.011526346206665039, 0.012286186218261719, 0.08898210525512695, 0.06897926330566406, 0.011993169784545898, 0.011980772018432617, 0.03656435012817383, 0.03685283660888672]}