{"batch": {"label": "batch", "average_duration": 0.1914353452879807, "n_events": 290, "total_time": 55.516250133514404}, "batch.accumulate": {"label": "batch.accumulate", "average_duration": 0.0031549400753445095, "n_events": 18, "total_time": 0.05678892135620117}, "batch.backward": {"label": "batch.backward", "average_duration": 0.12355394692256533, "n_events": 290, "total_time": 35.830644607543945}, "batch.evaluate": {"label": "batch.evaluate", "average_duration": 0.0007388805520945581, "n_events": 290, "total_time": 0.21427536010742188}, "batch.forward": {"label": "batch.forward", "average_duration": 0.041425436940686455, "n_events": 290, "total_time": 12.013376712799072}, "batch.reduce": {"label": "batch.reduce", "average_duration": 0.025445196363661025, "n_events": 18, "total_time": 0.45801353454589844}, "batch.step": {"label": "batch.step", "average_duration": 0.009847069608754125, "n_events": 290, "total_time": 2.8556501865386963}, "epoch_metrics.collect": {"label": "epoch_metrics.collect", "average_duration": 0.010946869850158691, "n_events": 2, "total_time": 0.021893739700317383}, "reduce.compress": {"label": "reduce.compress", "average_duration": 0.0004291137059529622, "n_events": 18, "total_time": 0.00772404670715332}, "reduce.decompress": {"label": "reduce.decompress", "average_duration": 8.916854858398438e-05, "n_events": 18, "total_time": 0.0016050338745117188}, "reduce.flat_pack": {"label": "reduce.flat_pack", "average_duration": 0.0010166035758124457, "n_events": 18, "total_time": 0.018298864364624023}, "reduce.norm": {"label": "reduce.norm", "average_duration": 0.013596587710910372, "n_events": 18, "total_time": 0.24473857879638672}, "reduce.reduce.vector": {"label": "reduce.reduce.vector", "average_duration": 0.00018901295132107206, "n_events": 18, "total_time": 0.003402233123779297}, "reduce.setgrad": {"label": "reduce.setgrad", "average_duration": 0.009629050890604654, "n_events": 18, "total_time": 0.1733229160308838}, "test.last": {"label": "test.last", "average_duration": 1.4842822551727295, "n_events": 2, "total_time": 2.968564510345459}, "reduce_times": [1.5911641120910645, 0.013681650161743164, 0.012542486190795898, 0.012580633163452148, 0.012487173080444336, 0.01184701919555664, 0.07910847663879395, 0.01316380500793457, 0.011931419372558594, 0.016341209411621094, 0.012226343154907227, 0.012617111206054688, 0.07190823554992676, 0.04895973205566406, 0.01907968521118164, 0.025943279266357422, 0.05976128578186035, 0.011991500854492188, 0.011842489242553711]}