{"batch": {"label": "batch", "average_duration": 0.08178924861019604, "n_events": 584, "total_time": 47.76492118835449}, "batch.accumulate": {"label": "batch.accumulate", "average_duration": 0.0009850012628655684, "n_events": 38, "total_time": 0.0374300479888916}, "batch.backward": {"label": "batch.backward", "average_duration": 0.06696502394872168, "n_events": 584, "total_time": 39.10757398605347}, "batch.evaluate": {"label": "batch.evaluate", "average_duration": 0.0011576026269834335, "n_events": 584, "total_time": 0.6760399341583252}, "batch.forward": {"label": "batch.forward", "average_duration": 0.006501166379615052, "n_events": 584, "total_time": 3.7966811656951904}, "batch.reduce": {"label": "batch.reduce", "average_duration": 0.007736557408383018, "n_events": 38, "total_time": 0.2939891815185547}, "batch.step": {"label": "batch.step", "average_duration": 0.0035141318628232774, "n_events": 584, "total_time": 2.052253007888794}, "epoch_metrics.collect": {"label": "epoch_metrics.collect", "average_duration": 0.005148053169250488, "n_events": 2, "total_time": 0.010296106338500977}, "reduce.compress": {"label": "reduce.compress", "average_duration": 0.0021027577550787675, "n_events": 38, "total_time": 0.07990479469299316}, "reduce.decompress": {"label": "reduce.decompress", "average_duration": 0.0002212649897525185, "n_events": 38, "total_time": 0.008408069610595703}, "reduce.flat_pack": {"label": "reduce.flat_pack", "average_duration": 0.0006339236309653835, "n_events": 38, "total_time": 0.02408909797668457}, "reduce.norm": {"label": "reduce.norm", "average_duration": 0.0006185456326133327, "n_events": 38, "total_time": 0.02350473403930664}, "reduce.reduce.vector": {"label": "reduce.reduce.vector", "average_duration": 0.0009878685599879215, "n_events": 38, "total_time": 0.037539005279541016}, "reduce.setgrad": {"label": "reduce.setgrad", "average_duration": 0.002884657759415476, "n_events": 38, "total_time": 0.10961699485778809}, "test.last": {"label": "test.last", "average_duration": 2.3439401388168335, "n_events": 2, "total_time": 4.687880277633667}}