{"batch": {"label": "batch", "average_duration": 0.15001477338065786, "n_events": 484, "total_time": 72.6071503162384}, "batch.accumulate": {"label": "batch.accumulate", "average_duration": 0.0007650172414858479, "n_events": 484, "total_time": 0.3702683448791504}, "batch.backward": {"label": "batch.backward", "average_duration": 0.0637422322241728, "n_events": 484, "total_time": 30.851240396499634}, "batch.evaluate": {"label": "batch.evaluate", "average_duration": 0.0005646958824031609, "n_events": 484, "total_time": 0.2733128070831299}, "batch.forward": {"label": "batch.forward", "average_duration": 0.05429355073566279, "n_events": 484, "total_time": 26.27807855606079}, "batch.reduce": {"label": "batch.reduce", "average_duration": 0.02572810354311604, "n_events": 484, "total_time": 12.452402114868164}, "batch.step": {"label": "batch.step", "average_duration": 0.0034460622417040107, "n_events": 484, "total_time": 1.6678941249847412}, "epoch_metrics.collect": {"label": "epoch_metrics.collect", "average_duration": 0.005770564079284668, "n_events": 4, "total_time": 0.023082256317138672}, "reduce.compress": {"label": "reduce.compress", "average_duration": 0.00209642885145077, "n_events": 484, "total_time": 1.0146715641021729}, "reduce.decompress": {"label": "reduce.decompress", "average_duration": 0.00029909709268365026, "n_events": 484, "total_time": 0.14476299285888672}, "reduce.flat_pack": {"label": "reduce.flat_pack", "average_duration": 0.0003640095064462709, "n_events": 484, "total_time": 0.17618060111999512}, "reduce.norm": {"label": "reduce.norm", "average_duration": 0.0018175071921230348, "n_events": 484, "total_time": 0.8796734809875488}, "reduce.reduce.vector": {"label": "reduce.reduce.vector", "average_duration": 0.018358158671166285, "n_events": 484, "total_time": 8.885348796844482}, "reduce.setgrad": {"label": "reduce.setgrad", "average_duration": 0.002425304621704354, "n_events": 484, "total_time": 1.1738474369049072}, "test.last": {"label": "test.last", "average_duration": 1.1703972816467285, "n_events": 4, "total_time": 4.681589126586914}}