{"batch": {"label": "batch", "average_duration": 0.24355558521491438, "n_events": 484, "total_time": 117.88090324401855}, "batch.accumulate": {"label": "batch.accumulate", "average_duration": 0.0019407651641152122, "n_events": 484, "total_time": 0.9393303394317627}, "batch.backward": {"label": "batch.backward", "average_duration": 0.12299803613631194, "n_events": 484, "total_time": 59.531049489974976}, "batch.evaluate": {"label": "batch.evaluate", "average_duration": 0.000665946932863598, "n_events": 484, "total_time": 0.32231831550598145}, "batch.forward": {"label": "batch.forward", "average_duration": 0.05988854810226062, "n_events": 484, "total_time": 28.98605728149414}, "batch.reduce": {"label": "batch.reduce", "average_duration": 0.0461336290540774, "n_events": 484, "total_time": 22.328676462173462}, "batch.step": {"label": "batch.step", "average_duration": 0.008059006584577325, "n_events": 484, "total_time": 3.900559186935425}, "epoch_metrics.collect": {"label": "epoch_metrics.collect", "average_duration": 0.01080232858657837, "n_events": 4, "total_time": 0.04320931434631348}, "reduce.allocate_memory": {"label": "reduce.allocate_memory", "average_duration": 0.0007465388164047367, "n_events": 484, "total_time": 0.3613247871398926}, "reduce.compute.p": {"label": "reduce.compute.p", "average_duration": 0.0016397252555721063, "n_events": 484, "total_time": 0.7936270236968994}, "reduce.compute.q": {"label": "reduce.compute.q", "average_duration": 0.0018287123727404383, "n_events": 484, "total_time": 0.8850967884063721}, "reduce.normalize.p": {"label": "reduce.normalize.p", "average_duration": 0.013081218092894751, "n_events": 484, "total_time": 6.33130955696106}, "reduce.outerprod": {"label": "reduce.outerprod", "average_duration": 0.003509821970600727, "n_events": 484, "total_time": 1.698753833770752}, "reduce.p": {"label": "reduce.p", "average_duration": 0.010681631643910054, "n_events": 484, "total_time": 5.169909715652466}, "reduce.prepare.q": {"label": "reduce.prepare.q", "average_duration": 0.0006800407220509427, "n_events": 484, "total_time": 0.32913970947265625}, "reduce.q": {"label": "reduce.q", "average_duration": 0.004675977978824584, "n_events": 484, "total_time": 2.2631733417510986}, "reduce.rank1.all_reduce": {"label": "reduce.rank1.all_reduce", "average_duration": 0.0018647623456214085, "n_events": 484, "total_time": 0.9025449752807617}, "reduce.rank1.pack": {"label": "reduce.rank1.pack", "average_duration": 0.00040484459932185404, "n_events": 484, "total_time": 0.19594478607177734}, "reduce.rank1.unpack": {"label": "reduce.rank1.unpack", "average_duration": 0.0017748805117015997, "n_events": 484, "total_time": 0.8590421676635742}, "test.last": {"label": "test.last", "average_duration": 1.4324907660484314, "n_events": 4, "total_time": 5.729963064193726}}