{"batch": {"label": "batch", "average_duration": 0.1866622343659401, "n_events": 96, "total_time": 17.91957449913025}, "batch.accumulate": {"label": "batch.accumulate", "average_duration": 0.0028267171647813586, "n_events": 18, "total_time": 0.05088090896606445}, "batch.backward": {"label": "batch.backward", "average_duration": 0.12420928478240967, "n_events": 96, "total_time": 11.924091339111328}, "batch.evaluate": {"label": "batch.evaluate", "average_duration": 0.0006236955523490906, "n_events": 96, "total_time": 0.059874773025512695}, "batch.forward": {"label": "batch.forward", "average_duration": 0.04146717737118403, "n_events": 96, "total_time": 3.980849027633667}, "batch.reduce": {"label": "batch.reduce", "average_duration": 0.014658133188883463, "n_events": 18, "total_time": 0.26384639739990234}, "batch.step": {"label": "batch.step", "average_duration": 0.008315948148568472, "n_events": 96, "total_time": 0.7983310222625732}, "reduce.compress": {"label": "reduce.compress", "average_duration": 0.0032722155253092446, "n_events": 18, "total_time": 0.058899879455566406}, "reduce.decompress": {"label": "reduce.decompress", "average_duration": 0.00029047330220540363, "n_events": 18, "total_time": 0.005228519439697266}, "reduce.flat_pack": {"label": "reduce.flat_pack", "average_duration": 0.0008975399865044488, "n_events": 18, "total_time": 0.016155719757080078}, "reduce.norm": {"label": "reduce.norm", "average_duration": 0.0006466706593831381, "n_events": 18, "total_time": 0.011640071868896484}, "reduce.reduce.vector": {"label": "reduce.reduce.vector", "average_duration": 0.0007263289557562934, "n_events": 18, "total_time": 0.013073921203613281}, "reduce.setgrad": {"label": "reduce.setgrad", "average_duration": 0.008517516983879937, "n_events": 18, "total_time": 0.15331530570983887}}