{"batch": {"label": "batch", "average_duration": 0.18622612337117356, "n_events": 387, "total_time": 72.06950974464417}, "batch.accumulate": {"label": "batch.accumulate", "average_duration": 0.003016127480400933, "n_events": 18, "total_time": 0.0542902946472168}, "batch.backward": {"label": "batch.backward", "average_duration": 0.025052788337687804, "n_events": 387, "total_time": 9.69542908668518}, "batch.evaluate": {"label": "batch.evaluate", "average_duration": 0.11582835453733302, "n_events": 387, "total_time": 44.825573205947876}, "batch.forward": {"label": "batch.forward", "average_duration": 0.02380093061954784, "n_events": 387, "total_time": 9.210960149765015}, "batch.reduce": {"label": "batch.reduce", "average_duration": 0.07509181234571669, "n_events": 18, "total_time": 1.3516526222229004}, "batch.step": {"label": "batch.step", "average_duration": 0.008967020098861182, "n_events": 387, "total_time": 3.4702367782592773}, "epoch_metrics.collect": {"label": "epoch_metrics.collect", "average_duration": 0.028101126352945965, "n_events": 3, "total_time": 0.08430337905883789}, "reduce.compress": {"label": "reduce.compress", "average_duration": 0.0010666847229003906, "n_events": 18, "total_time": 0.01920032501220703}, "reduce.decompress": {"label": "reduce.decompress", "average_duration": 0.00022586186726888022, "n_events": 18, "total_time": 0.004065513610839844}, "reduce.flat_pack": {"label": "reduce.flat_pack", "average_duration": 0.000770462883843316, "n_events": 18, "total_time": 0.013868331909179688}, "reduce.norm": {"label": "reduce.norm", "average_duration": 0.06321605046590169, "n_events": 18, "total_time": 1.1378889083862305}, "reduce.reduce.vector": {"label": "reduce.reduce.vector", "average_duration": 0.00012999110751681856, "n_events": 18, "total_time": 0.0023398399353027344}, "reduce.setgrad": {"label": "reduce.setgrad", "average_duration": 0.009341955184936523, "n_events": 18, "total_time": 0.16815519332885742}, "test.last": {"label": "test.last", "average_duration": 1.5016457239786785, "n_events": 3, "total_time": 4.504937171936035}, "reduce_times": [0.1915886402130127, 0.06162905693054199, 0.09094905853271484, 0.11964011192321777, 0.054250240325927734, 0.08684897422790527, 0.07937288284301758, 0.07939529418945312, 0.06734704971313477, 0.041986703872680664, 0.10965204238891602, 0.029819726943969727, 0.07209944725036621, 0.0787653923034668, 0.039881229400634766, 0.0869455337524414, 0.08216166496276855, 0.08083391189575195, 0.09007430076599121]}