{"batch": {"label": "batch", "average_duration": 0.18590707495539072, "n_events": 387, "total_time": 71.9460380077362}, "batch.accumulate": {"label": "batch.accumulate", "average_duration": 0.0030261940426296657, "n_events": 18, "total_time": 0.054471492767333984}, "batch.backward": {"label": "batch.backward", "average_duration": 0.025609618317557245, "n_events": 387, "total_time": 9.910922288894653}, "batch.evaluate": {"label": "batch.evaluate", "average_duration": 0.11445514607491111, "n_events": 387, "total_time": 44.2941415309906}, "batch.forward": {"label": "batch.forward", "average_duration": 0.023611155591269795, "n_events": 387, "total_time": 9.137517213821411}, "batch.reduce": {"label": "batch.reduce", "average_duration": 0.09292585319942898, "n_events": 18, "total_time": 1.6726653575897217}, "batch.step": {"label": "batch.step", "average_duration": 0.009075379186822462, "n_events": 387, "total_time": 3.512171745300293}, "epoch_metrics.collect": {"label": "epoch_metrics.collect", "average_duration": 0.03746239344278971, "n_events": 3, "total_time": 0.11238718032836914}, "reduce.compress": {"label": "reduce.compress", "average_duration": 0.0010464191436767578, "n_events": 18, "total_time": 0.01883554458618164}, "reduce.decompress": {"label": "reduce.decompress", "average_duration": 0.0002307362026638455, "n_events": 18, "total_time": 0.004153251647949219}, "reduce.flat_pack": {"label": "reduce.flat_pack", "average_duration": 0.000771694713168674, "n_events": 18, "total_time": 0.013890504837036133}, "reduce.norm": {"label": "reduce.norm", "average_duration": 0.08153155114915636, "n_events": 18, "total_time": 1.4675679206848145}, "reduce.reduce.vector": {"label": "reduce.reduce.vector", "average_duration": 0.00013332896762424044, "n_events": 18, "total_time": 0.002399921417236328}, "reduce.setgrad": {"label": "reduce.setgrad", "average_duration": 0.008870561917622885, "n_events": 18, "total_time": 0.15967011451721191}, "test.last": {"label": "test.last", "average_duration": 1.5016177495320637, "n_events": 3, "total_time": 4.504853248596191}, "reduce_times": [0.17202067375183105, 0.07242107391357422, 0.10954999923706055, 0.13898229598999023, 0.026148080825805664, 0.13494396209716797, 0.09400486946105957, 0.09162116050720215, 0.07330131530761719, 0.020911216735839844, 0.1224813461303711, 0.06407403945922852, 0.0806577205657959, 0.08156180381774902, 0.1112058162689209, 0.11967110633850098, 0.11516666412353516, 0.11103010177612305, 0.10493278503417969]}