{"batch": {"label": "batch", "average_duration": 0.1981378904322988, "n_events": 194, "total_time": 38.43875074386597}, "batch.accumulate": {"label": "batch.accumulate", "average_duration": 0.0028490958754549323, "n_events": 194, "total_time": 0.5527245998382568}, "batch.backward": {"label": "batch.backward", "average_duration": 0.12431708439109251, "n_events": 194, "total_time": 24.11751437187195}, "batch.evaluate": {"label": "batch.evaluate", "average_duration": 0.0006132347067606818, "n_events": 194, "total_time": 0.11896753311157227}, "batch.forward": {"label": "batch.forward", "average_duration": 0.041457378987184504, "n_events": 194, "total_time": 8.042731523513794}, "batch.reduce": {"label": "batch.reduce", "average_duration": 0.011320625383829334, "n_events": 194, "total_time": 2.1962013244628906}, "batch.step": {"label": "batch.step", "average_duration": 0.009291933983871617, "n_events": 194, "total_time": 1.8026351928710938}, "reduce.compress": {"label": "reduce.compress", "average_duration": 0.0003886517790174976, "n_events": 194, "total_time": 0.07539844512939453}, "reduce.decompress": {"label": "reduce.decompress", "average_duration": 8.557875131823352e-05, "n_events": 194, "total_time": 0.016602277755737305}, "reduce.flat_pack": {"label": "reduce.flat_pack", "average_duration": 0.0008710635077093065, "n_events": 194, "total_time": 0.16898632049560547}, "reduce.norm": {"label": "reduce.norm", "average_duration": 0.0003329441719448444, "n_events": 194, "total_time": 0.0645911693572998}, "reduce.reduce.vector": {"label": "reduce.reduce.vector", "average_duration": 0.000136621219595683, "n_events": 194, "total_time": 0.0265045166015625}, "reduce.setgrad": {"label": "reduce.setgrad", "average_duration": 0.009087825558849216, "n_events": 194, "total_time": 1.763038158416748}}