{"batch": {"label": "batch", "average_duration": 0.028778345131677045, "n_events": 484, "total_time": 13.92871904373169}, "batch.accumulate": {"label": "batch.accumulate", "average_duration": 0.0007771795446222478, "n_events": 484, "total_time": 0.37615489959716797}, "batch.backward": {"label": "batch.backward", "average_duration": 0.012778998406465389, "n_events": 484, "total_time": 6.185035228729248}, "batch.evaluate": {"label": "batch.evaluate", "average_duration": 0.0011129965466901291, "n_events": 484, "total_time": 0.5386903285980225}, "batch.forward": {"label": "batch.forward", "average_duration": 0.0055742411574056325, "n_events": 484, "total_time": 2.697932720184326}, "batch.reduce": {"label": "batch.reduce", "average_duration": 0.0042282308428740695, "n_events": 484, "total_time": 2.04646372795105}, "batch.step": {"label": "batch.step", "average_duration": 0.0028454937225530956, "n_events": 484, "total_time": 1.3772189617156982}, "epoch_metrics.collect": {"label": "epoch_metrics.collect", "average_duration": 0.00572282075881958, "n_events": 4, "total_time": 0.02289128303527832}, "reduce.allreduce": {"label": "reduce.allreduce", "average_duration": 0.003187683003007873, "n_events": 484, "total_time": 1.5428385734558105}, "reduce.flat_pack": {"label": "reduce.flat_pack", "average_duration": 0.0009494148010064748, "n_events": 484, "total_time": 0.4595167636871338}, "test.last": {"label": "test.last", "average_duration": 0.4500696659088135, "n_events": 4, "total_time": 1.800278663635254}}