{"batch": {"label": "batch", "average_duration": 0.08444873546731883, "n_events": 290, "total_time": 24.49013328552246}, "batch.accumulate": {"label": "batch.accumulate", "average_duration": 0.001106156243218316, "n_events": 18, "total_time": 0.019910812377929688}, "batch.backward": {"label": "batch.backward", "average_duration": 0.006385279523915258, "n_events": 290, "total_time": 1.8517310619354248}, "batch.evaluate": {"label": "batch.evaluate", "average_duration": 0.06007725288128031, "n_events": 290, "total_time": 17.42240333557129}, "batch.forward": {"label": "batch.forward", "average_duration": 0.005669955549568966, "n_events": 290, "total_time": 1.644287109375}, "batch.reduce": {"label": "batch.reduce", "average_duration": 0.0360924932691786, "n_events": 18, "total_time": 0.6496648788452148}, "batch.step": {"label": "batch.step", "average_duration": 0.003216924338505186, "n_events": 290, "total_time": 0.9329080581665039}, "epoch_metrics.collect": {"label": "epoch_metrics.collect", "average_duration": 0.016625046730041504, "n_events": 2, "total_time": 0.03325009346008301}, "reduce.compress": {"label": "reduce.compress", "average_duration": 0.0004265573289659288, "n_events": 18, "total_time": 0.007678031921386719}, "reduce.decompress": {"label": "reduce.decompress", "average_duration": 8.923477596706814e-05, "n_events": 18, "total_time": 0.0016062259674072266}, "reduce.flat_pack": {"label": "reduce.flat_pack", "average_duration": 0.00032438172234429256, "n_events": 18, "total_time": 0.005838871002197266}, "reduce.norm": {"label": "reduce.norm", "average_duration": 0.031462536917792425, "n_events": 18, "total_time": 0.5663256645202637}, "reduce.reduce.vector": {"label": "reduce.reduce.vector", "average_duration": 0.00015567408667670356, "n_events": 18, "total_time": 0.002802133560180664}, "reduce.setgrad": {"label": "reduce.setgrad", "average_duration": 0.003136105007595486, "n_events": 18, "total_time": 0.05644989013671875}, "test.last": {"label": "test.last", "average_duration": 1.3748998641967773, "n_events": 2, "total_time": 2.7497997283935547}}