{"batch": {"label": "batch", "average_duration": 0.08428388299613164, "n_events": 290, "total_time": 24.442326068878174}, "batch.accumulate": {"label": "batch.accumulate", "average_duration": 0.0011796156565348308, "n_events": 18, "total_time": 0.021233081817626953}, "batch.backward": {"label": "batch.backward", "average_duration": 0.06545820811699177, "n_events": 290, "total_time": 18.982880353927612}, "batch.evaluate": {"label": "batch.evaluate", "average_duration": 0.0012665830809494545, "n_events": 290, "total_time": 0.3673090934753418}, "batch.forward": {"label": "batch.forward", "average_duration": 0.0064949602916322905, "n_events": 290, "total_time": 1.8835384845733643}, "batch.reduce": {"label": "batch.reduce", "average_duration": 0.013968984285990397, "n_events": 18, "total_time": 0.25144171714782715}, "batch.step": {"label": "batch.step", "average_duration": 0.0038181304931640624, "n_events": 290, "total_time": 1.1072578430175781}, "epoch_metrics.collect": {"label": "epoch_metrics.collect", "average_duration": 0.0134735107421875, "n_events": 2, "total_time": 0.026947021484375}, "reduce.compress": {"label": "reduce.compress", "average_duration": 0.00040647718641493056, "n_events": 18, "total_time": 0.00731658935546875}, "reduce.decompress": {"label": "reduce.decompress", "average_duration": 8.294317457411025e-05, "n_events": 18, "total_time": 0.0014929771423339844}, "reduce.flat_pack": {"label": "reduce.flat_pack", "average_duration": 0.0006628301408555773, "n_events": 18, "total_time": 0.01193094253540039}, "reduce.norm": {"label": "reduce.norm", "average_duration": 0.008879131740993924, "n_events": 18, "total_time": 0.15982437133789062}, "reduce.reduce.vector": {"label": "reduce.reduce.vector", "average_duration": 0.0001819133758544922, "n_events": 18, "total_time": 0.0032744407653808594}, "reduce.setgrad": {"label": "reduce.setgrad", "average_duration": 0.0030387375089857313, "n_events": 18, "total_time": 0.054697275161743164}, "test.last": {"label": "test.last", "average_duration": 1.3750094175338745, "n_events": 2, "total_time": 2.750018835067749}}