{"batch": {"label": "batch", "average_duration": 0.08404691548183046, "n_events": 290, "total_time": 24.373605489730835}, "batch.accumulate": {"label": "batch.accumulate", "average_duration": 0.0010975466834174262, "n_events": 18, "total_time": 0.019755840301513672}, "batch.backward": {"label": "batch.backward", "average_duration": 0.006226260086585735, "n_events": 290, "total_time": 1.8056154251098633}, "batch.evaluate": {"label": "batch.evaluate", "average_duration": 0.060989750664809654, "n_events": 290, "total_time": 17.6870276927948}, "batch.forward": {"label": "batch.forward", "average_duration": 0.005705953466481176, "n_events": 290, "total_time": 1.654726505279541}, "batch.reduce": {"label": "batch.reduce", "average_duration": 0.019370211495293513, "n_events": 18, "total_time": 0.3486638069152832}, "batch.step": {"label": "batch.step", "average_duration": 0.0032252813207692115, "n_events": 290, "total_time": 0.9353315830230713}, "epoch_metrics.collect": {"label": "epoch_metrics.collect", "average_duration": 0.0017726421356201172, "n_events": 2, "total_time": 0.0035452842712402344}, "reduce.compress": {"label": "reduce.compress", "average_duration": 0.0004430214564005534, "n_events": 18, "total_time": 0.007974386215209961}, "reduce.decompress": {"label": "reduce.decompress", "average_duration": 8.605586157904731e-05, "n_events": 18, "total_time": 0.0015490055084228516}, "reduce.flat_pack": {"label": "reduce.flat_pack", "average_duration": 0.00032590495215521916, "n_events": 18, "total_time": 0.005866289138793945}, "reduce.norm": {"label": "reduce.norm", "average_duration": 0.014663881725735135, "n_events": 18, "total_time": 0.2639498710632324}, "reduce.reduce.vector": {"label": "reduce.reduce.vector", "average_duration": 0.0001671049329969618, "n_events": 18, "total_time": 0.0030078887939453125}, "reduce.setgrad": {"label": "reduce.setgrad", "average_duration": 0.0031892326143052843, "n_events": 18, "total_time": 0.05740618705749512}, "test.last": {"label": "test.last", "average_duration": 1.3749052286148071, "n_events": 2, "total_time": 2.7498104572296143}}