{"batch": {"label": "batch", "average_duration": 0.04679541199173641, "n_events": 29249, "total_time": 1368.7190053462982}, "batch.accumulate": {"label": "batch.accumulate", "average_duration": 0.0009954550999152958, "n_events": 29249, "total_time": 29.116066217422485}, "batch.backward": {"label": "batch.backward", "average_duration": 0.022317353507515392, "n_events": 29249, "total_time": 652.7602727413177}, "batch.evaluate": {"label": "batch.evaluate", "average_duration": 0.0006940929154998571, "n_events": 29249, "total_time": 20.301523685455322}, "batch.forward": {"label": "batch.forward", "average_duration": 0.01145666574607723, "n_events": 29249, "total_time": 335.09601640701294}, "batch.reduce": {"label": "batch.reduce", "average_duration": 0.006479822503973869, "n_events": 29249, "total_time": 189.5283284187317}, "batch.step": {"label": "batch.step", "average_duration": 0.003479707008337558, "n_events": 29249, "total_time": 101.77795028686523}, "epoch_metrics.collect": {"label": "epoch_metrics.collect", "average_duration": 0.007575147103943281, "n_events": 149, "total_time": 1.1286969184875488}, "reduce.compress": {"label": "reduce.compress", "average_duration": 0.00037493819542235035, "n_events": 29249, "total_time": 10.966567277908325}, "reduce.decompress": {"label": "reduce.decompress", "average_duration": 8.119149119871335e-05, "n_events": 29249, "total_time": 2.374769926071167}, "reduce.flat_pack": {"label": "reduce.flat_pack", "average_duration": 0.0007695932706860078, "n_events": 29249, "total_time": 22.509833574295044}, "reduce.norm": {"label": "reduce.norm", "average_duration": 0.0011223569324376942, "n_events": 29249, "total_time": 32.82781791687012}, "reduce.reduce.vector": {"label": "reduce.reduce.vector", "average_duration": 0.0002268551190639831, "n_events": 29249, "total_time": 6.635285377502441}, "reduce.setgrad": {"label": "reduce.setgrad", "average_duration": 0.0030796572042818197, "n_events": 29249, "total_time": 90.07689356803894}, "test.last": {"label": "test.last", "average_duration": 0.9266769229965722, "n_events": 149, "total_time": 138.07486152648926}}