{"batch": {"label": "batch", "average_duration": 0.08250008134570849, "n_events": 387, "total_time": 31.927531480789185}, "batch.accumulate": {"label": "batch.accumulate", "average_duration": 0.0011777877807617188, "n_events": 18, "total_time": 0.021200180053710938}, "batch.backward": {"label": "batch.backward", "average_duration": 0.0668453215320597, "n_events": 387, "total_time": 25.869139432907104}, "batch.evaluate": {"label": "batch.evaluate", "average_duration": 0.0012348825617354046, "n_events": 387, "total_time": 0.47789955139160156}, "batch.forward": {"label": "batch.forward", "average_duration": 0.0065296343130658765, "n_events": 387, "total_time": 2.526968479156494}, "batch.reduce": {"label": "batch.reduce", "average_duration": 0.01324788729349772, "n_events": 18, "total_time": 0.23846197128295898}, "batch.step": {"label": "batch.step", "average_duration": 0.004055907251914959, "n_events": 387, "total_time": 1.5696361064910889}, "epoch_metrics.collect": {"label": "epoch_metrics.collect", "average_duration": 0.0011279582977294922, "n_events": 3, "total_time": 0.0033838748931884766}, "reduce.allreduce": {"label": "reduce.allreduce", "average_duration": 0.012301656934950087, "n_events": 18, "total_time": 0.22142982482910156}, "reduce.flat_pack": {"label": "reduce.flat_pack", "average_duration": 0.0008108748330010308, "n_events": 18, "total_time": 0.014595746994018555}, "test.last": {"label": "test.last", "average_duration": 1.3611634572347004, "n_events": 3, "total_time": 4.083490371704102}, "reduce_times": [0.004687786102294922, 0.0045092105865478516, 0.00482630729675293, 0.005303859710693359, 0.06845426559448242, 0.004748821258544922, 0.004740476608276367, 0.004744529724121094, 0.005385398864746094, 0.04127383232116699, 0.004435539245605469, 0.004639625549316406, 0.0044214725494384766, 0.004859209060668945, 0.05749082565307617, 0.00462794303894043, 0.004397392272949219, 0.004685163497924805, 0.004918098449707031]}