{"batch": {"label": "batch", "average_duration": 0.07902425512170914, "n_events": 387, "total_time": 30.58238673210144}, "batch.accumulate": {"label": "batch.accumulate", "average_duration": 0.001244505246480306, "n_events": 18, "total_time": 0.022401094436645508}, "batch.backward": {"label": "batch.backward", "average_duration": 0.0063492167519660575, "n_events": 387, "total_time": 2.4571468830108643}, "batch.evaluate": {"label": "batch.evaluate", "average_duration": 0.06051823519921118, "n_events": 387, "total_time": 23.420557022094727}, "batch.forward": {"label": "batch.forward", "average_duration": 0.005670584449472354, "n_events": 387, "total_time": 2.194516181945801}, "batch.reduce": {"label": "batch.reduce", "average_duration": 0.004400319523281521, "n_events": 18, "total_time": 0.07920575141906738}, "batch.step": {"label": "batch.step", "average_duration": 0.0031696407061830665, "n_events": 387, "total_time": 1.2266509532928467}, "epoch_metrics.collect": {"label": "epoch_metrics.collect", "average_duration": 0.01960333188374837, "n_events": 3, "total_time": 0.05880999565124512}, "reduce.allreduce": {"label": "reduce.allreduce", "average_duration": 0.0038869778315226236, "n_events": 18, "total_time": 0.06996560096740723}, "reduce.flat_pack": {"label": "reduce.flat_pack", "average_duration": 0.00037288665771484375, "n_events": 18, "total_time": 0.0067119598388671875}, "test.last": {"label": "test.last", "average_duration": 1.3610394795735676, "n_events": 3, "total_time": 4.083118438720703}, "reduce_times": [0.004223346710205078, 0.003833770751953125, 0.003892183303833008, 0.003801107406616211, 0.00420832633972168, 0.005838155746459961, 0.0038962364196777344, 0.0037908554077148438, 0.008028030395507812, 0.004029035568237305, 0.003887653350830078, 0.007616519927978516, 0.00380706787109375, 0.003712177276611328, 0.003969669342041016, 0.0037283897399902344, 0.0037615299224853516, 0.0037429332733154297, 0.003662109375]}