{"batch": {"label": "batch", "average_duration": 0.0796908402011684, "n_events": 387, "total_time": 30.840355157852173}, "batch.accumulate": {"label": "batch.accumulate", "average_duration": 0.0011438793606228298, "n_events": 18, "total_time": 0.020589828491210938}, "batch.backward": {"label": "batch.backward", "average_duration": 0.00668747172491187, "n_events": 387, "total_time": 2.5880515575408936}, "batch.evaluate": {"label": "batch.evaluate", "average_duration": 0.060591805504890066, "n_events": 387, "total_time": 23.449028730392456}, "batch.forward": {"label": "batch.forward", "average_duration": 0.005705259875117654, "n_events": 387, "total_time": 2.2079355716705322}, "batch.reduce": {"label": "batch.reduce", "average_duration": 0.0038459963268703884, "n_events": 18, "total_time": 0.06922793388366699}, "batch.step": {"label": "batch.step", "average_duration": 0.0033410088344445832, "n_events": 387, "total_time": 1.2929704189300537}, "epoch_metrics.collect": {"label": "epoch_metrics.collect", "average_duration": 0.011655489603678385, "n_events": 3, "total_time": 0.034966468811035156}, "reduce.allreduce": {"label": "reduce.allreduce", "average_duration": 0.0034135315153333875, "n_events": 18, "total_time": 0.06144356727600098}, "reduce.flat_pack": {"label": "reduce.flat_pack", "average_duration": 0.00031675232781304256, "n_events": 18, "total_time": 0.005701541900634766}, "test.last": {"label": "test.last", "average_duration": 1.3610326449076335, "n_events": 3, "total_time": 4.0830979347229}, "reduce_times": [0.0038614273071289062, 0.0038025379180908203, 0.0037641525268554688, 0.0036704540252685547, 0.0038416385650634766, 0.003629922866821289, 0.0035247802734375, 0.003587007522583008, 0.003644704818725586, 0.004014253616333008, 0.0036139488220214844, 0.0035054683685302734, 0.003572225570678711, 0.0035538673400878906, 0.003829479217529297, 0.006879329681396484, 0.0036792755126953125, 0.0035524368286132812, 0.003562450408935547]}