{"batch": {"label": "batch", "average_duration": 0.07800357717568251, "n_events": 387, "total_time": 30.187384366989136}, "batch.accumulate": {"label": "batch.accumulate", "average_duration": 0.0011743042204115125, "n_events": 18, "total_time": 0.021137475967407227}, "batch.backward": {"label": "batch.backward", "average_duration": 0.006172769137439186, "n_events": 387, "total_time": 2.388861656188965}, "batch.evaluate": {"label": "batch.evaluate", "average_duration": 0.059432274303386996, "n_events": 387, "total_time": 23.000290155410767}, "batch.forward": {"label": "batch.forward", "average_duration": 0.005833689864599736, "n_events": 387, "total_time": 2.2576379776000977}, "batch.reduce": {"label": "batch.reduce", "average_duration": 0.0039570861392551, "n_events": 18, "total_time": 0.0712275505065918}, "batch.step": {"label": "batch.step", "average_duration": 0.003266625318108295, "n_events": 387, "total_time": 1.2641839981079102}, "epoch_metrics.collect": {"label": "epoch_metrics.collect", "average_duration": 0.03619591395060221, "n_events": 3, "total_time": 0.10858774185180664}, "reduce.allreduce": {"label": "reduce.allreduce", "average_duration": 0.003499097294277615, "n_events": 18, "total_time": 0.06298375129699707}, "reduce.flat_pack": {"label": "reduce.flat_pack", "average_duration": 0.0003357728322347005, "n_events": 18, "total_time": 0.006043910980224609}, "test.last": {"label": "test.last", "average_duration": 1.3610366980234783, "n_events": 3, "total_time": 4.083110094070435}, "reduce_times": [0.00394129753112793, 0.003522634506225586, 0.0035881996154785156, 0.0035796165466308594, 0.003771066665649414, 0.0035467147827148438, 0.007390499114990234, 0.0035827159881591797, 0.0035173892974853516, 0.003941059112548828, 0.005562543869018555, 0.0036215782165527344, 0.003468036651611328, 0.003535032272338867, 0.004699230194091797, 0.003456592559814453, 0.0034637451171875, 0.0035076141357421875, 0.0034732818603515625]}