{"batch": {"label": "batch", "average_duration": 0.24424842517238018, "n_events": 484, "total_time": 118.216237783432}, "batch.accumulate": {"label": "batch.accumulate", "average_duration": 0.0019484861823152904, "n_events": 484, "total_time": 0.9430673122406006}, "batch.backward": {"label": "batch.backward", "average_duration": 0.12355090714683217, "n_events": 484, "total_time": 59.79863905906677}, "batch.evaluate": {"label": "batch.evaluate", "average_duration": 0.0005287897488302436, "n_events": 484, "total_time": 0.2559342384338379}, "batch.forward": {"label": "batch.forward", "average_duration": 0.060077635709904445, "n_events": 484, "total_time": 29.07757568359375}, "batch.reduce": {"label": "batch.reduce", "average_duration": 0.046278194947676224, "n_events": 484, "total_time": 22.398646354675293}, "batch.step": {"label": "batch.step", "average_duration": 0.0084559163771385, "n_events": 484, "total_time": 4.092663526535034}, "epoch_metrics.collect": {"label": "epoch_metrics.collect", "average_duration": 0.004673421382904053, "n_events": 4, "total_time": 0.01869368553161621}, "reduce.compress": {"label": "reduce.compress", "average_duration": 0.0032662345358162874, "n_events": 484, "total_time": 1.580857515335083}, "reduce.decompress": {"label": "reduce.decompress", "average_duration": 0.0003658331130161758, "n_events": 484, "total_time": 0.1770632266998291}, "reduce.flat_pack": {"label": "reduce.flat_pack", "average_duration": 0.0007424940747663009, "n_events": 484, "total_time": 0.35936713218688965}, "reduce.norm": {"label": "reduce.norm", "average_duration": 0.0039710476378764, "n_events": 484, "total_time": 1.9219870567321777}, "reduce.reduce.vector": {"label": "reduce.reduce.vector", "average_duration": 0.030838810215311603, "n_events": 484, "total_time": 14.925984144210815}, "reduce.setgrad": {"label": "reduce.setgrad", "average_duration": 0.006742113877919094, "n_events": 484, "total_time": 3.263183116912842}, "test.last": {"label": "test.last", "average_duration": 1.415198564529419, "n_events": 4, "total_time": 5.660794258117676}}