{"batch": {"label": "batch", "average_duration": 1.1104887514999233, "n_events": 194, "total_time": 215.4348177909851}, "batch.accumulate": {"label": "batch.accumulate", "average_duration": 0.0033672408959300247, "n_events": 194, "total_time": 0.6532447338104248}, "batch.backward": {"label": "batch.backward", "average_duration": 0.6754515085023703, "n_events": 194, "total_time": 131.03759264945984}, "batch.evaluate": {"label": "batch.evaluate", "average_duration": 0.0008179514678483157, "n_events": 194, "total_time": 0.15868258476257324}, "batch.forward": {"label": "batch.forward", "average_duration": 0.3138833893943079, "n_events": 194, "total_time": 60.89337754249573}, "batch.reduce": {"label": "batch.reduce", "average_duration": 0.09636214221875693, "n_events": 194, "total_time": 18.694255590438843}, "batch.step": {"label": "batch.step", "average_duration": 0.010960989391680845, "n_events": 194, "total_time": 2.126431941986084}, "reduce.allreduce": {"label": "reduce.allreduce", "average_duration": 0.09424252239699216, "n_events": 194, "total_time": 18.28304934501648}, "reduce.flat_pack": {"label": "reduce.flat_pack", "average_duration": 0.0019269567175009817, "n_events": 194, "total_time": 0.37382960319519043}, "reduce_times": [0.11767196655273438, 0.1126716136932373, 0.1050105094909668, 0.09988832473754883, 0.09300875663757324, 0.09328794479370117, 0.10050177574157715, 0.0965268611907959, 0.09605526924133301, 0.09930253028869629, 0.09632563591003418, 0.09429287910461426, 0.09155941009521484, 0.09697151184082031, 0.0929563045501709, 0.09750676155090332, 0.09423112869262695, 0.09503722190856934, 0.09140872955322266, 0.09575438499450684, 0.1005852222442627, 0.0977790355682373, 0.09376740455627441, 0.09712958335876465, 0.09689044952392578, 0.09354710578918457, 0.09478092193603516, 0.09386754035949707, 0.09679985046386719, 0.08914685249328613, 0.09806489944458008, 0.09699797630310059, 0.09541893005371094, 0.09531903266906738, 0.09563875198364258, 0.0981290340423584, 0.09634160995483398, 0.10132265090942383, 0.09677004814147949, 0.0932469367980957, 0.09863781929016113, 0.09532928466796875, 0.0929257869720459, 0.09647679328918457, 0.09511566162109375, 0.09265494346618652, 0.09353947639465332, 0.0926353931427002, 0.09692025184631348, 0.0940089225769043, 0.09730029106140137, 0.09398126602172852, 0.0906529426574707, 0.09970760345458984, 0.09193181991577148, 0.09965276718139648, 0.09270334243774414, 0.08693194389343262, 0.08765268325805664, 0.09467315673828125, 0.09812498092651367, 0.09386944770812988, 0.0971529483795166, 0.09829831123352051, 0.09206438064575195, 0.09790205955505371, 0.09701776504516602, 0.09318709373474121, 0.09054899215698242, 0.09765911102294922, 0.09615373611450195, 0.09783172607421875, 0.09705591201782227, 0.09847140312194824, 0.0932459831237793, 0.09712386131286621, 0.09525752067565918, 0.09621405601501465, 0.1016387939453125, 0.09801220893859863, 0.10084700584411621, 0.09575080871582031, 0.09303402900695801, 0.09741663932800293, 0.09224605560302734, 0.09726357460021973, 0.09736323356628418, 0.10239624977111816, 0.08931851387023926, 0.09478616714477539, 0.08965778350830078, 0.09756040573120117, 0.0971834659576416, 0.09758639335632324, 0.09404826164245605, 0.09521150588989258, 0.09495830535888672, 0.10053753852844238, 0.09348154067993164, 0.09473872184753418, 0.09836935997009277, 0.0962064266204834, 0.09879827499389648, 0.09612870216369629, 0.09672737121582031, 0.09499430656433105, 0.10123610496520996, 0.0967092514038086, 0.10057544708251953, 0.09203243255615234, 0.09678244590759277, 0.09030413627624512, 0.09415197372436523, 0.09774971008300781, 0.10048794746398926, 0.10001850128173828, 0.09977006912231445, 0.09972071647644043, 0.09658503532409668, 0.09523272514343262, 0.09768795967102051, 0.0958414077758789, 0.09919142723083496, 0.09843754768371582, 0.09554004669189453, 0.09831547737121582, 0.10044670104980469, 0.09785866737365723, 0.09580659866333008, 0.0964362621307373, 0.09492754936218262, 0.10413265228271484, 0.10477471351623535, 0.09624290466308594, 0.09453988075256348, 0.10231947898864746, 0.09415531158447266, 0.09248614311218262, 0.09443783760070801, 0.09224605560302734, 0.09818220138549805, 0.10282111167907715, 0.09473609924316406, 0.09285402297973633, 0.09377932548522949, 0.09547781944274902, 0.09904265403747559, 0.09208035469055176, 0.09626221656799316, 0.10399007797241211, 0.09523701667785645, 0.09525513648986816, 0.09562158584594727, 0.09977579116821289, 0.09683346748352051, 0.09611916542053223, 0.0966641902923584, 0.09969472885131836, 0.10083341598510742, 0.09475851058959961, 0.09595537185668945, 0.09242773056030273, 0.09227156639099121, 0.09559965133666992, 0.09875941276550293, 0.09520173072814941, 0.10742044448852539, 0.09758138656616211, 0.0965428352355957, 0.08833098411560059, 0.0975489616394043, 0.09729218482971191, 0.10029721260070801, 0.08896183967590332, 0.09148406982421875, 0.10183358192443848, 0.10143780708312988, 0.09272575378417969, 0.09552478790283203, 0.09618806838989258, 0.10069823265075684, 0.1058509349822998, 0.10067033767700195, 0.0937647819519043, 0.0939793586730957, 0.09528374671936035, 0.09372901916503906, 0.09635329246520996, 0.09260225296020508, 0.09514999389648438, 0.09562230110168457, 0.09627795219421387, 0.0968022346496582, 0.09765839576721191, 0.09851288795471191]}