{"batch": {"label": "batch", "average_duration": 0.18955970857802595, "n_events": 387, "total_time": 73.35960721969604}, "batch.accumulate": {"label": "batch.accumulate", "average_duration": 0.003017253345913357, "n_events": 18, "total_time": 0.05431056022644043}, "batch.backward": {"label": "batch.backward", "average_duration": 0.023904602656992832, "n_events": 387, "total_time": 9.251081228256226}, "batch.evaluate": {"label": "batch.evaluate", "average_duration": 0.1182558142245586, "n_events": 387, "total_time": 45.765000104904175}, "batch.forward": {"label": "batch.forward", "average_duration": 0.0239121642839693, "n_events": 387, "total_time": 9.254007577896118}, "batch.reduce": {"label": "batch.reduce", "average_duration": 0.01458365387386746, "n_events": 18, "total_time": 0.26250576972961426}, "batch.step": {"label": "batch.step", "average_duration": 0.009346188192835767, "n_events": 387, "total_time": 3.6169748306274414}, "epoch_metrics.collect": {"label": "epoch_metrics.collect", "average_duration": 0.0011952718098958333, "n_events": 3, "total_time": 0.0035858154296875}, "reduce.compress": {"label": "reduce.compress", "average_duration": 0.00043392181396484375, "n_events": 18, "total_time": 0.0078105926513671875}, "reduce.decompress": {"label": "reduce.decompress", "average_duration": 8.781750996907552e-05, "n_events": 18, "total_time": 0.0015807151794433594}, "reduce.flat_pack": {"label": "reduce.flat_pack", "average_duration": 0.0007441441218058268, "n_events": 18, "total_time": 0.013394594192504883}, "reduce.norm": {"label": "reduce.norm", "average_duration": 0.0036405987209743923, "n_events": 18, "total_time": 0.06553077697753906}, "reduce.reduce.vector": {"label": "reduce.reduce.vector", "average_duration": 0.00014722347259521484, "n_events": 18, "total_time": 0.002650022506713867}, "reduce.setgrad": {"label": "reduce.setgrad", "average_duration": 0.008958432409498427, "n_events": 18, "total_time": 0.16125178337097168}, "test.last": {"label": "test.last", "average_duration": 1.538575569788615, "n_events": 3, "total_time": 4.615726709365845}}