{"batch": {"label": "batch", "average_duration": 0.18910868900998926, "n_events": 387, "total_time": 73.18506264686584}, "batch.accumulate": {"label": "batch.accumulate", "average_duration": 0.003008498085869683, "n_events": 18, "total_time": 0.0541529655456543}, "batch.backward": {"label": "batch.backward", "average_duration": 0.02545958526374758, "n_events": 387, "total_time": 9.852859497070312}, "batch.evaluate": {"label": "batch.evaluate", "average_duration": 0.1134608488058243, "n_events": 387, "total_time": 43.909348487854004}, "batch.forward": {"label": "batch.forward", "average_duration": 0.023880889557436762, "n_events": 387, "total_time": 9.241904258728027}, "batch.reduce": {"label": "batch.reduce", "average_duration": 0.08803529209560818, "n_events": 18, "total_time": 1.5846352577209473}, "batch.step": {"label": "batch.step", "average_duration": 0.009140089808816441, "n_events": 387, "total_time": 3.537214756011963}, "epoch_metrics.collect": {"label": "epoch_metrics.collect", "average_duration": 0.06197985013326009, "n_events": 3, "total_time": 0.18593955039978027}, "reduce.compress": {"label": "reduce.compress", "average_duration": 0.0004619757334391276, "n_events": 18, "total_time": 0.008315563201904297}, "reduce.decompress": {"label": "reduce.decompress", "average_duration": 8.93010033501519e-05, "n_events": 18, "total_time": 0.0016074180603027344}, "reduce.flat_pack": {"label": "reduce.flat_pack", "average_duration": 0.0008185042275322808, "n_events": 18, "total_time": 0.014733076095581055}, "reduce.norm": {"label": "reduce.norm", "average_duration": 0.07631206512451172, "n_events": 18, "total_time": 1.373617172241211}, "reduce.reduce.vector": {"label": "reduce.reduce.vector", "average_duration": 0.00015436278449164497, "n_events": 18, "total_time": 0.0027785301208496094}, "reduce.setgrad": {"label": "reduce.setgrad", "average_duration": 0.009621620178222656, "n_events": 18, "total_time": 0.1731891632080078}, "test.last": {"label": "test.last", "average_duration": 1.538638750712077, "n_events": 3, "total_time": 4.6159162521362305}}