{"batch": {"label": "batch", "average_duration": 0.1891831507670479, "n_events": 387, "total_time": 73.21387934684753}, "batch.accumulate": {"label": "batch.accumulate", "average_duration": 0.0028967857360839844, "n_events": 18, "total_time": 0.05214214324951172}, "batch.backward": {"label": "batch.backward", "average_duration": 0.12238959070940042, "n_events": 387, "total_time": 47.364771604537964}, "batch.evaluate": {"label": "batch.evaluate", "average_duration": 0.0007035806197528691, "n_events": 387, "total_time": 0.27228569984436035}, "batch.forward": {"label": "batch.forward", "average_duration": 0.04119997677568933, "n_events": 387, "total_time": 15.944391012191772}, "batch.reduce": {"label": "batch.reduce", "average_duration": 0.07053764661153157, "n_events": 18, "total_time": 1.2696776390075684}, "batch.step": {"label": "batch.step", "average_duration": 0.008783166106665165, "n_events": 387, "total_time": 3.399085283279419}, "epoch_metrics.collect": {"label": "epoch_metrics.collect", "average_duration": 0.05508669217427572, "n_events": 3, "total_time": 0.16526007652282715}, "reduce.compress": {"label": "reduce.compress", "average_duration": 0.00042724609375, "n_events": 18, "total_time": 0.0076904296875}, "reduce.decompress": {"label": "reduce.decompress", "average_duration": 8.364518483479817e-05, "n_events": 18, "total_time": 0.0015056133270263672}, "reduce.flat_pack": {"label": "reduce.flat_pack", "average_duration": 0.0010871357387966579, "n_events": 18, "total_time": 0.019568443298339844}, "reduce.norm": {"label": "reduce.norm", "average_duration": 0.059678223397996694, "n_events": 18, "total_time": 1.0742080211639404}, "reduce.reduce.vector": {"label": "reduce.reduce.vector", "average_duration": 0.0002460347281561957, "n_events": 18, "total_time": 0.0044286251068115234}, "reduce.setgrad": {"label": "reduce.setgrad", "average_duration": 0.008521185980902778, "n_events": 18, "total_time": 0.15338134765625}, "test.last": {"label": "test.last", "average_duration": 1.5386359691619873, "n_events": 3, "total_time": 4.615907907485962}}