{"batch": {"label": "batch", "average_duration": 0.08771928648153941, "n_events": 96, "total_time": 8.421051502227783}, "batch.accumulate": {"label": "batch.accumulate", "average_duration": 0.0010729655623435974, "n_events": 96, "total_time": 0.10300469398498535}, "batch.backward": {"label": "batch.backward", "average_duration": 0.0061802938580513, "n_events": 96, "total_time": 0.5933082103729248}, "batch.evaluate": {"label": "batch.evaluate", "average_duration": 0.058668382465839386, "n_events": 96, "total_time": 5.632164716720581}, "batch.forward": {"label": "batch.forward", "average_duration": 0.0056446318825085955, "n_events": 96, "total_time": 0.5418846607208252}, "batch.reduce": {"label": "batch.reduce", "average_duration": 0.010002707441647848, "n_events": 96, "total_time": 0.9602599143981934}, "batch.step": {"label": "batch.step", "average_duration": 0.0031152392427126565, "n_events": 96, "total_time": 0.29906296730041504}, "reduce.compress": {"label": "reduce.compress", "average_duration": 0.0009430969754854838, "n_events": 96, "total_time": 0.09053730964660645}, "reduce.decompress": {"label": "reduce.decompress", "average_duration": 0.00021626055240631104, "n_events": 96, "total_time": 0.02076101303100586}, "reduce.flat_pack": {"label": "reduce.flat_pack", "average_duration": 0.0002992004156112671, "n_events": 96, "total_time": 0.02872323989868164}, "reduce.norm": {"label": "reduce.norm", "average_duration": 0.004819609224796295, "n_events": 96, "total_time": 0.46268248558044434}, "reduce.reduce.vector": {"label": "reduce.reduce.vector", "average_duration": 0.00012213488419850668, "n_events": 96, "total_time": 0.01172494888305664}, "reduce.setgrad": {"label": "reduce.setgrad", "average_duration": 0.003145796557267507, "n_events": 96, "total_time": 0.30199646949768066}, "reduce_times": [1.014779806137085, 0.006974935531616211, 0.018766403198242188, 0.01419377326965332, 0.010527610778808594, 0.010248422622680664, 0.01478433609008789, 0.009289741516113281, 0.008966445922851562, 0.01188349723815918, 0.009690999984741211, 0.009324312210083008, 0.008753776550292969, 0.008585929870605469, 0.009946107864379883, 0.008941650390625, 0.011505842208862305, 0.009521961212158203, 0.008963584899902344, 0.018407344818115234, 0.014897823333740234, 0.010185718536376953, 0.00874018669128418, 0.01741313934326172, 0.012512683868408203, 0.009634733200073242, 0.008353710174560547, 0.016475439071655273, 0.011533498764038086, 0.009447336196899414, 0.008495092391967773, 0.014787912368774414, 0.010009050369262695, 0.008977413177490234, 0.009776830673217773, 0.009987115859985352, 0.010014772415161133, 0.009702205657958984, 0.010397911071777344, 0.009222984313964844, 0.00964808464050293, 0.009288787841796875, 0.009105205535888672, 0.009168148040771484, 0.0091705322265625, 0.008063077926635742, 0.00946354866027832, 0.007980823516845703, 0.0075914859771728516, 0.006974697113037109, 0.009081602096557617, 0.008075475692749023, 0.014265060424804688, 0.007513999938964844, 0.01708388328552246, 0.009155035018920898, 0.010187625885009766, 0.009888172149658203, 0.009249687194824219, 0.010543346405029297, 0.010173320770263672, 0.009601354598999023, 0.008996248245239258, 0.010283946990966797, 0.00882411003112793, 0.009431838989257812, 0.0078089237213134766, 0.008803367614746094, 0.008592605590820312, 0.009874582290649414, 0.0082550048828125, 0.009439945220947266, 0.009089946746826172, 0.010168790817260742, 0.0081939697265625, 0.009856700897216797, 0.009137868881225586, 0.01014852523803711, 0.010886669158935547, 0.011095523834228516, 0.010768413543701172, 0.00897979736328125, 0.0108184814453125, 0.01050424575805664, 0.010688066482543945, 0.009251594543457031, 0.008665800094604492, 0.008747339248657227, 0.010228157043457031, 0.007454395294189453, 0.00805211067199707, 0.007972955703735352, 0.007521867752075195, 0.007483243942260742, 0.007618904113769531, 0.007746219635009766, 0.00775456428527832]}