{"batch": {"label": "batch", "average_duration": 0.08770120392243068, "n_events": 96, "total_time": 8.419315576553345}, "batch.accumulate": {"label": "batch.accumulate", "average_duration": 0.0011358211437861125, "n_events": 96, "total_time": 0.1090388298034668}, "batch.backward": {"label": "batch.backward", "average_duration": 0.00616203248500824, "n_events": 96, "total_time": 0.591555118560791}, "batch.evaluate": {"label": "batch.evaluate", "average_duration": 0.06010166555643082, "n_events": 96, "total_time": 5.769759893417358}, "batch.forward": {"label": "batch.forward", "average_duration": 0.0056863923867543536, "n_events": 96, "total_time": 0.545893669128418}, "batch.reduce": {"label": "batch.reduce", "average_duration": 0.00825821856657664, "n_events": 96, "total_time": 0.7927889823913574}, "batch.step": {"label": "batch.step", "average_duration": 0.003236199418703715, "n_events": 96, "total_time": 0.31067514419555664}, "reduce.compress": {"label": "reduce.compress", "average_duration": 0.0009711384773254395, "n_events": 96, "total_time": 0.09322929382324219}, "reduce.decompress": {"label": "reduce.decompress", "average_duration": 0.00021641204754511514, "n_events": 96, "total_time": 0.020775556564331055}, "reduce.flat_pack": {"label": "reduce.flat_pack", "average_duration": 0.00030993421872456867, "n_events": 96, "total_time": 0.029753684997558594}, "reduce.norm": {"label": "reduce.norm", "average_duration": 0.002919154862562815, "n_events": 96, "total_time": 0.2802388668060303}, "reduce.reduce.vector": {"label": "reduce.reduce.vector", "average_duration": 0.0001232499877611796, "n_events": 96, "total_time": 0.011831998825073242}, "reduce.setgrad": {"label": "reduce.setgrad", "average_duration": 0.0032583276430765786, "n_events": 96, "total_time": 0.31279945373535156}, "reduce_times": [0.9794857501983643, 0.010648012161254883, 0.014269113540649414, 0.008681297302246094, 0.008274555206298828, 0.00930166244506836, 0.007781267166137695, 0.00781559944152832, 0.008014917373657227, 0.011979103088378906, 0.008688688278198242, 0.008511781692504883, 0.007578372955322266, 0.008809804916381836, 0.008626222610473633, 0.008624792098999023, 0.009821653366088867, 0.007717609405517578, 0.008236169815063477, 0.017548322677612305, 0.012758731842041016, 0.007205963134765625, 0.007079124450683594, 0.014588117599487305, 0.010312557220458984, 0.007043123245239258, 0.0061948299407958984, 0.015231847763061523, 0.00951075553894043, 0.0072193145751953125, 0.0063321590423583984, 0.013361454010009766, 0.0064618587493896484, 0.008613824844360352, 0.008319854736328125, 0.007432699203491211, 0.008760213851928711, 0.007611513137817383, 0.008276700973510742, 0.0078046321868896484, 0.006509304046630859, 0.007073879241943359, 0.007315158843994141, 0.006829738616943359, 0.007404804229736328, 0.007047414779663086, 0.006984710693359375, 0.0058214664459228516, 0.006887912750244141, 0.006089925765991211, 0.00739741325378418, 0.0066680908203125, 0.010437965393066406, 0.01764988899230957, 0.013190269470214844, 0.009189367294311523, 0.00723719596862793, 0.008738517761230469, 0.008082389831542969, 0.008970975875854492, 0.008413076400756836, 0.006655454635620117, 0.007261753082275391, 0.008367300033569336, 0.00715947151184082, 0.006989002227783203, 0.006453275680541992, 0.006429910659790039, 0.0061397552490234375, 0.008081197738647461, 0.006600618362426758, 0.0075168609619140625, 0.0073511600494384766, 0.008301258087158203, 0.006162881851196289, 0.007811307907104492, 0.007900714874267578, 0.008023500442504883, 0.009030580520629883, 0.00865793228149414, 0.009328842163085938, 0.007620096206665039, 0.008918046951293945, 0.008164167404174805, 0.007730722427368164, 0.006474971771240234, 0.00762939453125, 0.007397890090942383, 0.007673501968383789, 0.005728244781494141, 0.005682945251464844, 0.0056917667388916016, 0.0057260990142822266, 0.005624055862426758, 0.005682468414306641, 0.005657196044921875, 0.006176948547363281]}