{"batch": {"label": "batch", "average_duration": 0.23266060385175344, "n_events": 29249, "total_time": 6805.0900020599365}, "batch.accumulate": {"label": "batch.accumulate", "average_duration": 0.002317469810199695, "n_events": 29249, "total_time": 67.78367447853088}, "batch.backward": {"label": "batch.backward", "average_duration": 0.14317857107711354, "n_events": 29249, "total_time": 4187.830025434494}, "batch.evaluate": {"label": "batch.evaluate", "average_duration": 0.00041686385271875196, "n_events": 29249, "total_time": 12.192850828170776}, "batch.forward": {"label": "batch.forward", "average_duration": 0.06684156379404954, "n_events": 29249, "total_time": 1955.0488994121552}, "batch.reduce": {"label": "batch.reduce", "average_duration": 0.012170133437779082, "n_events": 29249, "total_time": 355.96423292160034}, "batch.step": {"label": "batch.step", "average_duration": 0.005118040644151296, "n_events": 29249, "total_time": 149.69757080078125}, "epoch_metrics.collect": {"label": "epoch_metrics.collect", "average_duration": 0.011073094886421357, "n_events": 149, "total_time": 1.6498911380767822}, "reduce.compress": {"label": "reduce.compress", "average_duration": 0.0007916030902048067, "n_events": 29249, "total_time": 23.15359878540039}, "reduce.decompress": {"label": "reduce.decompress", "average_duration": 0.00015844666712092287, "n_events": 29249, "total_time": 4.634406566619873}, "reduce.flat_pack": {"label": "reduce.flat_pack", "average_duration": 0.001078342086388729, "n_events": 29249, "total_time": 31.540427684783936}, "reduce.norm": {"label": "reduce.norm", "average_duration": 0.0023721284330626862, "n_events": 29249, "total_time": 69.38238453865051}, "reduce.reduce.vector": {"label": "reduce.reduce.vector", "average_duration": 0.00017477630602974757, "n_events": 29249, "total_time": 5.112032175064087}, "reduce.setgrad": {"label": "reduce.setgrad", "average_duration": 0.006886506464555612, "n_events": 29249, "total_time": 201.4234275817871}, "test.last": {"label": "test.last", "average_duration": 2.481851572958415, "n_events": 149, "total_time": 369.79588437080383}}