{"batch": {"label": "batch", "average_duration": 0.1949139206679826, "n_events": 194, "total_time": 37.81330060958862}, "batch.accumulate": {"label": "batch.accumulate", "average_duration": 0.0029548775289476533, "n_events": 194, "total_time": 0.5732462406158447}, "batch.backward": {"label": "batch.backward", "average_duration": 0.12214341851853833, "n_events": 194, "total_time": 23.695823192596436}, "batch.evaluate": {"label": "batch.evaluate", "average_duration": 0.0008054775061066618, "n_events": 194, "total_time": 0.15626263618469238}, "batch.forward": {"label": "batch.forward", "average_duration": 0.041140617783536615, "n_events": 194, "total_time": 7.9812798500061035}, "batch.reduce": {"label": "batch.reduce", "average_duration": 0.010984428150137676, "n_events": 194, "total_time": 2.130979061126709}, "batch.step": {"label": "batch.step", "average_duration": 0.00865252853668842, "n_events": 194, "total_time": 1.6785905361175537}, "reduce.compress": {"label": "reduce.compress", "average_duration": 0.00040470570633091877, "n_events": 194, "total_time": 0.07851290702819824}, "reduce.decompress": {"label": "reduce.decompress", "average_duration": 9.505404639489872e-05, "n_events": 194, "total_time": 0.01844048500061035}, "reduce.flat_pack": {"label": "reduce.flat_pack", "average_duration": 0.0009245516098651689, "n_events": 194, "total_time": 0.17936301231384277}, "reduce.norm": {"label": "reduce.norm", "average_duration": 0.0004981621024534874, "n_events": 194, "total_time": 0.09664344787597656}, "reduce.reduce.vector": {"label": "reduce.reduce.vector", "average_duration": 0.00035888140963524887, "n_events": 194, "total_time": 0.06962299346923828}, "reduce.setgrad": {"label": "reduce.setgrad", "average_duration": 0.008264843950566557, "n_events": 194, "total_time": 1.603379726409912}}