{"batch": {"label": "batch", "average_duration": 0.210221381226847, "n_events": 484, "total_time": 101.74714851379395}, "batch.accumulate": {"label": "batch.accumulate", "average_duration": 0.001923668483072076, "n_events": 484, "total_time": 0.9310555458068848}, "batch.backward": {"label": "batch.backward", "average_duration": 0.12359992778005678, "n_events": 484, "total_time": 59.822365045547485}, "batch.evaluate": {"label": "batch.evaluate", "average_duration": 0.0005036873265731434, "n_events": 484, "total_time": 0.24378466606140137}, "batch.forward": {"label": "batch.forward", "average_duration": 0.060087923668632824, "n_events": 484, "total_time": 29.082555055618286}, "batch.reduce": {"label": "batch.reduce", "average_duration": 0.012543288144198332, "n_events": 484, "total_time": 6.070951461791992}, "batch.step": {"label": "batch.step", "average_duration": 0.008265520915512211, "n_events": 484, "total_time": 4.00051212310791}, "epoch_metrics.collect": {"label": "epoch_metrics.collect", "average_duration": 0.005426943302154541, "n_events": 4, "total_time": 0.021707773208618164}, "reduce.compress": {"label": "reduce.compress", "average_duration": 0.0003175612323540301, "n_events": 484, "total_time": 0.15369963645935059}, "reduce.decompress": {"label": "reduce.decompress", "average_duration": 8.295193191402215e-05, "n_events": 484, "total_time": 0.04014873504638672}, "reduce.flat_pack": {"label": "reduce.flat_pack", "average_duration": 0.0007262890003929453, "n_events": 484, "total_time": 0.35152387619018555}, "reduce.norm": {"label": "reduce.norm", "average_duration": 0.003443664755703004, "n_events": 484, "total_time": 1.666733741760254}, "reduce.reduce.vector": {"label": "reduce.reduce.vector", "average_duration": 0.0008482238477911831, "n_events": 484, "total_time": 0.4105403423309326}, "reduce.setgrad": {"label": "reduce.setgrad", "average_duration": 0.006728206784271997, "n_events": 484, "total_time": 3.2564520835876465}, "test.last": {"label": "test.last", "average_duration": 1.4184494614601135, "n_events": 4, "total_time": 5.673797845840454}}