{"batch": {"label": "batch", "average_duration": 0.10777470335079554, "n_events": 29249, "total_time": 3152.302298307419}, "batch.accumulate": {"label": "batch.accumulate", "average_duration": 0.0013561650721932025, "n_events": 29249, "total_time": 39.66647219657898}, "batch.auxiliary.backward": {"label": "batch.auxiliary.backward", "average_duration": 0.009941707648123679, "n_events": 29249, "total_time": 290.7850069999695}, "batch.auxiliary.evaluate": {"label": "batch.auxiliary.evaluate", "average_duration": 0.0007092328580074903, "n_events": 29249, "total_time": 20.744351863861084}, "batch.auxiliary.forward": {"label": "batch.auxiliary.forward", "average_duration": 0.0067198007607028815, "n_events": 29249, "total_time": 196.54745244979858}, "batch.backward": {"label": "batch.backward", "average_duration": 0.01982173995811261, "n_events": 29249, "total_time": 579.7660720348358}, "batch.evaluate": {"label": "batch.evaluate", "average_duration": 0.0006682817424609969, "n_events": 29249, "total_time": 19.5465726852417}, "batch.forward": {"label": "batch.forward", "average_duration": 0.011461868258092199, "n_events": 29249, "total_time": 335.2481846809387}, "batch.reduce": {"label": "batch.reduce", "average_duration": 0.041551562887064804, "n_events": 29249, "total_time": 1215.3416628837585}, "batch.step": {"label": "batch.step", "average_duration": 0.010127170460298084, "n_events": 29249, "total_time": 296.20960879325867}, "epoch_metrics.collect": {"label": "epoch_metrics.collect", "average_duration": 0.004914198945832732, "n_events": 149, "total_time": 0.7322156429290771}, "reduce.allreduce": {"label": "reduce.allreduce", "average_duration": 0.04071597384731563, "n_events": 29249, "total_time": 1190.901519060135}, "reduce.flat_pack": {"label": "reduce.flat_pack", "average_duration": 0.0007031470585074799, "n_events": 29249, "total_time": 20.56634831428528}, "test.last": {"label": "test.last", "average_duration": 1.100578800943874, "n_events": 149, "total_time": 163.9862413406372}}