{"batch": {"label": "batch", "average_duration": 0.08589775698172614, "n_events": 193, "total_time": 16.578267097473145}, "batch.accumulate": {"label": "batch.accumulate", "average_duration": 0.0010931756761338976, "n_events": 18, "total_time": 0.019677162170410156}, "batch.backward": {"label": "batch.backward", "average_duration": 0.006679948747466883, "n_events": 193, "total_time": 1.2892301082611084}, "batch.evaluate": {"label": "batch.evaluate", "average_duration": 0.058165668823558433, "n_events": 193, "total_time": 11.225974082946777}, "batch.forward": {"label": "batch.forward", "average_duration": 0.005774432513380298, "n_events": 193, "total_time": 1.1144654750823975}, "batch.reduce": {"label": "batch.reduce", "average_duration": 0.03824452559153239, "n_events": 18, "total_time": 0.688401460647583}, "batch.step": {"label": "batch.step", "average_duration": 0.0032251980638256963, "n_events": 193, "total_time": 0.6224632263183594}, "epoch_metrics.collect": {"label": "epoch_metrics.collect", "average_duration": 0.0037450790405273438, "n_events": 1, "total_time": 0.0037450790405273438}, "reduce.compress": {"label": "reduce.compress", "average_duration": 0.0004341867234971788, "n_events": 18, "total_time": 0.007815361022949219}, "reduce.decompress": {"label": "reduce.decompress", "average_duration": 8.871820237901475e-05, "n_events": 18, "total_time": 0.0015969276428222656}, "reduce.flat_pack": {"label": "reduce.flat_pack", "average_duration": 0.0003743569056193034, "n_events": 18, "total_time": 0.006738424301147461}, "reduce.norm": {"label": "reduce.norm", "average_duration": 0.03321246306101481, "n_events": 18, "total_time": 0.5978243350982666}, "reduce.reduce.vector": {"label": "reduce.reduce.vector", "average_duration": 0.00015299850040011935, "n_events": 18, "total_time": 0.0027539730072021484}, "reduce.setgrad": {"label": "reduce.setgrad", "average_duration": 0.0034841299057006836, "n_events": 18, "total_time": 0.0627143383026123}, "test.last": {"label": "test.last", "average_duration": 1.3657572269439697, "n_events": 1, "total_time": 1.3657572269439697}}