{"batch": {"label": "batch", "average_duration": 0.08581124562673619, "n_events": 193, "total_time": 16.561570405960083}, "batch.accumulate": {"label": "batch.accumulate", "average_duration": 0.0010781553056504992, "n_events": 18, "total_time": 0.019406795501708984}, "batch.backward": {"label": "batch.backward", "average_duration": 0.006392693890191113, "n_events": 193, "total_time": 1.2337899208068848}, "batch.evaluate": {"label": "batch.evaluate", "average_duration": 0.060908547337191095, "n_events": 193, "total_time": 11.75534963607788}, "batch.forward": {"label": "batch.forward", "average_duration": 0.005635404833857877, "n_events": 193, "total_time": 1.0876331329345703}, "batch.reduce": {"label": "batch.reduce", "average_duration": 0.01253195603688558, "n_events": 18, "total_time": 0.22557520866394043}, "batch.step": {"label": "batch.step", "average_duration": 0.003200778071744454, "n_events": 193, "total_time": 0.6177501678466797}, "epoch_metrics.collect": {"label": "epoch_metrics.collect", "average_duration": 0.0013537406921386719, "n_events": 1, "total_time": 0.0013537406921386719}, "reduce.compress": {"label": "reduce.compress", "average_duration": 0.0004017485512627496, "n_events": 18, "total_time": 0.007231473922729492}, "reduce.decompress": {"label": "reduce.decompress", "average_duration": 8.353922102186416e-05, "n_events": 18, "total_time": 0.0015037059783935547}, "reduce.flat_pack": {"label": "reduce.flat_pack", "average_duration": 0.00029835436079237197, "n_events": 18, "total_time": 0.005370378494262695}, "reduce.norm": {"label": "reduce.norm", "average_duration": 0.007926596535576714, "n_events": 18, "total_time": 0.14267873764038086}, "reduce.reduce.vector": {"label": "reduce.reduce.vector", "average_duration": 0.0001418325636121962, "n_events": 18, "total_time": 0.0025529861450195312}, "reduce.setgrad": {"label": "reduce.setgrad", "average_duration": 0.0032009945975409616, "n_events": 18, "total_time": 0.057617902755737305}, "test.last": {"label": "test.last", "average_duration": 1.3656268119812012, "n_events": 1, "total_time": 1.3656268119812012}}