{"batch": {"label": "batch", "average_duration": 0.1891695270242617, "n_events": 387, "total_time": 73.20860695838928}, "batch.accumulate": {"label": "batch.accumulate", "average_duration": 0.003016657299465603, "n_events": 18, "total_time": 0.05429983139038086}, "batch.backward": {"label": "batch.backward", "average_duration": 0.02584263767074861, "n_events": 387, "total_time": 10.001100778579712}, "batch.evaluate": {"label": "batch.evaluate", "average_duration": 0.11451643874786929, "n_events": 387, "total_time": 44.317861795425415}, "batch.forward": {"label": "batch.forward", "average_duration": 0.02389482010242551, "n_events": 387, "total_time": 9.247295379638672}, "batch.reduce": {"label": "batch.reduce", "average_duration": 0.059415221214294434, "n_events": 18, "total_time": 1.0694739818572998}, "batch.step": {"label": "batch.step", "average_duration": 0.009030621181162752, "n_events": 387, "total_time": 3.4948503971099854}, "epoch_metrics.collect": {"label": "epoch_metrics.collect", "average_duration": 0.022427797317504883, "n_events": 3, "total_time": 0.06728339195251465}, "reduce.compress": {"label": "reduce.compress", "average_duration": 0.00044216050042046443, "n_events": 18, "total_time": 0.00795888900756836}, "reduce.decompress": {"label": "reduce.decompress", "average_duration": 8.598963419596355e-05, "n_events": 18, "total_time": 0.0015478134155273438}, "reduce.flat_pack": {"label": "reduce.flat_pack", "average_duration": 0.0007753239737616645, "n_events": 18, "total_time": 0.013955831527709961}, "reduce.norm": {"label": "reduce.norm", "average_duration": 0.048137161466810435, "n_events": 18, "total_time": 0.8664689064025879}, "reduce.reduce.vector": {"label": "reduce.reduce.vector", "average_duration": 0.00015032291412353516, "n_events": 18, "total_time": 0.002705812454223633}, "reduce.setgrad": {"label": "reduce.setgrad", "average_duration": 0.00925445556640625, "n_events": 18, "total_time": 0.1665802001953125}, "test.last": {"label": "test.last", "average_duration": 1.501376469930013, "n_events": 3, "total_time": 4.504129409790039}, "reduce_times": [1.7449400424957275, 0.01605057716369629, 0.07569599151611328, 0.07593584060668945, 0.012192249298095703, 0.06865835189819336, 0.05685734748840332, 0.1027224063873291, 0.011777162551879883, 0.012385845184326172, 0.08592104911804199, 0.07592010498046875, 0.09033203125, 0.07278800010681152, 0.02863168716430664, 0.07353544235229492, 0.06503009796142578, 0.057703256607055664, 0.08733654022216797]}