{"batch": {"label": "batch", "average_duration": 0.13441045088068457, "n_events": 29249, "total_time": 3931.371277809143}, "batch.accumulate": {"label": "batch.accumulate", "average_duration": 0.0008273358556803583, "n_events": 29249, "total_time": 24.1987464427948}, "batch.backward": {"label": "batch.backward", "average_duration": 0.02226411610359803, "n_events": 29249, "total_time": 651.2031319141388}, "batch.evaluate": {"label": "batch.evaluate", "average_duration": 0.0003987785208803588, "n_events": 29249, "total_time": 11.663872957229614}, "batch.forward": {"label": "batch.forward", "average_duration": 0.011354020748094737, "n_events": 29249, "total_time": 332.09375286102295}, "batch.reduce": {"label": "batch.reduce", "average_duration": 0.09756084408587752, "n_events": 29249, "total_time": 2853.5571286678314}, "batch.step": {"label": "batch.step", "average_duration": 0.000835601079280146, "n_events": 29249, "total_time": 24.44049596786499}, "epoch_metrics.collect": {"label": "epoch_metrics.collect", "average_duration": 0.0016050434752598705, "n_events": 149, "total_time": 0.2391514778137207}, "reduce.combine": {"label": "reduce.combine", "average_duration": 0.00042390555185131944, "n_events": 29249, "total_time": 12.398813486099243}, "reduce.flat_pack": {"label": "reduce.flat_pack", "average_duration": 0.0005646577357936098, "n_events": 29249, "total_time": 16.515674114227295}, "reduce.gather": {"label": "reduce.gather", "average_duration": 0.003121677115536652, "n_events": 29249, "total_time": 91.30593395233154}, "reduce.set_memory": {"label": "reduce.set_memory", "average_duration": 0.0004049790015998769, "n_events": 29249, "total_time": 11.8452308177948}, "reduce.setgrad": {"label": "reduce.setgrad", "average_duration": 0.003686050597759527, "n_events": 29249, "total_time": 107.81329393386841}, "reduce.topk": {"label": "reduce.topk", "average_duration": 0.08864377276046186, "n_events": 29249, "total_time": 2592.741709470749}, "test.last": {"label": "test.last", "average_duration": 0.9244927127889339, "n_events": 149, "total_time": 137.74941420555115}}