{"batch": {"label": "batch", "average_duration": 0.35651289676797804, "n_events": 290, "total_time": 103.38874006271362}, "batch.accumulate": {"label": "batch.accumulate", "average_duration": 0.002614484892951118, "n_events": 18, "total_time": 0.04706072807312012}, "batch.backward": {"label": "batch.backward", "average_duration": 0.12334409417777226, "n_events": 290, "total_time": 35.769787311553955}, "batch.evaluate": {"label": "batch.evaluate", "average_duration": 0.0007833077989775559, "n_events": 290, "total_time": 0.2271592617034912}, "batch.forward": {"label": "batch.forward", "average_duration": 0.04156626092976537, "n_events": 290, "total_time": 12.054215669631958}, "batch.reduce": {"label": "batch.reduce", "average_duration": 2.4088371064927845, "n_events": 18, "total_time": 43.35906791687012}, "batch.step": {"label": "batch.step", "average_duration": 0.008711066739312533, "n_events": 290, "total_time": 2.5262093544006348}, "epoch_metrics.collect": {"label": "epoch_metrics.collect", "average_duration": 1.7603049278259277, "n_events": 2, "total_time": 3.5206098556518555}, "reduce.allreduce": {"label": "reduce.allreduce", "average_duration": 2.407712843683031, "n_events": 18, "total_time": 43.338831186294556}, "reduce.flat_pack": {"label": "reduce.flat_pack", "average_duration": 0.0009790394041273329, "n_events": 18, "total_time": 0.017622709274291992}, "test.last": {"label": "test.last", "average_duration": 2.8869986534118652, "n_events": 2, "total_time": 5.7739973068237305}}