{"batch": {"label": "batch", "average_duration": 0.19917194793621698, "n_events": 96, "total_time": 19.12050700187683}, "batch.accumulate": {"label": "batch.accumulate", "average_duration": 0.0028058414657910666, "n_events": 96, "total_time": 0.2693607807159424}, "batch.backward": {"label": "batch.backward", "average_duration": 0.12177060792843501, "n_events": 96, "total_time": 11.68997836112976}, "batch.evaluate": {"label": "batch.evaluate", "average_duration": 0.0008258422215779623, "n_events": 96, "total_time": 0.07928085327148438}, "batch.forward": {"label": "batch.forward", "average_duration": 0.04107299198706945, "n_events": 96, "total_time": 3.943007230758667}, "batch.reduce": {"label": "batch.reduce", "average_duration": 0.015545929471651712, "n_events": 96, "total_time": 1.4924092292785645}, "batch.step": {"label": "batch.step", "average_duration": 0.008839242160320282, "n_events": 96, "total_time": 0.8485672473907471}, "reduce.compress": {"label": "reduce.compress", "average_duration": 0.0004164377848307292, "n_events": 96, "total_time": 0.03997802734375}, "reduce.decompress": {"label": "reduce.decompress", "average_duration": 9.274731079737346e-05, "n_events": 96, "total_time": 0.008903741836547852}, "reduce.flat_pack": {"label": "reduce.flat_pack", "average_duration": 0.0009168858329455057, "n_events": 96, "total_time": 0.08802103996276855}, "reduce.norm": {"label": "reduce.norm", "average_duration": 0.0039825960993766785, "n_events": 96, "total_time": 0.38232922554016113}, "reduce.reduce.vector": {"label": "reduce.reduce.vector", "average_duration": 0.0010793407758076985, "n_events": 96, "total_time": 0.10361671447753906}, "reduce.setgrad": {"label": "reduce.setgrad", "average_duration": 0.008602815369764963, "n_events": 96, "total_time": 0.8258702754974365}}