{"batch": {"label": "batch", "average_duration": 0.22242491412942864, "n_events": 29249, "total_time": 6505.706313371658}, "batch.accumulate": {"label": "batch.accumulate", "average_duration": 0.002229821724776713, "n_events": 5849, "total_time": 13.042227268218994}, "batch.backward": {"label": "batch.backward", "average_duration": 0.14359449458295878, "n_events": 29249, "total_time": 4199.995372056961}, "batch.evaluate": {"label": "batch.evaluate", "average_duration": 0.00042105381327974087, "n_events": 29249, "total_time": 12.31540298461914}, "batch.forward": {"label": "batch.forward", "average_duration": 0.06720088786714329, "n_events": 29249, "total_time": 1965.5587692260742}, "batch.reduce": {"label": "batch.reduce", "average_duration": 0.013374909027394402, "n_events": 5849, "total_time": 78.22984290122986}, "batch.step": {"label": "batch.step", "average_duration": 0.0052711726938615665, "n_events": 29249, "total_time": 154.17653012275696}, "epoch_metrics.collect": {"label": "epoch_metrics.collect", "average_duration": 0.008561207944114736, "n_events": 149, "total_time": 1.2756199836730957}, "reduce.compress": {"label": "reduce.compress", "average_duration": 0.0003208666097243477, "n_events": 5849, "total_time": 1.87674880027771}, "reduce.decompress": {"label": "reduce.decompress", "average_duration": 6.338053634990524e-05, "n_events": 5849, "total_time": 0.3707127571105957}, "reduce.flat_pack": {"label": "reduce.flat_pack", "average_duration": 0.0011189496299103196, "n_events": 5849, "total_time": 6.544736385345459}, "reduce.norm": {"label": "reduce.norm", "average_duration": 0.004393987155078843, "n_events": 5849, "total_time": 25.700430870056152}, "reduce.reduce.vector": {"label": "reduce.reduce.vector", "average_duration": 0.00016817995209350692, "n_events": 5849, "total_time": 0.9836845397949219}, "reduce.setgrad": {"label": "reduce.setgrad", "average_duration": 0.006654856041529827, "n_events": 5849, "total_time": 38.92425298690796}, "test.last": {"label": "test.last", "average_duration": 2.4860059430935237, "n_events": 149, "total_time": 370.41488552093506}}