{"batch": {"label": "batch", "average_duration": 0.21175278858705002, "n_events": 484, "total_time": 102.4883496761322}, "batch.accumulate": {"label": "batch.accumulate", "average_duration": 0.0019269733389547048, "n_events": 484, "total_time": 0.9326550960540771}, "batch.backward": {"label": "batch.backward", "average_duration": 0.12362931484033253, "n_events": 484, "total_time": 59.83658838272095}, "batch.evaluate": {"label": "batch.evaluate", "average_duration": 0.0005307163088774878, "n_events": 484, "total_time": 0.2568666934967041}, "batch.forward": {"label": "batch.forward", "average_duration": 0.059994822198694404, "n_events": 484, "total_time": 29.03749394416809}, "batch.reduce": {"label": "batch.reduce", "average_duration": 0.013328643869762579, "n_events": 484, "total_time": 6.451063632965088}, "batch.step": {"label": "batch.step", "average_duration": 0.008968073474474189, "n_events": 484, "total_time": 4.340547561645508}, "epoch_metrics.collect": {"label": "epoch_metrics.collect", "average_duration": 0.004374146461486816, "n_events": 4, "total_time": 0.017496585845947266}, "reduce.compress": {"label": "reduce.compress", "average_duration": 0.0015887233836591737, "n_events": 484, "total_time": 0.76894211769104}, "reduce.decompress": {"label": "reduce.decompress", "average_duration": 0.0001888752968843318, "n_events": 484, "total_time": 0.0914156436920166}, "reduce.flat_pack": {"label": "reduce.flat_pack", "average_duration": 0.0007398586627865625, "n_events": 484, "total_time": 0.3580915927886963}, "reduce.norm": {"label": "reduce.norm", "average_duration": 0.00279158698625801, "n_events": 484, "total_time": 1.351128101348877}, "reduce.reduce.vector": {"label": "reduce.reduce.vector", "average_duration": 0.0008510301920993269, "n_events": 484, "total_time": 0.4118986129760742}, "reduce.setgrad": {"label": "reduce.setgrad", "average_duration": 0.006745686708403028, "n_events": 484, "total_time": 3.2649123668670654}, "test.last": {"label": "test.last", "average_duration": 1.4300064444541931, "n_events": 4, "total_time": 5.7200257778167725}}