{"batch": {"label": "batch", "average_duration": 0.1871341544471375, "n_events": 584, "total_time": 109.2863461971283}, "batch.accumulate": {"label": "batch.accumulate", "average_duration": 0.0026271405972932513, "n_events": 38, "total_time": 0.09983134269714355}, "batch.backward": {"label": "batch.backward", "average_duration": 0.12456445906260243, "n_events": 584, "total_time": 72.74564409255981}, "batch.evaluate": {"label": "batch.evaluate", "average_duration": 0.0005675758401008502, "n_events": 584, "total_time": 0.3314642906188965}, "batch.forward": {"label": "batch.forward", "average_duration": 0.041699643004430485, "n_events": 584, "total_time": 24.352591514587402}, "batch.reduce": {"label": "batch.reduce", "average_duration": 0.011120833848652086, "n_events": 38, "total_time": 0.4225916862487793}, "batch.step": {"label": "batch.step", "average_duration": 0.008620207440363218, "n_events": 584, "total_time": 5.034201145172119}, "epoch_metrics.collect": {"label": "epoch_metrics.collect", "average_duration": 0.006598949432373047, "n_events": 2, "total_time": 0.013197898864746094}, "reduce.compress": {"label": "reduce.compress", "average_duration": 0.0009207160849320261, "n_events": 38, "total_time": 0.03498721122741699}, "reduce.decompress": {"label": "reduce.decompress", "average_duration": 0.0002057866046303197, "n_events": 38, "total_time": 0.007819890975952148}, "reduce.flat_pack": {"label": "reduce.flat_pack", "average_duration": 0.0009056266985441509, "n_events": 38, "total_time": 0.034413814544677734}, "reduce.norm": {"label": "reduce.norm", "average_duration": 0.0003748253772133275, "n_events": 38, "total_time": 0.014243364334106445}, "reduce.reduce.vector": {"label": "reduce.reduce.vector", "average_duration": 0.00011849403381347656, "n_events": 38, "total_time": 0.004502773284912109}, "reduce.setgrad": {"label": "reduce.setgrad", "average_duration": 0.008158012440330103, "n_events": 38, "total_time": 0.31000447273254395}, "test.last": {"label": "test.last", "average_duration": 2.6688390970230103, "n_events": 2, "total_time": 5.3376781940460205}}