{"batch": {"label": "batch", "average_duration": 0.09957979634865043, "n_events": 194, "total_time": 19.318480491638184}, "batch.accumulate": {"label": "batch.accumulate", "average_duration": 0.0010815182911981013, "n_events": 194, "total_time": 0.20981454849243164}, "batch.backward": {"label": "batch.backward", "average_duration": 0.06464675898404465, "n_events": 194, "total_time": 12.541471242904663}, "batch.evaluate": {"label": "batch.evaluate", "average_duration": 0.0014001131057739258, "n_events": 194, "total_time": 0.2716219425201416}, "batch.forward": {"label": "batch.forward", "average_duration": 0.006359046267479965, "n_events": 194, "total_time": 1.2336549758911133}, "batch.reduce": {"label": "batch.reduce", "average_duration": 0.019963555729266294, "n_events": 194, "total_time": 3.872929811477661}, "batch.step": {"label": "batch.step", "average_duration": 0.0030206073190748076, "n_events": 194, "total_time": 0.5859978199005127}, "reduce.compress": {"label": "reduce.compress", "average_duration": 0.0021134492048283213, "n_events": 194, "total_time": 0.41000914573669434}, "reduce.decompress": {"label": "reduce.decompress", "average_duration": 0.00031157252714806, "n_events": 194, "total_time": 0.06044507026672363}, "reduce.flat_pack": {"label": "reduce.flat_pack", "average_duration": 0.0007118367657219012, "n_events": 194, "total_time": 0.13809633255004883}, "reduce.norm": {"label": "reduce.norm", "average_duration": 0.0014410498215980136, "n_events": 194, "total_time": 0.27956366539001465}, "reduce.reduce.vector": {"label": "reduce.reduce.vector", "average_duration": 0.012078823502530757, "n_events": 194, "total_time": 2.343291759490967}, "reduce.setgrad": {"label": "reduce.setgrad", "average_duration": 0.002946595555728244, "n_events": 194, "total_time": 0.5716395378112793}}