{"batch": {"label": "batch", "average_duration": 0.22192743663408968, "n_events": 29249, "total_time": 6491.155594110489}, "batch.accumulate": {"label": "batch.accumulate", "average_duration": 0.0026194008764942075, "n_events": 291, "total_time": 0.7622456550598145}, "batch.backward": {"label": "batch.backward", "average_duration": 0.14444183301483857, "n_events": 29249, "total_time": 4224.779173851013}, "batch.evaluate": {"label": "batch.evaluate", "average_duration": 0.00044319800765841487, "n_events": 29249, "total_time": 12.963098526000977}, "batch.forward": {"label": "batch.forward", "average_duration": 0.06748446682472833, "n_events": 29249, "total_time": 1973.8531701564789}, "batch.reduce": {"label": "batch.reduce", "average_duration": 0.05639713490541858, "n_events": 291, "total_time": 16.411566257476807}, "batch.step": {"label": "batch.step", "average_duration": 0.00595777880624199, "n_events": 29249, "total_time": 174.25907230377197}, "epoch_metrics.collect": {"label": "epoch_metrics.collect", "average_duration": 0.025709107418188312, "n_events": 149, "total_time": 3.8306570053100586}, "reduce.compress": {"label": "reduce.compress", "average_duration": 0.007254505485193836, "n_events": 291, "total_time": 2.1110610961914062}, "reduce.decompress": {"label": "reduce.decompress", "average_duration": 0.0006807202735717354, "n_events": 291, "total_time": 0.198089599609375}, "reduce.flat_pack": {"label": "reduce.flat_pack", "average_duration": 0.0012086601191779592, "n_events": 291, "total_time": 0.35172009468078613}, "reduce.norm": {"label": "reduce.norm", "average_duration": 0.0317493517374255, "n_events": 291, "total_time": 9.23906135559082}, "reduce.reduce.vector": {"label": "reduce.reduce.vector", "average_duration": 0.007294796586446336, "n_events": 291, "total_time": 2.122785806655884}, "reduce.setgrad": {"label": "reduce.setgrad", "average_duration": 0.00796814964399305, "n_events": 291, "total_time": 2.3187315464019775}, "test.last": {"label": "test.last", "average_duration": 2.502443974450131, "n_events": 149, "total_time": 372.86415219306946}}