{"batch": {"label": "batch", "average_duration": 0.12516760086191112, "n_events": 290, "total_time": 36.298604249954224}, "batch.accumulate": {"label": "batch.accumulate", "average_duration": 0.0009771850374009875, "n_events": 18, "total_time": 0.017589330673217773}, "batch.backward": {"label": "batch.backward", "average_duration": 0.06520757510744292, "n_events": 290, "total_time": 18.910196781158447}, "batch.evaluate": {"label": "batch.evaluate", "average_duration": 0.001176908098418137, "n_events": 290, "total_time": 0.34130334854125977}, "batch.forward": {"label": "batch.forward", "average_duration": 0.006424358795429098, "n_events": 290, "total_time": 1.8630640506744385}, "batch.reduce": {"label": "batch.reduce", "average_duration": 0.6839401192135282, "n_events": 18, "total_time": 12.310922145843506}, "batch.step": {"label": "batch.step", "average_duration": 0.00368264050319277, "n_events": 290, "total_time": 1.0679657459259033}, "epoch_metrics.collect": {"label": "epoch_metrics.collect", "average_duration": 0.5166908502578735, "n_events": 2, "total_time": 1.033381700515747}, "reduce.compress": {"label": "reduce.compress", "average_duration": 0.0021148125330607095, "n_events": 18, "total_time": 0.03806662559509277}, "reduce.decompress": {"label": "reduce.decompress", "average_duration": 0.000215556886461046, "n_events": 18, "total_time": 0.003880023956298828}, "reduce.flat_pack": {"label": "reduce.flat_pack", "average_duration": 0.0007578134536743164, "n_events": 18, "total_time": 0.013640642166137695}, "reduce.norm": {"label": "reduce.norm", "average_duration": 0.6683822207980685, "n_events": 18, "total_time": 12.030879974365234}, "reduce.reduce.vector": {"label": "reduce.reduce.vector", "average_duration": 0.00922956731584337, "n_events": 18, "total_time": 0.16613221168518066}, "reduce.setgrad": {"label": "reduce.setgrad", "average_duration": 0.002901474634806315, "n_events": 18, "total_time": 0.05222654342651367}, "test.last": {"label": "test.last", "average_duration": 1.8150818347930908, "n_events": 2, "total_time": 3.6301636695861816}}