{"batch": {"label": "batch", "average_duration": 0.2218980723647787, "n_events": 29249, "total_time": 6490.296718597412}, "batch.accumulate": {"label": "batch.accumulate", "average_duration": 0.0022826264106482904, "n_events": 1169, "total_time": 2.6683902740478516}, "batch.backward": {"label": "batch.backward", "average_duration": 0.1442472092281786, "n_events": 29249, "total_time": 4219.086622714996}, "batch.evaluate": {"label": "batch.evaluate", "average_duration": 0.00041117882206075687, "n_events": 29249, "total_time": 12.026569366455078}, "batch.forward": {"label": "batch.forward", "average_duration": 0.06721926978553168, "n_events": 29249, "total_time": 1966.096421957016}, "batch.reduce": {"label": "batch.reduce", "average_duration": 0.0537523660423207, "n_events": 1169, "total_time": 62.8365159034729}, "batch.step": {"label": "batch.step", "average_duration": 0.004996466308158664, "n_events": 29249, "total_time": 146.14164304733276}, "epoch_metrics.collect": {"label": "epoch_metrics.collect", "average_duration": 0.00541610205733536, "n_events": 149, "total_time": 0.8069992065429688}, "reduce.compress": {"label": "reduce.compress", "average_duration": 0.027485512381848154, "n_events": 1169, "total_time": 32.13056397438049}, "reduce.decompress": {"label": "reduce.decompress", "average_duration": 0.003402181320255694, "n_events": 1169, "total_time": 3.9771499633789062}, "reduce.flat_pack": {"label": "reduce.flat_pack", "average_duration": 0.0011280459966080325, "n_events": 1169, "total_time": 1.31868577003479}, "reduce.norm": {"label": "reduce.norm", "average_duration": 0.007635022555792607, "n_events": 1169, "total_time": 8.925341367721558}, "reduce.reduce.vector": {"label": "reduce.reduce.vector", "average_duration": 0.007348629019013626, "n_events": 1169, "total_time": 8.590547323226929}, "reduce.setgrad": {"label": "reduce.setgrad", "average_duration": 0.006543379343912273, "n_events": 1169, "total_time": 7.649210453033447}, "test.last": {"label": "test.last", "average_duration": 2.499383286341725, "n_events": 149, "total_time": 372.408109664917}}