{"batch": {"label": "batch", "average_duration": 0.27988922595977783, "n_events": 484, "total_time": 135.46638536453247}, "batch.accumulate": {"label": "batch.accumulate", "average_duration": 0.0019951044035351967, "n_events": 484, "total_time": 0.9656305313110352}, "batch.backward": {"label": "batch.backward", "average_duration": 0.12316079425417688, "n_events": 484, "total_time": 59.609824419021606}, "batch.evaluate": {"label": "batch.evaluate", "average_duration": 0.0005407752084337975, "n_events": 484, "total_time": 0.261735200881958}, "batch.forward": {"label": "batch.forward", "average_duration": 0.059978279200467194, "n_events": 484, "total_time": 29.029487133026123}, "batch.reduce": {"label": "batch.reduce", "average_duration": 0.08218373937055098, "n_events": 484, "total_time": 39.77692985534668}, "batch.step": {"label": "batch.step", "average_duration": 0.008528426166408318, "n_events": 484, "total_time": 4.127758264541626}, "epoch_metrics.collect": {"label": "epoch_metrics.collect", "average_duration": 0.04130607843399048, "n_events": 4, "total_time": 0.16522431373596191}, "reduce.compress": {"label": "reduce.compress", "average_duration": 0.03760058623700103, "n_events": 484, "total_time": 18.198683738708496}, "reduce.decompress": {"label": "reduce.decompress", "average_duration": 0.0015901681805445143, "n_events": 484, "total_time": 0.7696413993835449}, "reduce.flat_pack": {"label": "reduce.flat_pack", "average_duration": 0.0007574183881775407, "n_events": 484, "total_time": 0.3665904998779297}, "reduce.norm": {"label": "reduce.norm", "average_duration": 0.003632851868621574, "n_events": 484, "total_time": 1.7583003044128418}, "reduce.reduce.vector": {"label": "reduce.reduce.vector", "average_duration": 0.031341813319970754, "n_events": 484, "total_time": 15.169437646865845}, "reduce.setgrad": {"label": "reduce.setgrad", "average_duration": 0.006805725826704798, "n_events": 484, "total_time": 3.293971300125122}, "test.last": {"label": "test.last", "average_duration": 1.521965742111206, "n_events": 4, "total_time": 6.087862968444824}}