{"batch": {"label": "batch", "average_duration": 0.08303925787755685, "n_events": 387, "total_time": 32.1361927986145}, "batch.accumulate": {"label": "batch.accumulate", "average_duration": 0.001107507281833225, "n_events": 18, "total_time": 0.019935131072998047}, "batch.backward": {"label": "batch.backward", "average_duration": 0.006623207136642101, "n_events": 387, "total_time": 2.563181161880493}, "batch.evaluate": {"label": "batch.evaluate", "average_duration": 0.058478178596003724, "n_events": 387, "total_time": 22.631055116653442}, "batch.forward": {"label": "batch.forward", "average_duration": 0.005820975439185012, "n_events": 387, "total_time": 2.2527174949645996}, "batch.reduce": {"label": "batch.reduce", "average_duration": 0.062499668863084584, "n_events": 18, "total_time": 1.1249940395355225}, "batch.step": {"label": "batch.step", "average_duration": 0.0032942332038583683, "n_events": 387, "total_time": 1.2748682498931885}, "epoch_metrics.collect": {"label": "epoch_metrics.collect", "average_duration": 0.02640247344970703, "n_events": 3, "total_time": 0.0792074203491211}, "reduce.compress": {"label": "reduce.compress", "average_duration": 0.0010946989059448242, "n_events": 18, "total_time": 0.019704580307006836}, "reduce.decompress": {"label": "reduce.decompress", "average_duration": 0.0002307891845703125, "n_events": 18, "total_time": 0.004154205322265625}, "reduce.flat_pack": {"label": "reduce.flat_pack", "average_duration": 0.0003351767857869466, "n_events": 18, "total_time": 0.006033182144165039}, "reduce.norm": {"label": "reduce.norm", "average_duration": 0.05673927730984158, "n_events": 18, "total_time": 1.0213069915771484}, "reduce.reduce.vector": {"label": "reduce.reduce.vector", "average_duration": 0.00013266669379340278, "n_events": 18, "total_time": 0.00238800048828125}, "reduce.setgrad": {"label": "reduce.setgrad", "average_duration": 0.0034233066770765516, "n_events": 18, "total_time": 0.06161952018737793}, "test.last": {"label": "test.last", "average_duration": 1.3723115921020508, "n_events": 3, "total_time": 4.116934776306152}}