{"batch": {"label": "batch", "average_duration": 0.0831848644779018, "n_events": 387, "total_time": 32.192542552948}, "batch.accumulate": {"label": "batch.accumulate", "average_duration": 0.0010756651560465496, "n_events": 18, "total_time": 0.01936197280883789}, "batch.backward": {"label": "batch.backward", "average_duration": 0.00632293279780898, "n_events": 387, "total_time": 2.446974992752075}, "batch.evaluate": {"label": "batch.evaluate", "average_duration": 0.06040150989857755, "n_events": 387, "total_time": 23.37538433074951}, "batch.forward": {"label": "batch.forward", "average_duration": 0.005544704368256167, "n_events": 387, "total_time": 2.1458005905151367}, "batch.reduce": {"label": "batch.reduce", "average_duration": 0.04588282108306885, "n_events": 18, "total_time": 0.8258907794952393}, "batch.step": {"label": "batch.step", "average_duration": 0.0031445648627071725, "n_events": 387, "total_time": 1.2169466018676758}, "epoch_metrics.collect": {"label": "epoch_metrics.collect", "average_duration": 0.010434230168660482, "n_events": 3, "total_time": 0.031302690505981445}, "reduce.compress": {"label": "reduce.compress", "average_duration": 0.0010240475336710613, "n_events": 18, "total_time": 0.0184328556060791}, "reduce.decompress": {"label": "reduce.decompress", "average_duration": 0.00022741158803304037, "n_events": 18, "total_time": 0.0040934085845947266}, "reduce.flat_pack": {"label": "reduce.flat_pack", "average_duration": 0.0003161960177951389, "n_events": 18, "total_time": 0.0056915283203125}, "reduce.norm": {"label": "reduce.norm", "average_duration": 0.040604869524637856, "n_events": 18, "total_time": 0.7308876514434814}, "reduce.reduce.vector": {"label": "reduce.reduce.vector", "average_duration": 0.00012538168165418837, "n_events": 18, "total_time": 0.0022568702697753906}, "reduce.setgrad": {"label": "reduce.setgrad", "average_duration": 0.0030686590406629774, "n_events": 18, "total_time": 0.055235862731933594}, "test.last": {"label": "test.last", "average_duration": 1.3723889986673992, "n_events": 3, "total_time": 4.117166996002197}}