{"batch": {"label": "batch", "average_duration": 0.0830483886314609, "n_events": 387, "total_time": 32.139726400375366}, "batch.accumulate": {"label": "batch.accumulate", "average_duration": 0.0010696649551391602, "n_events": 18, "total_time": 0.019253969192504883}, "batch.backward": {"label": "batch.backward", "average_duration": 0.006724443238526967, "n_events": 387, "total_time": 2.6023595333099365}, "batch.evaluate": {"label": "batch.evaluate", "average_duration": 0.06091521568692624, "n_events": 387, "total_time": 23.574188470840454}, "batch.forward": {"label": "batch.forward", "average_duration": 0.0055679997732472975, "n_events": 387, "total_time": 2.154815912246704}, "batch.reduce": {"label": "batch.reduce", "average_duration": 0.021085421244303387, "n_events": 18, "total_time": 0.37953758239746094}, "batch.step": {"label": "batch.step", "average_duration": 0.00321935929685292, "n_events": 387, "total_time": 1.24589204788208}, "epoch_metrics.collect": {"label": "epoch_metrics.collect", "average_duration": 0.0012489954630533855, "n_events": 3, "total_time": 0.0037469863891601562}, "reduce.compress": {"label": "reduce.compress", "average_duration": 0.0009991195466783312, "n_events": 18, "total_time": 0.01798415184020996}, "reduce.decompress": {"label": "reduce.decompress", "average_duration": 0.00021821922726101347, "n_events": 18, "total_time": 0.003927946090698242}, "reduce.flat_pack": {"label": "reduce.flat_pack", "average_duration": 0.00030810303158230253, "n_events": 18, "total_time": 0.005545854568481445}, "reduce.norm": {"label": "reduce.norm", "average_duration": 0.015825006696912978, "n_events": 18, "total_time": 0.2848501205444336}, "reduce.reduce.vector": {"label": "reduce.reduce.vector", "average_duration": 0.0001262029012044271, "n_events": 18, "total_time": 0.0022716522216796875}, "reduce.setgrad": {"label": "reduce.setgrad", "average_duration": 0.003091745906405979, "n_events": 18, "total_time": 0.05565142631530762}, "test.last": {"label": "test.last", "average_duration": 1.3723262151082356, "n_events": 3, "total_time": 4.116978645324707}}