{"batch": {"label": "batch", "average_duration": 0.043717529269225654, "n_events": 29249, "total_time": 1278.694013595581}, "batch.accumulate": {"label": "batch.accumulate", "average_duration": 0.0010295348304524992, "n_events": 29249, "total_time": 30.11286425590515}, "batch.backward": {"label": "batch.backward", "average_duration": 0.007678811205909242, "n_events": 29249, "total_time": 224.5975489616394}, "batch.evaluate": {"label": "batch.evaluate", "average_duration": 0.018396582626767424, "n_events": 29249, "total_time": 538.0816452503204}, "batch.forward": {"label": "batch.forward", "average_duration": 0.0044346080934448305, "n_events": 29249, "total_time": 129.70785212516785}, "batch.reduce": {"label": "batch.reduce", "average_duration": 0.0035739964332542743, "n_events": 29249, "total_time": 104.53582167625427}, "batch.step": {"label": "batch.step", "average_duration": 0.0057045343639610235, "n_events": 29249, "total_time": 166.85192561149597}, "epoch_metrics.collect": {"label": "epoch_metrics.collect", "average_duration": 0.01320959737636899, "n_events": 149, "total_time": 1.9682300090789795}, "reduce.allreduce": {"label": "reduce.allreduce", "average_duration": 0.003232426568216216, "n_events": 29249, "total_time": 94.5452446937561}, "reduce.flat_pack": {"label": "reduce.flat_pack", "average_duration": 0.0002646222555224494, "n_events": 29249, "total_time": 7.739936351776123}, "test.last": {"label": "test.last", "average_duration": 1.042727201577001, "n_events": 149, "total_time": 155.36635303497314}}