{"batch": {"label": "batch", "average_duration": 0.06065943572960485, "n_events": 29249, "total_time": 1774.2278356552124}, "batch.accumulate": {"label": "batch.accumulate", "average_duration": 0.0011907754431358098, "n_events": 29249, "total_time": 34.8289909362793}, "batch.backward": {"label": "batch.backward", "average_duration": 0.01996045940134023, "n_events": 29249, "total_time": 583.8234770298004}, "batch.evaluate": {"label": "batch.evaluate", "average_duration": 0.0008213361832515909, "n_events": 29249, "total_time": 24.02326202392578}, "batch.forward": {"label": "batch.forward", "average_duration": 0.01141791163707351, "n_events": 29249, "total_time": 333.96249747276306}, "batch.reduce": {"label": "batch.reduce", "average_duration": 0.017513381374763045, "n_events": 29249, "total_time": 512.2488918304443}, "batch.step": {"label": "batch.step", "average_duration": 0.006298788119847601, "n_events": 29249, "total_time": 184.23325371742249}, "epoch_metrics.collect": {"label": "epoch_metrics.collect", "average_duration": 0.002088154722380158, "n_events": 149, "total_time": 0.31113505363464355}, "reduce.allreduce": {"label": "reduce.allreduce", "average_duration": 0.016617801112881515, "n_events": 29249, "total_time": 486.0540647506714}, "reduce.flat_pack": {"label": "reduce.flat_pack", "average_duration": 0.0007952398436917798, "n_events": 29249, "total_time": 23.25997018814087}, "test.last": {"label": "test.last", "average_duration": 1.0826297590396547, "n_events": 149, "total_time": 161.31183409690857}}