{"batch": {"label": "batch", "average_duration": 0.24140908300262137, "n_events": 194, "total_time": 46.833362102508545}, "batch.accumulate": {"label": "batch.accumulate", "average_duration": 0.002981794249151171, "n_events": 194, "total_time": 0.5784680843353271}, "batch.backward": {"label": "batch.backward", "average_duration": 0.12186870747005817, "n_events": 194, "total_time": 23.642529249191284}, "batch.evaluate": {"label": "batch.evaluate", "average_duration": 0.0008052759563799986, "n_events": 194, "total_time": 0.15622353553771973}, "batch.forward": {"label": "batch.forward", "average_duration": 0.04107670808575817, "n_events": 194, "total_time": 7.968881368637085}, "batch.reduce": {"label": "batch.reduce", "average_duration": 0.05776204153434517, "n_events": 194, "total_time": 11.205836057662964}, "batch.step": {"label": "batch.step", "average_duration": 0.008616034517583158, "n_events": 194, "total_time": 1.6715106964111328}, "reduce.compress": {"label": "reduce.compress", "average_duration": 0.02640197940708436, "n_events": 194, "total_time": 5.121984004974365}, "reduce.decompress": {"label": "reduce.decompress", "average_duration": 0.0016083594450016611, "n_events": 194, "total_time": 0.31202173233032227}, "reduce.flat_pack": {"label": "reduce.flat_pack", "average_duration": 0.0009315652945606979, "n_events": 194, "total_time": 0.1807236671447754}, "reduce.norm": {"label": "reduce.norm", "average_duration": 0.0006688894684781733, "n_events": 194, "total_time": 0.12976455688476562}, "reduce.reduce.vector": {"label": "reduce.reduce.vector", "average_duration": 0.01944182091152545, "n_events": 194, "total_time": 3.7717132568359375}, "reduce.setgrad": {"label": "reduce.setgrad", "average_duration": 0.0082536284456548, "n_events": 194, "total_time": 1.6012039184570312}}