{"batch": {"label": "batch", "average_duration": 0.3718542360888862, "n_events": 193, "total_time": 71.76786756515503}, "batch.accumulate": {"label": "batch.accumulate", "average_duration": 0.002610100640190972, "n_events": 18, "total_time": 0.0469818115234375}, "batch.backward": {"label": "batch.backward", "average_duration": 0.1232133504640253, "n_events": 193, "total_time": 23.780176639556885}, "batch.evaluate": {"label": "batch.evaluate", "average_duration": 0.0008258980172903427, "n_events": 193, "total_time": 0.15939831733703613}, "batch.forward": {"label": "batch.forward", "average_duration": 0.041496407800387845, "n_events": 193, "total_time": 8.008806705474854}, "batch.reduce": {"label": "batch.reduce", "average_duration": 1.6621564229329426, "n_events": 18, "total_time": 29.91881561279297}, "batch.step": {"label": "batch.step", "average_duration": 0.009456714817897026, "n_events": 193, "total_time": 1.825145959854126}, "epoch_metrics.collect": {"label": "epoch_metrics.collect", "average_duration": 0.7090854644775391, "n_events": 1, "total_time": 0.7090854644775391}, "reduce.allreduce": {"label": "reduce.allreduce", "average_duration": 1.6610613928900824, "n_events": 18, "total_time": 29.899105072021484}, "reduce.flat_pack": {"label": "reduce.flat_pack", "average_duration": 0.000953727298312717, "n_events": 18, "total_time": 0.017167091369628906}, "test.last": {"label": "test.last", "average_duration": 2.8959150314331055, "n_events": 1, "total_time": 2.8959150314331055}}