{"batch": {"label": "batch", "average_duration": 0.1830705108313725, "n_events": 290, "total_time": 53.09044814109802}, "batch.accumulate": {"label": "batch.accumulate", "average_duration": 0.002858506308661567, "n_events": 18, "total_time": 0.0514531135559082}, "batch.backward": {"label": "batch.backward", "average_duration": 0.02520996537701837, "n_events": 290, "total_time": 7.310889959335327}, "batch.evaluate": {"label": "batch.evaluate", "average_duration": 0.11610763401820742, "n_events": 290, "total_time": 33.67121386528015}, "batch.forward": {"label": "batch.forward", "average_duration": 0.023534340694032867, "n_events": 290, "total_time": 6.824958801269531}, "batch.reduce": {"label": "batch.reduce", "average_duration": 0.009767916467454698, "n_events": 18, "total_time": 0.17582249641418457}, "batch.step": {"label": "batch.step", "average_duration": 0.008999909203628014, "n_events": 290, "total_time": 2.609973669052124}, "epoch_metrics.collect": {"label": "epoch_metrics.collect", "average_duration": 0.0464472770690918, "n_events": 2, "total_time": 0.0928945541381836}, "reduce.allreduce": {"label": "reduce.allreduce", "average_duration": 0.008885622024536133, "n_events": 18, "total_time": 0.1599411964416504}, "reduce.flat_pack": {"label": "reduce.flat_pack", "average_duration": 0.0007513231701321072, "n_events": 18, "total_time": 0.01352381706237793}, "test.last": {"label": "test.last", "average_duration": 1.4929152727127075, "n_events": 2, "total_time": 2.985830545425415}}