{"batch": {"label": "batch", "average_duration": 0.18548198075130068, "n_events": 290, "total_time": 53.7897744178772}, "batch.accumulate": {"label": "batch.accumulate", "average_duration": 0.0029623640908135306, "n_events": 18, "total_time": 0.053322553634643555}, "batch.backward": {"label": "batch.backward", "average_duration": 0.0246028497301299, "n_events": 290, "total_time": 7.134826421737671}, "batch.evaluate": {"label": "batch.evaluate", "average_duration": 0.11836843737240495, "n_events": 290, "total_time": 34.32684683799744}, "batch.forward": {"label": "batch.forward", "average_duration": 0.023649873404667295, "n_events": 290, "total_time": 6.858463287353516}, "batch.reduce": {"label": "batch.reduce", "average_duration": 0.0097630156411065, "n_events": 18, "total_time": 0.175734281539917}, "batch.step": {"label": "batch.step", "average_duration": 0.009323987467535612, "n_events": 290, "total_time": 2.703956365585327}, "epoch_metrics.collect": {"label": "epoch_metrics.collect", "average_duration": 0.001234889030456543, "n_events": 2, "total_time": 0.002469778060913086}, "reduce.allreduce": {"label": "reduce.allreduce", "average_duration": 0.008904589547051324, "n_events": 18, "total_time": 0.16028261184692383}, "reduce.flat_pack": {"label": "reduce.flat_pack", "average_duration": 0.0007317066192626953, "n_events": 18, "total_time": 0.013170719146728516}, "test.last": {"label": "test.last", "average_duration": 1.4930000305175781, "n_events": 2, "total_time": 2.9860000610351562}}