{"batch": {"label": "batch", "average_duration": 0.2536182263931978, "n_events": 29249, "total_time": 7418.079503774643}, "batch.accumulate": {"label": "batch.accumulate", "average_duration": 0.002623145480600845, "n_events": 29249, "total_time": 76.72438216209412}, "batch.backward": {"label": "batch.backward", "average_duration": 0.14475572529424052, "n_events": 29249, "total_time": 4233.960209131241}, "batch.evaluate": {"label": "batch.evaluate", "average_duration": 0.0007207891367134622, "n_events": 29249, "total_time": 21.082361459732056}, "batch.forward": {"label": "batch.forward", "average_duration": 0.0674505772079222, "n_events": 29249, "total_time": 1972.8619327545166}, "batch.reduce": {"label": "batch.reduce", "average_duration": 0.01584812901872599, "n_events": 29249, "total_time": 463.54192566871643}, "batch.step": {"label": "batch.step", "average_duration": 0.01464730364843745, "n_events": 29249, "total_time": 428.418984413147}, "epoch_metrics.collect": {"label": "epoch_metrics.collect", "average_duration": 0.010965003263230291, "n_events": 149, "total_time": 1.6337854862213135}, "reduce.compress": {"label": "reduce.compress", "average_duration": 0.0003235159077119891, "n_events": 29249, "total_time": 9.462516784667969}, "reduce.decompress": {"label": "reduce.decompress", "average_duration": 7.058275700055651e-05, "n_events": 29249, "total_time": 2.0644750595092773}, "reduce.flat_pack": {"label": "reduce.flat_pack", "average_duration": 0.0012391370326426299, "n_events": 29249, "total_time": 36.24351906776428}, "reduce.norm": {"label": "reduce.norm", "average_duration": 0.004834257071599165, "n_events": 29249, "total_time": 141.39718508720398}, "reduce.reduce.vector": {"label": "reduce.reduce.vector", "average_duration": 0.00018456314049352683, "n_events": 29249, "total_time": 5.398287296295166}, "reduce.setgrad": {"label": "reduce.setgrad", "average_duration": 0.008362962550035097, "n_events": 29249, "total_time": 244.60829162597656}, "test.last": {"label": "test.last", "average_duration": 2.6540018520099204, "n_events": 149, "total_time": 395.44627594947815}}