{"batch": {"label": "batch", "average_duration": 0.2543479363658847, "n_events": 29249, "total_time": 7439.422790765762}, "batch.accumulate": {"label": "batch.accumulate", "average_duration": 0.002909181325789162, "n_events": 29249, "total_time": 85.0906445980072}, "batch.backward": {"label": "batch.backward", "average_duration": 0.022915813860850374, "n_events": 29249, "total_time": 670.2646396160126}, "batch.evaluate": {"label": "batch.evaluate", "average_duration": 0.17577288020284382, "n_events": 29249, "total_time": 5141.1809730529785}, "batch.forward": {"label": "batch.forward", "average_duration": 0.014182409778318347, "n_events": 29249, "total_time": 414.8213036060333}, "batch.reduce": {"label": "batch.reduce", "average_duration": 0.014564101938679833, "n_events": 29249, "total_time": 425.9854176044464}, "batch.step": {"label": "batch.step", "average_duration": 0.016064519454093706, "n_events": 29249, "total_time": 469.87112951278687}, "epoch_metrics.collect": {"label": "epoch_metrics.collect", "average_duration": 0.0021065993597043442, "n_events": 149, "total_time": 0.31388330459594727}, "reduce.compress": {"label": "reduce.compress", "average_duration": 0.00034154263955841124, "n_events": 29249, "total_time": 9.98978066444397}, "reduce.decompress": {"label": "reduce.decompress", "average_duration": 7.211679865989592e-05, "n_events": 29249, "total_time": 2.109344244003296}, "reduce.flat_pack": {"label": "reduce.flat_pack", "average_duration": 0.0006774423745902095, "n_events": 29249, "total_time": 19.814512014389038}, "reduce.norm": {"label": "reduce.norm", "average_duration": 0.003005737736512952, "n_events": 29249, "total_time": 87.91482305526733}, "reduce.reduce.vector": {"label": "reduce.reduce.vector", "average_duration": 0.00011284672756260932, "n_events": 29249, "total_time": 3.3006539344787598}, "reduce.setgrad": {"label": "reduce.setgrad", "average_duration": 0.009209865097094937, "n_events": 29249, "total_time": 269.3793442249298}, "test.last": {"label": "test.last", "average_duration": 2.5333353225016753, "n_events": 149, "total_time": 377.46696305274963}}