{"batch": {"label": "batch", "average_duration": 0.231961856285731, "n_events": 96, "total_time": 22.268338203430176}, "batch.accumulate": {"label": "batch.accumulate", "average_duration": 0.002891063690185547, "n_events": 96, "total_time": 0.2775421142578125}, "batch.backward": {"label": "batch.backward", "average_duration": 0.12164753178755443, "n_events": 96, "total_time": 11.678163051605225}, "batch.evaluate": {"label": "batch.evaluate", "average_duration": 0.0008475283781687418, "n_events": 96, "total_time": 0.08136272430419922}, "batch.forward": {"label": "batch.forward", "average_duration": 0.04103167106707891, "n_events": 96, "total_time": 3.939040422439575}, "batch.reduce": {"label": "batch.reduce", "average_duration": 0.04783163468043009, "n_events": 96, "total_time": 4.591836929321289}, "batch.step": {"label": "batch.step", "average_duration": 0.009333352247873941, "n_events": 96, "total_time": 0.8960018157958984}, "reduce.compress": {"label": "reduce.compress", "average_duration": 0.0032775128881136575, "n_events": 96, "total_time": 0.31464123725891113}, "reduce.decompress": {"label": "reduce.decompress", "average_duration": 0.0003966440757115682, "n_events": 96, "total_time": 0.03807783126831055}, "reduce.flat_pack": {"label": "reduce.flat_pack", "average_duration": 0.0013781438271204631, "n_events": 96, "total_time": 0.13230180740356445}, "reduce.norm": {"label": "reduce.norm", "average_duration": 0.0035045742988586426, "n_events": 96, "total_time": 0.3364391326904297}, "reduce.reduce.vector": {"label": "reduce.reduce.vector", "average_duration": 0.02998812993367513, "n_events": 96, "total_time": 2.8788604736328125}, "reduce.setgrad": {"label": "reduce.setgrad", "average_duration": 0.008891560137271881, "n_events": 96, "total_time": 0.8535897731781006}}