{"batch": {"label": "batch", "average_duration": 0.08632650523605742, "n_events": 193, "total_time": 16.661015510559082}, "batch.accumulate": {"label": "batch.accumulate", "average_duration": 0.0010758638381958008, "n_events": 18, "total_time": 0.019365549087524414}, "batch.backward": {"label": "batch.backward", "average_duration": 0.006511523933608297, "n_events": 193, "total_time": 1.2567241191864014}, "batch.evaluate": {"label": "batch.evaluate", "average_duration": 0.05869190927614202, "n_events": 193, "total_time": 11.32753849029541}, "batch.forward": {"label": "batch.forward", "average_duration": 0.006045185840191619, "n_events": 193, "total_time": 1.1667208671569824}, "batch.reduce": {"label": "batch.reduce", "average_duration": 0.03343007299635145, "n_events": 18, "total_time": 0.6017413139343262}, "batch.step": {"label": "batch.step", "average_duration": 0.0033705691599475287, "n_events": 193, "total_time": 0.650519847869873}, "epoch_metrics.collect": {"label": "epoch_metrics.collect", "average_duration": 0.024049758911132812, "n_events": 1, "total_time": 0.024049758911132812}, "reduce.compress": {"label": "reduce.compress", "average_duration": 0.0010006692674424914, "n_events": 18, "total_time": 0.018012046813964844}, "reduce.decompress": {"label": "reduce.decompress", "average_duration": 0.00021890799204508463, "n_events": 18, "total_time": 0.0039403438568115234}, "reduce.flat_pack": {"label": "reduce.flat_pack", "average_duration": 0.00033164024353027344, "n_events": 18, "total_time": 0.005969524383544922}, "reduce.norm": {"label": "reduce.norm", "average_duration": 0.028163578775193956, "n_events": 18, "total_time": 0.5069444179534912}, "reduce.reduce.vector": {"label": "reduce.reduce.vector", "average_duration": 0.00013079908159044053, "n_events": 18, "total_time": 0.0023543834686279297}, "reduce.setgrad": {"label": "reduce.setgrad", "average_duration": 0.0030826197730170358, "n_events": 18, "total_time": 0.05548715591430664}, "test.last": {"label": "test.last", "average_duration": 1.361318826675415, "n_events": 1, "total_time": 1.361318826675415}, "reduce_times": [1.008141040802002, 0.0413510799407959, 0.008555889129638672, 0.031122684478759766, 0.043548583984375, 0.0274658203125, 0.04321742057800293, 0.04042816162109375, 0.04033684730529785, 0.012812376022338867, 0.036275386810302734, 0.04413866996765137, 0.04372239112854004, 0.02939462661743164, 0.01570749282836914, 0.020920515060424805, 0.044178009033203125, 0.04748368263244629, 0.031081676483154297]}