{"batch": {"label": "batch", "average_duration": 0.18590374568413043, "n_events": 290, "total_time": 53.91208624839783}, "batch.accumulate": {"label": "batch.accumulate", "average_duration": 0.0029576487011379665, "n_events": 18, "total_time": 0.0532376766204834}, "batch.backward": {"label": "batch.backward", "average_duration": 0.024123731152764682, "n_events": 290, "total_time": 6.995882034301758}, "batch.evaluate": {"label": "batch.evaluate", "average_duration": 0.11942503041234509, "n_events": 290, "total_time": 34.63325881958008}, "batch.forward": {"label": "batch.forward", "average_duration": 0.023205486659345957, "n_events": 290, "total_time": 6.729591131210327}, "batch.reduce": {"label": "batch.reduce", "average_duration": 0.020019385549757216, "n_events": 18, "total_time": 0.3603489398956299}, "batch.step": {"label": "batch.step", "average_duration": 0.008997066267605486, "n_events": 290, "total_time": 2.609149217605591}, "epoch_metrics.collect": {"label": "epoch_metrics.collect", "average_duration": 0.0011289119720458984, "n_events": 2, "total_time": 0.002257823944091797}, "reduce.compress": {"label": "reduce.compress", "average_duration": 0.0004285044140285916, "n_events": 18, "total_time": 0.0077130794525146484}, "reduce.decompress": {"label": "reduce.decompress", "average_duration": 8.821487426757812e-05, "n_events": 18, "total_time": 0.0015878677368164062}, "reduce.flat_pack": {"label": "reduce.flat_pack", "average_duration": 0.0007308456632826063, "n_events": 18, "total_time": 0.013155221939086914}, "reduce.norm": {"label": "reduce.norm", "average_duration": 0.009572969542609321, "n_events": 18, "total_time": 0.17231345176696777}, "reduce.reduce.vector": {"label": "reduce.reduce.vector", "average_duration": 0.000146839353773329, "n_events": 18, "total_time": 0.002643108367919922}, "reduce.setgrad": {"label": "reduce.setgrad", "average_duration": 0.008741392029656304, "n_events": 18, "total_time": 0.15734505653381348}, "test.last": {"label": "test.last", "average_duration": 1.5235053300857544, "n_events": 2, "total_time": 3.047010660171509}}