{"batch": {"label": "batch", "average_duration": 0.08683000203859004, "n_events": 193, "total_time": 16.758190393447876}, "batch.accumulate": {"label": "batch.accumulate", "average_duration": 0.0011622243457370335, "n_events": 18, "total_time": 0.0209200382232666}, "batch.backward": {"label": "batch.backward", "average_duration": 0.06594719417354604, "n_events": 193, "total_time": 12.727808475494385}, "batch.evaluate": {"label": "batch.evaluate", "average_duration": 0.0012456876626286482, "n_events": 193, "total_time": 0.2404177188873291}, "batch.forward": {"label": "batch.forward", "average_duration": 0.006471810563240644, "n_events": 193, "total_time": 1.2490594387054443}, "batch.reduce": {"label": "batch.reduce", "average_duration": 0.009199672275119357, "n_events": 18, "total_time": 0.16559410095214844}, "batch.step": {"label": "batch.step", "average_duration": 0.004030946622858393, "n_events": 193, "total_time": 0.7779726982116699}, "epoch_metrics.collect": {"label": "epoch_metrics.collect", "average_duration": 0.012033939361572266, "n_events": 1, "total_time": 0.012033939361572266}, "reduce.compress": {"label": "reduce.compress", "average_duration": 0.00042127238379584416, "n_events": 18, "total_time": 0.007582902908325195}, "reduce.decompress": {"label": "reduce.decompress", "average_duration": 8.874469333224827e-05, "n_events": 18, "total_time": 0.0015974044799804688}, "reduce.flat_pack": {"label": "reduce.flat_pack", "average_duration": 0.0007161564297146267, "n_events": 18, "total_time": 0.012890815734863281}, "reduce.norm": {"label": "reduce.norm", "average_duration": 0.003651791148715549, "n_events": 18, "total_time": 0.06573224067687988}, "reduce.reduce.vector": {"label": "reduce.reduce.vector", "average_duration": 0.0001515944798787435, "n_events": 18, "total_time": 0.002728700637817383}, "reduce.setgrad": {"label": "reduce.setgrad", "average_duration": 0.0034794145160251195, "n_events": 18, "total_time": 0.06262946128845215}, "test.last": {"label": "test.last", "average_duration": 1.3225409984588623, "n_events": 1, "total_time": 1.3225409984588623}, "reduce_times": [0.9626057147979736, 0.006602048873901367, 0.0063397884368896484, 0.006395578384399414, 0.006384849548339844, 0.006224632263183594, 0.006041049957275391, 0.006205320358276367, 0.005545854568481445, 0.06261515617370605, 0.0059125423431396484, 0.006026268005371094, 0.006132602691650391, 0.005911111831665039, 0.0061686038970947266, 0.0061359405517578125, 0.005917787551879883, 0.005831241607666016, 0.005203723907470703]}