{"batch": {"label": "batch", "average_duration": 0.08636604195431724, "n_events": 193, "total_time": 16.668646097183228}, "batch.accumulate": {"label": "batch.accumulate", "average_duration": 0.0011269913779364692, "n_events": 18, "total_time": 0.020285844802856445}, "batch.backward": {"label": "batch.backward", "average_duration": 0.0065354819124844405, "n_events": 193, "total_time": 1.261348009109497}, "batch.evaluate": {"label": "batch.evaluate", "average_duration": 0.05863974378516637, "n_events": 193, "total_time": 11.31747055053711}, "batch.forward": {"label": "batch.forward", "average_duration": 0.005953678813005359, "n_events": 193, "total_time": 1.1490600109100342}, "batch.reduce": {"label": "batch.reduce", "average_duration": 0.03815617826249865, "n_events": 18, "total_time": 0.6868112087249756}, "batch.step": {"label": "batch.step", "average_duration": 0.003342768071228976, "n_events": 193, "total_time": 0.6451542377471924}, "epoch_metrics.collect": {"label": "epoch_metrics.collect", "average_duration": 0.012192964553833008, "n_events": 1, "total_time": 0.012192964553833008}, "reduce.compress": {"label": "reduce.compress", "average_duration": 0.00042296780480278865, "n_events": 18, "total_time": 0.007613420486450195}, "reduce.decompress": {"label": "reduce.decompress", "average_duration": 8.834732903374566e-05, "n_events": 18, "total_time": 0.0015902519226074219}, "reduce.flat_pack": {"label": "reduce.flat_pack", "average_duration": 0.00032905737559000653, "n_events": 18, "total_time": 0.005923032760620117}, "reduce.norm": {"label": "reduce.norm", "average_duration": 0.033543149630228676, "n_events": 18, "total_time": 0.6037766933441162}, "reduce.reduce.vector": {"label": "reduce.reduce.vector", "average_duration": 0.0001513693067762587, "n_events": 18, "total_time": 0.0027246475219726562}, "reduce.setgrad": {"label": "reduce.setgrad", "average_duration": 0.003130104806688097, "n_events": 18, "total_time": 0.05634188652038574}, "test.last": {"label": "test.last", "average_duration": 1.3222651481628418, "n_events": 1, "total_time": 1.3222651481628418}, "reduce_times": [0.972801923751831, 0.04385685920715332, 0.046759843826293945, 0.04155588150024414, 0.03092503547668457, 0.0398862361907959, 0.03787660598754883, 0.036533355712890625, 0.028918743133544922, 0.03195476531982422, 0.026940345764160156, 0.030608177185058594, 0.02128458023071289, 0.04813027381896973, 0.051317691802978516, 0.06062602996826172, 0.038607120513916016, 0.03580904006958008, 0.03522062301635742]}