{"batch": {"label": "batch", "average_duration": 0.22016745710981014, "n_events": 29249, "total_time": 6439.677953004837}, "batch.accumulate": {"label": "batch.accumulate", "average_duration": 0.0023123304287116686, "n_events": 1169, "total_time": 2.7031142711639404}, "batch.backward": {"label": "batch.backward", "average_duration": 0.14343169829495656, "n_events": 29249, "total_time": 4195.233743429184}, "batch.evaluate": {"label": "batch.evaluate", "average_duration": 0.0004201406837345217, "n_events": 29249, "total_time": 12.288694858551025}, "batch.forward": {"label": "batch.forward", "average_duration": 0.06719650438559059, "n_events": 29249, "total_time": 1965.4305567741394}, "batch.reduce": {"label": "batch.reduce", "average_duration": 0.026541711531509388, "n_events": 1169, "total_time": 31.027260780334473}, "batch.step": {"label": "batch.step", "average_duration": 0.005108918307023096, "n_events": 29249, "total_time": 149.43075156211853}, "epoch_metrics.collect": {"label": "epoch_metrics.collect", "average_duration": 0.01377481102143358, "n_events": 149, "total_time": 2.0524468421936035}, "reduce.compress": {"label": "reduce.compress", "average_duration": 0.0009007506945685916, "n_events": 1169, "total_time": 1.0529775619506836}, "reduce.decompress": {"label": "reduce.decompress", "average_duration": 0.0001613767459109056, "n_events": 1169, "total_time": 0.18864941596984863}, "reduce.flat_pack": {"label": "reduce.flat_pack", "average_duration": 0.0011328025390390049, "n_events": 1169, "total_time": 1.3242461681365967}, "reduce.norm": {"label": "reduce.norm", "average_duration": 0.017008941330595644, "n_events": 1169, "total_time": 19.88345241546631}, "reduce.reduce.vector": {"label": "reduce.reduce.vector", "average_duration": 0.0002483238615063748, "n_events": 1169, "total_time": 0.29029059410095215}, "reduce.setgrad": {"label": "reduce.setgrad", "average_duration": 0.006752019462879138, "n_events": 1169, "total_time": 7.893110752105713}, "test.last": {"label": "test.last", "average_duration": 2.492002519185111, "n_events": 149, "total_time": 371.30837535858154}}