{"batch": {"label": "batch", "average_duration": 0.0518759917127132, "n_events": 29249, "total_time": 1517.3208816051483}, "batch.accumulate": {"label": "batch.accumulate", "average_duration": 0.0011892353939379973, "n_events": 29249, "total_time": 34.78394603729248}, "batch.backward": {"label": "batch.backward", "average_duration": 0.007739336145258777, "n_events": 29249, "total_time": 226.36784291267395}, "batch.evaluate": {"label": "batch.evaluate", "average_duration": 0.017772750979370734, "n_events": 29249, "total_time": 519.8351933956146}, "batch.forward": {"label": "batch.forward", "average_duration": 0.005114920734605193, "n_events": 29249, "total_time": 149.60631656646729}, "batch.reduce": {"label": "batch.reduce", "average_duration": 0.010207501813820796, "n_events": 29249, "total_time": 298.55922055244446}, "batch.step": {"label": "batch.step", "average_duration": 0.006525959421285845, "n_events": 29249, "total_time": 190.8777871131897}, "epoch_metrics.collect": {"label": "epoch_metrics.collect", "average_duration": 0.0018615402631311608, "n_events": 149, "total_time": 0.27736949920654297}, "reduce.compress": {"label": "reduce.compress", "average_duration": 0.0010352159077100067, "n_events": 29249, "total_time": 30.279030084609985}, "reduce.decompress": {"label": "reduce.decompress", "average_duration": 0.00023226133309583134, "n_events": 29249, "total_time": 6.793411731719971}, "reduce.flat_pack": {"label": "reduce.flat_pack", "average_duration": 0.000351789193363849, "n_events": 29249, "total_time": 10.289482116699219}, "reduce.norm": {"label": "reduce.norm", "average_duration": 0.003415464772098537, "n_events": 29249, "total_time": 99.89892911911011}, "reduce.reduce.vector": {"label": "reduce.reduce.vector", "average_duration": 0.0001241217197860472, "n_events": 29249, "total_time": 3.6304361820220947}, "reduce.setgrad": {"label": "reduce.setgrad", "average_duration": 0.00403256167541867, "n_events": 29249, "total_time": 117.94839644432068}, "test.last": {"label": "test.last", "average_duration": 1.0221392436315548, "n_events": 149, "total_time": 152.29874730110168}}