{"batch": {"label": "batch", "average_duration": 0.05148185199784631, "n_events": 29249, "total_time": 1505.7926890850067}, "batch.accumulate": {"label": "batch.accumulate", "average_duration": 0.0010617154859682203, "n_events": 29249, "total_time": 31.054116249084473}, "batch.backward": {"label": "batch.backward", "average_duration": 0.01992227824195894, "n_events": 29249, "total_time": 582.706716299057}, "batch.evaluate": {"label": "batch.evaluate", "average_duration": 0.0007267394364685102, "n_events": 29249, "total_time": 21.256401777267456}, "batch.forward": {"label": "batch.forward", "average_duration": 0.01149684118814536, "n_events": 29249, "total_time": 336.2711079120636}, "batch.reduce": {"label": "batch.reduce", "average_duration": 0.00909727159909841, "n_events": 29249, "total_time": 266.0860970020294}, "batch.step": {"label": "batch.step", "average_duration": 0.005942825350118599, "n_events": 29249, "total_time": 173.8216986656189}, "epoch_metrics.collect": {"label": "epoch_metrics.collect", "average_duration": 0.008962620024713094, "n_events": 149, "total_time": 1.335430383682251}, "reduce.compress": {"label": "reduce.compress", "average_duration": 0.0011654780898902302, "n_events": 29249, "total_time": 34.08906865119934}, "reduce.decompress": {"label": "reduce.decompress", "average_duration": 0.00022387460560394174, "n_events": 29249, "total_time": 6.548108339309692}, "reduce.flat_pack": {"label": "reduce.flat_pack", "average_duration": 0.0007056495691675248, "n_events": 29249, "total_time": 20.639544248580933}, "reduce.norm": {"label": "reduce.norm", "average_duration": 0.0024471029696812928, "n_events": 29249, "total_time": 71.57531476020813}, "reduce.reduce.vector": {"label": "reduce.reduce.vector", "average_duration": 0.00017741350945197495, "n_events": 29249, "total_time": 5.189167737960815}, "reduce.setgrad": {"label": "reduce.setgrad", "average_duration": 0.003527660908513674, "n_events": 29249, "total_time": 103.18055391311646}, "test.last": {"label": "test.last", "average_duration": 1.079636812210083, "n_events": 149, "total_time": 160.86588501930237}}