{"batch": {"label": "batch", "average_duration": 0.19142467811189848, "n_events": 290, "total_time": 55.51315665245056}, "batch.accumulate": {"label": "batch.accumulate", "average_duration": 0.002850876914130317, "n_events": 18, "total_time": 0.0513157844543457}, "batch.backward": {"label": "batch.backward", "average_duration": 0.12453868717982851, "n_events": 290, "total_time": 36.11621928215027}, "batch.evaluate": {"label": "batch.evaluate", "average_duration": 0.000687515324559705, "n_events": 290, "total_time": 0.19937944412231445}, "batch.forward": {"label": "batch.forward", "average_duration": 0.041629371149786584, "n_events": 290, "total_time": 12.07251763343811}, "batch.reduce": {"label": "batch.reduce", "average_duration": 0.02950220637851291, "n_events": 18, "total_time": 0.5310397148132324}, "batch.step": {"label": "batch.step", "average_duration": 0.0084599651139358, "n_events": 290, "total_time": 2.453389883041382}, "epoch_metrics.collect": {"label": "epoch_metrics.collect", "average_duration": 0.006389141082763672, "n_events": 2, "total_time": 0.012778282165527344}, "reduce.compress": {"label": "reduce.compress", "average_duration": 0.00041871600680881075, "n_events": 18, "total_time": 0.007536888122558594}, "reduce.decompress": {"label": "reduce.decompress", "average_duration": 8.365843031141494e-05, "n_events": 18, "total_time": 0.0015058517456054688}, "reduce.flat_pack": {"label": "reduce.flat_pack", "average_duration": 0.0010012653138902453, "n_events": 18, "total_time": 0.018022775650024414}, "reduce.norm": {"label": "reduce.norm", "average_duration": 0.018503705660502117, "n_events": 18, "total_time": 0.3330667018890381}, "reduce.reduce.vector": {"label": "reduce.reduce.vector", "average_duration": 0.0001846154530843099, "n_events": 18, "total_time": 0.003323078155517578}, "reduce.setgrad": {"label": "reduce.setgrad", "average_duration": 0.008825275633070204, "n_events": 18, "total_time": 0.15885496139526367}, "test.last": {"label": "test.last", "average_duration": 1.483380913734436, "n_events": 2, "total_time": 2.966761827468872}}