{"batch": {"label": "batch", "average_duration": 0.0847987857358209, "n_events": 290, "total_time": 24.59164786338806}, "batch.accumulate": {"label": "batch.accumulate", "average_duration": 0.0011329518424140082, "n_events": 18, "total_time": 0.02039313316345215}, "batch.backward": {"label": "batch.backward", "average_duration": 0.006454591915525239, "n_events": 290, "total_time": 1.8718316555023193}, "batch.evaluate": {"label": "batch.evaluate", "average_duration": 0.060485187070123084, "n_events": 290, "total_time": 17.540704250335693}, "batch.forward": {"label": "batch.forward", "average_duration": 0.005624256462886416, "n_events": 290, "total_time": 1.6310343742370605}, "batch.reduce": {"label": "batch.reduce", "average_duration": 0.03696221775478787, "n_events": 18, "total_time": 0.6653199195861816}, "batch.step": {"label": "batch.step", "average_duration": 0.0032571455527996194, "n_events": 290, "total_time": 0.9445722103118896}, "epoch_metrics.collect": {"label": "epoch_metrics.collect", "average_duration": 0.0030699968338012695, "n_events": 2, "total_time": 0.006139993667602539}, "reduce.compress": {"label": "reduce.compress", "average_duration": 0.0004451804690890842, "n_events": 18, "total_time": 0.008013248443603516}, "reduce.decompress": {"label": "reduce.decompress", "average_duration": 8.490350511338975e-05, "n_events": 18, "total_time": 0.0015282630920410156}, "reduce.flat_pack": {"label": "reduce.flat_pack", "average_duration": 0.0003159840901692708, "n_events": 18, "total_time": 0.005687713623046875}, "reduce.norm": {"label": "reduce.norm", "average_duration": 0.03219212426079644, "n_events": 18, "total_time": 0.5794582366943359}, "reduce.reduce.vector": {"label": "reduce.reduce.vector", "average_duration": 0.00014637576209174262, "n_events": 18, "total_time": 0.002634763717651367}, "reduce.setgrad": {"label": "reduce.setgrad", "average_duration": 0.003296454747517904, "n_events": 18, "total_time": 0.059336185455322266}, "test.last": {"label": "test.last", "average_duration": 1.3376764059066772, "n_events": 2, "total_time": 2.6753528118133545}, "reduce_times": [1.0394043922424316, 0.021001815795898438, 0.038823604583740234, 0.03560042381286621, 0.05508112907409668, 0.03869485855102539, 0.006104707717895508, 0.03210711479187012, 0.03126358985900879, 0.025676965713500977, 0.029656171798706055, 0.043355464935302734, 0.05279278755187988, 0.04064464569091797, 0.04386734962463379, 0.047788143157958984, 0.04099273681640625, 0.04103970527648926, 0.040828704833984375]}