{"batch": {"label": "batch", "average_duration": 0.4520455449819565, "n_events": 96, "total_time": 43.39637231826782}, "batch.accumulate": {"label": "batch.accumulate", "average_duration": 0.0012707387407620747, "n_events": 96, "total_time": 0.12199091911315918}, "batch.backward": {"label": "batch.backward", "average_duration": 0.3832302937904994, "n_events": 96, "total_time": 36.79010820388794}, "batch.evaluate": {"label": "batch.evaluate", "average_duration": 0.0007513041297594706, "n_events": 96, "total_time": 0.07212519645690918}, "batch.forward": {"label": "batch.forward", "average_duration": 0.04944251477718353, "n_events": 96, "total_time": 4.746481418609619}, "batch.reduce": {"label": "batch.reduce", "average_duration": 0.009282760322093964, "n_events": 96, "total_time": 0.8911449909210205}, "batch.step": {"label": "batch.step", "average_duration": 0.005908640722433726, "n_events": 96, "total_time": 0.5672295093536377}, "reduce.compress": {"label": "reduce.compress", "average_duration": 0.0004066328207651774, "n_events": 96, "total_time": 0.03903675079345703}, "reduce.decompress": {"label": "reduce.decompress", "average_duration": 9.673088788986206e-05, "n_events": 96, "total_time": 0.009286165237426758}, "reduce.flat_pack": {"label": "reduce.flat_pack", "average_duration": 0.0011314600706100464, "n_events": 96, "total_time": 0.10862016677856445}, "reduce.norm": {"label": "reduce.norm", "average_duration": 0.0026613970597585044, "n_events": 96, "total_time": 0.2554941177368164}, "reduce.reduce.vector": {"label": "reduce.reduce.vector", "average_duration": 0.001110208531220754, "n_events": 96, "total_time": 0.10658001899719238}, "reduce.setgrad": {"label": "reduce.setgrad", "average_duration": 0.003409785528977712, "n_events": 96, "total_time": 0.32733941078186035}}