{"batch": {"label": "batch", "average_duration": 0.08682885020971298, "n_events": 96, "total_time": 8.335569620132446}, "batch.accumulate": {"label": "batch.accumulate", "average_duration": 0.0010640670855840046, "n_events": 96, "total_time": 0.10215044021606445}, "batch.backward": {"label": "batch.backward", "average_duration": 0.06415763248999913, "n_events": 96, "total_time": 6.159132719039917}, "batch.evaluate": {"label": "batch.evaluate", "average_duration": 0.001232743263244629, "n_events": 96, "total_time": 0.11834335327148438}, "batch.forward": {"label": "batch.forward", "average_duration": 0.006323084235191345, "n_events": 96, "total_time": 0.6070160865783691}, "batch.reduce": {"label": "batch.reduce", "average_duration": 0.007695836325486501, "n_events": 96, "total_time": 0.7388002872467041}, "batch.step": {"label": "batch.step", "average_duration": 0.003187355895837148, "n_events": 96, "total_time": 0.3059861660003662}, "reduce.compress": {"label": "reduce.compress", "average_duration": 0.0021122594674428305, "n_events": 96, "total_time": 0.20277690887451172}, "reduce.decompress": {"label": "reduce.decompress", "average_duration": 0.0002150063713391622, "n_events": 96, "total_time": 0.02064061164855957}, "reduce.flat_pack": {"label": "reduce.flat_pack", "average_duration": 0.0006836031874020895, "n_events": 96, "total_time": 0.06562590599060059}, "reduce.norm": {"label": "reduce.norm", "average_duration": 0.0009238595763842264, "n_events": 96, "total_time": 0.08869051933288574}, "reduce.reduce.vector": {"label": "reduce.reduce.vector", "average_duration": 0.0005073870221773783, "n_events": 96, "total_time": 0.04870915412902832}, "reduce.setgrad": {"label": "reduce.setgrad", "average_duration": 0.0029778902729352317, "n_events": 96, "total_time": 0.2858774662017822}}