{"batch": {"label": "batch", "average_duration": 0.22621045821954397, "n_events": 484, "total_time": 109.48586177825928}, "batch.accumulate": {"label": "batch.accumulate", "average_duration": 0.002069989511789369, "n_events": 484, "total_time": 1.0018749237060547}, "batch.backward": {"label": "batch.backward", "average_duration": 0.1226187131621621, "n_events": 484, "total_time": 59.34745717048645}, "batch.evaluate": {"label": "batch.evaluate", "average_duration": 0.0005842146794658062, "n_events": 484, "total_time": 0.2827599048614502}, "batch.forward": {"label": "batch.forward", "average_duration": 0.05981853481166619, "n_events": 484, "total_time": 28.952170848846436}, "batch.reduce": {"label": "batch.reduce", "average_duration": 0.028891839271734568, "n_events": 484, "total_time": 13.983650207519531}, "batch.step": {"label": "batch.step", "average_duration": 0.008813257552375478, "n_events": 484, "total_time": 4.2656166553497314}, "epoch_metrics.collect": {"label": "epoch_metrics.collect", "average_duration": 0.006019234657287598, "n_events": 4, "total_time": 0.02407693862915039}, "reduce.allocate_memory": {"label": "reduce.allocate_memory", "average_duration": 0.0007276328142024269, "n_events": 484, "total_time": 0.3521742820739746}, "reduce.compute.p": {"label": "reduce.compute.p", "average_duration": 0.0013030974332951318, "n_events": 484, "total_time": 0.6306991577148438}, "reduce.compute.q": {"label": "reduce.compute.q", "average_duration": 0.0022794939269704267, "n_events": 484, "total_time": 1.1032750606536865}, "reduce.normalize.p": {"label": "reduce.normalize.p", "average_duration": 0.005261720212037899, "n_events": 484, "total_time": 2.5466725826263428}, "reduce.outerprod": {"label": "reduce.outerprod", "average_duration": 0.003816198711552896, "n_events": 484, "total_time": 1.8470401763916016}, "reduce.p": {"label": "reduce.p", "average_duration": 0.003946189545402842, "n_events": 484, "total_time": 1.9099557399749756}, "reduce.prepare.q": {"label": "reduce.prepare.q", "average_duration": 0.0007672102983332863, "n_events": 484, "total_time": 0.37132978439331055}, "reduce.q": {"label": "reduce.q", "average_duration": 0.0014436895197088068, "n_events": 484, "total_time": 0.6987457275390625}, "reduce.rank1.all_reduce": {"label": "reduce.rank1.all_reduce", "average_duration": 0.0014901323751969771, "n_events": 484, "total_time": 0.7212240695953369}, "reduce.rank1.pack": {"label": "reduce.rank1.pack", "average_duration": 0.0004249362906148611, "n_events": 484, "total_time": 0.20566916465759277}, "reduce.rank1.unpack": {"label": "reduce.rank1.unpack", "average_duration": 0.0019100613830503354, "n_events": 484, "total_time": 0.9244697093963623}, "test.last": {"label": "test.last", "average_duration": 1.4037610292434692, "n_events": 4, "total_time": 5.615044116973877}}