{"batch": {"label": "batch", "average_duration": 0.2114397587855, "n_events": 484, "total_time": 102.336843252182}, "batch.accumulate": {"label": "batch.accumulate", "average_duration": 0.001868338131707562, "n_events": 484, "total_time": 0.90427565574646}, "batch.backward": {"label": "batch.backward", "average_duration": 0.1223744833764951, "n_events": 484, "total_time": 59.22924995422363}, "batch.evaluate": {"label": "batch.evaluate", "average_duration": 0.000501041569985634, "n_events": 484, "total_time": 0.24250411987304688}, "batch.forward": {"label": "batch.forward", "average_duration": 0.059760468065246077, "n_events": 484, "total_time": 28.9240665435791}, "batch.reduce": {"label": "batch.reduce", "average_duration": 0.015309559412239012, "n_events": 484, "total_time": 7.409826755523682}, "batch.step": {"label": "batch.step", "average_duration": 0.008338692267079, "n_events": 484, "total_time": 4.035927057266235}, "epoch_metrics.collect": {"label": "epoch_metrics.collect", "average_duration": 0.009419858455657959, "n_events": 4, "total_time": 0.037679433822631836}, "reduce.compress": {"label": "reduce.compress", "average_duration": 0.001581838308287061, "n_events": 484, "total_time": 0.7656097412109375}, "reduce.decompress": {"label": "reduce.decompress", "average_duration": 0.00018021094897561823, "n_events": 484, "total_time": 0.08722209930419922}, "reduce.flat_pack": {"label": "reduce.flat_pack", "average_duration": 0.0007199418446249213, "n_events": 484, "total_time": 0.3484518527984619}, "reduce.norm": {"label": "reduce.norm", "average_duration": 0.004635939913347733, "n_events": 484, "total_time": 2.2437949180603027}, "reduce.reduce.vector": {"label": "reduce.reduce.vector", "average_duration": 0.0008922283314476328, "n_events": 484, "total_time": 0.4318385124206543}, "reduce.setgrad": {"label": "reduce.setgrad", "average_duration": 0.006884206917660295, "n_events": 484, "total_time": 3.331956148147583}, "test.last": {"label": "test.last", "average_duration": 1.4204221367835999, "n_events": 4, "total_time": 5.681688547134399}}