{"batch": {"label": "batch", "average_duration": 0.08153244991994275, "n_events": 193, "total_time": 15.73576283454895}, "batch.accumulate": {"label": "batch.accumulate", "average_duration": 0.0010637442270914714, "n_events": 18, "total_time": 0.019147396087646484}, "batch.backward": {"label": "batch.backward", "average_duration": 0.006247619273131375, "n_events": 193, "total_time": 1.2057905197143555}, "batch.evaluate": {"label": "batch.evaluate", "average_duration": 0.0614132794691491, "n_events": 193, "total_time": 11.852762937545776}, "batch.forward": {"label": "batch.forward", "average_duration": 0.005659063863013075, "n_events": 193, "total_time": 1.0921993255615234}, "batch.reduce": {"label": "batch.reduce", "average_duration": 0.015167501237657335, "n_events": 18, "total_time": 0.27301502227783203}, "batch.step": {"label": "batch.step", "average_duration": 0.003246387669459526, "n_events": 193, "total_time": 0.6265528202056885}, "epoch_metrics.collect": {"label": "epoch_metrics.collect", "average_duration": 0.0012590885162353516, "n_events": 1, "total_time": 0.0012590885162353516}, "reduce.compress": {"label": "reduce.compress", "average_duration": 0.00042760372161865234, "n_events": 18, "total_time": 0.007696866989135742}, "reduce.decompress": {"label": "reduce.decompress", "average_duration": 9.273158179389106e-05, "n_events": 18, "total_time": 0.001669168472290039}, "reduce.flat_pack": {"label": "reduce.flat_pack", "average_duration": 0.00030171871185302734, "n_events": 18, "total_time": 0.005430936813354492}, "reduce.norm": {"label": "reduce.norm", "average_duration": 0.010756969451904297, "n_events": 18, "total_time": 0.19362545013427734}, "reduce.reduce.vector": {"label": "reduce.reduce.vector", "average_duration": 0.00014940897623697916, "n_events": 18, "total_time": 0.002689361572265625}, "reduce.setgrad": {"label": "reduce.setgrad", "average_duration": 0.0031187401877509225, "n_events": 18, "total_time": 0.0561373233795166}, "test.last": {"label": "test.last", "average_duration": 1.3967819213867188, "n_events": 1, "total_time": 1.3967819213867188}}