{"batch": {"label": "batch", "average_duration": 0.08167926882215114, "n_events": 193, "total_time": 15.764098882675171}, "batch.accumulate": {"label": "batch.accumulate", "average_duration": 0.0010610156589084202, "n_events": 18, "total_time": 0.019098281860351562}, "batch.backward": {"label": "batch.backward", "average_duration": 0.06571215669108178, "n_events": 193, "total_time": 12.682446241378784}, "batch.evaluate": {"label": "batch.evaluate", "average_duration": 0.0012366685224938269, "n_events": 193, "total_time": 0.2386770248413086}, "batch.forward": {"label": "batch.forward", "average_duration": 0.006454960669878234, "n_events": 193, "total_time": 1.245807409286499}, "batch.reduce": {"label": "batch.reduce", "average_duration": 0.014244092835320367, "n_events": 18, "total_time": 0.2563936710357666}, "batch.step": {"label": "batch.step", "average_duration": 0.003691032142836813, "n_events": 193, "total_time": 0.7123692035675049}, "epoch_metrics.collect": {"label": "epoch_metrics.collect", "average_duration": 0.018795251846313477, "n_events": 1, "total_time": 0.018795251846313477}, "reduce.compress": {"label": "reduce.compress", "average_duration": 0.002117315928141276, "n_events": 18, "total_time": 0.03811168670654297}, "reduce.decompress": {"label": "reduce.decompress", "average_duration": 0.00022211339738633897, "n_events": 18, "total_time": 0.0039980411529541016}, "reduce.flat_pack": {"label": "reduce.flat_pack", "average_duration": 0.0006436771816677517, "n_events": 18, "total_time": 0.011586189270019531}, "reduce.norm": {"label": "reduce.norm", "average_duration": 0.007453362147013347, "n_events": 18, "total_time": 0.13416051864624023}, "reduce.reduce.vector": {"label": "reduce.reduce.vector", "average_duration": 0.0005175934897528754, "n_events": 18, "total_time": 0.009316682815551758}, "reduce.setgrad": {"label": "reduce.setgrad", "average_duration": 0.002958218256632487, "n_events": 18, "total_time": 0.053247928619384766}, "test.last": {"label": "test.last", "average_duration": 1.396829605102539, "n_events": 1, "total_time": 1.396829605102539}}