{"batch": {"label": "batch", "average_duration": 1.1105337818873298, "n_events": 194, "total_time": 215.44355368614197}, "batch.accumulate": {"label": "batch.accumulate", "average_duration": 0.0029051672552049775, "n_events": 194, "total_time": 0.5636024475097656}, "batch.backward": {"label": "batch.backward", "average_duration": 0.08330283495944693, "n_events": 389, "total_time": 32.40480279922485}, "batch.evaluate": {"label": "batch.evaluate", "average_duration": 0.0009236366399456113, "n_events": 389, "total_time": 0.3592946529388428}, "batch.forward": {"label": "batch.forward", "average_duration": 0.044814488575207236, "n_events": 389, "total_time": 17.432836055755615}, "batch.reduce": {"label": "batch.reduce", "average_duration": 0.8158277752473182, "n_events": 194, "total_time": 158.27058839797974}, "batch.step": {"label": "batch.step", "average_duration": 0.008917675804846065, "n_events": 194, "total_time": 1.7300291061401367}, "reduce.allreduce": {"label": "reduce.allreduce", "average_duration": 0.8147458096140439, "n_events": 194, "total_time": 158.0606870651245}, "reduce.flat_pack": {"label": "reduce.flat_pack", "average_duration": 0.0008836431601612838, "n_events": 194, "total_time": 0.17142677307128906}, "reduce_times": [0.7233850955963135, 0.8116612434387207, 0.8105597496032715, 0.8011906147003174, 0.7913980484008789, 0.8007206916809082, 0.8026223182678223, 0.7987911701202393, 0.798900842666626, 0.8040623664855957, 0.7958734035491943, 0.8009233474731445, 0.803595781326294, 0.8080346584320068, 0.7987127304077148, 0.7977931499481201, 0.8036613464355469, 0.8017873764038086, 0.7975015640258789, 0.8043003082275391, 0.8110575675964355, 0.8014926910400391, 0.8017830848693848, 0.8027098178863525, 0.805302619934082, 0.8060190677642822, 0.8043570518493652, 0.8041691780090332, 0.8017661571502686, 0.8036153316497803, 0.8086872100830078, 0.8150191307067871, 0.8113696575164795, 0.8057990074157715, 0.8102800846099854, 0.8061578273773193, 0.812575101852417, 0.8136975765228271, 0.8072147369384766, 0.8101482391357422, 0.807563066482544, 0.8064587116241455, 0.8069272041320801, 0.8178091049194336, 0.8110709190368652, 0.8095450401306152, 0.810753345489502, 0.806049108505249, 0.8111624717712402, 0.808025598526001, 0.813840389251709, 0.811051607131958, 0.8033466339111328, 0.8160543441772461, 0.8018372058868408, 0.8155097961425781, 0.8122448921203613, 0.7998526096343994, 0.812406063079834, 0.8191127777099609, 0.8162734508514404, 0.8125765323638916, 0.8168227672576904, 0.8163914680480957, 0.802823543548584, 0.8170962333679199, 0.8168034553527832, 0.813255786895752, 0.8055493831634521, 0.8099620342254639, 0.8120253086090088, 0.8132307529449463, 0.8131563663482666, 0.8118414878845215, 0.8073911666870117, 0.81549072265625, 0.8119373321533203, 0.8104135990142822, 0.8241446018218994, 0.8147571086883545, 0.8141908645629883, 0.8151092529296875, 0.8166463375091553, 0.8169376850128174, 0.8119380474090576, 0.8126130104064941, 0.8183481693267822, 0.8239712715148926, 0.8092048168182373, 0.8165075778961182, 0.8049399852752686, 0.8164389133453369, 0.8257439136505127, 0.8212869167327881, 0.8224966526031494, 0.8166906833648682, 0.8214514255523682, 0.8222723007202148, 0.8208713531494141, 0.8137111663818359, 0.8246555328369141, 0.8125760555267334, 0.8227753639221191, 0.8166310787200928, 0.8232588768005371, 0.8135104179382324, 0.8262524604797363, 0.822486400604248, 0.8272421360015869, 0.8168759346008301, 0.8213841915130615, 0.8140902519226074, 0.8178179264068604, 0.8204538822174072, 0.8319685459136963, 0.8238096237182617, 0.8273484706878662, 0.8312757015228271, 0.8291776180267334, 0.8258881568908691, 0.8280990123748779, 0.8160810470581055, 0.8312711715698242, 0.8232784271240234, 0.8253798484802246, 0.8286159038543701, 0.8350865840911865, 0.8178913593292236, 0.8256964683532715, 0.8225951194763184, 0.8270199298858643, 0.8314316272735596, 0.8335494995117188, 0.8224625587463379, 0.823807954788208, 0.8269298076629639, 0.8152399063110352, 0.8156185150146484, 0.8173961639404297, 0.8133747577667236, 0.82411789894104, 0.823291540145874, 0.8123455047607422, 0.8143823146820068, 0.8202755451202393, 0.8155961036682129, 0.8219850063323975, 0.8147196769714355, 0.818833589553833, 0.8268346786499023, 0.8220553398132324, 0.8199076652526855, 0.8206110000610352, 0.8332440853118896, 0.8178985118865967, 0.822784423828125, 0.8231325149536133, 0.8183906078338623, 0.824204683303833, 0.8178858757019043, 0.8205666542053223, 0.8135318756103516, 0.8096528053283691, 0.8197653293609619, 0.8255956172943115, 0.8202121257781982, 0.8271195888519287, 0.8214941024780273, 0.8196315765380859, 0.8100309371948242, 0.8292756080627441, 0.8262598514556885, 0.8212313652038574, 0.8147497177124023, 0.8143963813781738, 0.8303728103637695, 0.8249313831329346, 0.8149948120117188, 0.8231339454650879, 0.8251945972442627, 0.8242776393890381, 0.8270080089569092, 0.8291919231414795, 0.8178069591522217, 0.8177928924560547, 0.8230743408203125, 0.8192853927612305, 0.8222630023956299, 0.8167195320129395, 0.8223752975463867, 0.8200464248657227, 0.8210515975952148, 0.8178939819335938, 0.8287501335144043, 0.8288631439208984]}