{"batch": {"label": "batch", "average_duration": 0.21698083582612657, "n_events": 194, "total_time": 42.094282150268555}, "batch.accumulate": {"label": "batch.accumulate", "average_duration": 0.0029402209311416468, "n_events": 194, "total_time": 0.5704028606414795}, "batch.backward": {"label": "batch.backward", "average_duration": 0.12182153377336324, "n_events": 194, "total_time": 23.63337755203247}, "batch.evaluate": {"label": "batch.evaluate", "average_duration": 0.0008032014689494654, "n_events": 194, "total_time": 0.1558210849761963}, "batch.forward": {"label": "batch.forward", "average_duration": 0.041063808903251724, "n_events": 194, "total_time": 7.966378927230835}, "batch.reduce": {"label": "batch.reduce", "average_duration": 0.0335779226932329, "n_events": 194, "total_time": 6.514117002487183}, "batch.step": {"label": "batch.step", "average_duration": 0.008558393753680987, "n_events": 194, "total_time": 1.6603283882141113}, "reduce.compress": {"label": "reduce.compress", "average_duration": 0.003275836865926526, "n_events": 194, "total_time": 0.6355123519897461}, "reduce.decompress": {"label": "reduce.decompress", "average_duration": 0.00038332177191665494, "n_events": 194, "total_time": 0.07436442375183105}, "reduce.flat_pack": {"label": "reduce.flat_pack", "average_duration": 0.000921261679265917, "n_events": 194, "total_time": 0.1787247657775879}, "reduce.norm": {"label": "reduce.norm", "average_duration": 0.0011260067064737536, "n_events": 194, "total_time": 0.2184453010559082}, "reduce.reduce.vector": {"label": "reduce.reduce.vector", "average_duration": 0.01925009796299885, "n_events": 194, "total_time": 3.7345190048217773}, "reduce.setgrad": {"label": "reduce.setgrad", "average_duration": 0.008263049666414555, "n_events": 194, "total_time": 1.6030316352844238}}