{"batch": {"label": "batch", "average_duration": 0.2415295829457685, "n_events": 484, "total_time": 116.90031814575195}, "batch.accumulate": {"label": "batch.accumulate", "average_duration": 0.0020122739894330994, "n_events": 484, "total_time": 0.9739406108856201}, "batch.backward": {"label": "batch.backward", "average_duration": 0.12292425100468407, "n_events": 484, "total_time": 59.49533748626709}, "batch.evaluate": {"label": "batch.evaluate", "average_duration": 0.0005798531957894317, "n_events": 484, "total_time": 0.28064894676208496}, "batch.forward": {"label": "batch.forward", "average_duration": 0.05993475303177006, "n_events": 484, "total_time": 29.00842046737671}, "batch.reduce": {"label": "batch.reduce", "average_duration": 0.04393484277173507, "n_events": 484, "total_time": 21.264463901519775}, "batch.step": {"label": "batch.step", "average_duration": 0.008709200650207267, "n_events": 484, "total_time": 4.215253114700317}, "epoch_metrics.collect": {"label": "epoch_metrics.collect", "average_duration": 0.005311191082000732, "n_events": 4, "total_time": 0.02124476432800293}, "reduce.compress": {"label": "reduce.compress", "average_duration": 0.0032693359477460877, "n_events": 484, "total_time": 1.5823585987091064}, "reduce.decompress": {"label": "reduce.decompress", "average_duration": 0.0003728216344659979, "n_events": 484, "total_time": 0.18044567108154297}, "reduce.flat_pack": {"label": "reduce.flat_pack", "average_duration": 0.0007553992192607281, "n_events": 484, "total_time": 0.3656132221221924}, "reduce.norm": {"label": "reduce.norm", "average_duration": 0.0033180782617616257, "n_events": 484, "total_time": 1.605949878692627}, "reduce.reduce.vector": {"label": "reduce.reduce.vector", "average_duration": 0.02904677144752061, "n_events": 484, "total_time": 14.058637380599976}, "reduce.setgrad": {"label": "reduce.setgrad", "average_duration": 0.0067991136519376895, "n_events": 484, "total_time": 3.290771007537842}, "test.last": {"label": "test.last", "average_duration": 1.412527322769165, "n_events": 4, "total_time": 5.65010929107666}}