{"batch": {"label": "batch", "average_duration": 1.043301418691797, "n_events": 389, "total_time": 405.844251871109}, "batch.accumulate": {"label": "batch.accumulate", "average_duration": 0.0034324577351155807, "n_events": 389, "total_time": 1.335226058959961}, "batch.backward": {"label": "batch.backward", "average_duration": 0.7407002455164657, "n_events": 389, "total_time": 288.13239550590515}, "batch.evaluate": {"label": "batch.evaluate", "average_duration": 0.0008366518584499015, "n_events": 389, "total_time": 0.3254575729370117}, "batch.forward": {"label": "batch.forward", "average_duration": 0.26516732826330974, "n_events": 389, "total_time": 103.15009069442749}, "batch.reduce": {"label": "batch.reduce", "average_duration": 0.01245422228442979, "n_events": 389, "total_time": 4.8446924686431885}, "batch.step": {"label": "batch.step", "average_duration": 0.014350418566431667, "n_events": 389, "total_time": 5.582312822341919}, "reduce.allreduce": {"label": "reduce.allreduce", "average_duration": 0.010218735525724514, "n_events": 389, "total_time": 3.975088119506836}, "reduce.flat_pack": {"label": "reduce.flat_pack", "average_duration": 0.002116748177300382, "n_events": 389, "total_time": 0.8234150409698486}}