{"batch": {"label": "batch", "average_duration": 0.3728940364011784, "n_events": 194, "total_time": 72.34144306182861}, "batch.accumulate": {"label": "batch.accumulate", "average_duration": 0.0009776931448081106, "n_events": 194, "total_time": 0.18967247009277344}, "batch.backward": {"label": "batch.backward", "average_duration": 0.06318361488814206, "n_events": 194, "total_time": 12.25762128829956}, "batch.evaluate": {"label": "batch.evaluate", "average_duration": 0.001422401556034678, "n_events": 194, "total_time": 0.27594590187072754}, "batch.forward": {"label": "batch.forward", "average_duration": 0.006382824219379229, "n_events": 194, "total_time": 1.2382678985595703}, "batch.reduce": {"label": "batch.reduce", "average_duration": 0.2942281371539401, "n_events": 194, "total_time": 57.08025860786438}, "batch.step": {"label": "batch.step", "average_duration": 0.003362392641834377, "n_events": 194, "total_time": 0.6523041725158691}, "reduce.allreduce": {"label": "reduce.allreduce", "average_duration": 0.293323731914009, "n_events": 194, "total_time": 56.90480399131775}, "reduce.flat_pack": {"label": "reduce.flat_pack", "average_duration": 0.0007107368449574893, "n_events": 194, "total_time": 0.13788294792175293}, "reduce_times": [0.18656015396118164, 0.17959976196289062, 0.15865159034729004, 0.15670394897460938, 0.15613007545471191, 0.15092062950134277, 0.15687251091003418, 0.1624131202697754, 0.15813183784484863, 0.15390348434448242, 0.16948938369750977, 0.2899761199951172, 0.2901434898376465, 0.3378715515136719, 0.24275636672973633, 0.2979733943939209, 0.3029365539550781, 0.30510783195495605, 0.30028772354125977, 0.3039579391479492, 0.29958057403564453, 0.30390048027038574, 0.29918575286865234, 0.4880557060241699, 0.15340924263000488, 0.26958703994750977, 0.29624271392822266, 0.30214428901672363, 0.5166106224060059, 0.15356755256652832, 0.23681211471557617, 0.3021547794342041, 0.30246686935424805, 0.30211973190307617, 0.30199313163757324, 0.30236387252807617, 0.3024411201477051, 0.4397904872894287, 0.17658400535583496, 0.29108190536499023, 0.3021564483642578, 0.3026552200317383, 0.30271148681640625, 0.30242228507995605, 0.30225563049316406, 0.4326190948486328, 0.17551684379577637, 0.2996866703033447, 0.3031477928161621, 0.30240368843078613, 0.3022947311401367, 0.3025057315826416, 0.2971689701080322, 0.33727192878723145, 0.26160526275634766, 0.3014848232269287, 0.30306267738342285, 0.3223421573638916, 0.28270697593688965, 0.47664356231689453, 0.1487903594970703, 0.2836627960205078, 0.30095839500427246, 0.3050100803375244, 0.2990090847015381, 0.3016037940979004, 0.5274693965911865, 0.15040373802185059, 0.22833991050720215, 0.30289649963378906, 0.29650211334228516, 0.30382633209228516, 0.29893016815185547, 0.30141401290893555, 0.30785274505615234, 0.29613804817199707, 0.3017137050628662, 0.30207157135009766, 0.3024768829345703, 0.2977893352508545, 0.3011486530303955, 0.30156946182250977, 0.30113863945007324, 0.30219030380249023, 0.3023827075958252, 0.3030130863189697, 0.30051755905151367, 0.37187814712524414, 0.23215389251708984, 0.30078983306884766, 0.34001803398132324, 0.2643105983734131, 0.3024477958679199, 0.30235958099365234, 0.3026244640350342, 0.30264925956726074, 0.29749035835266113, 0.3021237850189209, 0.30231618881225586, 0.32837843894958496, 0.4766225814819336, 0.15271949768066406, 0.2557244300842285, 0.2963273525238037, 0.3018505573272705, 0.3022620677947998, 0.3027992248535156, 0.30212926864624023, 0.32413649559020996, 0.28140711784362793, 0.3030543327331543, 0.30234718322753906, 0.29587697982788086, 0.29837703704833984, 0.3012425899505615, 0.30042004585266113, 0.3007321357727051, 0.5099542140960693, 0.15512871742248535, 0.3790895938873291, 0.16976571083068848, 0.4151184558868408, 0.37158727645874023, 0.14879798889160156, 0.26863527297973633, 0.29042625427246094, 0.30228400230407715, 0.30272459983825684, 0.3014233112335205, 0.3017852306365967, 0.3021540641784668, 0.30207252502441406, 0.30176639556884766, 0.30248069763183594, 0.30214738845825195, 0.30155181884765625, 0.3023653030395508, 0.30108213424682617, 0.30226731300354004, 0.30180788040161133, 0.30163049697875977, 0.30224132537841797, 0.30238795280456543, 0.302382230758667, 0.3022732734680176, 0.3021976947784424, 0.3023064136505127, 0.3024141788482666, 0.30235958099365234, 0.3026704788208008, 0.30232667922973633, 0.3020937442779541, 0.3018829822540283, 0.3023197650909424, 0.3025064468383789, 0.30117297172546387, 0.3018355369567871, 0.30177998542785645, 0.3016347885131836, 0.3021101951599121, 0.30175161361694336, 0.3016982078552246, 0.30207061767578125, 0.30228471755981445, 0.3015611171722412, 0.3022158145904541, 0.3016676902770996, 0.30203771591186523, 0.31607747077941895, 0.28822922706604004, 0.31735825538635254, 0.27750611305236816, 0.3020946979522705, 0.4316418170928955, 0.18102645874023438, 0.2991306781768799, 0.29526329040527344, 0.30245542526245117, 0.30271315574645996, 0.3025219440460205, 0.4273233413696289, 0.187119722366333, 0.28783559799194336, 0.41449522972106934, 0.1942434310913086, 0.2953808307647705, 0.30177998542785645, 0.3017897605895996, 0.5006122589111328, 0.1518843173980713, 0.26294970512390137, 0.32537269592285156, 0.27735018730163574, 0.2963995933532715, 0.3025031089782715]}