{"batch": {"label": "batch", "average_duration": 0.08187432974985201, "n_events": 584, "total_time": 47.814608573913574}, "batch.accumulate": {"label": "batch.accumulate", "average_duration": 0.0009335844140303763, "n_events": 38, "total_time": 0.0354762077331543}, "batch.backward": {"label": "batch.backward", "average_duration": 0.06707485489649316, "n_events": 584, "total_time": 39.171715259552}, "batch.evaluate": {"label": "batch.evaluate", "average_duration": 0.0011826043259607602, "n_events": 584, "total_time": 0.690640926361084}, "batch.forward": {"label": "batch.forward", "average_duration": 0.006450888228743044, "n_events": 584, "total_time": 3.7673187255859375}, "batch.reduce": {"label": "batch.reduce", "average_duration": 0.01189090703663073, "n_events": 38, "total_time": 0.4518544673919678}, "batch.step": {"label": "batch.step", "average_duration": 0.0034186219515865797, "n_events": 584, "total_time": 1.9964752197265625}, "epoch_metrics.collect": {"label": "epoch_metrics.collect", "average_duration": 0.0010669231414794922, "n_events": 2, "total_time": 0.0021338462829589844}, "reduce.compress": {"label": "reduce.compress", "average_duration": 0.005599448555394223, "n_events": 38, "total_time": 0.21277904510498047}, "reduce.decompress": {"label": "reduce.decompress", "average_duration": 0.001015932936417429, "n_events": 38, "total_time": 0.038605451583862305}, "reduce.flat_pack": {"label": "reduce.flat_pack", "average_duration": 0.0006433599873592979, "n_events": 38, "total_time": 0.02444767951965332}, "reduce.norm": {"label": "reduce.norm", "average_duration": 0.0006175982324700607, "n_events": 38, "total_time": 0.023468732833862305}, "reduce.reduce.vector": {"label": "reduce.reduce.vector", "average_duration": 0.000973544622722425, "n_events": 38, "total_time": 0.03699469566345215}, "reduce.setgrad": {"label": "reduce.setgrad", "average_duration": 0.0027546443437275136, "n_events": 38, "total_time": 0.10467648506164551}, "test.last": {"label": "test.last", "average_duration": 2.354347586631775, "n_events": 2, "total_time": 4.70869517326355}}