{"batch": {"label": "batch", "average_duration": 0.128154408349476, "n_events": 389, "total_time": 49.85206484794617}, "batch.accumulate": {"label": "batch.accumulate", "average_duration": 0.000999601263748972, "n_events": 38, "total_time": 0.03798484802246094}, "batch.backward": {"label": "batch.backward", "average_duration": 0.06489614839725445, "n_events": 389, "total_time": 25.244601726531982}, "batch.evaluate": {"label": "batch.evaluate", "average_duration": 0.001213137472196839, "n_events": 389, "total_time": 0.4719104766845703}, "batch.forward": {"label": "batch.forward", "average_duration": 0.006302972685708485, "n_events": 389, "total_time": 2.4518563747406006}, "batch.reduce": {"label": "batch.reduce", "average_duration": 0.4866505359348498, "n_events": 38, "total_time": 18.492720365524292}, "batch.step": {"label": "batch.step", "average_duration": 0.0034703301280200635, "n_events": 389, "total_time": 1.3499584197998047}, "epoch_metrics.collect": {"label": "epoch_metrics.collect", "average_duration": 0.01784038543701172, "n_events": 1, "total_time": 0.01784038543701172}, "reduce.allreduce": {"label": "reduce.allreduce", "average_duration": 0.48582923412323, "n_events": 38, "total_time": 18.46151089668274}, "reduce.flat_pack": {"label": "reduce.flat_pack", "average_duration": 0.0006950403514661287, "n_events": 38, "total_time": 0.02641153335571289}, "test.last": {"label": "test.last", "average_duration": 3.4074175357818604, "n_events": 1, "total_time": 3.4074175357818604}}