{"batch": {"label": "batch", "average_duration": 0.10246061782042186, "n_events": 96, "total_time": 9.836219310760498}, "batch.accumulate": {"label": "batch.accumulate", "average_duration": 0.0007791792352994283, "n_events": 96, "total_time": 0.07480120658874512}, "batch.backward": {"label": "batch.backward", "average_duration": 0.012727081775665283, "n_events": 96, "total_time": 1.2217998504638672}, "batch.evaluate": {"label": "batch.evaluate", "average_duration": 0.00046254446109135944, "n_events": 96, "total_time": 0.04440426826477051}, "batch.forward": {"label": "batch.forward", "average_duration": 0.005628680189450582, "n_events": 96, "total_time": 0.5403532981872559}, "batch.reduce": {"label": "batch.reduce", "average_duration": 0.07742501050233841, "n_events": 96, "total_time": 7.432801008224487}, "batch.step": {"label": "batch.step", "average_duration": 0.003800836702187856, "n_events": 96, "total_time": 0.3648803234100342}, "reduce.allreduce": {"label": "reduce.allreduce", "average_duration": 0.07685703784227371, "n_events": 96, "total_time": 7.378275632858276}, "reduce.flat_pack": {"label": "reduce.flat_pack", "average_duration": 0.00041597336530685425, "n_events": 96, "total_time": 0.03993344306945801}}