{"batch": {"label": "batch", "average_duration": 0.21139055096413478, "n_events": 484, "total_time": 102.31302666664124}, "batch.accumulate": {"label": "batch.accumulate", "average_duration": 0.002000646650298568, "n_events": 484, "total_time": 0.9683129787445068}, "batch.backward": {"label": "batch.backward", "average_duration": 0.12421436694042742, "n_events": 484, "total_time": 60.11975359916687}, "batch.evaluate": {"label": "batch.evaluate", "average_duration": 0.0007516584120506098, "n_events": 484, "total_time": 0.3638026714324951}, "batch.forward": {"label": "batch.forward", "average_duration": 0.06035049198087582, "n_events": 484, "total_time": 29.209638118743896}, "batch.reduce": {"label": "batch.reduce", "average_duration": 0.011605576050183005, "n_events": 484, "total_time": 5.617098808288574}, "batch.step": {"label": "batch.step", "average_duration": 0.008499060287948482, "n_events": 484, "total_time": 4.113545179367065}, "epoch_metrics.collect": {"label": "epoch_metrics.collect", "average_duration": 0.007411301136016846, "n_events": 4, "total_time": 0.029645204544067383}, "reduce.compress": {"label": "reduce.compress", "average_duration": 0.0017177009385479383, "n_events": 484, "total_time": 0.8313672542572021}, "reduce.decompress": {"label": "reduce.decompress", "average_duration": 0.0001915230238733213, "n_events": 484, "total_time": 0.0926971435546875}, "reduce.flat_pack": {"label": "reduce.flat_pack", "average_duration": 0.0008409047914930612, "n_events": 484, "total_time": 0.4069979190826416}, "reduce.norm": {"label": "reduce.norm", "average_duration": 0.0008512223062436443, "n_events": 484, "total_time": 0.41199159622192383}, "reduce.reduce.vector": {"label": "reduce.reduce.vector", "average_duration": 0.0008346187181709227, "n_events": 484, "total_time": 0.40395545959472656}, "reduce.setgrad": {"label": "reduce.setgrad", "average_duration": 0.006661772727966309, "n_events": 484, "total_time": 3.2242980003356934}, "test.last": {"label": "test.last", "average_duration": 1.4204049706459045, "n_events": 4, "total_time": 5.681619882583618}}