{"batch": {"label": "batch", "average_duration": 0.18750467151403427, "n_events": 96, "total_time": 18.00044846534729}, "batch.accumulate": {"label": "batch.accumulate", "average_duration": 0.0031060907575819227, "n_events": 18, "total_time": 0.05590963363647461}, "batch.backward": {"label": "batch.backward", "average_duration": 0.12250382453203201, "n_events": 96, "total_time": 11.760367155075073}, "batch.evaluate": {"label": "batch.evaluate", "average_duration": 0.0007319276531537374, "n_events": 96, "total_time": 0.07026505470275879}, "batch.forward": {"label": "batch.forward", "average_duration": 0.04121630142132441, "n_events": 96, "total_time": 3.9567649364471436}, "batch.reduce": {"label": "batch.reduce", "average_duration": 0.021414518356323242, "n_events": 18, "total_time": 0.38546133041381836}, "batch.step": {"label": "batch.step", "average_duration": 0.009484139581521353, "n_events": 96, "total_time": 0.9104773998260498}, "reduce.compress": {"label": "reduce.compress", "average_duration": 0.00791760285695394, "n_events": 18, "total_time": 0.1425168514251709}, "reduce.decompress": {"label": "reduce.decompress", "average_duration": 0.0015185011757744683, "n_events": 18, "total_time": 0.02733302116394043}, "reduce.flat_pack": {"label": "reduce.flat_pack", "average_duration": 0.0010275575849745008, "n_events": 18, "total_time": 0.018496036529541016}, "reduce.norm": {"label": "reduce.norm", "average_duration": 0.0005804035398695204, "n_events": 18, "total_time": 0.010447263717651367}, "reduce.reduce.vector": {"label": "reduce.reduce.vector", "average_duration": 0.0007133748796251086, "n_events": 18, "total_time": 0.012840747833251953}, "reduce.setgrad": {"label": "reduce.setgrad", "average_duration": 0.009320259094238281, "n_events": 18, "total_time": 0.16776466369628906}, "reduce_times": [0.022440671920776367, 0.0220186710357666, 0.022033214569091797, 0.021307945251464844, 0.021312713623046875, 0.021791458129882812, 0.021224021911621094, 0.021314620971679688, 0.02125382423400879, 0.021288633346557617, 0.021816253662109375, 0.021382570266723633, 0.021280288696289062, 0.02124166488647461, 0.021255970001220703, 0.021219253540039062, 0.02131032943725586, 0.021204233169555664, 0.021205663681030273]}