{"batch": {"label": "batch", "average_duration": 0.17228647105949968, "n_events": 484, "total_time": 83.38665199279785}, "batch.accumulate": {"label": "batch.accumulate", "average_duration": 0.0007089795159899499, "n_events": 484, "total_time": 0.34314608573913574}, "batch.backward": {"label": "batch.backward", "average_duration": 0.06237988038496538, "n_events": 484, "total_time": 30.191862106323242}, "batch.evaluate": {"label": "batch.evaluate", "average_duration": 0.0005417840539916487, "n_events": 484, "total_time": 0.262223482131958}, "batch.forward": {"label": "batch.forward", "average_duration": 0.053069200397522984, "n_events": 484, "total_time": 25.685492992401123}, "batch.reduce": {"label": "batch.reduce", "average_duration": 0.051059250004035384, "n_events": 484, "total_time": 24.712677001953125}, "batch.step": {"label": "batch.step", "average_duration": 0.0031029779063768623, "n_events": 484, "total_time": 1.5018413066864014}, "epoch_metrics.collect": {"label": "epoch_metrics.collect", "average_duration": 0.006436049938201904, "n_events": 4, "total_time": 0.025744199752807617}, "reduce.compress": {"label": "reduce.compress", "average_duration": 0.022590011604561294, "n_events": 484, "total_time": 10.933565616607666}, "reduce.decompress": {"label": "reduce.decompress", "average_duration": 0.0010483225515066099, "n_events": 484, "total_time": 0.5073881149291992}, "reduce.flat_pack": {"label": "reduce.flat_pack", "average_duration": 0.00035366292827385517, "n_events": 484, "total_time": 0.1711728572845459}, "reduce.norm": {"label": "reduce.norm", "average_duration": 0.005158715996860473, "n_events": 484, "total_time": 2.4968185424804688}, "reduce.reduce.vector": {"label": "reduce.reduce.vector", "average_duration": 0.019034386666353084, "n_events": 484, "total_time": 9.212643146514893}, "reduce.setgrad": {"label": "reduce.setgrad", "average_duration": 0.002469976086261844, "n_events": 484, "total_time": 1.1954684257507324}, "test.last": {"label": "test.last", "average_duration": 1.166603684425354, "n_events": 4, "total_time": 4.666414737701416}}