{"batch": {"label": "batch", "average_duration": 0.1835731113512899, "n_events": 193, "total_time": 35.42961049079895}, "batch.accumulate": {"label": "batch.accumulate", "average_duration": 0.002921091185675727, "n_events": 18, "total_time": 0.052579641342163086}, "batch.backward": {"label": "batch.backward", "average_duration": 0.025831437481499707, "n_events": 193, "total_time": 4.985467433929443}, "batch.evaluate": {"label": "batch.evaluate", "average_duration": 0.11530898024998798, "n_events": 193, "total_time": 22.25463318824768}, "batch.forward": {"label": "batch.forward", "average_duration": 0.023609462797332923, "n_events": 193, "total_time": 4.556626319885254}, "batch.reduce": {"label": "batch.reduce", "average_duration": 0.009939630826314291, "n_events": 18, "total_time": 0.17891335487365723}, "batch.step": {"label": "batch.step", "average_duration": 0.009137156096147132, "n_events": 193, "total_time": 1.7634711265563965}, "epoch_metrics.collect": {"label": "epoch_metrics.collect", "average_duration": 0.02047276496887207, "n_events": 1, "total_time": 0.02047276496887207}, "reduce.allreduce": {"label": "reduce.allreduce", "average_duration": 0.009060952398512099, "n_events": 18, "total_time": 0.16309714317321777}, "reduce.flat_pack": {"label": "reduce.flat_pack", "average_duration": 0.0007496145036485461, "n_events": 18, "total_time": 0.013493061065673828}, "test.last": {"label": "test.last", "average_duration": 1.494086742401123, "n_events": 1, "total_time": 1.494086742401123}}