{"batch": {"label": "batch", "average_duration": 0.2480641131303409, "n_events": 29249, "total_time": 7255.627244949341}, "batch.accumulate": {"label": "batch.accumulate", "average_duration": 0.0025351976768767277, "n_events": 29249, "total_time": 74.15199685096741}, "batch.backward": {"label": "batch.backward", "average_duration": 0.14414861509627067, "n_events": 29249, "total_time": 4216.202842950821}, "batch.evaluate": {"label": "batch.evaluate", "average_duration": 0.0004417784678890765, "n_events": 29249, "total_time": 12.921578407287598}, "batch.forward": {"label": "batch.forward", "average_duration": 0.06699668991451178, "n_events": 29249, "total_time": 1959.586183309555}, "batch.reduce": {"label": "batch.reduce", "average_duration": 0.029097789487063062, "n_events": 29249, "total_time": 851.0812447071075}, "batch.step": {"label": "batch.step", "average_duration": 0.0018670717473029928, "n_events": 29249, "total_time": 54.609981536865234}, "epoch_metrics.collect": {"label": "epoch_metrics.collect", "average_duration": 0.0016781819746798318, "n_events": 149, "total_time": 0.2500491142272949}, "reduce.allreduce": {"label": "reduce.allreduce", "average_duration": 0.027901923221589568, "n_events": 29249, "total_time": 816.1033523082733}, "reduce.flat_pack": {"label": "reduce.flat_pack", "average_duration": 0.0011225485297128757, "n_events": 29249, "total_time": 32.8334219455719}, "test.last": {"label": "test.last", "average_duration": 2.4894650222471095, "n_events": 149, "total_time": 370.93028831481934}}