{"batch": {"label": "batch", "average_duration": 0.20636883353398852, "n_events": 484, "total_time": 99.88251543045044}, "batch.accumulate": {"label": "batch.accumulate", "average_duration": 0.000731891837001832, "n_events": 484, "total_time": 0.3542356491088867}, "batch.backward": {"label": "batch.backward", "average_duration": 0.0625239413631849, "n_events": 484, "total_time": 30.261587619781494}, "batch.evaluate": {"label": "batch.evaluate", "average_duration": 0.0005446992629815724, "n_events": 484, "total_time": 0.26363444328308105}, "batch.forward": {"label": "batch.forward", "average_duration": 0.05330455401712213, "n_events": 484, "total_time": 25.79940414428711}, "batch.reduce": {"label": "batch.reduce", "average_duration": 0.08454595173686004, "n_events": 484, "total_time": 40.92024064064026}, "batch.step": {"label": "batch.step", "average_duration": 0.0032431207412530567, "n_events": 484, "total_time": 1.5696704387664795}, "epoch_metrics.collect": {"label": "epoch_metrics.collect", "average_duration": 0.009150803089141846, "n_events": 4, "total_time": 0.03660321235656738}, "reduce.allreduce": {"label": "reduce.allreduce", "average_duration": 0.0839968151297451, "n_events": 484, "total_time": 40.65445852279663}, "reduce.flat_pack": {"label": "reduce.flat_pack", "average_duration": 0.00035928645409828377, "n_events": 484, "total_time": 0.17389464378356934}, "test.last": {"label": "test.last", "average_duration": 1.1756351590156555, "n_events": 4, "total_time": 4.702540636062622}}