{"batch": {"label": "batch", "average_duration": 0.18671965969658885, "n_events": 193, "total_time": 36.03689432144165}, "batch.accumulate": {"label": "batch.accumulate", "average_duration": 0.0028585990269978843, "n_events": 18, "total_time": 0.051454782485961914}, "batch.backward": {"label": "batch.backward", "average_duration": 0.12422743115400403, "n_events": 193, "total_time": 23.97589421272278}, "batch.evaluate": {"label": "batch.evaluate", "average_duration": 0.0006645812889454896, "n_events": 193, "total_time": 0.1282641887664795}, "batch.forward": {"label": "batch.forward", "average_duration": 0.04150837443653166, "n_events": 193, "total_time": 8.01111626625061}, "batch.reduce": {"label": "batch.reduce", "average_duration": 0.021121607886420354, "n_events": 18, "total_time": 0.3801889419555664}, "batch.step": {"label": "batch.step", "average_duration": 0.008896685634869986, "n_events": 193, "total_time": 1.7170603275299072}, "epoch_metrics.collect": {"label": "epoch_metrics.collect", "average_duration": 0.02112102508544922, "n_events": 1, "total_time": 0.02112102508544922}, "reduce.compress": {"label": "reduce.compress", "average_duration": 0.003275381194220649, "n_events": 18, "total_time": 0.05895686149597168}, "reduce.decompress": {"label": "reduce.decompress", "average_duration": 0.0002918243408203125, "n_events": 18, "total_time": 0.005252838134765625}, "reduce.flat_pack": {"label": "reduce.flat_pack", "average_duration": 0.0009202427334255642, "n_events": 18, "total_time": 0.016564369201660156}, "reduce.norm": {"label": "reduce.norm", "average_duration": 0.007062051031324599, "n_events": 18, "total_time": 0.12711691856384277}, "reduce.reduce.vector": {"label": "reduce.reduce.vector", "average_duration": 0.0007298787434895834, "n_events": 18, "total_time": 0.0131378173828125}, "reduce.setgrad": {"label": "reduce.setgrad", "average_duration": 0.00854337215423584, "n_events": 18, "total_time": 0.15378069877624512}, "test.last": {"label": "test.last", "average_duration": 1.4974846839904785, "n_events": 1, "total_time": 1.4974846839904785}}