{"batch": {"label": "batch", "average_duration": 0.31899842836415937, "n_events": 29249, "total_time": 9330.385031223297}, "batch.accumulate": {"label": "batch.accumulate", "average_duration": 0.002285174416405078, "n_events": 29249, "total_time": 66.83906650543213}, "batch.backward": {"label": "batch.backward", "average_duration": 0.1442168308912642, "n_events": 29249, "total_time": 4218.198086738586}, "batch.evaluate": {"label": "batch.evaluate", "average_duration": 0.0004129905391584735, "n_events": 29249, "total_time": 12.079560279846191}, "batch.forward": {"label": "batch.forward", "average_duration": 0.06640080840914729, "n_events": 29249, "total_time": 1942.1572451591492}, "batch.reduce": {"label": "batch.reduce", "average_duration": 0.10119009520882088, "n_events": 29249, "total_time": 2959.709094762802}, "batch.step": {"label": "batch.step", "average_duration": 0.0016885705147283848, "n_events": 29249, "total_time": 49.38899898529053}, "epoch_metrics.collect": {"label": "epoch_metrics.collect", "average_duration": 0.0016972746625042601, "n_events": 149, "total_time": 0.25289392471313477}, "reduce.average": {"label": "reduce.average", "average_duration": 0.009583489426735418, "n_events": 29249, "total_time": 280.30748224258423}, "reduce.compress": {"label": "reduce.compress", "average_duration": 0.021329734585355208, "n_events": 29249, "total_time": 623.8734068870544}, "reduce.decompress": {"label": "reduce.decompress", "average_duration": 0.001236685378200405, "n_events": 29249, "total_time": 36.17181062698364}, "reduce.flat_pack": {"label": "reduce.flat_pack", "average_duration": 0.0010942545152003143, "n_events": 29249, "total_time": 32.005850315093994}, "reduce.gather": {"label": "reduce.gather", "average_duration": 0.06779001576622766, "n_events": 29249, "total_time": 1982.7901711463928}, "test.last": {"label": "test.last", "average_duration": 2.485145216820224, "n_events": 149, "total_time": 370.2866373062134}}