{"batch": {"label": "batch", "average_duration": 0.19516576960644563, "n_events": 389, "total_time": 75.91948437690735}, "batch.accumulate": {"label": "batch.accumulate", "average_duration": 0.0030139681612617866, "n_events": 389, "total_time": 1.172433614730835}, "batch.backward": {"label": "batch.backward", "average_duration": 0.12249502118265108, "n_events": 389, "total_time": 47.65056324005127}, "batch.evaluate": {"label": "batch.evaluate", "average_duration": 0.0008193698824218123, "n_events": 389, "total_time": 0.31873488426208496}, "batch.forward": {"label": "batch.forward", "average_duration": 0.041228456791384975, "n_events": 389, "total_time": 16.037869691848755}, "batch.reduce": {"label": "batch.reduce", "average_duration": 0.01091870121600389, "n_events": 389, "total_time": 4.247374773025513}, "batch.step": {"label": "batch.step", "average_duration": 0.008316665198318756, "n_events": 389, "total_time": 3.235182762145996}, "reduce.compress": {"label": "reduce.compress", "average_duration": 0.00040823083303887924, "n_events": 389, "total_time": 0.15880179405212402}, "reduce.decompress": {"label": "reduce.decompress", "average_duration": 8.279008546647805e-05, "n_events": 389, "total_time": 0.03220534324645996}, "reduce.flat_pack": {"label": "reduce.flat_pack", "average_duration": 0.0009259380840703577, "n_events": 389, "total_time": 0.36018991470336914}, "reduce.norm": {"label": "reduce.norm", "average_duration": 9.094718795815592e-05, "n_events": 389, "total_time": 0.035378456115722656}, "reduce.reduce.vector": {"label": "reduce.reduce.vector", "average_duration": 1.139751130327161e-05, "n_events": 389, "total_time": 0.004433631896972656}, "reduce.setgrad": {"label": "reduce.setgrad", "average_duration": 0.00902339547949156, "n_events": 389, "total_time": 3.510100841522217}}