{"batch": {"label": "batch", "average_duration": 0.18567683407194546, "n_events": 387, "total_time": 71.8569347858429}, "batch.accumulate": {"label": "batch.accumulate", "average_duration": 0.0030404594209459093, "n_events": 18, "total_time": 0.05472826957702637}, "batch.backward": {"label": "batch.backward", "average_duration": 0.02582504767780156, "n_events": 387, "total_time": 9.994293451309204}, "batch.evaluate": {"label": "batch.evaluate", "average_duration": 0.11290463735890943, "n_events": 387, "total_time": 43.69409465789795}, "batch.forward": {"label": "batch.forward", "average_duration": 0.02474197367981115, "n_events": 387, "total_time": 9.575143814086914}, "batch.reduce": {"label": "batch.reduce", "average_duration": 0.08418330881330702, "n_events": 18, "total_time": 1.5152995586395264}, "batch.step": {"label": "batch.step", "average_duration": 0.009146717475674257, "n_events": 387, "total_time": 3.5397796630859375}, "epoch_metrics.collect": {"label": "epoch_metrics.collect", "average_duration": 0.035253683725992836, "n_events": 3, "total_time": 0.10576105117797852}, "reduce.compress": {"label": "reduce.compress", "average_duration": 0.00045145882500542537, "n_events": 18, "total_time": 0.008126258850097656}, "reduce.decompress": {"label": "reduce.decompress", "average_duration": 9.159247080485026e-05, "n_events": 18, "total_time": 0.0016486644744873047}, "reduce.flat_pack": {"label": "reduce.flat_pack", "average_duration": 0.0007691383361816406, "n_events": 18, "total_time": 0.013844490051269531}, "reduce.norm": {"label": "reduce.norm", "average_duration": 0.07355952262878418, "n_events": 18, "total_time": 1.3240714073181152}, "reduce.reduce.vector": {"label": "reduce.reduce.vector", "average_duration": 0.0001556608412000868, "n_events": 18, "total_time": 0.0028018951416015625}, "reduce.setgrad": {"label": "reduce.setgrad", "average_duration": 0.00882973935869005, "n_events": 18, "total_time": 0.1589353084564209}, "test.last": {"label": "test.last", "average_duration": 1.4883464972178142, "n_events": 3, "total_time": 4.465039491653442}, "reduce_times": [0.17589139938354492, 0.07800149917602539, 0.11619043350219727, 0.06975340843200684, 0.020051240921020508, 0.07255840301513672, 0.06033015251159668, 0.08011579513549805, 0.07702350616455078, 0.09270691871643066, 0.09542727470397949, 0.10775279998779297, 0.09871196746826172, 0.10399031639099121, 0.06093788146972656, 0.1245276927947998, 0.10822892189025879, 0.06757807731628418, 0.08141326904296875]}