{"batch": {"label": "batch", "average_duration": 0.1992196043332418, "n_events": 96, "total_time": 19.12508201599121}, "batch.accumulate": {"label": "batch.accumulate", "average_duration": 0.002824239432811737, "n_events": 96, "total_time": 0.27112698554992676}, "batch.backward": {"label": "batch.backward", "average_duration": 0.12188034256299336, "n_events": 96, "total_time": 11.700512886047363}, "batch.evaluate": {"label": "batch.evaluate", "average_duration": 0.0009515061974525452, "n_events": 96, "total_time": 0.09134459495544434}, "batch.forward": {"label": "batch.forward", "average_duration": 0.041053712368011475, "n_events": 96, "total_time": 3.9411563873291016}, "batch.reduce": {"label": "batch.reduce", "average_duration": 0.014748948315779368, "n_events": 96, "total_time": 1.4158990383148193}, "batch.step": {"label": "batch.step", "average_duration": 0.008384138345718384, "n_events": 96, "total_time": 0.8048772811889648}, "reduce.compress": {"label": "reduce.compress", "average_duration": 0.00039530545473098755, "n_events": 96, "total_time": 0.037949323654174805}, "reduce.decompress": {"label": "reduce.decompress", "average_duration": 8.161117633183797e-05, "n_events": 96, "total_time": 0.007834672927856445}, "reduce.flat_pack": {"label": "reduce.flat_pack", "average_duration": 0.0010626787940661113, "n_events": 96, "total_time": 0.10201716423034668}, "reduce.norm": {"label": "reduce.norm", "average_duration": 0.004120200872421265, "n_events": 96, "total_time": 0.3955392837524414}, "reduce.reduce.vector": {"label": "reduce.reduce.vector", "average_duration": 0.00023021548986434937, "n_events": 96, "total_time": 0.02210068702697754}, "reduce.setgrad": {"label": "reduce.setgrad", "average_duration": 0.00841868668794632, "n_events": 96, "total_time": 0.8081939220428467}}