{"batch": {"label": "batch", "average_duration": 0.36049856257009627, "n_events": 389, "total_time": 140.23394083976746}, "batch.accumulate": {"label": "batch.accumulate", "average_duration": 0.0027916996102584036, "n_events": 38, "total_time": 0.10608458518981934}, "batch.backward": {"label": "batch.backward", "average_duration": 0.12222438299870429, "n_events": 389, "total_time": 47.54528498649597}, "batch.evaluate": {"label": "batch.evaluate", "average_duration": 0.0006077019904756914, "n_events": 389, "total_time": 0.23639607429504395}, "batch.forward": {"label": "batch.forward", "average_duration": 0.04110720592783165, "n_events": 389, "total_time": 15.990703105926514}, "batch.reduce": {"label": "batch.reduce", "average_duration": 1.7441208299837614, "n_events": 38, "total_time": 66.27659153938293}, "batch.step": {"label": "batch.step", "average_duration": 0.008482133208326324, "n_events": 389, "total_time": 3.2995498180389404}, "epoch_metrics.collect": {"label": "epoch_metrics.collect", "average_duration": 0.020951271057128906, "n_events": 1, "total_time": 0.020951271057128906}, "reduce.compress": {"label": "reduce.compress", "average_duration": 0.0023694163874575964, "n_events": 38, "total_time": 0.09003782272338867}, "reduce.decompress": {"label": "reduce.decompress", "average_duration": 0.00022147831163908305, "n_events": 38, "total_time": 0.008416175842285156}, "reduce.flat_pack": {"label": "reduce.flat_pack", "average_duration": 0.0009131494321321186, "n_events": 38, "total_time": 0.03469967842102051}, "reduce.norm": {"label": "reduce.norm", "average_duration": 1.7313568278362876, "n_events": 38, "total_time": 65.79155945777893}, "reduce.setgrad": {"label": "reduce.setgrad", "average_duration": 0.008806140799271433, "n_events": 38, "total_time": 0.33463335037231445}, "test.last": {"label": "test.last", "average_duration": 4.2152979373931885, "n_events": 1, "total_time": 4.2152979373931885}}