{"batch": {"label": "batch", "average_duration": 0.2587569734154296, "n_events": 974, "total_time": 252.02929210662842}, "batch.accumulate": {"label": "batch.accumulate", "average_duration": 0.0026680928725726304, "n_events": 974, "total_time": 2.598722457885742}, "batch.backward": {"label": "batch.backward", "average_duration": 0.023295998328520286, "n_events": 974, "total_time": 22.69030237197876}, "batch.evaluate": {"label": "batch.evaluate", "average_duration": 0.1732715671801714, "n_events": 974, "total_time": 168.76650643348694}, "batch.forward": {"label": "batch.forward", "average_duration": 0.012566404665764842, "n_events": 974, "total_time": 12.239678144454956}, "batch.reduce": {"label": "batch.reduce", "average_duration": 0.022949087056780743, "n_events": 974, "total_time": 22.352410793304443}, "batch.step": {"label": "batch.step", "average_duration": 0.017028371411427334, "n_events": 974, "total_time": 16.585633754730225}, "epoch_metrics.collect": {"label": "epoch_metrics.collect", "average_duration": 0.007723331451416016, "n_events": 4, "total_time": 0.030893325805664062}, "reduce.allocate_memory": {"label": "reduce.allocate_memory", "average_duration": 0.000928662396064774, "n_events": 974, "total_time": 0.9045171737670898}, "reduce.compute.p": {"label": "reduce.compute.p", "average_duration": 0.0007775167664952836, "n_events": 974, "total_time": 0.7573013305664062}, "reduce.compute.q": {"label": "reduce.compute.q", "average_duration": 0.0010253545929519057, "n_events": 974, "total_time": 0.9986953735351562}, "reduce.normalize.p": {"label": "reduce.normalize.p", "average_duration": 0.005657217096254321, "n_events": 974, "total_time": 5.510129451751709}, "reduce.outerprod": {"label": "reduce.outerprod", "average_duration": 0.0035468376637484257, "n_events": 974, "total_time": 3.454619884490967}, "reduce.p": {"label": "reduce.p", "average_duration": 7.362483218465253e-05, "n_events": 974, "total_time": 0.07171058654785156}, "reduce.prepare.q": {"label": "reduce.prepare.q", "average_duration": 0.0007449493760690552, "n_events": 974, "total_time": 0.7255806922912598}, "reduce.q": {"label": "reduce.q", "average_duration": 0.00012092864488918923, "n_events": 974, "total_time": 0.11778450012207031}, "reduce.rank1.all_reduce": {"label": "reduce.rank1.all_reduce", "average_duration": 6.58160117617378e-05, "n_events": 974, "total_time": 0.06410479545593262}, "reduce.rank1.pack": {"label": "reduce.rank1.pack", "average_duration": 0.00039702127601576537, "n_events": 974, "total_time": 0.38669872283935547}, "reduce.rank1.unpack": {"label": "reduce.rank1.unpack", "average_duration": 0.0023628267664194597, "n_events": 974, "total_time": 2.3013932704925537}, "test.last": {"label": "test.last", "average_duration": 2.521561861038208, "n_events": 4, "total_time": 10.086247444152832}}