{"batch": {"label": "batch", "average_duration": 0.03209897210775328, "n_events": 484, "total_time": 15.535902500152588}, "batch.accumulate": {"label": "batch.accumulate", "average_duration": 0.0007540258494290439, "n_events": 484, "total_time": 0.3649485111236572}, "batch.backward": {"label": "batch.backward", "average_duration": 0.01290373812037066, "n_events": 484, "total_time": 6.245409250259399}, "batch.evaluate": {"label": "batch.evaluate", "average_duration": 0.001003529907258089, "n_events": 484, "total_time": 0.48570847511291504}, "batch.forward": {"label": "batch.forward", "average_duration": 0.005570375722301893, "n_events": 484, "total_time": 2.696061849594116}, "batch.reduce": {"label": "batch.reduce", "average_duration": 0.00761202790520408, "n_events": 484, "total_time": 3.6842215061187744}, "batch.step": {"label": "batch.step", "average_duration": 0.0028011321036283633, "n_events": 484, "total_time": 1.355747938156128}, "epoch_metrics.collect": {"label": "epoch_metrics.collect", "average_duration": 0.010453104972839355, "n_events": 4, "total_time": 0.04181241989135742}, "reduce.compress": {"label": "reduce.compress", "average_duration": 0.002415058041407057, "n_events": 484, "total_time": 1.1688880920410156}, "reduce.decompress": {"label": "reduce.decompress", "average_duration": 0.00020639856984792663, "n_events": 484, "total_time": 0.09989690780639648}, "reduce.flat_pack": {"label": "reduce.flat_pack", "average_duration": 0.000902335998440577, "n_events": 484, "total_time": 0.43673062324523926}, "reduce.norm": {"label": "reduce.norm", "average_duration": 0.0008662047464985493, "n_events": 484, "total_time": 0.41924309730529785}, "reduce.reduce.vector": {"label": "reduce.reduce.vector", "average_duration": 0.0006416903054418643, "n_events": 484, "total_time": 0.3105781078338623}, "reduce.setgrad": {"label": "reduce.setgrad", "average_duration": 0.0023510958537582526, "n_events": 484, "total_time": 1.1379303932189941}, "test.last": {"label": "test.last", "average_duration": 0.44898509979248047, "n_events": 4, "total_time": 1.7959403991699219}}