{"batch": {"label": "batch", "average_duration": 0.18805697544868746, "n_events": 193, "total_time": 36.29499626159668}, "batch.accumulate": {"label": "batch.accumulate", "average_duration": 0.0030156771341959634, "n_events": 18, "total_time": 0.054282188415527344}, "batch.backward": {"label": "batch.backward", "average_duration": 0.0251713157317799, "n_events": 193, "total_time": 4.8580639362335205}, "batch.evaluate": {"label": "batch.evaluate", "average_duration": 0.11854904797410717, "n_events": 193, "total_time": 22.879966259002686}, "batch.forward": {"label": "batch.forward", "average_duration": 0.023560876055702645, "n_events": 193, "total_time": 4.54724907875061}, "batch.reduce": {"label": "batch.reduce", "average_duration": 0.021170748604668513, "n_events": 18, "total_time": 0.3810734748840332}, "batch.step": {"label": "batch.step", "average_duration": 0.009204539610314246, "n_events": 193, "total_time": 1.7764761447906494}, "epoch_metrics.collect": {"label": "epoch_metrics.collect", "average_duration": 0.0013005733489990234, "n_events": 1, "total_time": 0.0013005733489990234}, "reduce.compress": {"label": "reduce.compress", "average_duration": 0.001007994016011556, "n_events": 18, "total_time": 0.018143892288208008}, "reduce.decompress": {"label": "reduce.decompress", "average_duration": 0.0002219412061903212, "n_events": 18, "total_time": 0.003994941711425781}, "reduce.flat_pack": {"label": "reduce.flat_pack", "average_duration": 0.0007413228352864584, "n_events": 18, "total_time": 0.01334381103515625}, "reduce.norm": {"label": "reduce.norm", "average_duration": 0.009844303131103516, "n_events": 18, "total_time": 0.17719745635986328}, "reduce.reduce.vector": {"label": "reduce.reduce.vector", "average_duration": 0.0001274744669596354, "n_events": 18, "total_time": 0.0022945404052734375}, "reduce.setgrad": {"label": "reduce.setgrad", "average_duration": 0.008914417690700956, "n_events": 18, "total_time": 0.1604595184326172}, "test.last": {"label": "test.last", "average_duration": 1.5391781330108643, "n_events": 1, "total_time": 1.5391781330108643}}