{"batch": {"label": "batch", "average_duration": 0.08606175049064085, "n_events": 194, "total_time": 16.695979595184326}, "batch.accumulate": {"label": "batch.accumulate", "average_duration": 0.0009182839049506433, "n_events": 194, "total_time": 0.1781470775604248}, "batch.backward": {"label": "batch.backward", "average_duration": 0.0666489810058751, "n_events": 194, "total_time": 12.92990231513977}, "batch.evaluate": {"label": "batch.evaluate", "average_duration": 0.0011597232720286575, "n_events": 194, "total_time": 0.22498631477355957}, "batch.forward": {"label": "batch.forward", "average_duration": 0.006438685446670375, "n_events": 194, "total_time": 1.2491049766540527}, "batch.reduce": {"label": "batch.reduce", "average_duration": 0.0049830748862826945, "n_events": 194, "total_time": 0.9667165279388428}, "batch.step": {"label": "batch.step", "average_duration": 0.002961112051894984, "n_events": 194, "total_time": 0.574455738067627}, "reduce.compress": {"label": "reduce.compress", "average_duration": 0.000348324628220391, "n_events": 194, "total_time": 0.06757497787475586}, "reduce.decompress": {"label": "reduce.decompress", "average_duration": 7.696495842687862e-05, "n_events": 194, "total_time": 0.014931201934814453}, "reduce.flat_pack": {"label": "reduce.flat_pack", "average_duration": 0.0006412292264171483, "n_events": 194, "total_time": 0.12439846992492676}, "reduce.norm": {"label": "reduce.norm", "average_duration": 0.00033381427686239026, "n_events": 194, "total_time": 0.06475996971130371}, "reduce.reduce.vector": {"label": "reduce.reduce.vector", "average_duration": 0.00012222024583324943, "n_events": 194, "total_time": 0.02371072769165039}, "reduce.setgrad": {"label": "reduce.setgrad", "average_duration": 0.002871260200579142, "n_events": 194, "total_time": 0.5570244789123535}}