{"batch": {"label": "batch", "average_duration": 0.20779292037089667, "n_events": 96, "total_time": 19.94812035560608}, "batch.accumulate": {"label": "batch.accumulate", "average_duration": 0.0028796643018722534, "n_events": 96, "total_time": 0.27644777297973633}, "batch.backward": {"label": "batch.backward", "average_duration": 0.12374620636304219, "n_events": 96, "total_time": 11.87963581085205}, "batch.evaluate": {"label": "batch.evaluate", "average_duration": 0.0006941904624303182, "n_events": 96, "total_time": 0.06664228439331055}, "batch.forward": {"label": "batch.forward", "average_duration": 0.04126190890868505, "n_events": 96, "total_time": 3.9611432552337646}, "batch.reduce": {"label": "batch.reduce", "average_duration": 0.020668543875217438, "n_events": 96, "total_time": 1.984180212020874}, "batch.step": {"label": "batch.step", "average_duration": 0.009436890482902527, "n_events": 96, "total_time": 0.9059414863586426}, "reduce.compress": {"label": "reduce.compress", "average_duration": 0.007892926534016928, "n_events": 96, "total_time": 0.757720947265625}, "reduce.decompress": {"label": "reduce.decompress", "average_duration": 0.0015191808342933655, "n_events": 96, "total_time": 0.14584136009216309}, "reduce.flat_pack": {"label": "reduce.flat_pack", "average_duration": 0.0009471724430720011, "n_events": 96, "total_time": 0.09092855453491211}, "reduce.norm": {"label": "reduce.norm", "average_duration": 0.0006542478998502096, "n_events": 96, "total_time": 0.06280779838562012}, "reduce.reduce.vector": {"label": "reduce.reduce.vector", "average_duration": 0.0007164403796195984, "n_events": 96, "total_time": 0.06877827644348145}, "reduce.setgrad": {"label": "reduce.setgrad", "average_duration": 0.008651860058307648, "n_events": 96, "total_time": 0.8305785655975342}}