{"batch": {"label": "batch", "average_duration": 0.4782199773591818, "n_events": 194, "total_time": 92.77467560768127}, "batch.accumulate": {"label": "batch.accumulate", "average_duration": 0.0013178623828691307, "n_events": 194, "total_time": 0.25566530227661133}, "batch.backward": {"label": "batch.backward", "average_duration": 0.3814062089035192, "n_events": 194, "total_time": 73.99280452728271}, "batch.evaluate": {"label": "batch.evaluate", "average_duration": 0.0007380529777290895, "n_events": 194, "total_time": 0.14318227767944336}, "batch.forward": {"label": "batch.forward", "average_duration": 0.04599891372562684, "n_events": 194, "total_time": 8.923789262771606}, "batch.reduce": {"label": "batch.reduce", "average_duration": 0.04086549380390914, "n_events": 194, "total_time": 7.927905797958374}, "batch.step": {"label": "batch.step", "average_duration": 0.0058500594699505675, "n_events": 194, "total_time": 1.1349115371704102}, "reduce.compress": {"label": "reduce.compress", "average_duration": 0.013866575722841872, "n_events": 194, "total_time": 2.6901156902313232}, "reduce.decompress": {"label": "reduce.decompress", "average_duration": 0.0020078641852152718, "n_events": 194, "total_time": 0.3895256519317627}, "reduce.flat_pack": {"label": "reduce.flat_pack", "average_duration": 0.001106903725063678, "n_events": 194, "total_time": 0.21473932266235352}, "reduce.norm": {"label": "reduce.norm", "average_duration": 0.0021505847419660117, "n_events": 194, "total_time": 0.41721343994140625}, "reduce.reduce.vector": {"label": "reduce.reduce.vector", "average_duration": 0.01799752785987461, "n_events": 194, "total_time": 3.491520404815674}, "reduce.setgrad": {"label": "reduce.setgrad", "average_duration": 0.003348870375721725, "n_events": 194, "total_time": 0.6496808528900146}}