{"batch": {"label": "batch", "average_duration": 0.37266392191660774, "n_events": 194, "total_time": 72.2968008518219}, "batch.accumulate": {"label": "batch.accumulate", "average_duration": 0.0010037545076350576, "n_events": 194, "total_time": 0.19472837448120117}, "batch.backward": {"label": "batch.backward", "average_duration": 0.06324955614183127, "n_events": 389, "total_time": 24.604077339172363}, "batch.evaluate": {"label": "batch.evaluate", "average_duration": 0.0007185727587702341, "n_events": 389, "total_time": 0.2795248031616211}, "batch.forward": {"label": "batch.forward", "average_duration": 0.05342869096672627, "n_events": 389, "total_time": 20.78376078605652}, "batch.reduce": {"label": "batch.reduce", "average_duration": 0.11909402891532662, "n_events": 194, "total_time": 23.104241609573364}, "batch.step": {"label": "batch.step", "average_duration": 0.003021833822899258, "n_events": 194, "total_time": 0.586235761642456}, "reduce.allreduce": {"label": "reduce.allreduce", "average_duration": 0.11845516052442728, "n_events": 194, "total_time": 22.98030114173889}, "reduce.flat_pack": {"label": "reduce.flat_pack", "average_duration": 0.0004244969063198444, "n_events": 194, "total_time": 0.0823523998260498}, "reduce_times": [0.05978846549987793, 0.05713033676147461, 0.05649447441101074, 0.05849027633666992, 0.0594325065612793, 0.058753013610839844, 0.0565640926361084, 0.0574033260345459, 0.05773329734802246, 0.05487513542175293, 0.05689191818237305, 0.05847024917602539, 0.05522489547729492, 0.05628371238708496, 0.059885263442993164, 0.059459686279296875, 0.05380606651306152, 0.055097341537475586, 0.05757308006286621, 0.056783199310302734, 0.09868621826171875, 0.13127374649047852, 0.13367581367492676, 0.1619870662689209, 0.10219383239746094, 0.3436164855957031, 0.05772089958190918, 0.05637931823730469, 0.10262942314147949, 0.26703810691833496, 0.05654573440551758, 0.055290937423706055, 0.10322070121765137, 0.3649625778198242, 0.05686187744140625, 0.0570683479309082, 0.062218666076660156, 0.10199642181396484, 0.12793302536010742, 0.2786252498626709, 0.05269789695739746, 0.05614924430847168, 0.3512423038482666, 0.05566287040710449, 0.05638909339904785, 0.05284523963928223, 0.11449098587036133, 0.13372445106506348, 0.12067699432373047, 0.12656521797180176, 0.2743561267852783, 0.05692863464355469, 0.05646038055419922, 0.11612462997436523, 0.26651859283447266, 0.05400276184082031, 0.05627894401550293, 0.12318825721740723, 0.12666749954223633, 0.1263580322265625, 0.12499642372131348, 0.12587785720825195, 0.12608027458190918, 0.1241612434387207, 0.3531687259674072, 0.05255293846130371, 0.05695700645446777, 0.05838799476623535, 0.10439133644104004, 0.12656164169311523, 0.12656426429748535, 0.12577056884765625, 0.3178985118865967, 0.05840659141540527, 0.05620121955871582, 0.3002750873565674, 0.05639243125915527, 0.059572458267211914, 0.058489084243774414, 0.09879469871520996, 0.12621068954467773, 0.12662148475646973, 0.1251685619354248, 0.12314796447753906, 0.12506842613220215, 0.1443495750427246, 0.10803341865539551, 0.12476754188537598, 0.2893486022949219, 0.05163383483886719, 0.0551609992980957, 0.13579463958740234, 0.10111522674560547, 0.1272287368774414, 0.12242698669433594, 0.12368249893188477, 0.1253364086151123, 0.2763020992279053, 0.05792713165283203, 0.054277896881103516, 0.10985684394836426, 0.12459397315979004, 0.14812779426574707, 0.10174727439880371, 0.12596917152404785, 0.12501168251037598, 0.2709054946899414, 0.05812191963195801, 0.05429792404174805, 0.2781541347503662, 0.05535721778869629, 0.05316495895385742, 0.10223793983459473, 0.15229249000549316, 0.2759678363800049, 0.05430769920349121, 0.05674314498901367, 0.0856316089630127, 0.1489427089691162, 0.09841632843017578, 0.1214139461517334, 0.12291431427001953, 0.12558889389038086, 0.12615442276000977, 0.13581299781799316, 0.15339446067810059, 0.0872032642364502, 0.12514424324035645, 0.1250460147857666, 0.1252601146697998, 0.1250913143157959, 0.12509965896606445, 0.12385725975036621, 0.12472987174987793, 0.1255953311920166, 0.12264442443847656, 0.12996840476989746, 0.12047171592712402, 0.12507939338684082, 0.12306952476501465, 0.12422323226928711, 0.12591552734375, 0.12406563758850098, 0.12509751319885254, 0.12574338912963867, 0.1257472038269043, 0.12427616119384766, 0.1240532398223877, 0.12451362609863281, 0.1253516674041748, 0.12445664405822754, 0.12315559387207031, 0.12538385391235352, 0.27448558807373047, 0.05377960205078125, 0.053028106689453125, 0.1181955337524414, 0.12464284896850586, 0.1240682601928711, 0.1233816146850586, 0.12401843070983887, 0.12656569480895996, 0.12298583984375, 0.12393903732299805, 0.12497758865356445, 0.1269528865814209, 0.12642860412597656, 0.12674784660339355, 0.12587499618530273, 0.12488317489624023, 0.12452435493469238, 0.12526488304138184, 0.12687373161315918, 0.12534260749816895, 0.12512969970703125, 0.12426066398620605, 0.12467074394226074, 0.12352991104125977, 0.1229543685913086, 0.12493658065795898, 0.12471318244934082, 0.1239471435546875, 0.12410783767700195, 0.12317156791687012, 0.1230313777923584, 0.12283945083618164, 0.12856149673461914, 0.13022994995117188, 0.13018226623535156, 0.13012123107910156, 0.1307661533355713, 0.13157176971435547, 0.13128042221069336, 0.13123416900634766, 0.13196182250976562]}