{"batch": {"label": "batch", "average_duration": 0.26348155357509667, "n_events": 974, "total_time": 256.63103318214417}, "batch.accumulate": {"label": "batch.accumulate", "average_duration": 0.002660524673775236, "n_events": 974, "total_time": 2.59135103225708}, "batch.backward": {"label": "batch.backward", "average_duration": 0.023459377719636326, "n_events": 974, "total_time": 22.84943389892578}, "batch.evaluate": {"label": "batch.evaluate", "average_duration": 0.17279097896826587, "n_events": 974, "total_time": 168.29841351509094}, "batch.forward": {"label": "batch.forward", "average_duration": 0.012540807469424771, "n_events": 974, "total_time": 12.214746475219727}, "batch.reduce": {"label": "batch.reduce", "average_duration": 0.009072423226045142, "n_events": 974, "total_time": 8.836540222167969}, "batch.step": {"label": "batch.step", "average_duration": 0.0360070119403471, "n_events": 974, "total_time": 35.07082962989807}, "epoch_metrics.collect": {"label": "epoch_metrics.collect", "average_duration": 0.009724795818328857, "n_events": 4, "total_time": 0.03889918327331543}, "reduce.allreduce": {"label": "reduce.allreduce", "average_duration": 0.008408945933504516, "n_events": 974, "total_time": 8.190313339233398}, "reduce.flat_pack": {"label": "reduce.flat_pack", "average_duration": 0.0005816324046015494, "n_events": 974, "total_time": 0.5665099620819092}, "test.last": {"label": "test.last", "average_duration": 2.4886128902435303, "n_events": 4, "total_time": 9.954451560974121}}