{"batch": {"label": "batch", "average_duration": 0.03171246937902556, "n_events": 974, "total_time": 30.8879451751709}, "batch.accumulate": {"label": "batch.accumulate", "average_duration": 0.0007597396505931564, "n_events": 974, "total_time": 0.7399864196777344}, "batch.backward": {"label": "batch.backward", "average_duration": 0.012801000714546845, "n_events": 974, "total_time": 12.468174695968628}, "batch.evaluate": {"label": "batch.evaluate", "average_duration": 0.0009488192916650792, "n_events": 974, "total_time": 0.9241499900817871}, "batch.forward": {"label": "batch.forward", "average_duration": 0.005534206082933492, "n_events": 974, "total_time": 5.390316724777222}, "batch.reduce": {"label": "batch.reduce", "average_duration": 0.00761948278062887, "n_events": 974, "total_time": 7.4213762283325195}, "batch.step": {"label": "batch.step", "average_duration": 0.0026540709716828207, "n_events": 974, "total_time": 2.5850651264190674}, "epoch_metrics.collect": {"label": "epoch_metrics.collect", "average_duration": 0.003569185733795166, "n_events": 4, "total_time": 0.014276742935180664}, "reduce.compress": {"label": "reduce.compress", "average_duration": 0.0023940556837547975, "n_events": 974, "total_time": 2.331810235977173}, "reduce.decompress": {"label": "reduce.decompress", "average_duration": 0.00020119370376304923, "n_events": 974, "total_time": 0.19596266746520996}, "reduce.flat_pack": {"label": "reduce.flat_pack", "average_duration": 0.000776528088219112, "n_events": 974, "total_time": 0.756338357925415}, "reduce.norm": {"label": "reduce.norm", "average_duration": 0.0006170329127223585, "n_events": 974, "total_time": 0.6009900569915771}, "reduce.reduce.vector": {"label": "reduce.reduce.vector", "average_duration": 0.001093609132316323, "n_events": 974, "total_time": 1.0651752948760986}, "reduce.setgrad": {"label": "reduce.setgrad", "average_duration": 0.0023261776205450602, "n_events": 974, "total_time": 2.2656970024108887}, "test.last": {"label": "test.last", "average_duration": 0.7348872423171997, "n_events": 4, "total_time": 2.939548969268799}}