{"batch": {"label": "batch", "average_duration": 1.1103602942732191, "n_events": 194, "total_time": 215.40989708900452}, "batch.accumulate": {"label": "batch.accumulate", "average_duration": 0.003174179608059913, "n_events": 194, "total_time": 0.615790843963623}, "batch.backward": {"label": "batch.backward", "average_duration": 0.6801040258604226, "n_events": 194, "total_time": 131.940181016922}, "batch.evaluate": {"label": "batch.evaluate", "average_duration": 0.0008614542558021152, "n_events": 194, "total_time": 0.16712212562561035}, "batch.forward": {"label": "batch.forward", "average_duration": 0.310409250947618, "n_events": 194, "total_time": 60.21939468383789}, "batch.reduce": {"label": "batch.reduce", "average_duration": 0.09525940958986577, "n_events": 194, "total_time": 18.48032546043396}, "batch.step": {"label": "batch.step", "average_duration": 0.011370982091451428, "n_events": 194, "total_time": 2.205970525741577}, "reduce.allreduce": {"label": "reduce.allreduce", "average_duration": 0.09309081564244535, "n_events": 194, "total_time": 18.0596182346344}, "reduce.flat_pack": {"label": "reduce.flat_pack", "average_duration": 0.0019621578688474046, "n_events": 194, "total_time": 0.3806586265563965}, "reduce_times": [0.10913252830505371, 0.10958719253540039, 0.0954890251159668, 0.09093403816223145, 0.10061764717102051, 0.09581422805786133, 0.09416890144348145, 0.09959721565246582, 0.09381318092346191, 0.09917354583740234, 0.09629535675048828, 0.10103750228881836, 0.10091757774353027, 0.10033178329467773, 0.09512448310852051, 0.09345436096191406, 0.09650206565856934, 0.09696531295776367, 0.09347295761108398, 0.09599542617797852, 0.09731650352478027, 0.09461522102355957, 0.09111738204956055, 0.09871816635131836, 0.09804558753967285, 0.09604406356811523, 0.09686994552612305, 0.09380722045898438, 0.09650850296020508, 0.09725427627563477, 0.09102225303649902, 0.09376668930053711, 0.0981450080871582, 0.09877467155456543, 0.1018671989440918, 0.09784436225891113, 0.09133124351501465, 0.10097241401672363, 0.0951080322265625, 0.09862351417541504, 0.09545373916625977, 0.0997915267944336, 0.09882068634033203, 0.09431672096252441, 0.09818124771118164, 0.09453415870666504, 0.09688305854797363, 0.09602952003479004, 0.09676694869995117, 0.0975496768951416, 0.09491705894470215, 0.09567952156066895, 0.10196685791015625, 0.09956216812133789, 0.09876275062561035, 0.09455490112304688, 0.09565210342407227, 0.09279298782348633, 0.10042214393615723, 0.08984684944152832, 0.09427905082702637, 0.09830188751220703, 0.0981290340423584, 0.09360146522521973, 0.09666752815246582, 0.09984779357910156, 0.09761929512023926, 0.09231686592102051, 0.1013495922088623, 0.09365630149841309, 0.09467339515686035, 0.09654545783996582, 0.0922689437866211, 0.0959477424621582, 0.09395670890808105, 0.09609127044677734, 0.09523463249206543, 0.09381365776062012, 0.09586477279663086, 0.0941317081451416, 0.09576225280761719, 0.09627723693847656, 0.09358596801757812, 0.10098695755004883, 0.09763669967651367, 0.08739709854125977, 0.09777355194091797, 0.09267258644104004, 0.0925898551940918, 0.09641790390014648, 0.09134244918823242, 0.0999302864074707, 0.09424304962158203, 0.09078764915466309, 0.09377360343933105, 0.09139800071716309, 0.09221982955932617, 0.09541440010070801, 0.09879517555236816, 0.08899879455566406, 0.09547972679138184, 0.09316563606262207, 0.0918874740600586, 0.09382367134094238, 0.09514498710632324, 0.09524703025817871, 0.10732841491699219, 0.09410333633422852, 0.0961000919342041, 0.09323883056640625, 0.09578967094421387, 0.09130692481994629, 0.0928182601928711, 0.09750556945800781, 0.09400677680969238, 0.09309506416320801, 0.09444570541381836, 0.09616851806640625, 0.0966033935546875, 0.09717416763305664, 0.08909940719604492, 0.09151458740234375, 0.09900808334350586, 0.09353446960449219, 0.09143352508544922, 0.09563732147216797, 0.09130072593688965, 0.09198570251464844, 0.0929417610168457, 0.09208559989929199, 0.10003304481506348, 0.0929255485534668, 0.0924074649810791, 0.09117770195007324, 0.09576797485351562, 0.09283447265625, 0.09511876106262207, 0.09791946411132812, 0.09592223167419434, 0.09356284141540527, 0.09308004379272461, 0.0907285213470459, 0.09519290924072266, 0.09905672073364258, 0.09595274925231934, 0.09798812866210938, 0.09726381301879883, 0.09319734573364258, 0.09359312057495117, 0.0899968147277832, 0.0921783447265625, 0.09647274017333984, 0.09516119956970215, 0.09392142295837402, 0.09607815742492676, 0.09635543823242188, 0.09421110153198242, 0.09532594680786133, 0.09365272521972656, 0.09558963775634766, 0.09452629089355469, 0.10094785690307617, 0.09493660926818848, 0.09352850914001465, 0.09443926811218262, 0.09671807289123535, 0.09100461006164551, 0.09822702407836914, 0.09539484977722168, 0.09264707565307617, 0.09310674667358398, 0.08835744857788086, 0.09226298332214355, 0.09512448310852051, 0.08823180198669434, 0.0926511287689209, 0.09114241600036621, 0.0892174243927002, 0.09634661674499512, 0.09617257118225098, 0.09344267845153809, 0.09004759788513184, 0.09291934967041016, 0.09803605079650879, 0.09712767601013184, 0.09525156021118164, 0.09037137031555176, 0.10069489479064941, 0.09577131271362305, 0.09176063537597656, 0.09427118301391602, 0.09338665008544922, 0.09788727760314941, 0.09430193901062012, 0.09260153770446777]}