{"batch": {"label": "batch", "average_duration": 0.20622639074798457, "n_events": 484, "total_time": 99.81357312202454}, "batch.accumulate": {"label": "batch.accumulate", "average_duration": 0.0007783563669062843, "n_events": 484, "total_time": 0.3767244815826416}, "batch.backward": {"label": "batch.backward", "average_duration": 0.06299287671885215, "n_events": 484, "total_time": 30.48855233192444}, "batch.evaluate": {"label": "batch.evaluate", "average_duration": 0.0006026463075117631, "n_events": 484, "total_time": 0.29168081283569336}, "batch.forward": {"label": "batch.forward", "average_duration": 0.053614088819046654, "n_events": 484, "total_time": 25.94921898841858}, "batch.reduce": {"label": "batch.reduce", "average_duration": 0.08341228272304062, "n_events": 484, "total_time": 40.37154483795166}, "batch.step": {"label": "batch.step", "average_duration": 0.0033176211286182248, "n_events": 484, "total_time": 1.6057286262512207}, "epoch_metrics.collect": {"label": "epoch_metrics.collect", "average_duration": 0.004303395748138428, "n_events": 4, "total_time": 0.01721358299255371}, "reduce.allreduce": {"label": "reduce.allreduce", "average_duration": 0.08282798085330932, "n_events": 484, "total_time": 40.08874273300171}, "reduce.flat_pack": {"label": "reduce.flat_pack", "average_duration": 0.00038078895285109844, "n_events": 484, "total_time": 0.18430185317993164}, "test.last": {"label": "test.last", "average_duration": 1.1756779551506042, "n_events": 4, "total_time": 4.702711820602417}}