{"batch": {"label": "batch", "average_duration": 0.05124238055075714, "n_events": 29249, "total_time": 1498.7883887290955}, "batch.accumulate": {"label": "batch.accumulate", "average_duration": 0.0010925294142543134, "n_events": 29249, "total_time": 31.955392837524414}, "batch.backward": {"label": "batch.backward", "average_duration": 0.007749917058929377, "n_events": 29249, "total_time": 226.67732405662537}, "batch.evaluate": {"label": "batch.evaluate", "average_duration": 0.01814380518297582, "n_events": 29249, "total_time": 530.6881577968597}, "batch.forward": {"label": "batch.forward", "average_duration": 0.0047854661264967, "n_events": 29249, "total_time": 139.97009873390198}, "batch.reduce": {"label": "batch.reduce", "average_duration": 0.009960168316619507, "n_events": 29249, "total_time": 291.32496309280396}, "batch.step": {"label": "batch.step", "average_duration": 0.006332484818861266, "n_events": 29249, "total_time": 185.21884846687317}, "epoch_metrics.collect": {"label": "epoch_metrics.collect", "average_duration": 0.0026923474049408164, "n_events": 149, "total_time": 0.40115976333618164}, "reduce.compress": {"label": "reduce.compress", "average_duration": 0.00038003220493444857, "n_events": 29249, "total_time": 11.115561962127686}, "reduce.decompress": {"label": "reduce.decompress", "average_duration": 8.109451469231754e-05, "n_events": 29249, "total_time": 2.3719334602355957}, "reduce.flat_pack": {"label": "reduce.flat_pack", "average_duration": 0.0003151251534575409, "n_events": 29249, "total_time": 9.217095613479614}, "reduce.norm": {"label": "reduce.norm", "average_duration": 0.004432246992252127, "n_events": 29249, "total_time": 129.63879227638245}, "reduce.reduce.vector": {"label": "reduce.reduce.vector", "average_duration": 0.0001282375275960331, "n_events": 29249, "total_time": 3.750819444656372}, "reduce.setgrad": {"label": "reduce.setgrad", "average_duration": 0.003622637581159292, "n_events": 29249, "total_time": 105.95852661132812}, "test.last": {"label": "test.last", "average_duration": 1.014202844376532, "n_events": 149, "total_time": 151.11622381210327}}