{"batch": {"label": "batch", "average_duration": 0.05089732315068433, "n_events": 29249, "total_time": 1488.6958048343658}, "batch.accumulate": {"label": "batch.accumulate", "average_duration": 0.0012042558622374902, "n_events": 29249, "total_time": 35.22327971458435}, "batch.backward": {"label": "batch.backward", "average_duration": 0.01993449700461921, "n_events": 29249, "total_time": 583.0641028881073}, "batch.evaluate": {"label": "batch.evaluate", "average_duration": 0.0007617713088699722, "n_events": 29249, "total_time": 22.281049013137817}, "batch.forward": {"label": "batch.forward", "average_duration": 0.011436881348676667, "n_events": 29249, "total_time": 334.51734256744385}, "batch.reduce": {"label": "batch.reduce", "average_duration": 0.007734971444396232, "n_events": 29249, "total_time": 226.24017977714539}, "batch.step": {"label": "batch.step", "average_duration": 0.006354489348159619, "n_events": 29249, "total_time": 185.86245894432068}, "epoch_metrics.collect": {"label": "epoch_metrics.collect", "average_duration": 0.007776954830092872, "n_events": 149, "total_time": 1.158766269683838}, "reduce.compress": {"label": "reduce.compress", "average_duration": 0.00041141563482563975, "n_events": 29249, "total_time": 12.033495903015137}, "reduce.decompress": {"label": "reduce.decompress", "average_duration": 8.879380697445803e-05, "n_events": 29249, "total_time": 2.597130060195923}, "reduce.flat_pack": {"label": "reduce.flat_pack", "average_duration": 0.0007270822085178042, "n_events": 29249, "total_time": 21.266427516937256}, "reduce.norm": {"label": "reduce.norm", "average_duration": 0.0014944847981018215, "n_events": 29249, "total_time": 43.712185859680176}, "reduce.reduce.vector": {"label": "reduce.reduce.vector", "average_duration": 0.000221502002868788, "n_events": 29249, "total_time": 6.47871208190918}, "reduce.setgrad": {"label": "reduce.setgrad", "average_duration": 0.003929176992129259, "n_events": 29249, "total_time": 114.9244978427887}, "test.last": {"label": "test.last", "average_duration": 1.0660492237782317, "n_events": 149, "total_time": 158.84133434295654}}