{"batch": {"label": "batch", "average_duration": 0.05046177062830471, "n_events": 29249, "total_time": 1475.9563291072845}, "batch.accumulate": {"label": "batch.accumulate", "average_duration": 0.001091639410064112, "n_events": 29249, "total_time": 31.92936110496521}, "batch.backward": {"label": "batch.backward", "average_duration": 0.007791607492972433, "n_events": 29249, "total_time": 227.89672756195068}, "batch.evaluate": {"label": "batch.evaluate", "average_duration": 0.018313020847814464, "n_events": 29249, "total_time": 535.6375467777252}, "batch.forward": {"label": "batch.forward", "average_duration": 0.00458339154119145, "n_events": 29249, "total_time": 134.05961918830872}, "batch.reduce": {"label": "batch.reduce", "average_duration": 0.010053911520161626, "n_events": 29249, "total_time": 294.0668580532074}, "batch.step": {"label": "batch.step", "average_duration": 0.005665241899626973, "n_events": 29249, "total_time": 165.70266032218933}, "epoch_metrics.collect": {"label": "epoch_metrics.collect", "average_duration": 0.002470515718396078, "n_events": 149, "total_time": 0.3681068420410156}, "reduce.compress": {"label": "reduce.compress", "average_duration": 0.00037918478335073705, "n_events": 29249, "total_time": 11.090775728225708}, "reduce.decompress": {"label": "reduce.decompress", "average_duration": 7.814621533274491e-05, "n_events": 29249, "total_time": 2.285698652267456}, "reduce.flat_pack": {"label": "reduce.flat_pack", "average_duration": 0.0003018540607981773, "n_events": 29249, "total_time": 8.828929424285889}, "reduce.norm": {"label": "reduce.norm", "average_duration": 0.004650383795415068, "n_events": 29249, "total_time": 136.01907563209534}, "reduce.reduce.vector": {"label": "reduce.reduce.vector", "average_duration": 0.00012500338515418914, "n_events": 29249, "total_time": 3.656224012374878}, "reduce.setgrad": {"label": "reduce.setgrad", "average_duration": 0.0035398210874846574, "n_events": 29249, "total_time": 103.53622698783875}, "test.last": {"label": "test.last", "average_duration": 1.0190984738753146, "n_events": 149, "total_time": 151.84567260742188}}