{"batch": {"label": "batch", "average_duration": 0.26141427159859604, "n_events": 29249, "total_time": 7646.106029987335}, "batch.accumulate": {"label": "batch.accumulate", "average_duration": 0.0025767173892294443, "n_events": 29249, "total_time": 75.36640691757202}, "batch.backward": {"label": "batch.backward", "average_duration": 0.14386233895769476, "n_events": 29249, "total_time": 4207.8295521736145}, "batch.evaluate": {"label": "batch.evaluate", "average_duration": 0.0006657638339174031, "n_events": 29249, "total_time": 19.472926378250122}, "batch.forward": {"label": "batch.forward", "average_duration": 0.06732774057968355, "n_events": 29249, "total_time": 1969.2690842151642}, "batch.reduce": {"label": "batch.reduce", "average_duration": 0.0261776000765671, "n_events": 29249, "total_time": 765.6686246395111}, "batch.step": {"label": "batch.step", "average_duration": 0.01369765159504944, "n_events": 29249, "total_time": 400.6426115036011}, "epoch_metrics.collect": {"label": "epoch_metrics.collect", "average_duration": 0.0029136606510853607, "n_events": 149, "total_time": 0.43413543701171875}, "reduce.compress": {"label": "reduce.compress", "average_duration": 0.00812560311545388, "n_events": 29249, "total_time": 237.66576552391052}, "reduce.decompress": {"label": "reduce.decompress", "average_duration": 0.0006736917631691911, "n_events": 29249, "total_time": 19.70481038093567}, "reduce.flat_pack": {"label": "reduce.flat_pack", "average_duration": 0.0012101334112722237, "n_events": 29249, "total_time": 35.39519214630127}, "reduce.norm": {"label": "reduce.norm", "average_duration": 0.0013769596571587934, "n_events": 29249, "total_time": 40.27469301223755}, "reduce.reduce.vector": {"label": "reduce.reduce.vector", "average_duration": 0.006567188823621307, "n_events": 29249, "total_time": 192.0837059020996}, "reduce.setgrad": {"label": "reduce.setgrad", "average_duration": 0.008023973619710882, "n_events": 29249, "total_time": 234.69320440292358}, "test.last": {"label": "test.last", "average_duration": 2.6334150685559985, "n_events": 149, "total_time": 392.37884521484375}}