{"batch": {"label": "batch", "average_duration": 0.391395126421427, "n_events": 194, "total_time": 75.93065452575684}, "batch.accumulate": {"label": "batch.accumulate", "average_duration": 0.0027156942769100793, "n_events": 38, "total_time": 0.10319638252258301}, "batch.backward": {"label": "batch.backward", "average_duration": 0.12139351957852078, "n_events": 194, "total_time": 23.550342798233032}, "batch.evaluate": {"label": "batch.evaluate", "average_duration": 0.0006146996291642336, "n_events": 194, "total_time": 0.11925172805786133}, "batch.forward": {"label": "batch.forward", "average_duration": 0.0409678749202453, "n_events": 194, "total_time": 7.947767734527588}, "batch.reduce": {"label": "batch.reduce", "average_duration": 0.8717678785324097, "n_events": 38, "total_time": 33.12717938423157}, "batch.step": {"label": "batch.step", "average_duration": 0.008501924190324606, "n_events": 194, "total_time": 1.6493732929229736}, "reduce.allreduce": {"label": "reduce.allreduce", "average_duration": 0.8707510860342729, "n_events": 38, "total_time": 33.08854126930237}, "reduce.flat_pack": {"label": "reduce.flat_pack", "average_duration": 0.0008967863885979904, "n_events": 38, "total_time": 0.03407788276672363}}