{"batch": {"label": "batch", "average_duration": 0.35691105625400804, "n_events": 584, "total_time": 208.4360568523407}, "batch.accumulate": {"label": "batch.accumulate", "average_duration": 0.002715662906044408, "n_events": 38, "total_time": 0.1031951904296875}, "batch.backward": {"label": "batch.backward", "average_duration": 0.12266431156903097, "n_events": 584, "total_time": 71.63595795631409}, "batch.evaluate": {"label": "batch.evaluate", "average_duration": 0.0005571825863563851, "n_events": 584, "total_time": 0.3253946304321289}, "batch.forward": {"label": "batch.forward", "average_duration": 0.041108724189131224, "n_events": 584, "total_time": 24.007494926452637}, "batch.reduce": {"label": "batch.reduce", "average_duration": 2.6294669791271814, "n_events": 38, "total_time": 99.91974520683289}, "batch.step": {"label": "batch.step", "average_duration": 0.008051126378856292, "n_events": 584, "total_time": 4.701857805252075}, "epoch_metrics.collect": {"label": "epoch_metrics.collect", "average_duration": 0.01213693618774414, "n_events": 2, "total_time": 0.02427387237548828}, "reduce.compress": {"label": "reduce.compress", "average_duration": 0.022365676729302657, "n_events": 38, "total_time": 0.849895715713501}, "reduce.decompress": {"label": "reduce.decompress", "average_duration": 0.0015125337399934467, "n_events": 38, "total_time": 0.05747628211975098}, "reduce.flat_pack": {"label": "reduce.flat_pack", "average_duration": 0.0008959205527054636, "n_events": 38, "total_time": 0.03404498100280762}, "reduce.norm": {"label": "reduce.norm", "average_duration": 2.596487145674856, "n_events": 38, "total_time": 98.66651153564453}, "reduce.setgrad": {"label": "reduce.setgrad", "average_duration": 0.007918081785503187, "n_events": 38, "total_time": 0.3008871078491211}, "test.last": {"label": "test.last", "average_duration": 4.190343141555786, "n_events": 2, "total_time": 8.380686283111572}}