{"batch": {"label": "batch", "average_duration": 0.054257194006877896, "n_events": 29249, "total_time": 1586.9686675071716}, "batch.accumulate": {"label": "batch.accumulate", "average_duration": 0.0009904818280692255, "n_events": 29249, "total_time": 28.970602989196777}, "batch.backward": {"label": "batch.backward", "average_duration": 0.007848098651458595, "n_events": 29249, "total_time": 229.54903745651245}, "batch.evaluate": {"label": "batch.evaluate", "average_duration": 0.018364752633799292, "n_events": 29249, "total_time": 537.1506497859955}, "batch.forward": {"label": "batch.forward", "average_duration": 0.004472879944648444, "n_events": 29249, "total_time": 130.82726550102234}, "batch.reduce": {"label": "batch.reduce", "average_duration": 0.014459628391080018, "n_events": 29249, "total_time": 422.92967081069946}, "batch.step": {"label": "batch.step", "average_duration": 0.005355766595638758, "n_events": 29249, "total_time": 156.650817155838}, "epoch_metrics.collect": {"label": "epoch_metrics.collect", "average_duration": 0.015415535677199397, "n_events": 149, "total_time": 2.29691481590271}, "reduce.compress": {"label": "reduce.compress", "average_duration": 0.0008568478028400685, "n_events": 29249, "total_time": 25.061941385269165}, "reduce.decompress": {"label": "reduce.decompress", "average_duration": 0.000195013111018903, "n_events": 29249, "total_time": 5.7039384841918945}, "reduce.flat_pack": {"label": "reduce.flat_pack", "average_duration": 0.00025471729182182995, "n_events": 29249, "total_time": 7.450226068496704}, "reduce.norm": {"label": "reduce.norm", "average_duration": 0.009888627100465253, "n_events": 29249, "total_time": 289.2324540615082}, "reduce.reduce.vector": {"label": "reduce.reduce.vector", "average_duration": 0.00010449150500450303, "n_events": 29249, "total_time": 3.056272029876709}, "reduce.setgrad": {"label": "reduce.setgrad", "average_duration": 0.0029584194045624546, "n_events": 29249, "total_time": 86.53080916404724}, "test.last": {"label": "test.last", "average_duration": 1.0522634391016608, "n_events": 149, "total_time": 156.78725242614746}}