{"batch": {"label": "batch", "average_duration": 0.1722844548461851, "n_events": 484, "total_time": 83.38567614555359}, "batch.accumulate": {"label": "batch.accumulate", "average_duration": 0.0007114883296745868, "n_events": 484, "total_time": 0.3443603515625}, "batch.backward": {"label": "batch.backward", "average_duration": 0.06410756731821486, "n_events": 484, "total_time": 31.02806258201599}, "batch.evaluate": {"label": "batch.evaluate", "average_duration": 0.0005683189581248385, "n_events": 484, "total_time": 0.2750663757324219}, "batch.forward": {"label": "batch.forward", "average_duration": 0.05463156473538107, "n_events": 484, "total_time": 26.44167733192444}, "batch.reduce": {"label": "batch.reduce", "average_duration": 0.04773796097306181, "n_events": 484, "total_time": 23.105173110961914}, "batch.step": {"label": "batch.step", "average_duration": 0.0030453505594868306, "n_events": 484, "total_time": 1.473949670791626}, "epoch_metrics.collect": {"label": "epoch_metrics.collect", "average_duration": 0.004854559898376465, "n_events": 4, "total_time": 0.01941823959350586}, "reduce.compress": {"label": "reduce.compress", "average_duration": 0.02275285100148729, "n_events": 484, "total_time": 11.012379884719849}, "reduce.decompress": {"label": "reduce.decompress", "average_duration": 0.001092906333198232, "n_events": 484, "total_time": 0.5289666652679443}, "reduce.flat_pack": {"label": "reduce.flat_pack", "average_duration": 0.00036575134135474844, "n_events": 484, "total_time": 0.17702364921569824}, "reduce.norm": {"label": "reduce.norm", "average_duration": 0.0020565228028730912, "n_events": 484, "total_time": 0.9953570365905762}, "reduce.reduce.vector": {"label": "reduce.reduce.vector", "average_duration": 0.01852263990512564, "n_events": 484, "total_time": 8.96495771408081}, "reduce.setgrad": {"label": "reduce.setgrad", "average_duration": 0.002449786860095568, "n_events": 484, "total_time": 1.1856968402862549}, "test.last": {"label": "test.last", "average_duration": 1.1666384935379028, "n_events": 4, "total_time": 4.666553974151611}}