{"batch": {"label": "batch", "average_duration": 0.24751752245923003, "n_events": 29249, "total_time": 7239.640014410019}, "batch.accumulate": {"label": "batch.accumulate", "average_duration": 0.0023640608550332593, "n_events": 29249, "total_time": 69.1464159488678}, "batch.backward": {"label": "batch.backward", "average_duration": 0.144107621357361, "n_events": 29249, "total_time": 4215.003817081451}, "batch.evaluate": {"label": "batch.evaluate", "average_duration": 0.00044078416728807104, "n_events": 29249, "total_time": 12.892496109008789}, "batch.forward": {"label": "batch.forward", "average_duration": 0.06703592067319286, "n_events": 29249, "total_time": 1960.733643770218}, "batch.reduce": {"label": "batch.reduce", "average_duration": 0.028801171236508702, "n_events": 29249, "total_time": 842.4054574966431}, "batch.step": {"label": "batch.step", "average_duration": 0.0018712212772115716, "n_events": 29249, "total_time": 54.731351137161255}, "epoch_metrics.collect": {"label": "epoch_metrics.collect", "average_duration": 0.0016819246663343187, "n_events": 149, "total_time": 0.2506067752838135}, "reduce.allreduce": {"label": "reduce.allreduce", "average_duration": 0.0276093032120509, "n_events": 29249, "total_time": 807.5445096492767}, "reduce.flat_pack": {"label": "reduce.flat_pack", "average_duration": 0.0011174712956609912, "n_events": 29249, "total_time": 32.68491792678833}, "test.last": {"label": "test.last", "average_duration": 2.4903925089228074, "n_events": 149, "total_time": 371.0684838294983}}