{"batch": {"label": "batch", "average_duration": 0.18555252634245775, "n_events": 290, "total_time": 53.810232639312744}, "batch.accumulate": {"label": "batch.accumulate", "average_duration": 0.0029794772466023764, "n_events": 18, "total_time": 0.05363059043884277}, "batch.backward": {"label": "batch.backward", "average_duration": 0.02559346495003536, "n_events": 290, "total_time": 7.422104835510254}, "batch.evaluate": {"label": "batch.evaluate", "average_duration": 0.11203075606247474, "n_events": 290, "total_time": 32.488919258117676}, "batch.forward": {"label": "batch.forward", "average_duration": 0.02549463962686473, "n_events": 290, "total_time": 7.3934454917907715}, "batch.reduce": {"label": "batch.reduce", "average_duration": 0.054914739396837026, "n_events": 18, "total_time": 0.9884653091430664}, "batch.step": {"label": "batch.step", "average_duration": 0.009314383309462975, "n_events": 290, "total_time": 2.7011711597442627}, "epoch_metrics.collect": {"label": "epoch_metrics.collect", "average_duration": 0.04057347774505615, "n_events": 2, "total_time": 0.0811469554901123}, "reduce.compress": {"label": "reduce.compress", "average_duration": 0.0004521078533596463, "n_events": 18, "total_time": 0.008137941360473633}, "reduce.decompress": {"label": "reduce.decompress", "average_duration": 9.654627905951606e-05, "n_events": 18, "total_time": 0.001737833023071289}, "reduce.flat_pack": {"label": "reduce.flat_pack", "average_duration": 0.0008050468232896593, "n_events": 18, "total_time": 0.014490842819213867}, "reduce.norm": {"label": "reduce.norm", "average_duration": 0.04359251923031277, "n_events": 18, "total_time": 0.7846653461456299}, "reduce.reduce.vector": {"label": "reduce.reduce.vector", "average_duration": 0.00015666749742296006, "n_events": 18, "total_time": 0.0028200149536132812}, "reduce.setgrad": {"label": "reduce.setgrad", "average_duration": 0.009494384129842123, "n_events": 18, "total_time": 0.1708989143371582}, "test.last": {"label": "test.last", "average_duration": 1.5234941244125366, "n_events": 2, "total_time": 3.0469882488250732}}