{"batch": {"label": "batch", "average_duration": 0.18602149239901838, "n_events": 290, "total_time": 53.94623279571533}, "batch.accumulate": {"label": "batch.accumulate", "average_duration": 0.002937912940979004, "n_events": 18, "total_time": 0.05288243293762207}, "batch.backward": {"label": "batch.backward", "average_duration": 0.02501029392768597, "n_events": 290, "total_time": 7.252985239028931}, "batch.evaluate": {"label": "batch.evaluate", "average_duration": 0.11541458902687862, "n_events": 290, "total_time": 33.4702308177948}, "batch.forward": {"label": "batch.forward", "average_duration": 0.02462500785959178, "n_events": 290, "total_time": 7.141252279281616}, "batch.reduce": {"label": "batch.reduce", "average_duration": 0.03432847393883599, "n_events": 18, "total_time": 0.6179125308990479}, "batch.step": {"label": "batch.step", "average_duration": 0.009315308209123283, "n_events": 290, "total_time": 2.701439380645752}, "epoch_metrics.collect": {"label": "epoch_metrics.collect", "average_duration": 0.020093679428100586, "n_events": 2, "total_time": 0.04018735885620117}, "reduce.compress": {"label": "reduce.compress", "average_duration": 0.0004388623767428928, "n_events": 18, "total_time": 0.00789952278137207}, "reduce.decompress": {"label": "reduce.decompress", "average_duration": 9.430779351128472e-05, "n_events": 18, "total_time": 0.001697540283203125}, "reduce.flat_pack": {"label": "reduce.flat_pack", "average_duration": 0.0007963842815823025, "n_events": 18, "total_time": 0.014334917068481445}, "reduce.norm": {"label": "reduce.norm", "average_duration": 0.023803207609388564, "n_events": 18, "total_time": 0.42845773696899414}, "reduce.reduce.vector": {"label": "reduce.reduce.vector", "average_duration": 0.0001579920450846354, "n_events": 18, "total_time": 0.0028438568115234375}, "reduce.setgrad": {"label": "reduce.setgrad", "average_duration": 0.00872537824842665, "n_events": 18, "total_time": 0.1570568084716797}, "test.last": {"label": "test.last", "average_duration": 1.5235697031021118, "n_events": 2, "total_time": 3.0471394062042236}}