{"batch": {"label": "batch", "average_duration": 0.08343468402399265, "n_events": 387, "total_time": 32.289222717285156}, "batch.accumulate": {"label": "batch.accumulate", "average_duration": 0.0010584857728746203, "n_events": 18, "total_time": 0.019052743911743164}, "batch.backward": {"label": "batch.backward", "average_duration": 0.06566811470406309, "n_events": 387, "total_time": 25.413560390472412}, "batch.evaluate": {"label": "batch.evaluate", "average_duration": 0.0012497809506201928, "n_events": 387, "total_time": 0.48366522789001465}, "batch.forward": {"label": "batch.forward", "average_duration": 0.006442819146838915, "n_events": 387, "total_time": 2.49337100982666}, "batch.reduce": {"label": "batch.reduce", "average_duration": 0.015538771947224935, "n_events": 18, "total_time": 0.27969789505004883}, "batch.step": {"label": "batch.step", "average_duration": 0.00376149542263928, "n_events": 387, "total_time": 1.4556987285614014}, "epoch_metrics.collect": {"label": "epoch_metrics.collect", "average_duration": 0.012561400731404623, "n_events": 3, "total_time": 0.03768420219421387}, "reduce.compress": {"label": "reduce.compress", "average_duration": 0.0009849071502685547, "n_events": 18, "total_time": 0.017728328704833984}, "reduce.decompress": {"label": "reduce.decompress", "average_duration": 0.0002192921108669705, "n_events": 18, "total_time": 0.003947257995605469}, "reduce.flat_pack": {"label": "reduce.flat_pack", "average_duration": 0.0007128318150838217, "n_events": 18, "total_time": 0.012830972671508789}, "reduce.norm": {"label": "reduce.norm", "average_duration": 0.009710311889648438, "n_events": 18, "total_time": 0.17478561401367188}, "reduce.reduce.vector": {"label": "reduce.reduce.vector", "average_duration": 0.00015882651011149088, "n_events": 18, "total_time": 0.002858877182006836}, "reduce.setgrad": {"label": "reduce.setgrad", "average_duration": 0.0030435058805677625, "n_events": 18, "total_time": 0.05478310585021973}, "test.last": {"label": "test.last", "average_duration": 1.3723506927490234, "n_events": 3, "total_time": 4.11705207824707}}