{"batch": {"label": "batch", "average_duration": 0.22124336324123983, "n_events": 29249, "total_time": 6471.147131443024}, "batch.accumulate": {"label": "batch.accumulate", "average_duration": 0.002556844487773546, "n_events": 1169, "total_time": 2.9889512062072754}, "batch.backward": {"label": "batch.backward", "average_duration": 0.1438054944222644, "n_events": 29249, "total_time": 4206.1669063568115}, "batch.evaluate": {"label": "batch.evaluate", "average_duration": 0.0004384340214979555, "n_events": 29249, "total_time": 12.823756694793701}, "batch.forward": {"label": "batch.forward", "average_duration": 0.06725760022857592, "n_events": 29249, "total_time": 1967.217549085617}, "batch.reduce": {"label": "batch.reduce", "average_duration": 0.0133223472445107, "n_events": 1169, "total_time": 15.573823928833008}, "batch.step": {"label": "batch.step", "average_duration": 0.0059693788331962455, "n_events": 29249, "total_time": 174.59836149215698}, "epoch_metrics.collect": {"label": "epoch_metrics.collect", "average_duration": 0.007004424229564283, "n_events": 149, "total_time": 1.0436592102050781}, "reduce.compress": {"label": "reduce.compress", "average_duration": 0.00036419733045853746, "n_events": 1169, "total_time": 0.4257466793060303}, "reduce.decompress": {"label": "reduce.decompress", "average_duration": 7.044259455593556e-05, "n_events": 1169, "total_time": 0.08234739303588867}, "reduce.flat_pack": {"label": "reduce.flat_pack", "average_duration": 0.0011551706478879226, "n_events": 1169, "total_time": 1.3503944873809814}, "reduce.norm": {"label": "reduce.norm", "average_duration": 0.003315091235093116, "n_events": 1169, "total_time": 3.8753416538238525}, "reduce.reduce.vector": {"label": "reduce.reduce.vector", "average_duration": 0.00019758516544965315, "n_events": 1169, "total_time": 0.23097705841064453}, "reduce.setgrad": {"label": "reduce.setgrad", "average_duration": 0.007882681945330879, "n_events": 1169, "total_time": 9.214855194091797}, "test.last": {"label": "test.last", "average_duration": 2.4948570056249633, "n_events": 149, "total_time": 371.7336938381195}}