{"batch": {"label": "batch", "average_duration": 0.04234692438137283, "n_events": 29249, "total_time": 1238.605191230774}, "batch.accumulate": {"label": "batch.accumulate", "average_duration": 0.001069454071480589, "n_events": 5849, "total_time": 6.255236864089966}, "batch.backward": {"label": "batch.backward", "average_duration": 0.022186531336345267, "n_events": 29249, "total_time": 648.9338550567627}, "batch.evaluate": {"label": "batch.evaluate", "average_duration": 0.0006313737247608809, "n_events": 29249, "total_time": 18.467050075531006}, "batch.forward": {"label": "batch.forward", "average_duration": 0.01135524335961174, "n_events": 29249, "total_time": 332.1295130252838}, "batch.reduce": {"label": "batch.reduce", "average_duration": 0.018054223341867646, "n_events": 5849, "total_time": 105.59915232658386}, "batch.step": {"label": "batch.step", "average_duration": 0.0028937899633131947, "n_events": 29249, "total_time": 84.64046263694763}, "epoch_metrics.collect": {"label": "epoch_metrics.collect", "average_duration": 0.0018164551498105863, "n_events": 149, "total_time": 0.27065181732177734}, "reduce.allreduce": {"label": "reduce.allreduce", "average_duration": 0.0171876191726035, "n_events": 5849, "total_time": 100.53038454055786}, "reduce.flat_pack": {"label": "reduce.flat_pack", "average_duration": 0.0007717531141938868, "n_events": 5849, "total_time": 4.513983964920044}, "test.last": {"label": "test.last", "average_duration": 0.9227816098488417, "n_events": 149, "total_time": 137.49445986747742}}