{"batch": {"label": "batch", "average_duration": 0.14991562376337603, "n_events": 484, "total_time": 72.559161901474}, "batch.accumulate": {"label": "batch.accumulate", "average_duration": 0.0007321474965938852, "n_events": 484, "total_time": 0.35435938835144043}, "batch.backward": {"label": "batch.backward", "average_duration": 0.0638952935037534, "n_events": 484, "total_time": 30.92532205581665}, "batch.evaluate": {"label": "batch.evaluate", "average_duration": 0.0007474082560578653, "n_events": 484, "total_time": 0.36174559593200684}, "batch.forward": {"label": "batch.forward", "average_duration": 0.05435787498458358, "n_events": 484, "total_time": 26.309211492538452}, "batch.reduce": {"label": "batch.reduce", "average_duration": 0.025428634044552638, "n_events": 484, "total_time": 12.307458877563477}, "batch.step": {"label": "batch.step", "average_duration": 0.0030556133955963387, "n_events": 484, "total_time": 1.478916883468628}, "epoch_metrics.collect": {"label": "epoch_metrics.collect", "average_duration": 0.006984531879425049, "n_events": 4, "total_time": 0.027938127517700195}, "reduce.compress": {"label": "reduce.compress", "average_duration": 0.0020937702872536397, "n_events": 484, "total_time": 1.0133848190307617}, "reduce.decompress": {"label": "reduce.decompress", "average_duration": 0.00030123891909260395, "n_events": 484, "total_time": 0.1457996368408203}, "reduce.flat_pack": {"label": "reduce.flat_pack", "average_duration": 0.0003976748009358556, "n_events": 484, "total_time": 0.1924746036529541}, "reduce.norm": {"label": "reduce.norm", "average_duration": 0.0016424734730365847, "n_events": 484, "total_time": 0.794957160949707}, "reduce.reduce.vector": {"label": "reduce.reduce.vector", "average_duration": 0.01825339143926447, "n_events": 484, "total_time": 8.834641456604004}, "reduce.setgrad": {"label": "reduce.setgrad", "average_duration": 0.002366055634396135, "n_events": 484, "total_time": 1.1451709270477295}, "test.last": {"label": "test.last", "average_duration": 1.1591570973396301, "n_events": 4, "total_time": 4.6366283893585205}}