{"batch": {"label": "batch", "average_duration": 0.08498275157102604, "n_events": 194, "total_time": 16.486653804779053}, "batch.accumulate": {"label": "batch.accumulate", "average_duration": 0.0009725253606579968, "n_events": 194, "total_time": 0.18866991996765137}, "batch.backward": {"label": "batch.backward", "average_duration": 0.06481771002110746, "n_events": 194, "total_time": 12.574635744094849}, "batch.evaluate": {"label": "batch.evaluate", "average_duration": 0.0011452276682116323, "n_events": 194, "total_time": 0.22217416763305664}, "batch.forward": {"label": "batch.forward", "average_duration": 0.0063204814478294135, "n_events": 194, "total_time": 1.2261734008789062}, "batch.reduce": {"label": "batch.reduce", "average_duration": 0.005803008669430448, "n_events": 194, "total_time": 1.1257836818695068}, "batch.step": {"label": "batch.step", "average_duration": 0.0029722243240199136, "n_events": 194, "total_time": 0.5766115188598633}, "reduce.compress": {"label": "reduce.compress", "average_duration": 0.001012923791236484, "n_events": 194, "total_time": 0.19650721549987793}, "reduce.decompress": {"label": "reduce.decompress", "average_duration": 0.00020394988895691547, "n_events": 194, "total_time": 0.0395662784576416}, "reduce.flat_pack": {"label": "reduce.flat_pack", "average_duration": 0.0006455932695841052, "n_events": 194, "total_time": 0.1252450942993164}, "reduce.norm": {"label": "reduce.norm", "average_duration": 0.0003123848708634524, "n_events": 194, "total_time": 0.060602664947509766}, "reduce.setgrad": {"label": "reduce.setgrad", "average_duration": 0.002971313663364686, "n_events": 194, "total_time": 0.576434850692749}}