{"batch": {"label": "batch", "average_duration": 0.06932244060703772, "n_events": 29249, "total_time": 2027.6120653152466}, "batch.accumulate": {"label": "batch.accumulate", "average_duration": 0.0010959674135885213, "n_events": 29249, "total_time": 32.05595088005066}, "batch.backward": {"label": "batch.backward", "average_duration": 0.02003308741136422, "n_events": 29249, "total_time": 585.9477736949921}, "batch.evaluate": {"label": "batch.evaluate", "average_duration": 0.0008359535595768231, "n_events": 29249, "total_time": 24.4508056640625}, "batch.forward": {"label": "batch.forward", "average_duration": 0.011465120936683958, "n_events": 29249, "total_time": 335.3433222770691}, "batch.reduce": {"label": "batch.reduce", "average_duration": 0.026586935921136593, "n_events": 29249, "total_time": 777.6412887573242}, "batch.step": {"label": "batch.step", "average_duration": 0.006151882838932256, "n_events": 29249, "total_time": 179.93642115592957}, "epoch_metrics.collect": {"label": "epoch_metrics.collect", "average_duration": 0.0017034095405732226, "n_events": 149, "total_time": 0.25380802154541016}, "reduce.compress": {"label": "reduce.compress", "average_duration": 0.01504340284791554, "n_events": 29249, "total_time": 440.00448989868164}, "reduce.decompress": {"label": "reduce.decompress", "average_duration": 0.0021324785857197524, "n_events": 29249, "total_time": 62.37286615371704}, "reduce.flat_pack": {"label": "reduce.flat_pack", "average_duration": 0.0007716511093802712, "n_events": 29249, "total_time": 22.57002329826355}, "reduce.norm": {"label": "reduce.norm", "average_duration": 0.0007163277772468291, "n_events": 29249, "total_time": 20.951871156692505}, "reduce.reduce.vector": {"label": "reduce.reduce.vector", "average_duration": 0.004173860887718338, "n_events": 29249, "total_time": 122.08125710487366}, "reduce.setgrad": {"label": "reduce.setgrad", "average_duration": 0.0035130852262987397, "n_events": 29249, "total_time": 102.75422978401184}, "test.last": {"label": "test.last", "average_duration": 1.0615967968166276, "n_events": 149, "total_time": 158.1779227256775}}