{"batch": {"label": "batch", "average_duration": 0.05474314360648099, "n_events": 29249, "total_time": 1601.1822073459625}, "batch.accumulate": {"label": "batch.accumulate", "average_duration": 0.0009870484505454847, "n_events": 29249, "total_time": 28.870180130004883}, "batch.backward": {"label": "batch.backward", "average_duration": 0.007772778726210166, "n_events": 29249, "total_time": 227.34600496292114}, "batch.evaluate": {"label": "batch.evaluate", "average_duration": 0.018527047614316998, "n_events": 29249, "total_time": 541.8976156711578}, "batch.forward": {"label": "batch.forward", "average_duration": 0.004318494137146399, "n_events": 29249, "total_time": 126.31163501739502}, "batch.reduce": {"label": "batch.reduce", "average_duration": 0.014888281699771445, "n_events": 29249, "total_time": 435.467351436615}, "batch.step": {"label": "batch.step", "average_duration": 0.005405838589223374, "n_events": 29249, "total_time": 158.11537289619446}, "epoch_metrics.collect": {"label": "epoch_metrics.collect", "average_duration": 0.01673800993285723, "n_events": 149, "total_time": 2.4939634799957275}, "reduce.compress": {"label": "reduce.compress", "average_duration": 0.0008353865278281123, "n_events": 29249, "total_time": 24.434220552444458}, "reduce.decompress": {"label": "reduce.decompress", "average_duration": 0.00019048052513276196, "n_events": 29249, "total_time": 5.571364879608154}, "reduce.flat_pack": {"label": "reduce.flat_pack", "average_duration": 0.00025173059964515013, "n_events": 29249, "total_time": 7.362868309020996}, "reduce.norm": {"label": "reduce.norm", "average_duration": 0.010422480363528575, "n_events": 29249, "total_time": 304.8471281528473}, "reduce.reduce.vector": {"label": "reduce.reduce.vector", "average_duration": 0.00010243845929887226, "n_events": 29249, "total_time": 2.996222496032715}, "reduce.setgrad": {"label": "reduce.setgrad", "average_duration": 0.002886841703004937, "n_events": 29249, "total_time": 84.4372329711914}, "test.last": {"label": "test.last", "average_duration": 1.0174077341220522, "n_events": 149, "total_time": 151.5937523841858}}