{"batch": {"label": "batch", "average_duration": 0.04188273860196211, "n_events": 29249, "total_time": 1225.0282213687897}, "batch.accumulate": {"label": "batch.accumulate", "average_duration": 0.0009921032825195397, "n_events": 5849, "total_time": 5.802812099456787}, "batch.backward": {"label": "batch.backward", "average_duration": 0.022367097254740755, "n_events": 29249, "total_time": 654.2152276039124}, "batch.evaluate": {"label": "batch.evaluate", "average_duration": 0.0006383647307024527, "n_events": 29249, "total_time": 18.67153000831604}, "batch.forward": {"label": "batch.forward", "average_duration": 0.01141805176678028, "n_events": 29249, "total_time": 333.9665961265564}, "batch.reduce": {"label": "batch.reduce", "average_duration": 0.015127055725290706, "n_events": 5849, "total_time": 88.47814893722534}, "batch.step": {"label": "batch.step", "average_duration": 0.002754208548357802, "n_events": 29249, "total_time": 80.55784583091736}, "epoch_metrics.collect": {"label": "epoch_metrics.collect", "average_duration": 0.0026391720611777083, "n_events": 149, "total_time": 0.3932366371154785}, "reduce.compress": {"label": "reduce.compress", "average_duration": 0.004546110926377181, "n_events": 5849, "total_time": 26.590202808380127}, "reduce.decompress": {"label": "reduce.decompress", "average_duration": 0.0004481063538849874, "n_events": 5849, "total_time": 2.620974063873291}, "reduce.flat_pack": {"label": "reduce.flat_pack", "average_duration": 0.0007362817368725056, "n_events": 5849, "total_time": 4.306511878967285}, "reduce.norm": {"label": "reduce.norm", "average_duration": 0.0010881808338501163, "n_events": 5849, "total_time": 6.364769697189331}, "reduce.reduce.vector": {"label": "reduce.reduce.vector", "average_duration": 0.00463568880978273, "n_events": 5849, "total_time": 27.11414384841919}, "reduce.setgrad": {"label": "reduce.setgrad", "average_duration": 0.003455316985768321, "n_events": 5849, "total_time": 20.21014904975891}, "test.last": {"label": "test.last", "average_duration": 0.9047626904993249, "n_events": 149, "total_time": 134.8096408843994}}