{"batch": {"label": "batch", "average_duration": 0.3726621755619639, "n_events": 194, "total_time": 72.296462059021}, "batch.accumulate": {"label": "batch.accumulate", "average_duration": 0.0013800638238179316, "n_events": 194, "total_time": 0.2677323818206787}, "batch.backward": {"label": "batch.backward", "average_duration": 0.10083039151024573, "n_events": 194, "total_time": 19.56109595298767}, "batch.evaluate": {"label": "batch.evaluate", "average_duration": 0.0008022096968188728, "n_events": 194, "total_time": 0.15562868118286133}, "batch.forward": {"label": "batch.forward", "average_duration": 0.052255173319393826, "n_events": 194, "total_time": 10.137503623962402}, "batch.reduce": {"label": "batch.reduce", "average_duration": 0.20943385546969384, "n_events": 194, "total_time": 40.630167961120605}, "batch.step": {"label": "batch.step", "average_duration": 0.004670713365692454, "n_events": 194, "total_time": 0.9061183929443359}, "reduce.allreduce": {"label": "reduce.allreduce", "average_duration": 0.20816233969226325, "n_events": 194, "total_time": 40.38349390029907}, "reduce.flat_pack": {"label": "reduce.flat_pack", "average_duration": 0.0010830962780824641, "n_events": 194, "total_time": 0.21012067794799805}, "reduce_times": [0.2946960926055908, 0.1286308765411377, 0.1384274959564209, 0.13930940628051758, 0.14244294166564941, 0.14080333709716797, 0.14163756370544434, 0.13775634765625, 0.14062738418579102, 0.13622570037841797, 0.14112019538879395, 0.13799262046813965, 0.1423945426940918, 0.14034485816955566, 0.14792609214782715, 0.14251971244812012, 0.13940095901489258, 0.14624834060668945, 0.14247512817382812, 0.13660287857055664, 0.18092584609985352, 0.21168255805969238, 0.21785521507263184, 0.24175477027893066, 0.18932437896728516, 0.42746520042419434, 0.14124584197998047, 0.1413421630859375, 0.18735194206237793, 0.3556177616119385, 0.1458139419555664, 0.14288663864135742, 0.19539451599121094, 0.45108699798583984, 0.14574003219604492, 0.14350080490112305, 0.1496124267578125, 0.19168710708618164, 0.2173764705657959, 0.36822962760925293, 0.14098787307739258, 0.14707112312316895, 0.44132351875305176, 0.14496326446533203, 0.14655470848083496, 0.1432642936706543, 0.20263934135437012, 0.22365212440490723, 0.21086454391479492, 0.21727585792541504, 0.366318941116333, 0.1484081745147705, 0.148942232131958, 0.20794343948364258, 0.35840702056884766, 0.1456756591796875, 0.14862060546875, 0.2163527011871338, 0.217132568359375, 0.21704649925231934, 0.2171461582183838, 0.2174973487854004, 0.2170403003692627, 0.21690630912780762, 0.4455089569091797, 0.14334917068481445, 0.14942598342895508, 0.15021705627441406, 0.19664978981018066, 0.21778202056884766, 0.21697735786437988, 0.21720194816589355, 0.4097280502319336, 0.1492476463317871, 0.1465129852294922, 0.39296936988830566, 0.147536039352417, 0.14964604377746582, 0.1486663818359375, 0.1887063980102539, 0.2166457176208496, 0.21439313888549805, 0.21738004684448242, 0.21707391738891602, 0.214005708694458, 0.23301243782043457, 0.19678568840026855, 0.2165846824645996, 0.3776824474334717, 0.1389005184173584, 0.14340591430664062, 0.22869396209716797, 0.18692302703857422, 0.2173619270324707, 0.21730256080627441, 0.2167801856994629, 0.21663212776184082, 0.36710596084594727, 0.14921283721923828, 0.14789366722106934, 0.20362114906311035, 0.2180330753326416, 0.24034810066223145, 0.19361162185668945, 0.21779990196228027, 0.2168436050415039, 0.36199307441711426, 0.15017080307006836, 0.14738702774047852, 0.3725616931915283, 0.1473374366760254, 0.1447443962097168, 0.19484210014343262, 0.24623847007751465, 0.3678467273712158, 0.14515471458435059, 0.14817523956298828, 0.17793631553649902, 0.24280571937561035, 0.19139766693115234, 0.21789956092834473, 0.2170865535736084, 0.21680569648742676, 0.21702146530151367, 0.2272953987121582, 0.24497580528259277, 0.17939257621765137, 0.21763920783996582, 0.2171010971069336, 0.21752500534057617, 0.21699047088623047, 0.21729826927185059, 0.2175893783569336, 0.2187824249267578, 0.21819233894348145, 0.21664094924926758, 0.22425556182861328, 0.21177220344543457, 0.21805191040039062, 0.21906638145446777, 0.2174220085144043, 0.21759939193725586, 0.21801328659057617, 0.21794486045837402, 0.21793484687805176, 0.21789264678955078, 0.21755552291870117, 0.21765899658203125, 0.21706366539001465, 0.21798086166381836, 0.2182774543762207, 0.21707749366760254, 0.2176215648651123, 0.36767578125, 0.14652442932128906, 0.14337396621704102, 0.20797109603881836, 0.2181077003479004, 0.21787190437316895, 0.21765971183776855, 0.21771812438964844, 0.2184007167816162, 0.21747899055480957, 0.2183387279510498, 0.21794581413269043, 0.2176361083984375, 0.2171306610107422, 0.21872997283935547, 0.21779775619506836, 0.21795392036437988, 0.21776747703552246, 0.21834039688110352, 0.21811127662658691, 0.2182767391204834, 0.21921062469482422, 0.2170724868774414, 0.2173929214477539, 0.21774697303771973, 0.2178785800933838, 0.2178964614868164, 0.21768951416015625, 0.21724200248718262, 0.21808600425720215, 0.21737122535705566, 0.21787357330322266, 0.2183818817138672, 0.2173290252685547, 0.21799206733703613, 0.21778559684753418, 0.2178020477294922, 0.21777796745300293, 0.21782755851745605, 0.2182772159576416, 0.21792221069335938, 0.21781015396118164]}