{"batch": {"label": "batch", "average_duration": 0.19894306610027948, "n_events": 96, "total_time": 19.09853434562683}, "batch.accumulate": {"label": "batch.accumulate", "average_duration": 0.002941387395064036, "n_events": 96, "total_time": 0.28237318992614746}, "batch.backward": {"label": "batch.backward", "average_duration": 0.02497283120950063, "n_events": 96, "total_time": 2.3973917961120605}, "batch.evaluate": {"label": "batch.evaluate", "average_duration": 0.11426709095637004, "n_events": 96, "total_time": 10.969640731811523}, "batch.forward": {"label": "batch.forward", "average_duration": 0.023871377110481262, "n_events": 96, "total_time": 2.291652202606201}, "batch.reduce": {"label": "batch.reduce", "average_duration": 0.015404554704825083, "n_events": 96, "total_time": 1.478837251663208}, "batch.step": {"label": "batch.step", "average_duration": 0.008844474951426188, "n_events": 96, "total_time": 0.8490695953369141}, "reduce.compress": {"label": "reduce.compress", "average_duration": 0.0004078050454457601, "n_events": 96, "total_time": 0.03914928436279297}, "reduce.decompress": {"label": "reduce.decompress", "average_duration": 8.509804805119832e-05, "n_events": 96, "total_time": 0.008169412612915039}, "reduce.flat_pack": {"label": "reduce.flat_pack", "average_duration": 0.0007754589120546976, "n_events": 96, "total_time": 0.07444405555725098}, "reduce.norm": {"label": "reduce.norm", "average_duration": 0.00412905216217041, "n_events": 96, "total_time": 0.3963890075683594}, "reduce.reduce.vector": {"label": "reduce.reduce.vector", "average_duration": 0.00013665854930877686, "n_events": 96, "total_time": 0.013119220733642578}, "reduce.setgrad": {"label": "reduce.setgrad", "average_duration": 0.009355100492636362, "n_events": 96, "total_time": 0.8980896472930908}}