{"batch": {"label": "batch", "average_duration": 0.19894454876581827, "n_events": 96, "total_time": 19.098676681518555}, "batch.accumulate": {"label": "batch.accumulate", "average_duration": 0.0029808655381202698, "n_events": 96, "total_time": 0.2861630916595459}, "batch.backward": {"label": "batch.backward", "average_duration": 0.12278751532236735, "n_events": 96, "total_time": 11.787601470947266}, "batch.evaluate": {"label": "batch.evaluate", "average_duration": 0.0006580054759979248, "n_events": 96, "total_time": 0.06316852569580078}, "batch.forward": {"label": "batch.forward", "average_duration": 0.04117283225059509, "n_events": 96, "total_time": 3.952591896057129}, "batch.reduce": {"label": "batch.reduce", "average_duration": 0.01384127140045166, "n_events": 96, "total_time": 1.3287620544433594}, "batch.step": {"label": "batch.step", "average_duration": 0.009026726086934408, "n_events": 96, "total_time": 0.8665657043457031}, "reduce.compress": {"label": "reduce.compress", "average_duration": 0.0003951167066891988, "n_events": 96, "total_time": 0.037931203842163086}, "reduce.decompress": {"label": "reduce.decompress", "average_duration": 8.435298999150594e-05, "n_events": 96, "total_time": 0.00809788703918457}, "reduce.flat_pack": {"label": "reduce.flat_pack", "average_duration": 0.0009414777159690857, "n_events": 96, "total_time": 0.09038186073303223}, "reduce.norm": {"label": "reduce.norm", "average_duration": 0.00292963037888209, "n_events": 96, "total_time": 0.28124451637268066}, "reduce.reduce.vector": {"label": "reduce.reduce.vector", "average_duration": 0.0002167398730913798, "n_events": 96, "total_time": 0.02080702781677246}, "reduce.setgrad": {"label": "reduce.setgrad", "average_duration": 0.008826613426208496, "n_events": 96, "total_time": 0.8473548889160156}}