{"batch": {"label": "batch", "average_duration": 0.1989596833785375, "n_events": 96, "total_time": 19.1001296043396}, "batch.accumulate": {"label": "batch.accumulate", "average_duration": 0.0030214314659436545, "n_events": 96, "total_time": 0.2900574207305908}, "batch.backward": {"label": "batch.backward", "average_duration": 0.02516290048758189, "n_events": 96, "total_time": 2.4156384468078613}, "batch.evaluate": {"label": "batch.evaluate", "average_duration": 0.11701385925213496, "n_events": 96, "total_time": 11.233330488204956}, "batch.forward": {"label": "batch.forward", "average_duration": 0.02406849463780721, "n_events": 96, "total_time": 2.310575485229492}, "batch.reduce": {"label": "batch.reduce", "average_duration": 0.011654923359553019, "n_events": 96, "total_time": 1.1188726425170898}, "batch.step": {"label": "batch.step", "average_duration": 0.009006785849730173, "n_events": 96, "total_time": 0.8646514415740967}, "reduce.compress": {"label": "reduce.compress", "average_duration": 0.0003992989659309387, "n_events": 96, "total_time": 0.03833270072937012}, "reduce.decompress": {"label": "reduce.decompress", "average_duration": 8.212774991989136e-05, "n_events": 96, "total_time": 0.00788426399230957}, "reduce.flat_pack": {"label": "reduce.flat_pack", "average_duration": 0.0007417077819506327, "n_events": 96, "total_time": 0.07120394706726074}, "reduce.norm": {"label": "reduce.norm", "average_duration": 0.000856257975101471, "n_events": 96, "total_time": 0.08220076560974121}, "reduce.reduce.vector": {"label": "reduce.reduce.vector", "average_duration": 0.00013559063275655112, "n_events": 96, "total_time": 0.013016700744628906}, "reduce.setgrad": {"label": "reduce.setgrad", "average_duration": 0.008927653233210245, "n_events": 96, "total_time": 0.8570547103881836}}