{"batch": {"label": "batch", "average_duration": 0.3275565007501397, "n_events": 484, "total_time": 158.53734636306763}, "batch.accumulate": {"label": "batch.accumulate", "average_duration": 0.0026172847787210764, "n_events": 484, "total_time": 1.266765832901001}, "batch.backward": {"label": "batch.backward", "average_duration": 0.12363911216909235, "n_events": 484, "total_time": 59.8413302898407}, "batch.evaluate": {"label": "batch.evaluate", "average_duration": 0.0005989340711231074, "n_events": 484, "total_time": 0.289884090423584}, "batch.forward": {"label": "batch.forward", "average_duration": 0.05996824296052791, "n_events": 484, "total_time": 29.024629592895508}, "batch.reduce": {"label": "batch.reduce", "average_duration": 0.12835692324914222, "n_events": 484, "total_time": 62.12475085258484}, "batch.step": {"label": "batch.step", "average_duration": 0.008716003953917953, "n_events": 484, "total_time": 4.218545913696289}, "epoch_metrics.collect": {"label": "epoch_metrics.collect", "average_duration": 0.003668069839477539, "n_events": 4, "total_time": 0.014672279357910156}, "reduce.allreduce": {"label": "reduce.allreduce", "average_duration": 0.1271274966641891, "n_events": 484, "total_time": 61.52970838546753}, "reduce.flat_pack": {"label": "reduce.flat_pack", "average_duration": 0.0009861780592232696, "n_events": 484, "total_time": 0.4773101806640625}, "test.last": {"label": "test.last", "average_duration": 1.4067137837409973, "n_events": 4, "total_time": 5.626855134963989}}