{"batch": {"label": "batch", "average_duration": 0.08661581079165141, "n_events": 96, "total_time": 8.315117835998535}, "batch.accumulate": {"label": "batch.accumulate", "average_duration": 0.0010103682676951091, "n_events": 96, "total_time": 0.09699535369873047}, "batch.backward": {"label": "batch.backward", "average_duration": 0.06631382306416829, "n_events": 96, "total_time": 6.366127014160156}, "batch.evaluate": {"label": "batch.evaluate", "average_duration": 0.0012450267871220906, "n_events": 96, "total_time": 0.1195225715637207}, "batch.forward": {"label": "batch.forward", "average_duration": 0.006438980499903361, "n_events": 96, "total_time": 0.6181421279907227}, "batch.reduce": {"label": "batch.reduce", "average_duration": 0.005839926501115163, "n_events": 96, "total_time": 0.5606329441070557}, "batch.step": {"label": "batch.step", "average_duration": 0.0027962798873583474, "n_events": 96, "total_time": 0.26844286918640137}, "reduce.compress": {"label": "reduce.compress", "average_duration": 0.00036102036635080975, "n_events": 96, "total_time": 0.034657955169677734}, "reduce.decompress": {"label": "reduce.decompress", "average_duration": 7.747113704681396e-05, "n_events": 96, "total_time": 0.007437229156494141}, "reduce.flat_pack": {"label": "reduce.flat_pack", "average_duration": 0.0007690588633219401, "n_events": 96, "total_time": 0.07382965087890625}, "reduce.norm": {"label": "reduce.norm", "average_duration": 0.0009784350792566936, "n_events": 96, "total_time": 0.09392976760864258}, "reduce.reduce.vector": {"label": "reduce.reduce.vector", "average_duration": 0.00013904770215352377, "n_events": 96, "total_time": 0.013348579406738281}, "reduce.setgrad": {"label": "reduce.setgrad", "average_duration": 0.0030190820495287576, "n_events": 96, "total_time": 0.28983187675476074}}