{"batch": {"label": "batch", "average_duration": 0.1313806274705682, "n_events": 484, "total_time": 63.588223695755005}, "batch.accumulate": {"label": "batch.accumulate", "average_duration": 0.0007254643873734908, "n_events": 484, "total_time": 0.35112476348876953}, "batch.backward": {"label": "batch.backward", "average_duration": 0.0647808643411999, "n_events": 484, "total_time": 31.353938341140747}, "batch.evaluate": {"label": "batch.evaluate", "average_duration": 0.0005205835192656714, "n_events": 484, "total_time": 0.25196242332458496}, "batch.forward": {"label": "batch.forward", "average_duration": 0.055236186370376715, "n_events": 484, "total_time": 26.73431420326233}, "batch.reduce": {"label": "batch.reduce", "average_duration": 0.0056426825602192525, "n_events": 484, "total_time": 2.731058359146118}, "batch.step": {"label": "batch.step", "average_duration": 0.003099899646664454, "n_events": 484, "total_time": 1.5003514289855957}, "epoch_metrics.collect": {"label": "epoch_metrics.collect", "average_duration": 0.006122469902038574, "n_events": 4, "total_time": 0.024489879608154297}, "reduce.compress": {"label": "reduce.compress", "average_duration": 0.00032933832200105525, "n_events": 484, "total_time": 0.15939974784851074}, "reduce.decompress": {"label": "reduce.decompress", "average_duration": 8.364502063467483e-05, "n_events": 484, "total_time": 0.04048418998718262}, "reduce.flat_pack": {"label": "reduce.flat_pack", "average_duration": 0.0003548673361786141, "n_events": 484, "total_time": 0.17175579071044922}, "reduce.norm": {"label": "reduce.norm", "average_duration": 0.0010477609870847592, "n_events": 484, "total_time": 0.5071163177490234}, "reduce.reduce.vector": {"label": "reduce.reduce.vector", "average_duration": 0.0010130242867903276, "n_events": 484, "total_time": 0.49030375480651855}, "reduce.setgrad": {"label": "reduce.setgrad", "average_duration": 0.002417366859341456, "n_events": 484, "total_time": 1.1700055599212646}, "test.last": {"label": "test.last", "average_duration": 1.1741576194763184, "n_events": 4, "total_time": 4.696630477905273}}