{"batch": {"label": "batch", "average_duration": 0.4716015799799431, "n_events": 389, "total_time": 183.45301461219788}, "batch.accumulate": {"label": "batch.accumulate", "average_duration": 0.0012539726296549897, "n_events": 389, "total_time": 0.487795352935791}, "batch.backward": {"label": "batch.backward", "average_duration": 0.3822423339196526, "n_events": 389, "total_time": 148.69226789474487}, "batch.evaluate": {"label": "batch.evaluate", "average_duration": 0.0004928908801630407, "n_events": 389, "total_time": 0.19173455238342285}, "batch.forward": {"label": "batch.forward", "average_duration": 0.0481380975031914, "n_events": 389, "total_time": 18.725719928741455}, "batch.reduce": {"label": "batch.reduce", "average_duration": 0.032211341710813864, "n_events": 389, "total_time": 12.530211925506592}, "batch.step": {"label": "batch.step", "average_duration": 0.005750301258116578, "n_events": 389, "total_time": 2.2368671894073486}, "epoch_metrics.collect": {"label": "epoch_metrics.collect", "average_duration": 0.001149892807006836, "n_events": 1, "total_time": 0.001149892807006836}, "reduce.compress": {"label": "reduce.compress", "average_duration": 0.013994081467773124, "n_events": 389, "total_time": 5.443697690963745}, "reduce.decompress": {"label": "reduce.decompress", "average_duration": 0.0019439517072662902, "n_events": 389, "total_time": 0.7561972141265869}, "reduce.flat_pack": {"label": "reduce.flat_pack", "average_duration": 0.0010694409397390017, "n_events": 389, "total_time": 0.4160125255584717}, "reduce.norm": {"label": "reduce.norm", "average_duration": 0.0078053756360836075, "n_events": 389, "total_time": 3.0362911224365234}, "reduce.reduce.vector": {"label": "reduce.reduce.vector", "average_duration": 0.004064570355844375, "n_events": 389, "total_time": 1.581117868423462}, "reduce.setgrad": {"label": "reduce.setgrad", "average_duration": 0.0031094563344450416, "n_events": 389, "total_time": 1.209578514099121}, "test.last": {"label": "test.last", "average_duration": 2.1115312576293945, "n_events": 1, "total_time": 2.1115312576293945}}