{"batch": {"label": "batch", "average_duration": 1.102565708848619, "n_events": 194, "total_time": 213.89774751663208}, "batch.accumulate": {"label": "batch.accumulate", "average_duration": 0.0026351483826784743, "n_events": 194, "total_time": 0.511218786239624}, "batch.backward": {"label": "batch.backward", "average_duration": 0.09712828400815361, "n_events": 389, "total_time": 37.78290247917175}, "batch.evaluate": {"label": "batch.evaluate", "average_duration": 0.0006254693842792266, "n_events": 389, "total_time": 0.24330759048461914}, "batch.forward": {"label": "batch.forward", "average_duration": 0.04709353177283907, "n_events": 389, "total_time": 18.3193838596344}, "batch.reduce": {"label": "batch.reduce", "average_duration": 0.7767877541866499, "n_events": 194, "total_time": 150.69682431221008}, "batch.step": {"label": "batch.step", "average_duration": 0.008812968263921049, "n_events": 194, "total_time": 1.7097158432006836}, "reduce.allreduce": {"label": "reduce.allreduce", "average_duration": 0.7757088277757782, "n_events": 194, "total_time": 150.48751258850098}, "reduce.flat_pack": {"label": "reduce.flat_pack", "average_duration": 0.0008797608699995218, "n_events": 194, "total_time": 0.17067360877990723}, "reduce_times": [0.6888847351074219, 0.7580704689025879, 0.7579407691955566, 0.7606034278869629, 0.7518148422241211, 0.7552292346954346, 0.7579207420349121, 0.7598040103912354, 0.7646133899688721, 0.7592258453369141, 0.7659671306610107, 0.7583725452423096, 0.7610819339752197, 0.7625446319580078, 0.7643520832061768, 0.7625131607055664, 0.767747163772583, 0.7612254619598389, 0.764878511428833, 0.7641148567199707, 0.7662088871002197, 0.7661104202270508, 0.7705011367797852, 0.7665340900421143, 0.7612419128417969, 0.758317232131958, 0.7701609134674072, 0.7648534774780273, 0.7642040252685547, 0.7708592414855957, 0.7692794799804688, 0.768406867980957, 0.7714183330535889, 0.7651126384735107, 0.7662632465362549, 0.7719817161560059, 0.7708532810211182, 0.7671444416046143, 0.766010046005249, 0.7700486183166504, 0.7687463760375977, 0.7697103023529053, 0.771453857421875, 0.769888162612915, 0.768578290939331, 0.7759439945220947, 0.7763926982879639, 0.7649202346801758, 0.77358078956604, 0.7762455940246582, 0.7739214897155762, 0.7676620483398438, 0.7748394012451172, 0.7692630290985107, 0.775667667388916, 0.7752177715301514, 0.7679884433746338, 0.7717978954315186, 0.7743253707885742, 0.7852795124053955, 0.7744345664978027, 0.7867801189422607, 0.7755858898162842, 0.7813777923583984, 0.7777819633483887, 0.7791299819946289, 0.777268648147583, 0.7802963256835938, 0.7720301151275635, 0.7766382694244385, 0.7719039916992188, 0.7739682197570801, 0.7732667922973633, 0.7792787551879883, 0.7678248882293701, 0.776186466217041, 0.7761080265045166, 0.7753334045410156, 0.7751498222351074, 0.7884728908538818, 0.7810342311859131, 0.7738893032073975, 0.7888917922973633, 0.773918628692627, 0.7834186553955078, 0.7857661247253418, 0.7789835929870605, 0.7834570407867432, 0.7819178104400635, 0.7836892604827881, 0.7820076942443848, 0.7763669490814209, 0.7865684032440186, 0.7820174694061279, 0.7771773338317871, 0.781348466873169, 0.779688835144043, 0.7838156223297119, 0.7699506282806396, 0.7858107089996338, 0.78281569480896, 0.7797071933746338, 0.7852439880371094, 0.7801918983459473, 0.7868390083312988, 0.7868101596832275, 0.7869317531585693, 0.7839601039886475, 0.7878963947296143, 0.77876877784729, 0.784980297088623, 0.7836923599243164, 0.7873280048370361, 0.7835640907287598, 0.773878812789917, 0.7885639667510986, 0.784494161605835, 0.7810320854187012, 0.7834343910217285, 0.7802767753601074, 0.788017749786377, 0.7882957458496094, 0.7786438465118408, 0.7843003273010254, 0.7790534496307373, 0.7800633907318115, 0.7936713695526123, 0.7774498462677002, 0.7946174144744873, 0.7807760238647461, 0.7854099273681641, 0.7788844108581543, 0.7847509384155273, 0.7802944183349609, 0.7844703197479248, 0.7711801528930664, 0.7893004417419434, 0.7776651382446289, 0.7854599952697754, 0.7839920520782471, 0.7794561386108398, 0.7785437107086182, 0.7846317291259766, 0.7813568115234375, 0.7791428565979004, 0.77693772315979, 0.7808582782745361, 0.7749381065368652, 0.7857284545898438, 0.7828388214111328, 0.7787208557128906, 0.7792651653289795, 0.7772407531738281, 0.7837414741516113, 0.7844641208648682, 0.7784819602966309, 0.7854354381561279, 0.7834100723266602, 0.7800605297088623, 0.778496265411377, 0.7782492637634277, 0.7845990657806396, 0.7866268157958984, 0.7740254402160645, 0.7845051288604736, 0.7788741588592529, 0.7831428050994873, 0.7795343399047852, 0.7777738571166992, 0.7752335071563721, 0.7824125289916992, 0.7854428291320801, 0.7805414199829102, 0.7863607406616211, 0.7837059497833252, 0.7726469039916992, 0.7802107334136963, 0.7783479690551758, 0.7819075584411621, 0.7859420776367188, 0.7754526138305664, 0.7826099395751953, 0.7841134071350098, 0.7819662094116211, 0.7800204753875732, 0.7824316024780273, 0.789010763168335, 0.7829110622406006, 0.7808103561401367, 0.7845337390899658, 0.7759091854095459, 0.7718849182128906, 0.7746541500091553, 0.7853999137878418, 0.78108811378479]}