{"batch": {"label": "batch", "average_duration": 0.2443654414050835, "n_events": 484, "total_time": 118.27287364006042}, "batch.accumulate": {"label": "batch.accumulate", "average_duration": 0.0019184700713669959, "n_events": 484, "total_time": 0.928539514541626}, "batch.backward": {"label": "batch.backward", "average_duration": 0.12386389901815367, "n_events": 484, "total_time": 59.95012712478638}, "batch.evaluate": {"label": "batch.evaluate", "average_duration": 0.0005488878439280612, "n_events": 484, "total_time": 0.26566171646118164}, "batch.forward": {"label": "batch.forward", "average_duration": 0.060104868628761986, "n_events": 484, "total_time": 29.0907564163208}, "batch.reduce": {"label": "batch.reduce", "average_duration": 0.04543398776330239, "n_events": 484, "total_time": 21.990050077438354}, "batch.step": {"label": "batch.step", "average_duration": 0.009022645713869204, "n_events": 484, "total_time": 4.366960525512695}, "epoch_metrics.collect": {"label": "epoch_metrics.collect", "average_duration": 0.005861163139343262, "n_events": 4, "total_time": 0.023444652557373047}, "reduce.compress": {"label": "reduce.compress", "average_duration": 0.0032685064087229327, "n_events": 484, "total_time": 1.5819571018218994}, "reduce.decompress": {"label": "reduce.decompress", "average_duration": 0.0003634090265951866, "n_events": 484, "total_time": 0.1758899688720703}, "reduce.flat_pack": {"label": "reduce.flat_pack", "average_duration": 0.0007454945036202423, "n_events": 484, "total_time": 0.36081933975219727}, "reduce.norm": {"label": "reduce.norm", "average_duration": 0.003110494495423372, "n_events": 484, "total_time": 1.505479335784912}, "reduce.reduce.vector": {"label": "reduce.reduce.vector", "average_duration": 0.03091643762982581, "n_events": 484, "total_time": 14.963555812835693}, "reduce.setgrad": {"label": "reduce.setgrad", "average_duration": 0.006681186601150134, "n_events": 484, "total_time": 3.233694314956665}, "test.last": {"label": "test.last", "average_duration": 1.415247619152069, "n_events": 4, "total_time": 5.660990476608276}}