{"batch": {"label": "batch", "average_duration": 0.7397764356512773, "n_events": 95, "total_time": 70.27876138687134}, "batch.accumulate": {"label": "batch.accumulate", "average_duration": 0.0013360525432385896, "n_events": 95, "total_time": 0.12692499160766602}, "batch.backward": {"label": "batch.backward", "average_duration": 0.38658324040864644, "n_events": 95, "total_time": 36.72540783882141}, "batch.evaluate": {"label": "batch.evaluate", "average_duration": 0.0008232242182681435, "n_events": 95, "total_time": 0.07820630073547363}, "batch.forward": {"label": "batch.forward", "average_duration": 0.047848583522595856, "n_events": 95, "total_time": 4.5456154346466064}, "batch.reduce": {"label": "batch.reduce", "average_duration": 0.2951354704405132, "n_events": 95, "total_time": 28.037869691848755}, "batch.step": {"label": "batch.step", "average_duration": 0.005902021809628135, "n_events": 95, "total_time": 0.5606920719146729}, "epoch_metrics.collect": {"label": "epoch_metrics.collect", "average_duration": 0.009743690490722656, "n_events": 1, "total_time": 0.009743690490722656}, "reduce.compress": {"label": "reduce.compress", "average_duration": 0.00035684485184518916, "n_events": 95, "total_time": 0.03390026092529297}, "reduce.decompress": {"label": "reduce.decompress", "average_duration": 8.23999706067537e-05, "n_events": 95, "total_time": 0.007827997207641602}, "reduce.flat_pack": {"label": "reduce.flat_pack", "average_duration": 0.0012552437029386822, "n_events": 95, "total_time": 0.1192481517791748}, "reduce.norm": {"label": "reduce.norm", "average_duration": 0.28944989254600123, "n_events": 95, "total_time": 27.497739791870117}, "reduce.reduce.vector": {"label": "reduce.reduce.vector", "average_duration": 0.00019771927281429894, "n_events": 95, "total_time": 0.0187833309173584}, "reduce.setgrad": {"label": "reduce.setgrad", "average_duration": 0.0032670799054597553, "n_events": 95, "total_time": 0.31037259101867676}, "test.last": {"label": "test.last", "average_duration": 0.6290452480316162, "n_events": 1, "total_time": 0.6290452480316162}}