{"batch": {"label": "batch", "average_duration": 0.08262282962357784, "n_events": 389, "total_time": 32.14028072357178}, "batch.accumulate": {"label": "batch.accumulate", "average_duration": 0.0009758221475701583, "n_events": 38, "total_time": 0.037081241607666016}, "batch.backward": {"label": "batch.backward", "average_duration": 0.06706347563579333, "n_events": 389, "total_time": 26.08769202232361}, "batch.evaluate": {"label": "batch.evaluate", "average_duration": 0.0012234115355425445, "n_events": 389, "total_time": 0.4759070873260498}, "batch.forward": {"label": "batch.forward", "average_duration": 0.00646465296610462, "n_events": 389, "total_time": 2.5147500038146973}, "batch.reduce": {"label": "batch.reduce", "average_duration": 0.01211640709324887, "n_events": 38, "total_time": 0.46042346954345703}, "batch.step": {"label": "batch.step", "average_duration": 0.0035539016625568617, "n_events": 389, "total_time": 1.3824677467346191}, "epoch_metrics.collect": {"label": "epoch_metrics.collect", "average_duration": 0.0012814998626708984, "n_events": 1, "total_time": 0.0012814998626708984}, "reduce.compress": {"label": "reduce.compress", "average_duration": 0.005599749715704667, "n_events": 38, "total_time": 0.21279048919677734}, "reduce.decompress": {"label": "reduce.decompress", "average_duration": 0.001018423783151727, "n_events": 38, "total_time": 0.038700103759765625}, "reduce.flat_pack": {"label": "reduce.flat_pack", "average_duration": 0.0006697930787739001, "n_events": 38, "total_time": 0.025452136993408203}, "reduce.norm": {"label": "reduce.norm", "average_duration": 0.0006244559037057977, "n_events": 38, "total_time": 0.023729324340820312}, "reduce.reduce.vector": {"label": "reduce.reduce.vector", "average_duration": 0.0009768762086567126, "n_events": 38, "total_time": 0.03712129592895508}, "reduce.setgrad": {"label": "reduce.setgrad", "average_duration": 0.0029354409167641087, "n_events": 38, "total_time": 0.11154675483703613}, "test.last": {"label": "test.last", "average_duration": 2.3480191230773926, "n_events": 1, "total_time": 2.3480191230773926}}