{"batch": {"label": "batch", "average_duration": 0.37224468619553086, "n_events": 194, "total_time": 72.21546912193298}, "batch.accumulate": {"label": "batch.accumulate", "average_duration": 0.0012954153965428932, "n_events": 194, "total_time": 0.2513105869293213}, "batch.backward": {"label": "batch.backward", "average_duration": 0.1006270413546218, "n_events": 194, "total_time": 19.52164602279663}, "batch.evaluate": {"label": "batch.evaluate", "average_duration": 0.0006635017001751772, "n_events": 194, "total_time": 0.12871932983398438}, "batch.forward": {"label": "batch.forward", "average_duration": 0.05219116038882855, "n_events": 194, "total_time": 10.12508511543274}, "batch.reduce": {"label": "batch.reduce", "average_duration": 0.20974794613946343, "n_events": 194, "total_time": 40.69110155105591}, "batch.step": {"label": "batch.step", "average_duration": 0.004644644629095018, "n_events": 194, "total_time": 0.9010610580444336}, "reduce.allreduce": {"label": "reduce.allreduce", "average_duration": 0.2084892656385284, "n_events": 194, "total_time": 40.44691753387451}, "reduce.flat_pack": {"label": "reduce.flat_pack", "average_duration": 0.0010715047108758357, "n_events": 194, "total_time": 0.2078719139099121}, "reduce_times": [0.17731928825378418, 0.05396866798400879, 0.05925798416137695, 0.06662750244140625, 0.06477928161621094, 0.0720672607421875, 0.06385993957519531, 0.06946635246276855, 0.06827235221862793, 0.06633377075195312, 0.07390642166137695, 0.21530508995056152, 0.2180469036102295, 0.21791362762451172, 0.21796751022338867, 0.21715283393859863, 0.21790766716003418, 0.21757793426513672, 0.21814918518066406, 0.21767187118530273, 0.2180335521697998, 0.21834468841552734, 0.21753239631652832, 0.21700787544250488, 0.2172393798828125, 0.21802377700805664, 0.21782779693603516, 0.21726417541503906, 0.2184154987335205, 0.21593618392944336, 0.2172384262084961, 0.21834087371826172, 0.21815776824951172, 0.21773362159729004, 0.21875524520874023, 0.21727895736694336, 0.21846842765808105, 0.2178058624267578, 0.21796417236328125, 0.21745514869689941, 0.2178032398223877, 0.2180321216583252, 0.21741867065429688, 0.2168583869934082, 0.21812915802001953, 0.2170393466949463, 0.21776390075683594, 0.21780681610107422, 0.2176980972290039, 0.2175140380859375, 0.21792149543762207, 0.21706652641296387, 0.21885180473327637, 0.21784543991088867, 0.21792054176330566, 0.21702122688293457, 0.21770858764648438, 0.2180805206298828, 0.21703243255615234, 0.2172393798828125, 0.21764683723449707, 0.21765756607055664, 0.216355562210083, 0.21787548065185547, 0.2178053855895996, 0.2171618938446045, 0.21771240234375, 0.21738219261169434, 0.21791815757751465, 0.21755290031433105, 0.21749377250671387, 0.21742486953735352, 0.21792125701904297, 0.21717238426208496, 0.21718621253967285, 0.21729254722595215, 0.21799898147583008, 0.21797847747802734, 0.2179880142211914, 0.21699094772338867, 0.21726083755493164, 0.21837449073791504, 0.21718740463256836, 0.21824073791503906, 0.21753382682800293, 0.21735477447509766, 0.21712589263916016, 0.21782708168029785, 0.21767377853393555, 0.21735763549804688, 0.21824073791503906, 0.2176647186279297, 0.2174220085144043, 0.2178797721862793, 0.21728110313415527, 0.217911958694458, 0.21822118759155273, 0.21816229820251465, 0.21702027320861816, 0.21779775619506836, 0.21784591674804688, 0.2169346809387207, 0.21827292442321777, 0.21793246269226074, 0.21816444396972656, 0.21848320960998535, 0.21672272682189941, 0.21772384643554688, 0.2183396816253662, 0.21749043464660645, 0.21581196784973145, 0.2180929183959961, 0.21752667427062988, 0.21778512001037598, 0.21752214431762695, 0.2167654037475586, 0.21816253662109375, 0.21787381172180176, 0.2182011604309082, 0.2180042266845703, 0.2175602912902832, 0.21735548973083496, 0.21760225296020508, 0.21730780601501465, 0.21720385551452637, 0.21811771392822266, 0.21805477142333984, 0.2181396484375, 0.21848535537719727, 0.2170238494873047, 0.2180032730102539, 0.21743535995483398, 0.21796846389770508, 0.2168445587158203, 0.21786141395568848, 0.21824073791503906, 0.21745610237121582, 0.21800875663757324, 0.21798253059387207, 0.21785330772399902, 0.21732258796691895, 0.21680808067321777, 0.2179262638092041, 0.21729516983032227, 0.21724247932434082, 0.21739959716796875, 0.2181398868560791, 0.21756935119628906, 0.21823453903198242, 0.21800684928894043, 0.2169501781463623, 0.21811556816101074, 0.21837210655212402, 0.21722745895385742, 0.21802783012390137, 0.21736931800842285, 0.21694517135620117, 0.2176978588104248, 0.21858859062194824, 0.21749258041381836, 0.21787095069885254, 0.21805858612060547, 0.21743178367614746, 0.2178490161895752, 0.21774649620056152, 0.21733736991882324, 0.22136569023132324, 0.215285062789917, 0.21772074699401855, 0.21716713905334473, 0.21748590469360352, 0.2172565460205078, 0.21806621551513672, 0.21740245819091797, 0.2171649932861328, 0.2174663543701172, 0.2175300121307373, 0.21750140190124512, 0.2177417278289795, 0.2170424461364746, 0.21758556365966797, 0.21700668334960938, 0.21534180641174316, 0.21481704711914062, 0.21384239196777344, 0.21545863151550293, 0.2148423194885254, 0.21734094619750977, 0.2179708480834961, 0.2171323299407959, 0.2174663543701172, 0.2172377109527588, 0.21808648109436035, 0.21775460243225098, 0.2179718017578125]}