{"batch": {"label": "batch", "average_duration": 0.08653967159310567, "n_events": 194, "total_time": 16.7886962890625}, "batch.accumulate": {"label": "batch.accumulate", "average_duration": 0.0009361505508422852, "n_events": 38, "total_time": 0.035573720932006836}, "batch.backward": {"label": "batch.backward", "average_duration": 0.06689140722923673, "n_events": 194, "total_time": 12.976933002471924}, "batch.evaluate": {"label": "batch.evaluate", "average_duration": 0.001176480165461904, "n_events": 194, "total_time": 0.22823715209960938}, "batch.forward": {"label": "batch.forward", "average_duration": 0.006448898118795808, "n_events": 194, "total_time": 1.2510862350463867}, "batch.reduce": {"label": "batch.reduce", "average_duration": 0.005772615733899568, "n_events": 38, "total_time": 0.2193593978881836}, "batch.step": {"label": "batch.step", "average_duration": 0.0033423052620641966, "n_events": 194, "total_time": 0.6484072208404541}, "reduce.compress": {"label": "reduce.compress", "average_duration": 0.000884012172096654, "n_events": 38, "total_time": 0.03359246253967285}, "reduce.decompress": {"label": "reduce.decompress", "average_duration": 0.00019945596393785978, "n_events": 38, "total_time": 0.007579326629638672}, "reduce.flat_pack": {"label": "reduce.flat_pack", "average_duration": 0.0006692723224037572, "n_events": 38, "total_time": 0.025432348251342773}, "reduce.norm": {"label": "reduce.norm", "average_duration": 0.0003591273960314299, "n_events": 38, "total_time": 0.013646841049194336}, "reduce.reduce.vector": {"label": "reduce.reduce.vector", "average_duration": 0.00011822424436870374, "n_events": 38, "total_time": 0.004492521286010742}, "reduce.setgrad": {"label": "reduce.setgrad", "average_duration": 0.002850977998030813, "n_events": 38, "total_time": 0.1083371639251709}}