{"batch": {"label": "batch", "average_duration": 0.07721585734137174, "n_events": 290, "total_time": 22.392598628997803}, "batch.accumulate": {"label": "batch.accumulate", "average_duration": 0.0011475351121690539, "n_events": 18, "total_time": 0.02065563201904297}, "batch.backward": {"label": "batch.backward", "average_duration": 0.0064299024384597255, "n_events": 290, "total_time": 1.8646717071533203}, "batch.evaluate": {"label": "batch.evaluate", "average_duration": 0.05826721766899372, "n_events": 290, "total_time": 16.89749312400818}, "batch.forward": {"label": "batch.forward", "average_duration": 0.005765905873528842, "n_events": 290, "total_time": 1.6721127033233643}, "batch.reduce": {"label": "batch.reduce", "average_duration": 0.004310104582044814, "n_events": 18, "total_time": 0.07758188247680664}, "batch.step": {"label": "batch.step", "average_duration": 0.003274437476848734, "n_events": 290, "total_time": 0.9495868682861328}, "epoch_metrics.collect": {"label": "epoch_metrics.collect", "average_duration": 0.020056605339050293, "n_events": 2, "total_time": 0.040113210678100586}, "reduce.allreduce": {"label": "reduce.allreduce", "average_duration": 0.003766828113132053, "n_events": 18, "total_time": 0.06780290603637695}, "reduce.flat_pack": {"label": "reduce.flat_pack", "average_duration": 0.0004136959711710612, "n_events": 18, "total_time": 0.0074465274810791016}, "test.last": {"label": "test.last", "average_duration": 1.3817249536514282, "n_events": 2, "total_time": 2.7634499073028564}}