{"batch": {"label": "batch", "average_duration": 0.07953279511681918, "n_events": 290, "total_time": 23.064510583877563}, "batch.accumulate": {"label": "batch.accumulate", "average_duration": 0.001153495576646593, "n_events": 18, "total_time": 0.020762920379638672}, "batch.backward": {"label": "batch.backward", "average_duration": 0.00639897790448419, "n_events": 290, "total_time": 1.855703592300415}, "batch.evaluate": {"label": "batch.evaluate", "average_duration": 0.06060118675231933, "n_events": 290, "total_time": 17.574344158172607}, "batch.forward": {"label": "batch.forward", "average_duration": 0.005693261376742659, "n_events": 290, "total_time": 1.651045799255371}, "batch.reduce": {"label": "batch.reduce", "average_duration": 0.003971603181627061, "n_events": 18, "total_time": 0.07148885726928711}, "batch.step": {"label": "batch.step", "average_duration": 0.003313657333110941, "n_events": 290, "total_time": 0.9609606266021729}, "epoch_metrics.collect": {"label": "epoch_metrics.collect", "average_duration": 0.001234889030456543, "n_events": 2, "total_time": 0.002469778060913086}, "reduce.allreduce": {"label": "reduce.allreduce", "average_duration": 0.003513283199734158, "n_events": 18, "total_time": 0.06323909759521484}, "reduce.flat_pack": {"label": "reduce.flat_pack", "average_duration": 0.0003268586264716254, "n_events": 18, "total_time": 0.005883455276489258}, "test.last": {"label": "test.last", "average_duration": 1.3817193508148193, "n_events": 2, "total_time": 2.7634387016296387}}