{"batch": {"label": "batch", "average_duration": 0.08151211022095359, "n_events": 193, "total_time": 15.731837272644043}, "batch.accumulate": {"label": "batch.accumulate", "average_duration": 0.0010701947742038304, "n_events": 18, "total_time": 0.019263505935668945}, "batch.backward": {"label": "batch.backward", "average_duration": 0.006289568589758997, "n_events": 193, "total_time": 1.2138867378234863}, "batch.evaluate": {"label": "batch.evaluate", "average_duration": 0.06025470847292885, "n_events": 193, "total_time": 11.629158735275269}, "batch.forward": {"label": "batch.forward", "average_duration": 0.005739173740920625, "n_events": 193, "total_time": 1.1076605319976807}, "batch.reduce": {"label": "batch.reduce", "average_duration": 0.02786413828531901, "n_events": 18, "total_time": 0.5015544891357422}, "batch.step": {"label": "batch.step", "average_duration": 0.0032593166272257275, "n_events": 193, "total_time": 0.6290481090545654}, "epoch_metrics.collect": {"label": "epoch_metrics.collect", "average_duration": 0.012120723724365234, "n_events": 1, "total_time": 0.012120723724365234}, "reduce.compress": {"label": "reduce.compress", "average_duration": 0.00043463706970214844, "n_events": 18, "total_time": 0.007823467254638672}, "reduce.decompress": {"label": "reduce.decompress", "average_duration": 9.151299794514974e-05, "n_events": 18, "total_time": 0.0016472339630126953}, "reduce.flat_pack": {"label": "reduce.flat_pack", "average_duration": 0.0003102885352240668, "n_events": 18, "total_time": 0.005585193634033203}, "reduce.norm": {"label": "reduce.norm", "average_duration": 0.023540139198303223, "n_events": 18, "total_time": 0.423722505569458}, "reduce.reduce.vector": {"label": "reduce.reduce.vector", "average_duration": 0.0001526143815782335, "n_events": 18, "total_time": 0.002747058868408203}, "reduce.setgrad": {"label": "reduce.setgrad", "average_duration": 0.003038485844930013, "n_events": 18, "total_time": 0.054692745208740234}, "test.last": {"label": "test.last", "average_duration": 1.3969190120697021, "n_events": 1, "total_time": 1.3969190120697021}}