{"batch": {"label": "batch", "average_duration": 0.15005683209285264, "n_events": 484, "total_time": 72.62750673294067}, "batch.accumulate": {"label": "batch.accumulate", "average_duration": 0.0007490525560930741, "n_events": 484, "total_time": 0.36254143714904785}, "batch.backward": {"label": "batch.backward", "average_duration": 0.0641891227280798, "n_events": 484, "total_time": 31.067535400390625}, "batch.evaluate": {"label": "batch.evaluate", "average_duration": 0.0005496789601223528, "n_events": 484, "total_time": 0.26604461669921875}, "batch.forward": {"label": "batch.forward", "average_duration": 0.05465644745787313, "n_events": 484, "total_time": 26.453720569610596}, "batch.reduce": {"label": "batch.reduce", "average_duration": 0.025227259013278425, "n_events": 484, "total_time": 12.209993362426758}, "batch.step": {"label": "batch.step", "average_duration": 0.0032314096600556176, "n_events": 484, "total_time": 1.564002275466919}, "epoch_metrics.collect": {"label": "epoch_metrics.collect", "average_duration": 0.0057942867279052734, "n_events": 4, "total_time": 0.023177146911621094}, "reduce.compress": {"label": "reduce.compress", "average_duration": 0.002093275223881745, "n_events": 484, "total_time": 1.0131452083587646}, "reduce.decompress": {"label": "reduce.decompress", "average_duration": 0.0002824969528135189, "n_events": 484, "total_time": 0.13672852516174316}, "reduce.flat_pack": {"label": "reduce.flat_pack", "average_duration": 0.00036329819151192656, "n_events": 484, "total_time": 0.17583632469177246}, "reduce.norm": {"label": "reduce.norm", "average_duration": 0.0013308012781064373, "n_events": 484, "total_time": 0.6441078186035156}, "reduce.reduce.vector": {"label": "reduce.reduce.vector", "average_duration": 0.018346184048770874, "n_events": 484, "total_time": 8.879553079605103}, "reduce.setgrad": {"label": "reduce.setgrad", "average_duration": 0.0024658879957908443, "n_events": 484, "total_time": 1.1934897899627686}, "test.last": {"label": "test.last", "average_duration": 1.170506238937378, "n_events": 4, "total_time": 4.682024955749512}}