{"batch": {"label": "batch", "average_duration": 0.18674082088964591, "n_events": 193, "total_time": 36.04097843170166}, "batch.accumulate": {"label": "batch.accumulate", "average_duration": 0.0031837357415093314, "n_events": 18, "total_time": 0.05730724334716797}, "batch.backward": {"label": "batch.backward", "average_duration": 0.12348371219140877, "n_events": 193, "total_time": 23.832356452941895}, "batch.evaluate": {"label": "batch.evaluate", "average_duration": 0.0007193286184202204, "n_events": 193, "total_time": 0.13883042335510254}, "batch.forward": {"label": "batch.forward", "average_duration": 0.041411221953871334, "n_events": 193, "total_time": 7.992365837097168}, "batch.reduce": {"label": "batch.reduce", "average_duration": 0.026216573185390897, "n_events": 18, "total_time": 0.47189831733703613}, "batch.step": {"label": "batch.step", "average_duration": 0.00967311982663802, "n_events": 193, "total_time": 1.8669121265411377}, "epoch_metrics.collect": {"label": "epoch_metrics.collect", "average_duration": 0.00554656982421875, "n_events": 1, "total_time": 0.00554656982421875}, "reduce.compress": {"label": "reduce.compress", "average_duration": 0.007933086819118924, "n_events": 18, "total_time": 0.14279556274414062}, "reduce.decompress": {"label": "reduce.decompress", "average_duration": 0.001524209976196289, "n_events": 18, "total_time": 0.027435779571533203}, "reduce.flat_pack": {"label": "reduce.flat_pack", "average_duration": 0.0009715954462687174, "n_events": 18, "total_time": 0.017488718032836914}, "reduce.norm": {"label": "reduce.norm", "average_duration": 0.005162066883511013, "n_events": 18, "total_time": 0.09291720390319824}, "reduce.reduce.vector": {"label": "reduce.reduce.vector", "average_duration": 0.0007173882590399848, "n_events": 18, "total_time": 0.012912988662719727}, "reduce.setgrad": {"label": "reduce.setgrad", "average_duration": 0.009572347005208334, "n_events": 18, "total_time": 0.17230224609375}, "test.last": {"label": "test.last", "average_duration": 1.458282232284546, "n_events": 1, "total_time": 1.458282232284546}, "reduce_times": [0.022754430770874023, 0.02169632911682129, 0.02149224281311035, 0.031201839447021484, 0.021747827529907227, 0.021697044372558594, 0.021634578704833984, 0.02120351791381836, 0.02122044563293457, 0.09417366981506348, 0.021878480911254883, 0.021605491638183594, 0.021867990493774414, 0.02180957794189453, 0.021807432174682617, 0.021788835525512695, 0.021725893020629883, 0.021981000900268555, 0.021366119384765625]}