{"batch": {"label": "batch", "average_duration": 0.18690077628496396, "n_events": 193, "total_time": 36.07184982299805}, "batch.accumulate": {"label": "batch.accumulate", "average_duration": 0.0030975209342108834, "n_events": 18, "total_time": 0.0557553768157959}, "batch.backward": {"label": "batch.backward", "average_duration": 0.026448823009747914, "n_events": 193, "total_time": 5.104622840881348}, "batch.evaluate": {"label": "batch.evaluate", "average_duration": 0.11354336960945723, "n_events": 193, "total_time": 21.913870334625244}, "batch.forward": {"label": "batch.forward", "average_duration": 0.024461098903201403, "n_events": 193, "total_time": 4.720992088317871}, "batch.reduce": {"label": "batch.reduce", "average_duration": 0.038388609886169434, "n_events": 18, "total_time": 0.6909949779510498}, "batch.step": {"label": "batch.step", "average_duration": 0.009111233943484608, "n_events": 193, "total_time": 1.7584681510925293}, "epoch_metrics.collect": {"label": "epoch_metrics.collect", "average_duration": 0.005151271820068359, "n_events": 1, "total_time": 0.005151271820068359}, "reduce.compress": {"label": "reduce.compress", "average_duration": 0.0010468429989284938, "n_events": 18, "total_time": 0.01884317398071289}, "reduce.decompress": {"label": "reduce.decompress", "average_duration": 0.00022522608439127603, "n_events": 18, "total_time": 0.004054069519042969}, "reduce.flat_pack": {"label": "reduce.flat_pack", "average_duration": 0.000773469607035319, "n_events": 18, "total_time": 0.013922452926635742}, "reduce.norm": {"label": "reduce.norm", "average_duration": 0.026538756158616807, "n_events": 18, "total_time": 0.47769761085510254}, "reduce.reduce.vector": {"label": "reduce.reduce.vector", "average_duration": 0.0001290771696302626, "n_events": 18, "total_time": 0.0023233890533447266}, "reduce.setgrad": {"label": "reduce.setgrad", "average_duration": 0.009354790051778158, "n_events": 18, "total_time": 0.16838622093200684}, "test.last": {"label": "test.last", "average_duration": 1.4582669734954834, "n_events": 1, "total_time": 1.4582669734954834}, "reduce_times": [0.17503857612609863, 0.03223824501037598, 0.017974853515625, 0.053763389587402344, 0.031737327575683594, 0.04361367225646973, 0.04290318489074707, 0.014160633087158203, 0.03407716751098633, 0.01925349235534668, 0.03865981101989746, 0.032134056091308594, 0.05575847625732422, 0.028799057006835938, 0.04413795471191406, 0.05575251579284668, 0.04750490188598633, 0.048322200775146484, 0.05020403861999512]}