{"batch": {"label": "batch", "average_duration": 0.188842881921018, "n_events": 389, "total_time": 73.459881067276}, "batch.accumulate": {"label": "batch.accumulate", "average_duration": 0.0025894767359683386, "n_events": 38, "total_time": 0.09840011596679688}, "batch.backward": {"label": "batch.backward", "average_duration": 0.12482148577437609, "n_events": 389, "total_time": 48.5555579662323}, "batch.evaluate": {"label": "batch.evaluate", "average_duration": 0.0005546792920267061, "n_events": 389, "total_time": 0.21577024459838867}, "batch.forward": {"label": "batch.forward", "average_duration": 0.04165986632320139, "n_events": 389, "total_time": 16.205687999725342}, "batch.reduce": {"label": "batch.reduce", "average_duration": 0.010356683480112176, "n_events": 38, "total_time": 0.3935539722442627}, "batch.step": {"label": "batch.step", "average_duration": 0.008538616347129057, "n_events": 389, "total_time": 3.321521759033203}, "epoch_metrics.collect": {"label": "epoch_metrics.collect", "average_duration": 0.004309892654418945, "n_events": 1, "total_time": 0.004309892654418945}, "reduce.compress": {"label": "reduce.compress", "average_duration": 0.000378702816210295, "n_events": 38, "total_time": 0.014390707015991211}, "reduce.decompress": {"label": "reduce.decompress", "average_duration": 7.923653251246403e-05, "n_events": 38, "total_time": 0.003010988235473633}, "reduce.flat_pack": {"label": "reduce.flat_pack", "average_duration": 0.0009129549327649569, "n_events": 38, "total_time": 0.03469228744506836}, "reduce.norm": {"label": "reduce.norm", "average_duration": 0.0003637451874582391, "n_events": 38, "total_time": 0.013822317123413086}, "reduce.reduce.vector": {"label": "reduce.reduce.vector", "average_duration": 0.00013195213518644633, "n_events": 38, "total_time": 0.005014181137084961}, "reduce.setgrad": {"label": "reduce.setgrad", "average_duration": 0.008066754592092414, "n_events": 38, "total_time": 0.3065366744995117}, "test.last": {"label": "test.last", "average_duration": 2.679166793823242, "n_events": 1, "total_time": 2.679166793823242}}