{"batch": {"label": "batch", "average_duration": 0.05040097143708011, "n_events": 29249, "total_time": 1474.1780135631561}, "batch.accumulate": {"label": "batch.accumulate", "average_duration": 0.0011435370350858934, "n_events": 29249, "total_time": 33.447314739227295}, "batch.backward": {"label": "batch.backward", "average_duration": 0.020022375896904726, "n_events": 29249, "total_time": 585.6344726085663}, "batch.evaluate": {"label": "batch.evaluate", "average_duration": 0.0007098479989720327, "n_events": 29249, "total_time": 20.762344121932983}, "batch.forward": {"label": "batch.forward", "average_duration": 0.011437501119603018, "n_events": 29249, "total_time": 334.5354702472687}, "batch.reduce": {"label": "batch.reduce", "average_duration": 0.00754963028283807, "n_events": 29249, "total_time": 220.8191361427307}, "batch.step": {"label": "batch.step", "average_duration": 0.006307052797307528, "n_events": 29249, "total_time": 184.47498726844788}, "epoch_metrics.collect": {"label": "epoch_metrics.collect", "average_duration": 0.0075272905746562365, "n_events": 149, "total_time": 1.1215662956237793}, "reduce.compress": {"label": "reduce.compress", "average_duration": 0.00042474350972788414, "n_events": 29249, "total_time": 12.423322916030884}, "reduce.decompress": {"label": "reduce.decompress", "average_duration": 8.55460599441317e-05, "n_events": 29249, "total_time": 2.502136707305908}, "reduce.flat_pack": {"label": "reduce.flat_pack", "average_duration": 0.0006893075402200583, "n_events": 29249, "total_time": 20.161556243896484}, "reduce.norm": {"label": "reduce.norm", "average_duration": 0.0014258790347933903, "n_events": 29249, "total_time": 41.705535888671875}, "reduce.reduce.vector": {"label": "reduce.reduce.vector", "average_duration": 0.00020954078183410034, "n_events": 29249, "total_time": 6.128858327865601}, "reduce.setgrad": {"label": "reduce.setgrad", "average_duration": 0.0038922946266999364, "n_events": 29249, "total_time": 113.84572553634644}, "test.last": {"label": "test.last", "average_duration": 1.0591489852674856, "n_events": 149, "total_time": 157.81319880485535}}