{"batch": {"label": "batch", "average_duration": 0.05066423971407059, "n_events": 29249, "total_time": 1481.8783473968506}, "batch.accumulate": {"label": "batch.accumulate", "average_duration": 0.0010823322820306424, "n_events": 29249, "total_time": 31.657136917114258}, "batch.backward": {"label": "batch.backward", "average_duration": 0.007597436236171194, "n_events": 29249, "total_time": 222.21741247177124}, "batch.evaluate": {"label": "batch.evaluate", "average_duration": 0.018220738935211367, "n_events": 29249, "total_time": 532.9383931159973}, "batch.forward": {"label": "batch.forward", "average_duration": 0.004795633693805796, "n_events": 29249, "total_time": 140.26748991012573}, "batch.reduce": {"label": "batch.reduce", "average_duration": 0.00972650501804599, "n_events": 29249, "total_time": 284.49054527282715}, "batch.step": {"label": "batch.step", "average_duration": 0.0059909101771372575, "n_events": 29249, "total_time": 175.22813177108765}, "epoch_metrics.collect": {"label": "epoch_metrics.collect", "average_duration": 0.00266770388455999, "n_events": 149, "total_time": 0.3974878787994385}, "reduce.compress": {"label": "reduce.compress", "average_duration": 0.00039056632990649455, "n_events": 29249, "total_time": 11.423674583435059}, "reduce.decompress": {"label": "reduce.decompress", "average_duration": 8.167568901803067e-05, "n_events": 29249, "total_time": 2.388932228088379}, "reduce.flat_pack": {"label": "reduce.flat_pack", "average_duration": 0.00031313804395097174, "n_events": 29249, "total_time": 9.158974647521973}, "reduce.norm": {"label": "reduce.norm", "average_duration": 0.004349081580416925, "n_events": 29249, "total_time": 127.20628714561462}, "reduce.reduce.vector": {"label": "reduce.reduce.vector", "average_duration": 0.00012896235300792036, "n_events": 29249, "total_time": 3.772019863128662}, "reduce.setgrad": {"label": "reduce.setgrad", "average_duration": 0.0034597654693811148, "n_events": 29249, "total_time": 101.19468021392822}, "test.last": {"label": "test.last", "average_duration": 1.0193696054036185, "n_events": 149, "total_time": 151.88607120513916}}