{"batch": {"label": "batch", "average_duration": 0.18122675683763292, "n_events": 387, "total_time": 70.13475489616394}, "batch.accumulate": {"label": "batch.accumulate", "average_duration": 0.0030237038930257163, "n_events": 18, "total_time": 0.05442667007446289}, "batch.backward": {"label": "batch.backward", "average_duration": 0.025194438544970766, "n_events": 387, "total_time": 9.750247716903687}, "batch.evaluate": {"label": "batch.evaluate", "average_duration": 0.1143839242230398, "n_events": 387, "total_time": 44.266578674316406}, "batch.forward": {"label": "batch.forward", "average_duration": 0.02354138088472746, "n_events": 387, "total_time": 9.110514402389526}, "batch.reduce": {"label": "batch.reduce", "average_duration": 0.010711034138997396, "n_events": 18, "total_time": 0.19279861450195312}, "batch.step": {"label": "batch.step", "average_duration": 0.009065644685612169, "n_events": 387, "total_time": 3.508404493331909}, "epoch_metrics.collect": {"label": "epoch_metrics.collect", "average_duration": 0.06867305437723796, "n_events": 3, "total_time": 0.20601916313171387}, "reduce.allreduce": {"label": "reduce.allreduce", "average_duration": 0.009770936436123319, "n_events": 18, "total_time": 0.17587685585021973}, "reduce.flat_pack": {"label": "reduce.flat_pack", "average_duration": 0.0008102390501234266, "n_events": 18, "total_time": 0.01458430290222168}, "test.last": {"label": "test.last", "average_duration": 1.5108319123586018, "n_events": 3, "total_time": 4.532495737075806}}