{"batch": {"label": "batch", "average_duration": 0.1995190680027008, "n_events": 96, "total_time": 19.153830528259277}, "batch.accumulate": {"label": "batch.accumulate", "average_duration": 0.0031785319248835244, "n_events": 96, "total_time": 0.30513906478881836}, "batch.backward": {"label": "batch.backward", "average_duration": 0.024228634933630627, "n_events": 96, "total_time": 2.32594895362854}, "batch.evaluate": {"label": "batch.evaluate", "average_duration": 0.11699292808771133, "n_events": 96, "total_time": 11.231321096420288}, "batch.forward": {"label": "batch.forward", "average_duration": 0.02399621158838272, "n_events": 96, "total_time": 2.303636312484741}, "batch.reduce": {"label": "batch.reduce", "average_duration": 0.013139684995015463, "n_events": 96, "total_time": 1.2614097595214844}, "batch.step": {"label": "batch.step", "average_duration": 0.009317566951115927, "n_events": 96, "total_time": 0.8944864273071289}, "reduce.compress": {"label": "reduce.compress", "average_duration": 0.00040717919667561847, "n_events": 96, "total_time": 0.039089202880859375}, "reduce.decompress": {"label": "reduce.decompress", "average_duration": 8.330245812733968e-05, "n_events": 96, "total_time": 0.00799703598022461}, "reduce.flat_pack": {"label": "reduce.flat_pack", "average_duration": 0.0007409453392028809, "n_events": 96, "total_time": 0.07113075256347656}, "reduce.norm": {"label": "reduce.norm", "average_duration": 0.002174660563468933, "n_events": 96, "total_time": 0.20876741409301758}, "reduce.reduce.vector": {"label": "reduce.reduce.vector", "average_duration": 0.00013467917839686075, "n_events": 96, "total_time": 0.012929201126098633}, "reduce.setgrad": {"label": "reduce.setgrad", "average_duration": 0.009085421760876974, "n_events": 96, "total_time": 0.8722004890441895}, "reduce_times": [1.8157734870910645, 0.017705202102661133, 0.013557910919189453, 0.013085603713989258, 0.013684511184692383, 0.015161991119384766, 0.014323234558105469, 0.014711141586303711, 0.01187896728515625, 0.013586759567260742, 0.01113748550415039, 0.017058610916137695, 0.011678695678710938, 0.012421369552612305, 0.011247396469116211, 0.014464616775512695, 0.015000343322753906, 0.012224197387695312, 0.013164758682250977, 0.010879755020141602, 0.014264106750488281, 0.013958930969238281, 0.013869285583496094, 0.01397562026977539, 0.011565923690795898, 0.012705564498901367, 0.014097213745117188, 0.013988971710205078, 0.012082338333129883, 0.011663675308227539, 0.011997222900390625, 0.01353597640991211, 0.011884212493896484, 0.011508703231811523, 0.011498451232910156, 0.013212919235229492, 0.012369155883789062, 0.012033462524414062, 0.014951705932617188, 0.014282941818237305, 0.013481855392456055, 0.014771699905395508, 0.012828350067138672, 0.014070272445678711, 0.012299776077270508, 0.015047073364257812, 0.013915538787841797, 0.014285802841186523, 0.014278411865234375, 0.014824628829956055, 0.012712717056274414, 0.012479066848754883, 0.012331008911132812, 0.012297868728637695, 0.012975692749023438, 0.012598991394042969, 0.013405799865722656, 0.01514291763305664, 0.01240682601928711, 0.013172626495361328, 0.011522054672241211, 0.01474761962890625, 0.012443065643310547, 0.012587785720825195, 0.0123138427734375, 0.013823747634887695, 0.011472940444946289, 0.013333559036254883, 0.012556076049804688, 0.013497591018676758, 0.013250350952148438, 0.013952255249023438, 0.01443171501159668, 0.013972759246826172, 0.01147317886352539, 0.011746406555175781, 0.011720418930053711, 0.011934518814086914, 0.012288570404052734, 0.013630867004394531, 0.01279139518737793, 0.01226806640625, 0.011478185653686523, 0.014939546585083008, 0.011943578720092773, 0.013280391693115234, 0.01307821273803711, 0.014967918395996094, 0.013293981552124023, 0.012531518936157227, 0.012569665908813477, 0.013142585754394531, 0.012292623519897461, 0.01337432861328125, 0.012319803237915039, 0.011804819107055664, 0.012887954711914062]}