{"batch": {"label": "batch", "average_duration": 0.040005511302426966, "n_events": 29249, "total_time": 1170.1212000846863}, "batch.accumulate": {"label": "batch.accumulate", "average_duration": 0.0009348408383861691, "n_events": 5849, "total_time": 5.467884063720703}, "batch.backward": {"label": "batch.backward", "average_duration": 0.022358508235414014, "n_events": 29249, "total_time": 653.9640073776245}, "batch.evaluate": {"label": "batch.evaluate", "average_duration": 0.0005974575834904554, "n_events": 29249, "total_time": 17.47503685951233}, "batch.forward": {"label": "batch.forward", "average_duration": 0.011373526932068403, "n_events": 29249, "total_time": 332.6642892360687}, "batch.reduce": {"label": "batch.reduce", "average_duration": 0.007383694056059116, "n_events": 5849, "total_time": 43.18722653388977}, "batch.step": {"label": "batch.step", "average_duration": 0.002601971923479639, "n_events": 29249, "total_time": 76.10507678985596}, "epoch_metrics.collect": {"label": "epoch_metrics.collect", "average_duration": 0.00784859401267647, "n_events": 149, "total_time": 1.169440507888794}, "reduce.compress": {"label": "reduce.compress", "average_duration": 0.0010966449991253262, "n_events": 5849, "total_time": 6.414276599884033}, "reduce.decompress": {"label": "reduce.decompress", "average_duration": 0.00019917832131792612, "n_events": 5849, "total_time": 1.1649940013885498}, "reduce.flat_pack": {"label": "reduce.flat_pack", "average_duration": 0.0007164852907360467, "n_events": 5849, "total_time": 4.190722465515137}, "reduce.norm": {"label": "reduce.norm", "average_duration": 0.0014678999019863462, "n_events": 5849, "total_time": 8.58574652671814}, "reduce.reduce.vector": {"label": "reduce.reduce.vector", "average_duration": 0.00018491869727695756, "n_events": 5849, "total_time": 1.0815894603729248}, "reduce.setgrad": {"label": "reduce.setgrad", "average_duration": 0.0030138069471756113, "n_events": 5849, "total_time": 17.62775683403015}, "test.last": {"label": "test.last", "average_duration": 0.9258890664017441, "n_events": 149, "total_time": 137.95747089385986}}