{"batch": {"label": "batch", "average_duration": 0.23925716685671664, "n_events": 29249, "total_time": 6998.032873392105}, "batch.accumulate": {"label": "batch.accumulate", "average_duration": 0.0025255194997913007, "n_events": 29249, "total_time": 73.86891984939575}, "batch.backward": {"label": "batch.backward", "average_duration": 0.14432704353736825, "n_events": 29249, "total_time": 4221.421696424484}, "batch.evaluate": {"label": "batch.evaluate", "average_duration": 0.00043323385706925714, "n_events": 29249, "total_time": 12.671657085418701}, "batch.forward": {"label": "batch.forward", "average_duration": 0.06732365793968095, "n_events": 29249, "total_time": 1969.1496710777283}, "batch.reduce": {"label": "batch.reduce", "average_duration": 0.01982165523307206, "n_events": 29249, "total_time": 579.7635939121246}, "batch.step": {"label": "batch.step", "average_duration": 0.0018850217179692242, "n_events": 29249, "total_time": 55.135000228881836}, "epoch_metrics.collect": {"label": "epoch_metrics.collect", "average_duration": 0.007122875060011077, "n_events": 149, "total_time": 1.0613083839416504}, "reduce.compress": {"label": "reduce.compress", "average_duration": 0.007344460184950964, "n_events": 29249, "total_time": 214.81811594963074}, "reduce.decompress": {"label": "reduce.decompress", "average_duration": 6.590930778693573e-05, "n_events": 29249, "total_time": 1.927781343460083}, "reduce.flat_pack": {"label": "reduce.flat_pack", "average_duration": 0.0010994480794086507, "n_events": 58499, "total_time": 64.31661319732666}, "reduce.norm": {"label": "reduce.norm", "average_duration": 0.0013627227202305946, "n_events": 29249, "total_time": 39.85827684402466}, "reduce.reduce.vector": {"label": "reduce.reduce.vector", "average_duration": 0.00013729405079528962, "n_events": 29249, "total_time": 4.015713691711426}, "reduce.setgrad": {"label": "reduce.setgrad", "average_duration": 0.007685536991661808, "n_events": 29249, "total_time": 224.7942714691162}, "test.last": {"label": "test.last", "average_duration": 2.4982870185135195, "n_events": 149, "total_time": 372.2447657585144}}