{"batch": {"label": "batch", "average_duration": 0.18592082460721335, "n_events": 96, "total_time": 17.84839916229248}, "batch.accumulate": {"label": "batch.accumulate", "average_duration": 0.002922693888346354, "n_events": 18, "total_time": 0.052608489990234375}, "batch.backward": {"label": "batch.backward", "average_duration": 0.024396498998006184, "n_events": 96, "total_time": 2.3420639038085938}, "batch.evaluate": {"label": "batch.evaluate", "average_duration": 0.11940158158540726, "n_events": 96, "total_time": 11.462551832199097}, "batch.forward": {"label": "batch.forward", "average_duration": 0.02252420534690221, "n_events": 96, "total_time": 2.1623237133026123}, "batch.reduce": {"label": "batch.reduce", "average_duration": 0.009619474411010742, "n_events": 18, "total_time": 0.17315053939819336}, "batch.step": {"label": "batch.step", "average_duration": 0.008778440455595652, "n_events": 96, "total_time": 0.8427302837371826}, "reduce.allreduce": {"label": "reduce.allreduce", "average_duration": 0.008781380123562284, "n_events": 18, "total_time": 0.1580648422241211}, "reduce.flat_pack": {"label": "reduce.flat_pack", "average_duration": 0.0007137722439236111, "n_events": 18, "total_time": 0.012847900390625}}