{"batch": {"label": "batch", "average_duration": 0.1875429511687916, "n_events": 193, "total_time": 36.19578957557678}, "batch.accumulate": {"label": "batch.accumulate", "average_duration": 0.0028942955864800345, "n_events": 18, "total_time": 0.052097320556640625}, "batch.backward": {"label": "batch.backward", "average_duration": 0.12285728775775494, "n_events": 193, "total_time": 23.711456537246704}, "batch.evaluate": {"label": "batch.evaluate", "average_duration": 0.0007192223800896362, "n_events": 193, "total_time": 0.1388099193572998}, "batch.forward": {"label": "batch.forward", "average_duration": 0.0412548626025106, "n_events": 193, "total_time": 7.962188482284546}, "batch.reduce": {"label": "batch.reduce", "average_duration": 0.0480223364300198, "n_events": 18, "total_time": 0.8644020557403564}, "batch.step": {"label": "batch.step", "average_duration": 0.009186067729416289, "n_events": 193, "total_time": 1.7729110717773438}, "epoch_metrics.collect": {"label": "epoch_metrics.collect", "average_duration": 0.022254228591918945, "n_events": 1, "total_time": 0.022254228591918945}, "reduce.compress": {"label": "reduce.compress", "average_duration": 0.007922199037339952, "n_events": 18, "total_time": 0.14259958267211914}, "reduce.decompress": {"label": "reduce.decompress", "average_duration": 0.0015184746848212348, "n_events": 18, "total_time": 0.027332544326782227}, "reduce.flat_pack": {"label": "reduce.flat_pack", "average_duration": 0.0009276072184244791, "n_events": 18, "total_time": 0.016696929931640625}, "reduce.norm": {"label": "reduce.norm", "average_duration": 0.02821306387583415, "n_events": 18, "total_time": 0.5078351497650146}, "reduce.reduce.vector": {"label": "reduce.reduce.vector", "average_duration": 0.0007162756390041775, "n_events": 18, "total_time": 0.012892961502075195}, "reduce.setgrad": {"label": "reduce.setgrad", "average_duration": 0.008403248257107206, "n_events": 18, "total_time": 0.1512584686279297}, "test.last": {"label": "test.last", "average_duration": 1.5392520427703857, "n_events": 1, "total_time": 1.5392520427703857}}