{"batch": {"label": "batch", "average_duration": 0.18824185979181002, "n_events": 193, "total_time": 36.330678939819336}, "batch.accumulate": {"label": "batch.accumulate", "average_duration": 0.0030514664120144313, "n_events": 18, "total_time": 0.054926395416259766}, "batch.backward": {"label": "batch.backward", "average_duration": 0.024089023856919047, "n_events": 193, "total_time": 4.649181604385376}, "batch.evaluate": {"label": "batch.evaluate", "average_duration": 0.11486645436657525, "n_events": 193, "total_time": 22.169225692749023}, "batch.forward": {"label": "batch.forward", "average_duration": 0.024220876743138765, "n_events": 193, "total_time": 4.674629211425781}, "batch.reduce": {"label": "batch.reduce", "average_duration": 0.06351358360714382, "n_events": 18, "total_time": 1.1432445049285889}, "batch.step": {"label": "batch.step", "average_duration": 0.009184834870649743, "n_events": 193, "total_time": 1.7726731300354004}, "epoch_metrics.collect": {"label": "epoch_metrics.collect", "average_duration": 0.0241544246673584, "n_events": 1, "total_time": 0.0241544246673584}, "reduce.compress": {"label": "reduce.compress", "average_duration": 0.0010702742470635308, "n_events": 18, "total_time": 0.019264936447143555}, "reduce.decompress": {"label": "reduce.decompress", "average_duration": 0.00024002128177218966, "n_events": 18, "total_time": 0.004320383071899414}, "reduce.flat_pack": {"label": "reduce.flat_pack", "average_duration": 0.0007971525192260742, "n_events": 18, "total_time": 0.014348745346069336}, "reduce.norm": {"label": "reduce.norm", "average_duration": 0.05142031775580512, "n_events": 18, "total_time": 0.9255657196044922}, "reduce.reduce.vector": {"label": "reduce.reduce.vector", "average_duration": 0.00013147460089789497, "n_events": 18, "total_time": 0.0023665428161621094}, "reduce.setgrad": {"label": "reduce.setgrad", "average_duration": 0.009532319174872505, "n_events": 18, "total_time": 0.17158174514770508}, "test.last": {"label": "test.last", "average_duration": 1.539276123046875, "n_events": 1, "total_time": 1.539276123046875}}