{"batch": {"label": "batch", "average_duration": 0.21170311476573472, "n_events": 484, "total_time": 102.4643075466156}, "batch.accumulate": {"label": "batch.accumulate", "average_duration": 0.0020682038354479576, "n_events": 484, "total_time": 1.0010106563568115}, "batch.backward": {"label": "batch.backward", "average_duration": 0.12494958924853113, "n_events": 484, "total_time": 60.47560119628906}, "batch.evaluate": {"label": "batch.evaluate", "average_duration": 0.000559179250859032, "n_events": 484, "total_time": 0.2706427574157715}, "batch.forward": {"label": "batch.forward", "average_duration": 0.060233440773546205, "n_events": 484, "total_time": 29.152985334396362}, "batch.reduce": {"label": "batch.reduce", "average_duration": 0.0110942381472627, "n_events": 484, "total_time": 5.3696112632751465}, "batch.step": {"label": "batch.step", "average_duration": 0.009379313011799962, "n_events": 484, "total_time": 4.539587497711182}, "epoch_metrics.collect": {"label": "epoch_metrics.collect", "average_duration": 0.0050241947174072266, "n_events": 4, "total_time": 0.020096778869628906}, "reduce.compress": {"label": "reduce.compress", "average_duration": 0.001549164618342376, "n_events": 484, "total_time": 0.74979567527771}, "reduce.decompress": {"label": "reduce.decompress", "average_duration": 0.00021350876358914968, "n_events": 484, "total_time": 0.10333824157714844}, "reduce.flat_pack": {"label": "reduce.flat_pack", "average_duration": 0.0007614355441952539, "n_events": 484, "total_time": 0.36853480339050293}, "reduce.norm": {"label": "reduce.norm", "average_duration": 0.0007188187157812198, "n_events": 484, "total_time": 0.34790825843811035}, "reduce.reduce.vector": {"label": "reduce.reduce.vector", "average_duration": 0.0008344881790728608, "n_events": 484, "total_time": 0.40389227867126465}, "reduce.setgrad": {"label": "reduce.setgrad", "average_duration": 0.006564914195005558, "n_events": 484, "total_time": 3.1774184703826904}, "test.last": {"label": "test.last", "average_duration": 1.4299792647361755, "n_events": 4, "total_time": 5.719917058944702}}