{"batch": {"label": "batch", "average_duration": 0.3560906513913037, "n_events": 584, "total_time": 207.95694041252136}, "batch.accumulate": {"label": "batch.accumulate", "average_duration": 0.0027304323096024362, "n_events": 38, "total_time": 0.10375642776489258}, "batch.backward": {"label": "batch.backward", "average_duration": 0.12242756926850097, "n_events": 584, "total_time": 71.49770045280457}, "batch.evaluate": {"label": "batch.evaluate", "average_duration": 0.0005630532356157695, "n_events": 584, "total_time": 0.3288230895996094}, "batch.forward": {"label": "batch.forward", "average_duration": 0.0411187863513215, "n_events": 584, "total_time": 24.013371229171753}, "batch.reduce": {"label": "batch.reduce", "average_duration": 2.6175426432960913, "n_events": 38, "total_time": 99.46662044525146}, "batch.step": {"label": "batch.step", "average_duration": 0.008149543445404262, "n_events": 584, "total_time": 4.759333372116089}, "epoch_metrics.collect": {"label": "epoch_metrics.collect", "average_duration": 0.013849496841430664, "n_events": 2, "total_time": 0.027698993682861328}, "reduce.compress": {"label": "reduce.compress", "average_duration": 0.003300779744198448, "n_events": 38, "total_time": 0.12542963027954102}, "reduce.decompress": {"label": "reduce.decompress", "average_duration": 0.0002927466442710475, "n_events": 38, "total_time": 0.011124372482299805}, "reduce.flat_pack": {"label": "reduce.flat_pack", "average_duration": 0.0008924007415771484, "n_events": 38, "total_time": 0.03391122817993164}, "reduce.norm": {"label": "reduce.norm", "average_duration": 2.5963492895427502, "n_events": 38, "total_time": 98.66127300262451}, "reduce.reduce.vector": {"label": "reduce.reduce.vector", "average_duration": 0.008414789250022486, "n_events": 38, "total_time": 0.3197619915008545}, "reduce.setgrad": {"label": "reduce.setgrad", "average_duration": 0.007980233744571083, "n_events": 38, "total_time": 0.30324888229370117}, "test.last": {"label": "test.last", "average_duration": 4.204280972480774, "n_events": 2, "total_time": 8.408561944961548}}