{"batch": {"label": "batch", "average_duration": 0.12545320165568385, "n_events": 290, "total_time": 36.381428480148315}, "batch.accumulate": {"label": "batch.accumulate", "average_duration": 0.0009786685307820637, "n_events": 18, "total_time": 0.01761603355407715}, "batch.backward": {"label": "batch.backward", "average_duration": 0.06520855344575027, "n_events": 290, "total_time": 18.910480499267578}, "batch.evaluate": {"label": "batch.evaluate", "average_duration": 0.0011826063024586646, "n_events": 290, "total_time": 0.3429558277130127}, "batch.forward": {"label": "batch.forward", "average_duration": 0.006373179369959338, "n_events": 290, "total_time": 1.848222017288208}, "batch.reduce": {"label": "batch.reduce", "average_duration": 0.6902364624871148, "n_events": 18, "total_time": 12.424256324768066}, "batch.step": {"label": "batch.step", "average_duration": 0.003592917014812601, "n_events": 290, "total_time": 1.0419459342956543}, "epoch_metrics.collect": {"label": "epoch_metrics.collect", "average_duration": 0.5166096687316895, "n_events": 2, "total_time": 1.033219337463379}, "reduce.compress": {"label": "reduce.compress", "average_duration": 0.017051842477586534, "n_events": 18, "total_time": 0.3069331645965576}, "reduce.decompress": {"label": "reduce.decompress", "average_duration": 0.0009956094953748914, "n_events": 18, "total_time": 0.017920970916748047}, "reduce.flat_pack": {"label": "reduce.flat_pack", "average_duration": 0.0007073216968112522, "n_events": 18, "total_time": 0.012731790542602539}, "reduce.norm": {"label": "reduce.norm", "average_duration": 0.6682375801934136, "n_events": 18, "total_time": 12.028276443481445}, "reduce.setgrad": {"label": "reduce.setgrad", "average_duration": 0.002884878052605523, "n_events": 18, "total_time": 0.051927804946899414}, "test.last": {"label": "test.last", "average_duration": 1.8145743608474731, "n_events": 2, "total_time": 3.6291487216949463}}