{"batch": {"label": "batch", "average_duration": 0.14025899022817612, "n_events": 96, "total_time": 13.464863061904907}, "batch.accumulate": {"label": "batch.accumulate", "average_duration": 0.0009425746070014106, "n_events": 18, "total_time": 0.01696634292602539}, "batch.backward": {"label": "batch.backward", "average_duration": 0.06478473047415416, "n_events": 96, "total_time": 6.219334125518799}, "batch.evaluate": {"label": "batch.evaluate", "average_duration": 0.001215989391009013, "n_events": 96, "total_time": 0.11673498153686523}, "batch.forward": {"label": "batch.forward", "average_duration": 0.006402447819709778, "n_events": 96, "total_time": 0.6146349906921387}, "batch.reduce": {"label": "batch.reduce", "average_duration": 0.25517038504282635, "n_events": 18, "total_time": 4.593066930770874}, "batch.step": {"label": "batch.step", "average_duration": 0.0036013747255007424, "n_events": 96, "total_time": 0.3457319736480713}, "reduce.compress": {"label": "reduce.compress", "average_duration": 0.006815632184346517, "n_events": 18, "total_time": 0.1226813793182373}, "reduce.decompress": {"label": "reduce.decompress", "average_duration": 0.00021791458129882812, "n_events": 18, "total_time": 0.003922462463378906}, "reduce.flat_pack": {"label": "reduce.flat_pack", "average_duration": 0.0006866719987657336, "n_events": 18, "total_time": 0.012360095977783203}, "reduce.norm": {"label": "reduce.norm", "average_duration": 0.24378915627797446, "n_events": 18, "total_time": 4.38820481300354}, "reduce.setgrad": {"label": "reduce.setgrad", "average_duration": 0.002969066301981608, "n_events": 18, "total_time": 0.053443193435668945}}