{"batch": {"label": "batch", "average_duration": 0.05654663405274443, "n_events": 29249, "total_time": 1653.932499408722}, "batch.accumulate": {"label": "batch.accumulate", "average_duration": 0.0010277378754337172, "n_events": 29249, "total_time": 30.06030511856079}, "batch.backward": {"label": "batch.backward", "average_duration": 0.019903281508659665, "n_events": 29249, "total_time": 582.1510808467865}, "batch.evaluate": {"label": "batch.evaluate", "average_duration": 0.000683981600596463, "n_events": 29249, "total_time": 20.005777835845947}, "batch.forward": {"label": "batch.forward", "average_duration": 0.011374998648572839, "n_events": 29249, "total_time": 332.70733547210693}, "batch.reduce": {"label": "batch.reduce", "average_duration": 0.014956897962007356, "n_events": 29249, "total_time": 437.4743084907532}, "batch.step": {"label": "batch.step", "average_duration": 0.005569071552725653, "n_events": 29249, "total_time": 162.8897738456726}, "epoch_metrics.collect": {"label": "epoch_metrics.collect", "average_duration": 0.0037454326680842662, "n_events": 149, "total_time": 0.5580694675445557}, "reduce.compress": {"label": "reduce.compress", "average_duration": 0.005166861847032338, "n_events": 29249, "total_time": 151.12554216384888}, "reduce.decompress": {"label": "reduce.decompress", "average_duration": 0.00043986574752240547, "n_events": 29249, "total_time": 12.865633249282837}, "reduce.flat_pack": {"label": "reduce.flat_pack", "average_duration": 0.0006865804845636541, "n_events": 29249, "total_time": 20.08179259300232}, "reduce.norm": {"label": "reduce.norm", "average_duration": 0.0009318529069882188, "n_events": 29249, "total_time": 27.255765676498413}, "reduce.reduce.vector": {"label": "reduce.reduce.vector", "average_duration": 0.004162284336626772, "n_events": 29249, "total_time": 121.74265456199646}, "reduce.setgrad": {"label": "reduce.setgrad", "average_duration": 0.0033374937942991616, "n_events": 29249, "total_time": 97.61835598945618}, "test.last": {"label": "test.last", "average_duration": 1.0590448235505379, "n_events": 149, "total_time": 157.79767870903015}}