{"batch": {"label": "batch", "average_duration": 0.053769586131024054, "n_events": 29249, "total_time": 1572.7066247463226}, "batch.accumulate": {"label": "batch.accumulate", "average_duration": 0.001097322288768027, "n_events": 29249, "total_time": 32.095579624176025}, "batch.backward": {"label": "batch.backward", "average_duration": 0.007837418266971187, "n_events": 29249, "total_time": 229.23664689064026}, "batch.evaluate": {"label": "batch.evaluate", "average_duration": 0.018072774216327397, "n_events": 29249, "total_time": 528.61057305336}, "batch.forward": {"label": "batch.forward", "average_duration": 0.004696997590641954, "n_events": 29249, "total_time": 137.38248252868652}, "batch.reduce": {"label": "batch.reduce", "average_duration": 0.01275757568840891, "n_events": 29249, "total_time": 373.1463313102722}, "batch.step": {"label": "batch.step", "average_duration": 0.006224493290967275, "n_events": 29249, "total_time": 182.06020426750183}, "epoch_metrics.collect": {"label": "epoch_metrics.collect", "average_duration": 0.005341965080107618, "n_events": 149, "total_time": 0.7959527969360352}, "reduce.compress": {"label": "reduce.compress", "average_duration": 0.00040437868792499865, "n_events": 29249, "total_time": 11.827672243118286}, "reduce.decompress": {"label": "reduce.decompress", "average_duration": 8.210346325348045e-05, "n_events": 29249, "total_time": 2.40144419670105}, "reduce.flat_pack": {"label": "reduce.flat_pack", "average_duration": 0.00036186549010539757, "n_events": 29249, "total_time": 10.584203720092773}, "reduce.norm": {"label": "reduce.norm", "average_duration": 0.008122472927066509, "n_events": 29249, "total_time": 237.5742106437683}, "reduce.reduce.vector": {"label": "reduce.reduce.vector", "average_duration": 0.0001295987119136368, "n_events": 29249, "total_time": 3.790632724761963}, "reduce.setgrad": {"label": "reduce.setgrad", "average_duration": 0.0034492523341126888, "n_events": 29249, "total_time": 100.88718152046204}, "test.last": {"label": "test.last", "average_duration": 1.026581469798248, "n_events": 149, "total_time": 152.96063899993896}}