{"batch": {"label": "batch", "average_duration": 0.18940081944068274, "n_events": 96, "total_time": 18.182478666305542}, "batch.accumulate": {"label": "batch.accumulate", "average_duration": 0.002932376331753201, "n_events": 18, "total_time": 0.05278277397155762}, "batch.backward": {"label": "batch.backward", "average_duration": 0.02578432361284892, "n_events": 96, "total_time": 2.475295066833496}, "batch.evaluate": {"label": "batch.evaluate", "average_duration": 0.1143724446495374, "n_events": 96, "total_time": 10.97975468635559}, "batch.forward": {"label": "batch.forward", "average_duration": 0.025647098819414776, "n_events": 96, "total_time": 2.4621214866638184}, "batch.reduce": {"label": "batch.reduce", "average_duration": 0.012344744470384385, "n_events": 18, "total_time": 0.22220540046691895}, "batch.step": {"label": "batch.step", "average_duration": 0.008883980413277945, "n_events": 96, "total_time": 0.8528621196746826}, "reduce.compress": {"label": "reduce.compress", "average_duration": 0.00040855672624376084, "n_events": 18, "total_time": 0.007354021072387695}, "reduce.decompress": {"label": "reduce.decompress", "average_duration": 8.508894178602431e-05, "n_events": 18, "total_time": 0.0015316009521484375}, "reduce.flat_pack": {"label": "reduce.flat_pack", "average_duration": 0.0007283687591552734, "n_events": 18, "total_time": 0.013110637664794922}, "reduce.norm": {"label": "reduce.norm", "average_duration": 0.0019668075773451063, "n_events": 18, "total_time": 0.035402536392211914}, "reduce.reduce.vector": {"label": "reduce.reduce.vector", "average_duration": 0.00014071994357638888, "n_events": 18, "total_time": 0.002532958984375}, "reduce.setgrad": {"label": "reduce.setgrad", "average_duration": 0.008705880906846788, "n_events": 18, "total_time": 0.1567058563232422}}