{"batch": {"label": "batch", "average_duration": 0.18582259539900156, "n_events": 290, "total_time": 53.88855266571045}, "batch.accumulate": {"label": "batch.accumulate", "average_duration": 0.0031575626797146266, "n_events": 18, "total_time": 0.05683612823486328}, "batch.backward": {"label": "batch.backward", "average_duration": 0.1235443797604791, "n_events": 290, "total_time": 35.82787013053894}, "batch.evaluate": {"label": "batch.evaluate", "average_duration": 0.0007785871111113449, "n_events": 290, "total_time": 0.22579026222229004}, "batch.forward": {"label": "batch.forward", "average_duration": 0.04142140191176842, "n_events": 290, "total_time": 12.012206554412842}, "batch.reduce": {"label": "batch.reduce", "average_duration": 0.019873128996955022, "n_events": 18, "total_time": 0.35771632194519043}, "batch.step": {"label": "batch.step", "average_duration": 0.0097552176179557, "n_events": 290, "total_time": 2.8290131092071533}, "epoch_metrics.collect": {"label": "epoch_metrics.collect", "average_duration": 0.004639267921447754, "n_events": 2, "total_time": 0.009278535842895508}, "reduce.allreduce": {"label": "reduce.allreduce", "average_duration": 0.018686665429009333, "n_events": 18, "total_time": 0.33635997772216797}, "reduce.flat_pack": {"label": "reduce.flat_pack", "average_duration": 0.0010519160164727105, "n_events": 18, "total_time": 0.01893448829650879}, "test.last": {"label": "test.last", "average_duration": 1.4890291690826416, "n_events": 2, "total_time": 2.978058338165283}, "reduce_times": [0.010643959045410156, 0.011014223098754883, 0.010425806045532227, 0.010454416275024414, 0.014594793319702148, 0.05144834518432617, 0.06952309608459473, 0.0227353572845459, 0.010871410369873047, 0.01046133041381836, 0.011156082153320312, 0.011026144027709961, 0.05780482292175293, 0.01050257682800293, 0.011133670806884766, 0.01106715202331543, 0.011219978332519531, 0.011241912841796875, 0.01103520393371582]}