{"batch": {"label": "batch", "average_duration": 0.18208143546663483, "n_events": 290, "total_time": 52.8036162853241}, "batch.accumulate": {"label": "batch.accumulate", "average_duration": 0.0029704968134562173, "n_events": 18, "total_time": 0.053468942642211914}, "batch.backward": {"label": "batch.backward", "average_duration": 0.025717343955204405, "n_events": 290, "total_time": 7.458029747009277}, "batch.evaluate": {"label": "batch.evaluate", "average_duration": 0.11244264306693241, "n_events": 290, "total_time": 32.6083664894104}, "batch.forward": {"label": "batch.forward", "average_duration": 0.025147367345875707, "n_events": 290, "total_time": 7.292736530303955}, "batch.reduce": {"label": "batch.reduce", "average_duration": 0.009854767057630751, "n_events": 18, "total_time": 0.17738580703735352}, "batch.step": {"label": "batch.step", "average_duration": 0.009250686086457351, "n_events": 290, "total_time": 2.682698965072632}, "epoch_metrics.collect": {"label": "epoch_metrics.collect", "average_duration": 0.044969797134399414, "n_events": 2, "total_time": 0.08993959426879883}, "reduce.allreduce": {"label": "reduce.allreduce", "average_duration": 0.008975929684109159, "n_events": 18, "total_time": 0.16156673431396484}, "reduce.flat_pack": {"label": "reduce.flat_pack", "average_duration": 0.0007496277491251627, "n_events": 18, "total_time": 0.01349329948425293}, "test.last": {"label": "test.last", "average_duration": 1.4888477325439453, "n_events": 2, "total_time": 2.9776954650878906}, "reduce_times": [0.010341882705688477, 0.01005697250366211, 0.009720325469970703, 0.009510993957519531, 0.009589910507202148, 0.009634971618652344, 0.010141611099243164, 0.009679794311523438, 0.009668350219726562, 0.009572029113769531, 0.00968480110168457, 0.009608268737792969, 0.010313272476196289, 0.01006007194519043, 0.010016441345214844, 0.009964704513549805, 0.010109424591064453, 0.010005474090576172, 0.010048389434814453]}