{"batch": {"label": "batch", "average_duration": 0.1848360442951934, "n_events": 584, "total_time": 107.94424986839294}, "batch.accumulate": {"label": "batch.accumulate", "average_duration": 0.002587036082619115, "n_events": 38, "total_time": 0.09830737113952637}, "batch.backward": {"label": "batch.backward", "average_duration": 0.12483871636325367, "n_events": 584, "total_time": 72.90581035614014}, "batch.evaluate": {"label": "batch.evaluate", "average_duration": 0.0005565469395624448, "n_events": 584, "total_time": 0.3250234127044678}, "batch.forward": {"label": "batch.forward", "average_duration": 0.041676794829433914, "n_events": 584, "total_time": 24.339248180389404}, "batch.reduce": {"label": "batch.reduce", "average_duration": 0.01470032491182026, "n_events": 38, "total_time": 0.5586123466491699}, "batch.step": {"label": "batch.step", "average_duration": 0.008576802194935002, "n_events": 584, "total_time": 5.008852481842041}, "epoch_metrics.collect": {"label": "epoch_metrics.collect", "average_duration": 0.004576444625854492, "n_events": 2, "total_time": 0.009152889251708984}, "reduce.compress": {"label": "reduce.compress", "average_duration": 0.003273982750742059, "n_events": 38, "total_time": 0.12441134452819824}, "reduce.decompress": {"label": "reduce.decompress", "average_duration": 0.0002919686468024003, "n_events": 38, "total_time": 0.011094808578491211}, "reduce.flat_pack": {"label": "reduce.flat_pack", "average_duration": 0.0008897091213025545, "n_events": 38, "total_time": 0.03380894660949707}, "reduce.norm": {"label": "reduce.norm", "average_duration": 0.0005324388805188631, "n_events": 38, "total_time": 0.020232677459716797}, "reduce.reduce.vector": {"label": "reduce.reduce.vector", "average_duration": 0.001491521534166838, "n_events": 38, "total_time": 0.056677818298339844}, "reduce.setgrad": {"label": "reduce.setgrad", "average_duration": 0.00794643477389687, "n_events": 38, "total_time": 0.30196452140808105}, "test.last": {"label": "test.last", "average_duration": 2.6640466451644897, "n_events": 2, "total_time": 5.3280932903289795}}