{"batch": {"label": "batch", "average_duration": 0.18676970659759995, "n_events": 193, "total_time": 36.04655337333679}, "batch.accumulate": {"label": "batch.accumulate", "average_duration": 0.0030645132064819336, "n_events": 18, "total_time": 0.055161237716674805}, "batch.backward": {"label": "batch.backward", "average_duration": 0.025551133822900644, "n_events": 193, "total_time": 4.931368827819824}, "batch.evaluate": {"label": "batch.evaluate", "average_duration": 0.11671506432053956, "n_events": 193, "total_time": 22.526007413864136}, "batch.forward": {"label": "batch.forward", "average_duration": 0.02345193729499461, "n_events": 193, "total_time": 4.52622389793396}, "batch.reduce": {"label": "batch.reduce", "average_duration": 0.02739690409766303, "n_events": 18, "total_time": 0.49314427375793457}, "batch.step": {"label": "batch.step", "average_duration": 0.009182430919587922, "n_events": 193, "total_time": 1.7722091674804688}, "epoch_metrics.collect": {"label": "epoch_metrics.collect", "average_duration": 0.0010037422180175781, "n_events": 1, "total_time": 0.0010037422180175781}, "reduce.compress": {"label": "reduce.compress", "average_duration": 0.0010017951329549153, "n_events": 18, "total_time": 0.018032312393188477}, "reduce.decompress": {"label": "reduce.decompress", "average_duration": 0.00021657678816053603, "n_events": 18, "total_time": 0.0038983821868896484}, "reduce.flat_pack": {"label": "reduce.flat_pack", "average_duration": 0.0007407002978854709, "n_events": 18, "total_time": 0.013332605361938477}, "reduce.norm": {"label": "reduce.norm", "average_duration": 0.016254054175482854, "n_events": 18, "total_time": 0.2925729751586914}, "reduce.reduce.vector": {"label": "reduce.reduce.vector", "average_duration": 0.0001245472166273329, "n_events": 18, "total_time": 0.002241849899291992}, "reduce.setgrad": {"label": "reduce.setgrad", "average_duration": 0.008756531609429253, "n_events": 18, "total_time": 0.15761756896972656}, "test.last": {"label": "test.last", "average_duration": 1.458362102508545, "n_events": 1, "total_time": 1.458362102508545}, "reduce_times": [0.11922597885131836, 0.025110721588134766, 0.024798154830932617, 0.011925458908081055, 0.022797822952270508, 0.011732816696166992, 0.028422832489013672, 0.0316619873046875, 0.03059697151184082, 0.012279033660888672, 0.027628660202026367, 0.0390625, 0.03511857986450195, 0.03131604194641113, 0.03143644332885742, 0.03643631935119629, 0.03205513954162598, 0.02907395362854004, 0.03169083595275879]}