{"batch": {"label": "batch", "average_duration": 0.186987311111213, "n_events": 193, "total_time": 36.08855104446411}, "batch.accumulate": {"label": "batch.accumulate", "average_duration": 0.00295771492852105, "n_events": 18, "total_time": 0.053238868713378906}, "batch.backward": {"label": "batch.backward", "average_duration": 0.025301676340053737, "n_events": 193, "total_time": 4.883223533630371}, "batch.evaluate": {"label": "batch.evaluate", "average_duration": 0.11476377872605398, "n_events": 193, "total_time": 22.149409294128418}, "batch.forward": {"label": "batch.forward", "average_duration": 0.023342688466600803, "n_events": 193, "total_time": 4.505138874053955}, "batch.reduce": {"label": "batch.reduce", "average_duration": 0.05709211031595866, "n_events": 18, "total_time": 1.0276579856872559}, "batch.step": {"label": "batch.step", "average_duration": 0.008939767748580695, "n_events": 193, "total_time": 1.7253751754760742}, "epoch_metrics.collect": {"label": "epoch_metrics.collect", "average_duration": 0.00882267951965332, "n_events": 1, "total_time": 0.00882267951965332}, "reduce.compress": {"label": "reduce.compress", "average_duration": 0.0009993712107340496, "n_events": 18, "total_time": 0.01798868179321289}, "reduce.decompress": {"label": "reduce.decompress", "average_duration": 0.00022064314948187934, "n_events": 18, "total_time": 0.003971576690673828}, "reduce.flat_pack": {"label": "reduce.flat_pack", "average_duration": 0.0007598929935031467, "n_events": 18, "total_time": 0.01367807388305664}, "reduce.norm": {"label": "reduce.norm", "average_duration": 0.04600086477067736, "n_events": 18, "total_time": 0.8280155658721924}, "reduce.reduce.vector": {"label": "reduce.reduce.vector", "average_duration": 0.00012636184692382812, "n_events": 18, "total_time": 0.0022745132446289062}, "reduce.setgrad": {"label": "reduce.setgrad", "average_duration": 0.00867013136545817, "n_events": 18, "total_time": 0.15606236457824707}, "test.last": {"label": "test.last", "average_duration": 1.4584226608276367, "n_events": 1, "total_time": 1.4584226608276367}, "reduce_times": [0.16461825370788574, 0.05031418800354004, 0.054604530334472656, 0.06941604614257812, 0.0455784797668457, 0.05704998970031738, 0.04799532890319824, 0.055090904235839844, 0.05545234680175781, 0.05670785903930664, 0.04783201217651367, 0.06193184852600098, 0.0581052303314209, 0.060556888580322266, 0.0614018440246582, 0.06608390808105469, 0.05483055114746094, 0.06029486656188965, 0.06441116333007812]}