{"batch": {"label": "batch", "average_duration": 0.04859677746555399, "n_events": 974, "total_time": 47.333261251449585}, "batch.accumulate": {"label": "batch.accumulate", "average_duration": 0.0010413528712623172, "n_events": 974, "total_time": 1.014277696609497}, "batch.backward": {"label": "batch.backward", "average_duration": 0.019903316879664113, "n_events": 974, "total_time": 19.385830640792847}, "batch.evaluate": {"label": "batch.evaluate", "average_duration": 0.0006696257503125702, "n_events": 974, "total_time": 0.6522154808044434}, "batch.forward": {"label": "batch.forward", "average_duration": 0.011453394527552799, "n_events": 974, "total_time": 11.155606269836426}, "batch.reduce": {"label": "batch.reduce", "average_duration": 0.006863845692033395, "n_events": 974, "total_time": 6.685385704040527}, "batch.step": {"label": "batch.step", "average_duration": 0.0057140209346826076, "n_events": 974, "total_time": 5.565456390380859}, "epoch_metrics.collect": {"label": "epoch_metrics.collect", "average_duration": 0.007131338119506836, "n_events": 4, "total_time": 0.028525352478027344}, "reduce.compress": {"label": "reduce.compress", "average_duration": 0.0010029488765238737, "n_events": 974, "total_time": 0.9768722057342529}, "reduce.decompress": {"label": "reduce.decompress", "average_duration": 0.00020742122642313432, "n_events": 974, "total_time": 0.2020282745361328}, "reduce.flat_pack": {"label": "reduce.flat_pack", "average_duration": 0.0006735268559543993, "n_events": 974, "total_time": 0.656015157699585}, "reduce.norm": {"label": "reduce.norm", "average_duration": 0.0009546155067929497, "n_events": 974, "total_time": 0.929795503616333}, "reduce.reduce.vector": {"label": "reduce.reduce.vector", "average_duration": 0.0001399703094357093, "n_events": 974, "total_time": 0.13633108139038086}, "reduce.setgrad": {"label": "reduce.setgrad", "average_duration": 0.0034622671178234188, "n_events": 974, "total_time": 3.3722481727600098}, "test.last": {"label": "test.last", "average_duration": 1.230748176574707, "n_events": 4, "total_time": 4.922992706298828}}