{"batch": {"label": "batch", "average_duration": 0.24348868762166048, "n_events": 484, "total_time": 117.84852480888367}, "batch.accumulate": {"label": "batch.accumulate", "average_duration": 0.002018795525732119, "n_events": 484, "total_time": 0.9770970344543457}, "batch.backward": {"label": "batch.backward", "average_duration": 0.12400246799484757, "n_events": 484, "total_time": 60.017194509506226}, "batch.evaluate": {"label": "batch.evaluate", "average_duration": 0.0007682511629151904, "n_events": 484, "total_time": 0.37183356285095215}, "batch.forward": {"label": "batch.forward", "average_duration": 0.06030433581880301, "n_events": 484, "total_time": 29.18729853630066}, "batch.reduce": {"label": "batch.reduce", "average_duration": 0.04362413902913243, "n_events": 484, "total_time": 21.114083290100098}, "batch.step": {"label": "batch.step", "average_duration": 0.008868586425938883, "n_events": 484, "total_time": 4.292395830154419}, "epoch_metrics.collect": {"label": "epoch_metrics.collect", "average_duration": 0.005620419979095459, "n_events": 4, "total_time": 0.022481679916381836}, "reduce.allocate_memory": {"label": "reduce.allocate_memory", "average_duration": 0.0007644901590899003, "n_events": 484, "total_time": 0.3700132369995117}, "reduce.compute.p": {"label": "reduce.compute.p", "average_duration": 0.0016423286485277918, "n_events": 484, "total_time": 0.7948870658874512}, "reduce.compute.q": {"label": "reduce.compute.q", "average_duration": 0.0018940671416353588, "n_events": 484, "total_time": 0.9167284965515137}, "reduce.normalize.p": {"label": "reduce.normalize.p", "average_duration": 0.01370216795235626, "n_events": 484, "total_time": 6.63184928894043}, "reduce.outerprod": {"label": "reduce.outerprod", "average_duration": 0.0038535452086078236, "n_events": 484, "total_time": 1.8651158809661865}, "reduce.p": {"label": "reduce.p", "average_duration": 0.0067370361533046754, "n_events": 484, "total_time": 3.260725498199463}, "reduce.prepare.q": {"label": "reduce.prepare.q", "average_duration": 0.0007571139611488531, "n_events": 484, "total_time": 0.3664431571960449}, "reduce.q": {"label": "reduce.q", "average_duration": 0.004061614186310571, "n_events": 484, "total_time": 1.9658212661743164}, "reduce.rank1.all_reduce": {"label": "reduce.rank1.all_reduce", "average_duration": 0.0015897632630403377, "n_events": 484, "total_time": 0.7694454193115234}, "reduce.rank1.pack": {"label": "reduce.rank1.pack", "average_duration": 0.0005709666851138281, "n_events": 484, "total_time": 0.2763478755950928}, "reduce.rank1.unpack": {"label": "reduce.rank1.unpack", "average_duration": 0.0020884452772534584, "n_events": 484, "total_time": 1.0108075141906738}, "test.last": {"label": "test.last", "average_duration": 1.4324902892112732, "n_events": 4, "total_time": 5.729961156845093}}