{"batch": {"label": "batch", "average_duration": 0.12956743633624204, "n_events": 194, "total_time": 25.136082649230957}, "batch.accumulate": {"label": "batch.accumulate", "average_duration": 0.0009694852327045641, "n_events": 38, "total_time": 0.03684043884277344}, "batch.backward": {"label": "batch.backward", "average_duration": 0.06486585336862151, "n_events": 194, "total_time": 12.583975553512573}, "batch.evaluate": {"label": "batch.evaluate", "average_duration": 0.0012079784550617651, "n_events": 194, "total_time": 0.23434782028198242}, "batch.forward": {"label": "batch.forward", "average_duration": 0.006276184750586441, "n_events": 194, "total_time": 1.2175798416137695}, "batch.reduce": {"label": "batch.reduce", "average_duration": 0.24932281594527395, "n_events": 38, "total_time": 9.47426700592041}, "batch.step": {"label": "batch.step", "average_duration": 0.0032939984626376754, "n_events": 194, "total_time": 0.639035701751709}, "reduce.allreduce": {"label": "reduce.allreduce", "average_duration": 0.24852292788656136, "n_events": 38, "total_time": 9.443871259689331}, "reduce.flat_pack": {"label": "reduce.flat_pack", "average_duration": 0.0006869341197766756, "n_events": 38, "total_time": 0.026103496551513672}}