{"batch": {"label": "batch", "average_duration": 0.18728662547159255, "n_events": 779, "total_time": 145.8962812423706}, "batch.accumulate": {"label": "batch.accumulate", "average_duration": 0.0027098467475489565, "n_events": 38, "total_time": 0.10297417640686035}, "batch.backward": {"label": "batch.backward", "average_duration": 0.12467812359409552, "n_events": 779, "total_time": 97.12425827980042}, "batch.evaluate": {"label": "batch.evaluate", "average_duration": 0.0006024320257184442, "n_events": 779, "total_time": 0.46929454803466797}, "batch.forward": {"label": "batch.forward", "average_duration": 0.04170068207080924, "n_events": 779, "total_time": 32.4848313331604}, "batch.reduce": {"label": "batch.reduce", "average_duration": 0.011677597698412444, "n_events": 38, "total_time": 0.44374871253967285}, "batch.step": {"label": "batch.step", "average_duration": 0.0091851850223174, "n_events": 779, "total_time": 7.155259132385254}, "epoch_metrics.collect": {"label": "epoch_metrics.collect", "average_duration": 0.003477891286214193, "n_events": 3, "total_time": 0.010433673858642578}, "reduce.compress": {"label": "reduce.compress", "average_duration": 0.000984712650901393, "n_events": 38, "total_time": 0.03741908073425293}, "reduce.decompress": {"label": "reduce.decompress", "average_duration": 0.00022213709981817948, "n_events": 38, "total_time": 0.00844120979309082}, "reduce.flat_pack": {"label": "reduce.flat_pack", "average_duration": 0.0009260679546155428, "n_events": 38, "total_time": 0.035190582275390625}, "reduce.norm": {"label": "reduce.norm", "average_duration": 0.0004065915157920436, "n_events": 38, "total_time": 0.015450477600097656}, "reduce.reduce.vector": {"label": "reduce.reduce.vector", "average_duration": 0.0001306345588282535, "n_events": 38, "total_time": 0.004964113235473633}, "reduce.setgrad": {"label": "reduce.setgrad", "average_duration": 0.008531620627955386, "n_events": 38, "total_time": 0.3242015838623047}, "test.last": {"label": "test.last", "average_duration": 2.671523094177246, "n_events": 3, "total_time": 8.014569282531738}}