{"batch": {"label": "batch", "average_duration": 0.12877436163005698, "n_events": 58499, "total_time": 7533.171380996704}, "batch.accumulate": {"label": "batch.accumulate", "average_duration": 0.00260331054865131, "n_events": 58499, "total_time": 152.29106378555298}, "batch.backward": {"label": "batch.backward", "average_duration": 0.07444920143952082, "n_events": 58499, "total_time": 4355.203835010529}, "batch.evaluate": {"label": "batch.evaluate", "average_duration": 0.0004622089338904986, "n_events": 58499, "total_time": 27.03876042366028}, "batch.forward": {"label": "batch.forward", "average_duration": 0.03420242145470317, "n_events": 58499, "total_time": 2000.8074526786804}, "batch.reduce": {"label": "batch.reduce", "average_duration": 0.011922212512609817, "n_events": 58499, "total_time": 697.4375097751617}, "batch.step": {"label": "batch.step", "average_duration": 0.0019354035942820895, "n_events": 58499, "total_time": 113.21917486190796}, "epoch_metrics.collect": {"label": "epoch_metrics.collect", "average_duration": 0.0066182437359086615, "n_events": 149, "total_time": 0.9861183166503906}, "reduce.compress": {"label": "reduce.compress", "average_duration": 0.000317157554851438, "n_events": 58499, "total_time": 18.553399801254272}, "reduce.decompress": {"label": "reduce.decompress", "average_duration": 7.318074455542284e-05, "n_events": 58499, "total_time": 4.281000375747681}, "reduce.flat_pack": {"label": "reduce.flat_pack", "average_duration": 0.001170575132728485, "n_events": 58499, "total_time": 68.47747468948364}, "reduce.norm": {"label": "reduce.norm", "average_duration": 0.0007517133896757484, "n_events": 58499, "total_time": 43.9744815826416}, "reduce.reduce.vector": {"label": "reduce.reduce.vector", "average_duration": 0.0001525053678572664, "n_events": 58499, "total_time": 8.921411514282227}, "reduce.setgrad": {"label": "reduce.setgrad", "average_duration": 0.008274900271127598, "n_events": 58499, "total_time": 484.07339096069336}, "test.last": {"label": "test.last", "average_duration": 2.4985379420670886, "n_events": 149, "total_time": 372.2821533679962}}