{"batch": {"label": "batch", "average_duration": 0.22629071168663087, "n_events": 484, "total_time": 109.52470445632935}, "batch.accumulate": {"label": "batch.accumulate", "average_duration": 0.001864150535961813, "n_events": 484, "total_time": 0.9022488594055176}, "batch.backward": {"label": "batch.backward", "average_duration": 0.1222909752987633, "n_events": 484, "total_time": 59.18883204460144}, "batch.evaluate": {"label": "batch.evaluate", "average_duration": 0.0004983401495563097, "n_events": 484, "total_time": 0.2411966323852539}, "batch.forward": {"label": "batch.forward", "average_duration": 0.059738353756833666, "n_events": 484, "total_time": 28.913363218307495}, "batch.reduce": {"label": "batch.reduce", "average_duration": 0.030220609065914943, "n_events": 484, "total_time": 14.626774787902832}, "batch.step": {"label": "batch.step", "average_duration": 0.008380121436000856, "n_events": 484, "total_time": 4.055978775024414}, "epoch_metrics.collect": {"label": "epoch_metrics.collect", "average_duration": 0.008854031562805176, "n_events": 4, "total_time": 0.0354161262512207}, "reduce.allocate_memory": {"label": "reduce.allocate_memory", "average_duration": 0.0007798834280534224, "n_events": 484, "total_time": 0.37746357917785645}, "reduce.compute.p": {"label": "reduce.compute.p", "average_duration": 0.0012710838278463064, "n_events": 484, "total_time": 0.6152045726776123}, "reduce.compute.q": {"label": "reduce.compute.q", "average_duration": 0.002288851363599793, "n_events": 484, "total_time": 1.1078040599822998}, "reduce.normalize.p": {"label": "reduce.normalize.p", "average_duration": 0.004907730197118334, "n_events": 484, "total_time": 2.3753414154052734}, "reduce.outerprod": {"label": "reduce.outerprod", "average_duration": 0.0037597314385343188, "n_events": 484, "total_time": 1.8197100162506104}, "reduce.p": {"label": "reduce.p", "average_duration": 0.005113805621123511, "n_events": 484, "total_time": 2.4750819206237793}, "reduce.prepare.q": {"label": "reduce.prepare.q", "average_duration": 0.0007276771482357309, "n_events": 484, "total_time": 0.35219573974609375}, "reduce.q": {"label": "reduce.q", "average_duration": 0.0017686299056061043, "n_events": 484, "total_time": 0.8560168743133545}, "reduce.rank1.all_reduce": {"label": "reduce.rank1.all_reduce", "average_duration": 0.001535256046894168, "n_events": 484, "total_time": 0.7430639266967773}, "reduce.rank1.pack": {"label": "reduce.rank1.pack", "average_duration": 0.00037047242330125543, "n_events": 484, "total_time": 0.17930865287780762}, "reduce.rank1.unpack": {"label": "reduce.rank1.unpack", "average_duration": 0.0020462397701484112, "n_events": 484, "total_time": 0.990380048751831}, "test.last": {"label": "test.last", "average_duration": 1.4037569165229797, "n_events": 4, "total_time": 5.615027666091919}}