{"batch": {"label": "batch", "average_duration": 0.25546923528114956, "n_events": 96, "total_time": 24.525046586990356}, "batch.accumulate": {"label": "batch.accumulate", "average_duration": 0.0021623472372690835, "n_events": 96, "total_time": 0.20758533477783203}, "batch.backward": {"label": "batch.backward", "average_duration": 0.0817234714825948, "n_events": 96, "total_time": 7.845453262329102}, "batch.evaluate": {"label": "batch.evaluate", "average_duration": 0.0005084822575251261, "n_events": 96, "total_time": 0.04881429672241211}, "batch.forward": {"label": "batch.forward", "average_duration": 0.03582397848367691, "n_events": 96, "total_time": 3.4391019344329834}, "batch.reduce": {"label": "batch.reduce", "average_duration": 0.1232324739297231, "n_events": 96, "total_time": 11.830317497253418}, "batch.step": {"label": "batch.step", "average_duration": 0.008175815145174662, "n_events": 96, "total_time": 0.7848782539367676}, "reduce.allreduce": {"label": "reduce.allreduce", "average_duration": 0.12221951285998027, "n_events": 96, "total_time": 11.733073234558105}, "reduce.flat_pack": {"label": "reduce.flat_pack", "average_duration": 0.0008412847916285197, "n_events": 96, "total_time": 0.08076333999633789}}