{"batch": {"label": "batch", "average_duration": 0.2657779729341824, "n_events": 974, "total_time": 258.8677456378937}, "batch.accumulate": {"label": "batch.accumulate", "average_duration": 0.002671102478763651, "n_events": 974, "total_time": 2.601653814315796}, "batch.backward": {"label": "batch.backward", "average_duration": 0.023159049864422368, "n_events": 974, "total_time": 22.556914567947388}, "batch.evaluate": {"label": "batch.evaluate", "average_duration": 0.17439086579199445, "n_events": 974, "total_time": 169.8567032814026}, "batch.forward": {"label": "batch.forward", "average_duration": 0.012583636160503913, "n_events": 974, "total_time": 12.25646162033081}, "batch.reduce": {"label": "batch.reduce", "average_duration": 0.03143904194449987, "n_events": 974, "total_time": 30.62162685394287}, "batch.step": {"label": "batch.step", "average_duration": 0.014571783968555364, "n_events": 974, "total_time": 14.192917585372925}, "epoch_metrics.collect": {"label": "epoch_metrics.collect", "average_duration": 0.01841425895690918, "n_events": 4, "total_time": 0.07365703582763672}, "reduce.compress": {"label": "reduce.compress", "average_duration": 0.00032851950588657134, "n_events": 974, "total_time": 0.3199779987335205}, "reduce.decompress": {"label": "reduce.decompress", "average_duration": 6.999984169398001e-05, "n_events": 974, "total_time": 0.06817984580993652}, "reduce.flat_pack": {"label": "reduce.flat_pack", "average_duration": 0.0005898864851839978, "n_events": 974, "total_time": 0.5745494365692139}, "reduce.norm": {"label": "reduce.norm", "average_duration": 0.021880671718526916, "n_events": 974, "total_time": 21.311774253845215}, "reduce.reduce.vector": {"label": "reduce.reduce.vector", "average_duration": 0.00010552935042175669, "n_events": 974, "total_time": 0.10278558731079102}, "reduce.setgrad": {"label": "reduce.setgrad", "average_duration": 0.00827694012643865, "n_events": 974, "total_time": 8.061739683151245}, "test.last": {"label": "test.last", "average_duration": 2.4960169196128845, "n_events": 4, "total_time": 9.984067678451538}}