{"batch": {"label": "batch", "average_duration": 0.14373331572398668, "n_events": 484, "total_time": 69.56692481040955}, "batch.accumulate": {"label": "batch.accumulate", "average_duration": 0.0006733581054309183, "n_events": 484, "total_time": 0.32590532302856445}, "batch.backward": {"label": "batch.backward", "average_duration": 0.06283720268690882, "n_events": 484, "total_time": 30.413206100463867}, "batch.evaluate": {"label": "batch.evaluate", "average_duration": 0.0005040533286480865, "n_events": 484, "total_time": 0.24396181106567383}, "batch.forward": {"label": "batch.forward", "average_duration": 0.05343717435174737, "n_events": 484, "total_time": 25.863592386245728}, "batch.reduce": {"label": "batch.reduce", "average_duration": 0.021727237819640106, "n_events": 484, "total_time": 10.51598310470581}, "batch.step": {"label": "batch.step", "average_duration": 0.0032555456003866903, "n_events": 484, "total_time": 1.5756840705871582}, "epoch_metrics.collect": {"label": "epoch_metrics.collect", "average_duration": 0.007888615131378174, "n_events": 4, "total_time": 0.031554460525512695}, "reduce.allocate_memory": {"label": "reduce.allocate_memory", "average_duration": 0.0002114590534493943, "n_events": 484, "total_time": 0.10234618186950684}, "reduce.compute.p": {"label": "reduce.compute.p", "average_duration": 0.0005302182899033727, "n_events": 484, "total_time": 0.2566256523132324}, "reduce.compute.q": {"label": "reduce.compute.q", "average_duration": 0.0005816063605064203, "n_events": 484, "total_time": 0.2814974784851074}, "reduce.normalize.p": {"label": "reduce.normalize.p", "average_duration": 0.0037414204975790228, "n_events": 484, "total_time": 1.810847520828247}, "reduce.outerprod": {"label": "reduce.outerprod", "average_duration": 0.0010646424017661858, "n_events": 484, "total_time": 0.515286922454834}, "reduce.p": {"label": "reduce.p", "average_duration": 0.008703541657156196, "n_events": 484, "total_time": 4.212514162063599}, "reduce.prepare.q": {"label": "reduce.prepare.q", "average_duration": 0.00023105912957309692, "n_events": 484, "total_time": 0.1118326187133789}, "reduce.q": {"label": "reduce.q", "average_duration": 0.002130549308682276, "n_events": 484, "total_time": 1.0311858654022217}, "reduce.rank1.all_reduce": {"label": "reduce.rank1.all_reduce", "average_duration": 0.0013701965001003801, "n_events": 484, "total_time": 0.663175106048584}, "reduce.rank1.pack": {"label": "reduce.rank1.pack", "average_duration": 0.00019131563911753253, "n_events": 484, "total_time": 0.09259676933288574}, "reduce.rank1.unpack": {"label": "reduce.rank1.unpack", "average_duration": 0.0008318389742827612, "n_events": 484, "total_time": 0.40261006355285645}, "test.last": {"label": "test.last", "average_duration": 1.2080628871917725, "n_events": 4, "total_time": 4.83225154876709}}