{"batch": {"label": "batch", "average_duration": 0.10831990670438889, "n_events": 29249, "total_time": 3168.2489511966705}, "batch.accumulate": {"label": "batch.accumulate", "average_duration": 0.0011389084100975957, "n_events": 29249, "total_time": 33.31193208694458}, "batch.auxiliary.backward": {"label": "batch.auxiliary.backward", "average_duration": 0.009918095788457152, "n_events": 29249, "total_time": 290.09438371658325}, "batch.auxiliary.evaluate": {"label": "batch.auxiliary.evaluate", "average_duration": 0.0006074736744258142, "n_events": 29249, "total_time": 17.76799750328064}, "batch.auxiliary.forward": {"label": "batch.auxiliary.forward", "average_duration": 0.006262746051729771, "n_events": 29249, "total_time": 183.17905926704407}, "batch.backward": {"label": "batch.backward", "average_duration": 0.019753029287042787, "n_events": 29249, "total_time": 577.7563536167145}, "batch.evaluate": {"label": "batch.evaluate", "average_duration": 0.000568156307744362, "n_events": 29249, "total_time": 16.618003845214844}, "batch.forward": {"label": "batch.forward", "average_duration": 0.01142584772581785, "n_events": 29249, "total_time": 334.1946201324463}, "batch.reduce": {"label": "batch.reduce", "average_duration": 0.044937540834437247, "n_events": 29249, "total_time": 1314.378131866455}, "batch.step": {"label": "batch.step", "average_duration": 0.009136096567711288, "n_events": 29249, "total_time": 267.2216885089874}, "epoch_metrics.collect": {"label": "epoch_metrics.collect", "average_duration": 0.0035554898665255347, "n_events": 149, "total_time": 0.5297679901123047}, "reduce.allreduce": {"label": "reduce.allreduce", "average_duration": 0.0441752132209836, "n_events": 29249, "total_time": 1292.0808115005493}, "reduce.flat_pack": {"label": "reduce.flat_pack", "average_duration": 0.0006435021542578446, "n_events": 29249, "total_time": 18.821794509887695}, "test.last": {"label": "test.last", "average_duration": 1.0595183036471374, "n_events": 149, "total_time": 157.86822724342346}}