{"batch": {"label": "batch", "average_duration": 0.1911355752969589, "n_events": 387, "total_time": 73.9694676399231}, "batch.accumulate": {"label": "batch.accumulate", "average_duration": 0.0031255086263020835, "n_events": 18, "total_time": 0.0562591552734375}, "batch.backward": {"label": "batch.backward", "average_duration": 0.0260570437409157, "n_events": 387, "total_time": 10.084075927734375}, "batch.evaluate": {"label": "batch.evaluate", "average_duration": 0.11654583243436592, "n_events": 387, "total_time": 45.10323715209961}, "batch.forward": {"label": "batch.forward", "average_duration": 0.023914940289440696, "n_events": 387, "total_time": 9.25508189201355}, "batch.reduce": {"label": "batch.reduce", "average_duration": 0.039399835798475474, "n_events": 18, "total_time": 0.7091970443725586}, "batch.step": {"label": "batch.step", "average_duration": 0.0094132879291702, "n_events": 387, "total_time": 3.642942428588867}, "epoch_metrics.collect": {"label": "epoch_metrics.collect", "average_duration": 0.0015614032745361328, "n_events": 3, "total_time": 0.0046842098236083984}, "reduce.compress": {"label": "reduce.compress", "average_duration": 0.001026802592807346, "n_events": 18, "total_time": 0.018482446670532227}, "reduce.decompress": {"label": "reduce.decompress", "average_duration": 0.00022020604875352647, "n_events": 18, "total_time": 0.0039637088775634766}, "reduce.flat_pack": {"label": "reduce.flat_pack", "average_duration": 0.0007538133197360568, "n_events": 18, "total_time": 0.013568639755249023}, "reduce.norm": {"label": "reduce.norm", "average_duration": 0.027739657296074763, "n_events": 18, "total_time": 0.4993138313293457}, "reduce.reduce.vector": {"label": "reduce.reduce.vector", "average_duration": 0.00012837515936957466, "n_events": 18, "total_time": 0.0023107528686523438}, "reduce.setgrad": {"label": "reduce.setgrad", "average_duration": 0.008960670895046659, "n_events": 18, "total_time": 0.16129207611083984}, "test.last": {"label": "test.last", "average_duration": 1.4938489596048992, "n_events": 3, "total_time": 4.481546878814697}, "reduce_times": [1.7618906497955322, 0.05312037467956543, 0.05570578575134277, 0.0604705810546875, 0.014409780502319336, 0.012391328811645508, 0.022907495498657227, 0.02762317657470703, 0.04779863357543945, 0.013137578964233398, 0.012118101119995117, 0.011903524398803711, 0.07319116592407227, 0.03211379051208496, 0.09399747848510742, 0.033937931060791016, 0.0723264217376709, 0.03001880645751953, 0.042025089263916016]}