{"batch": {"label": "batch", "average_duration": 0.19135614513426788, "n_events": 387, "total_time": 74.05482816696167}, "batch.accumulate": {"label": "batch.accumulate", "average_duration": 0.0032281080881754556, "n_events": 18, "total_time": 0.0581059455871582}, "batch.backward": {"label": "batch.backward", "average_duration": 0.12442223230997722, "n_events": 387, "total_time": 48.15140390396118}, "batch.evaluate": {"label": "batch.evaluate", "average_duration": 0.0007707247130322518, "n_events": 387, "total_time": 0.29827046394348145}, "batch.forward": {"label": "batch.forward", "average_duration": 0.04162060013113096, "n_events": 387, "total_time": 16.10717225074768}, "batch.reduce": {"label": "batch.reduce", "average_duration": 0.03382448355356852, "n_events": 18, "total_time": 0.6088407039642334}, "batch.step": {"label": "batch.step", "average_duration": 0.009974572085594945, "n_events": 387, "total_time": 3.860159397125244}, "epoch_metrics.collect": {"label": "epoch_metrics.collect", "average_duration": 0.008026202519734701, "n_events": 3, "total_time": 0.0240786075592041}, "reduce.compress": {"label": "reduce.compress", "average_duration": 0.0010681417253282336, "n_events": 18, "total_time": 0.019226551055908203}, "reduce.decompress": {"label": "reduce.decompress", "average_duration": 0.00024021996392144097, "n_events": 18, "total_time": 0.0043239593505859375}, "reduce.flat_pack": {"label": "reduce.flat_pack", "average_duration": 0.0009899139404296875, "n_events": 18, "total_time": 0.017818450927734375}, "reduce.norm": {"label": "reduce.norm", "average_duration": 0.021081513828701444, "n_events": 18, "total_time": 0.379467248916626}, "reduce.reduce.vector": {"label": "reduce.reduce.vector", "average_duration": 0.00014453464084201388, "n_events": 18, "total_time": 0.00260162353515625}, "reduce.setgrad": {"label": "reduce.setgrad", "average_duration": 0.009785797860887315, "n_events": 18, "total_time": 0.17614436149597168}, "test.last": {"label": "test.last", "average_duration": 1.4939127763112385, "n_events": 3, "total_time": 4.481738328933716}, "reduce_times": [1.6070263385772705, 0.013638019561767578, 0.013340234756469727, 0.013624191284179688, 0.07128024101257324, 0.037575721740722656, 0.012738466262817383, 0.013421773910522461, 0.013138294219970703, 0.08462166786193848, 0.05224442481994629, 0.03340005874633789, 0.06402301788330078, 0.013359308242797852, 0.12151622772216797, 0.012684106826782227, 0.013117074966430664, 0.012594223022460938, 0.012523651123046875]}