{"batch": {"label": "batch", "average_duration": 0.19079808609738214, "n_events": 387, "total_time": 73.83885931968689}, "batch.accumulate": {"label": "batch.accumulate", "average_duration": 0.0030492146809895835, "n_events": 18, "total_time": 0.0548858642578125}, "batch.backward": {"label": "batch.backward", "average_duration": 0.025080443044657546, "n_events": 387, "total_time": 9.70613145828247}, "batch.evaluate": {"label": "batch.evaluate", "average_duration": 0.11583825968956762, "n_events": 387, "total_time": 44.82940649986267}, "batch.forward": {"label": "batch.forward", "average_duration": 0.024601682520035934, "n_events": 387, "total_time": 9.520851135253906}, "batch.reduce": {"label": "batch.reduce", "average_duration": 0.05432617664337158, "n_events": 18, "total_time": 0.9778711795806885}, "batch.step": {"label": "batch.step", "average_duration": 0.009270215835374147, "n_events": 387, "total_time": 3.587573528289795}, "epoch_metrics.collect": {"label": "epoch_metrics.collect", "average_duration": 0.022346019744873047, "n_events": 3, "total_time": 0.06703805923461914}, "reduce.compress": {"label": "reduce.compress", "average_duration": 0.0010577175352308485, "n_events": 18, "total_time": 0.019038915634155273}, "reduce.decompress": {"label": "reduce.decompress", "average_duration": 0.0002254380120171441, "n_events": 18, "total_time": 0.004057884216308594}, "reduce.flat_pack": {"label": "reduce.flat_pack", "average_duration": 0.0007754961649576823, "n_events": 18, "total_time": 0.013958930969238281}, "reduce.norm": {"label": "reduce.norm", "average_duration": 0.04212286737230089, "n_events": 18, "total_time": 0.758211612701416}, "reduce.reduce.vector": {"label": "reduce.reduce.vector", "average_duration": 0.0001316600375705295, "n_events": 18, "total_time": 0.0023698806762695312}, "reduce.setgrad": {"label": "reduce.setgrad", "average_duration": 0.009430898560418023, "n_events": 18, "total_time": 0.16975617408752441}, "test.last": {"label": "test.last", "average_duration": 1.4938685099283855, "n_events": 3, "total_time": 4.481605529785156}, "reduce_times": [1.7599577903747559, 0.04986763000488281, 0.07241964340209961, 0.0729970932006836, 0.013945817947387695, 0.06047224998474121, 0.05709099769592285, 0.016021251678466797, 0.04820823669433594, 0.01933598518371582, 0.09993672370910645, 0.04397916793823242, 0.012688636779785156, 0.06458139419555664, 0.013150453567504883, 0.05749940872192383, 0.11428976058959961, 0.0851593017578125, 0.07622742652893066]}