{"batch": {"label": "batch", "average_duration": 0.18606445354177284, "n_events": 389, "total_time": 72.37907242774963}, "batch.accumulate": {"label": "batch.accumulate", "average_duration": 0.002606410729257684, "n_events": 38, "total_time": 0.09904360771179199}, "batch.backward": {"label": "batch.backward", "average_duration": 0.12475078761730832, "n_events": 389, "total_time": 48.528056383132935}, "batch.evaluate": {"label": "batch.evaluate", "average_duration": 0.000555083193938346, "n_events": 389, "total_time": 0.2159273624420166}, "batch.forward": {"label": "batch.forward", "average_duration": 0.04169439472698614, "n_events": 389, "total_time": 16.219119548797607}, "batch.reduce": {"label": "batch.reduce", "average_duration": 0.02137533614509984, "n_events": 38, "total_time": 0.812262773513794}, "batch.step": {"label": "batch.step", "average_duration": 0.008563211460652878, "n_events": 389, "total_time": 3.3310892581939697}, "epoch_metrics.collect": {"label": "epoch_metrics.collect", "average_duration": 0.0011184215545654297, "n_events": 1, "total_time": 0.0011184215545654297}, "reduce.compress": {"label": "reduce.compress", "average_duration": 0.0086899995803833, "n_events": 38, "total_time": 0.33021998405456543}, "reduce.decompress": {"label": "reduce.decompress", "average_duration": 0.001526951789855957, "n_events": 38, "total_time": 0.05802416801452637}, "reduce.flat_pack": {"label": "reduce.flat_pack", "average_duration": 0.0009002622805143657, "n_events": 38, "total_time": 0.0342099666595459}, "reduce.norm": {"label": "reduce.norm", "average_duration": 0.0005321063493427477, "n_events": 38, "total_time": 0.020220041275024414}, "reduce.reduce.vector": {"label": "reduce.reduce.vector", "average_duration": 0.0014798829430028011, "n_events": 38, "total_time": 0.056235551834106445}, "reduce.setgrad": {"label": "reduce.setgrad", "average_duration": 0.007960934388010125, "n_events": 38, "total_time": 0.30251550674438477}, "test.last": {"label": "test.last", "average_duration": 2.6598026752471924, "n_events": 1, "total_time": 2.6598026752471924}}