{"batch": {"label": "batch", "average_duration": 0.20487299064795175, "n_events": 96, "total_time": 19.66780710220337}, "batch.accumulate": {"label": "batch.accumulate", "average_duration": 0.0030825361609458923, "n_events": 96, "total_time": 0.29592347145080566}, "batch.backward": {"label": "batch.backward", "average_duration": 0.025689174731572468, "n_events": 96, "total_time": 2.466160774230957}, "batch.evaluate": {"label": "batch.evaluate", "average_duration": 0.11665821075439453, "n_events": 96, "total_time": 11.199188232421875}, "batch.forward": {"label": "batch.forward", "average_duration": 0.023901546994845074, "n_events": 96, "total_time": 2.294548511505127}, "batch.reduce": {"label": "batch.reduce", "average_duration": 0.01759932190179825, "n_events": 96, "total_time": 1.6895349025726318}, "batch.step": {"label": "batch.step", "average_duration": 0.009266992410024008, "n_events": 96, "total_time": 0.8896312713623047}, "reduce.compress": {"label": "reduce.compress", "average_duration": 0.0009973024328549702, "n_events": 96, "total_time": 0.09574103355407715}, "reduce.decompress": {"label": "reduce.decompress", "average_duration": 0.00022566566864649454, "n_events": 96, "total_time": 0.021663904190063477}, "reduce.flat_pack": {"label": "reduce.flat_pack", "average_duration": 0.0007468561331431071, "n_events": 96, "total_time": 0.07169818878173828}, "reduce.norm": {"label": "reduce.norm", "average_duration": 0.0061060165365537005, "n_events": 96, "total_time": 0.5861775875091553}, "reduce.reduce.vector": {"label": "reduce.reduce.vector", "average_duration": 0.00012912601232528687, "n_events": 96, "total_time": 0.012396097183227539}, "reduce.setgrad": {"label": "reduce.setgrad", "average_duration": 0.009105774263540903, "n_events": 96, "total_time": 0.8741543292999268}}