{"batch": {"label": "batch", "average_duration": 0.12834270938196649, "n_events": 389, "total_time": 49.92531394958496}, "batch.accumulate": {"label": "batch.accumulate", "average_duration": 0.001003867701480263, "n_events": 38, "total_time": 0.03814697265625}, "batch.backward": {"label": "batch.backward", "average_duration": 0.0649984275160841, "n_events": 389, "total_time": 25.284388303756714}, "batch.evaluate": {"label": "batch.evaluate", "average_duration": 0.0012207368345677394, "n_events": 389, "total_time": 0.4748666286468506}, "batch.forward": {"label": "batch.forward", "average_duration": 0.006315502225586565, "n_events": 389, "total_time": 2.456730365753174}, "batch.reduce": {"label": "batch.reduce", "average_duration": 0.4885775791971307, "n_events": 38, "total_time": 18.565948009490967}, "batch.step": {"label": "batch.step", "average_duration": 0.003496146140797279, "n_events": 389, "total_time": 1.3600008487701416}, "epoch_metrics.collect": {"label": "epoch_metrics.collect", "average_duration": 0.013721227645874023, "n_events": 1, "total_time": 0.013721227645874023}, "reduce.compress": {"label": "reduce.compress", "average_duration": 0.0021114286623503033, "n_events": 38, "total_time": 0.08023428916931152}, "reduce.decompress": {"label": "reduce.decompress", "average_duration": 0.00021521668685109993, "n_events": 38, "total_time": 0.008178234100341797}, "reduce.flat_pack": {"label": "reduce.flat_pack", "average_duration": 0.0007744023674412778, "n_events": 38, "total_time": 0.029427289962768555}, "reduce.norm": {"label": "reduce.norm", "average_duration": 0.476852347976283, "n_events": 38, "total_time": 18.120389223098755}, "reduce.reduce.vector": {"label": "reduce.reduce.vector", "average_duration": 0.005346938183433131, "n_events": 38, "total_time": 0.20318365097045898}, "reduce.setgrad": {"label": "reduce.setgrad", "average_duration": 0.002991293606005217, "n_events": 38, "total_time": 0.11366915702819824}, "test.last": {"label": "test.last", "average_duration": 3.3847341537475586, "n_events": 1, "total_time": 3.3847341537475586}}