{"batch": {"label": "batch", "average_duration": 0.20091492185990015, "n_events": 96, "total_time": 19.287832498550415}, "batch.accumulate": {"label": "batch.accumulate", "average_duration": 0.0027889336148897805, "n_events": 96, "total_time": 0.26773762702941895}, "batch.backward": {"label": "batch.backward", "average_duration": 0.12213431298732758, "n_events": 96, "total_time": 11.724894046783447}, "batch.evaluate": {"label": "batch.evaluate", "average_duration": 0.0008240664998690287, "n_events": 96, "total_time": 0.07911038398742676}, "batch.forward": {"label": "batch.forward", "average_duration": 0.04112601031859716, "n_events": 96, "total_time": 3.948096990585327}, "batch.reduce": {"label": "batch.reduce", "average_duration": 0.016930540402730305, "n_events": 96, "total_time": 1.6253318786621094}, "batch.step": {"label": "batch.step", "average_duration": 0.008841544389724731, "n_events": 96, "total_time": 0.8487882614135742}, "reduce.compress": {"label": "reduce.compress", "average_duration": 0.0018563618262608845, "n_events": 96, "total_time": 0.17821073532104492}, "reduce.decompress": {"label": "reduce.decompress", "average_duration": 0.00021882355213165283, "n_events": 96, "total_time": 0.021007061004638672}, "reduce.flat_pack": {"label": "reduce.flat_pack", "average_duration": 0.0009217659632364908, "n_events": 96, "total_time": 0.08848953247070312}, "reduce.norm": {"label": "reduce.norm", "average_duration": 0.003960564732551575, "n_events": 96, "total_time": 0.38021421432495117}, "reduce.reduce.vector": {"label": "reduce.reduce.vector", "average_duration": 0.0009659056862195333, "n_events": 96, "total_time": 0.0927269458770752}, "reduce.setgrad": {"label": "reduce.setgrad", "average_duration": 0.008536681532859802, "n_events": 96, "total_time": 0.819521427154541}}