{"batch": {"label": "batch", "average_duration": 0.13222268315934643, "n_events": 194, "total_time": 25.651200532913208}, "batch.accumulate": {"label": "batch.accumulate", "average_duration": 0.0011521393490820815, "n_events": 194, "total_time": 0.22351503372192383}, "batch.backward": {"label": "batch.backward", "average_duration": 0.06432199232357065, "n_events": 194, "total_time": 12.478466510772705}, "batch.evaluate": {"label": "batch.evaluate", "average_duration": 0.0015116401554382953, "n_events": 194, "total_time": 0.2932581901550293}, "batch.forward": {"label": "batch.forward", "average_duration": 0.006425417575639547, "n_events": 194, "total_time": 1.2465310096740723}, "batch.reduce": {"label": "batch.reduce", "average_duration": 0.05242253947503788, "n_events": 194, "total_time": 10.169972658157349}, "batch.step": {"label": "batch.step", "average_duration": 0.003137064963271937, "n_events": 194, "total_time": 0.6085906028747559}, "reduce.allreduce": {"label": "reduce.allreduce", "average_duration": 0.05137435922917632, "n_events": 194, "total_time": 9.966625690460205}, "reduce.flat_pack": {"label": "reduce.flat_pack", "average_duration": 0.0008383854148314171, "n_events": 194, "total_time": 0.16264677047729492}}