{"batch": {"label": "batch", "average_duration": 0.3506538472645023, "n_events": 193, "total_time": 67.67619252204895}, "batch.accumulate": {"label": "batch.accumulate", "average_duration": 0.0026572545369466147, "n_events": 18, "total_time": 0.04783058166503906}, "batch.backward": {"label": "batch.backward", "average_duration": 0.1221319850862335, "n_events": 193, "total_time": 23.571473121643066}, "batch.evaluate": {"label": "batch.evaluate", "average_duration": 0.0006687394077913749, "n_events": 193, "total_time": 0.12906670570373535}, "batch.forward": {"label": "batch.forward", "average_duration": 0.04104051441726289, "n_events": 193, "total_time": 7.920819282531738}, "batch.reduce": {"label": "batch.reduce", "average_duration": 1.6821961137983534, "n_events": 18, "total_time": 30.27953004837036}, "batch.step": {"label": "batch.step", "average_duration": 0.009212472895884144, "n_events": 193, "total_time": 1.7780072689056396}, "epoch_metrics.collect": {"label": "epoch_metrics.collect", "average_duration": 0.6941530704498291, "n_events": 1, "total_time": 0.6941530704498291}, "reduce.compress": {"label": "reduce.compress", "average_duration": 0.003286388185289171, "n_events": 18, "total_time": 0.05915498733520508}, "reduce.decompress": {"label": "reduce.decompress", "average_duration": 0.0002922217051188151, "n_events": 18, "total_time": 0.005259990692138672}, "reduce.flat_pack": {"label": "reduce.flat_pack", "average_duration": 0.0009289052751329211, "n_events": 18, "total_time": 0.016720294952392578}, "reduce.norm": {"label": "reduce.norm", "average_duration": 1.6591837141248915, "n_events": 18, "total_time": 29.865306854248047}, "reduce.reduce.vector": {"label": "reduce.reduce.vector", "average_duration": 0.009746869405110678, "n_events": 18, "total_time": 0.1754436492919922}, "reduce.setgrad": {"label": "reduce.setgrad", "average_duration": 0.008430017365349663, "n_events": 18, "total_time": 0.15174031257629395}, "test.last": {"label": "test.last", "average_duration": 2.2195332050323486, "n_events": 1, "total_time": 2.2195332050323486}}