{"batch": {"label": "batch", "average_duration": 0.12896205178678852, "n_events": 584, "total_time": 75.3138382434845}, "batch.accumulate": {"label": "batch.accumulate", "average_duration": 0.0010059695494802374, "n_events": 38, "total_time": 0.03822684288024902}, "batch.backward": {"label": "batch.backward", "average_duration": 0.06503479162307635, "n_events": 584, "total_time": 37.98031830787659}, "batch.evaluate": {"label": "batch.evaluate", "average_duration": 0.0011645624898884393, "n_events": 584, "total_time": 0.6801044940948486}, "batch.forward": {"label": "batch.forward", "average_duration": 0.006328830572023784, "n_events": 584, "total_time": 3.6960370540618896}, "batch.reduce": {"label": "batch.reduce", "average_duration": 0.74562584726434, "n_events": 38, "total_time": 28.333782196044922}, "batch.step": {"label": "batch.step", "average_duration": 0.0034302554718435626, "n_events": 584, "total_time": 2.0032691955566406}, "epoch_metrics.collect": {"label": "epoch_metrics.collect", "average_duration": 0.013407111167907715, "n_events": 2, "total_time": 0.02681422233581543}, "reduce.compress": {"label": "reduce.compress", "average_duration": 0.015996330662777548, "n_events": 38, "total_time": 0.6078605651855469}, "reduce.decompress": {"label": "reduce.decompress", "average_duration": 0.0009925490931460732, "n_events": 38, "total_time": 0.03771686553955078}, "reduce.flat_pack": {"label": "reduce.flat_pack", "average_duration": 0.0006452296909533049, "n_events": 38, "total_time": 0.024518728256225586}, "reduce.norm": {"label": "reduce.norm", "average_duration": 0.724849500154194, "n_events": 38, "total_time": 27.544281005859375}, "reduce.setgrad": {"label": "reduce.setgrad", "average_duration": 0.002854466438293457, "n_events": 38, "total_time": 0.10846972465515137}, "test.last": {"label": "test.last", "average_duration": 3.3946404457092285, "n_events": 2, "total_time": 6.789280891418457}}