{"batch": {"label": "batch", "average_duration": 0.4453732783032447, "n_events": 194, "total_time": 86.40241599082947}, "batch.accumulate": {"label": "batch.accumulate", "average_duration": 0.0013232489222103788, "n_events": 194, "total_time": 0.2567102909088135}, "batch.backward": {"label": "batch.backward", "average_duration": 0.38225161660577833, "n_events": 194, "total_time": 74.156813621521}, "batch.evaluate": {"label": "batch.evaluate", "average_duration": 0.0007222030580658274, "n_events": 194, "total_time": 0.1401073932647705}, "batch.forward": {"label": "batch.forward", "average_duration": 0.04603896190210716, "n_events": 194, "total_time": 8.931558609008789}, "batch.reduce": {"label": "batch.reduce", "average_duration": 0.0072724192412858156, "n_events": 194, "total_time": 1.4108493328094482}, "batch.step": {"label": "batch.step", "average_duration": 0.0058267657289799955, "n_events": 194, "total_time": 1.1303925514221191}, "reduce.compress": {"label": "reduce.compress", "average_duration": 0.00039873541015939614, "n_events": 194, "total_time": 0.07735466957092285}, "reduce.decompress": {"label": "reduce.decompress", "average_duration": 9.486847317095885e-05, "n_events": 194, "total_time": 0.018404483795166016}, "reduce.flat_pack": {"label": "reduce.flat_pack", "average_duration": 0.0011135093944588887, "n_events": 194, "total_time": 0.21602082252502441}, "reduce.norm": {"label": "reduce.norm", "average_duration": 0.0013511918254734314, "n_events": 194, "total_time": 0.2621312141418457}, "reduce.reduce.vector": {"label": "reduce.reduce.vector", "average_duration": 0.0005050111062747916, "n_events": 194, "total_time": 0.09797215461730957}, "reduce.setgrad": {"label": "reduce.setgrad", "average_duration": 0.003387017348377975, "n_events": 194, "total_time": 0.6570813655853271}}