{"batch": {"label": "batch", "average_duration": 1.1035030428896244, "n_events": 194, "total_time": 214.07959032058716}, "batch.accumulate": {"label": "batch.accumulate", "average_duration": 0.00316957960423735, "n_events": 194, "total_time": 0.6148984432220459}, "batch.backward": {"label": "batch.backward", "average_duration": 0.654764965637443, "n_events": 194, "total_time": 127.02440333366394}, "batch.evaluate": {"label": "batch.evaluate", "average_duration": 0.0008391240208419328, "n_events": 194, "total_time": 0.16279006004333496}, "batch.forward": {"label": "batch.forward", "average_duration": 0.3035507656864284, "n_events": 194, "total_time": 58.888848543167114}, "batch.reduce": {"label": "batch.reduce", "average_duration": 0.1203241643217421, "n_events": 194, "total_time": 23.34288787841797}, "batch.step": {"label": "batch.step", "average_duration": 0.010512375340019305, "n_events": 194, "total_time": 2.039400815963745}, "reduce.allreduce": {"label": "reduce.allreduce", "average_duration": 0.11815731550000377, "n_events": 194, "total_time": 22.922519207000732}, "reduce.flat_pack": {"label": "reduce.flat_pack", "average_duration": 0.0019598461917995176, "n_events": 194, "total_time": 0.38021016120910645}, "reduce_times": [0.13019061088562012, 0.12550735473632812, 0.12886929512023926, 0.12338137626647949, 0.13332176208496094, 0.11881875991821289, 0.12461352348327637, 0.12248802185058594, 0.1271662712097168, 0.12686848640441895, 0.12132787704467773, 0.13331031799316406, 0.11870074272155762, 0.13164162635803223, 0.12285065650939941, 0.1265265941619873, 0.12086892127990723, 0.12407255172729492, 0.12592744827270508, 0.12313342094421387, 0.13539576530456543, 0.11704730987548828, 0.12842798233032227, 0.1334702968597412, 0.11481714248657227, 0.12126708030700684, 0.1209709644317627, 0.12290716171264648, 0.12844634056091309, 0.12366271018981934, 0.12607717514038086, 0.1203761100769043, 0.12804412841796875, 0.12841176986694336, 0.12894940376281738, 0.1316976547241211, 0.11993837356567383, 0.1258080005645752, 0.12771320343017578, 0.1281909942626953, 0.12103581428527832, 0.11899328231811523, 0.11881208419799805, 0.11648297309875488, 0.12044548988342285, 0.11775040626525879, 0.12765216827392578, 0.12434792518615723, 0.1200261116027832, 0.12025046348571777, 0.12127423286437988, 0.12473917007446289, 0.12334346771240234, 0.12023496627807617, 0.1188514232635498, 0.10711145401000977, 0.11100149154663086, 0.11220383644104004, 0.11368107795715332, 0.11463117599487305, 0.11040878295898438, 0.1134023666381836, 0.11658453941345215, 0.10673165321350098, 0.13092541694641113, 0.12042856216430664, 0.11703968048095703, 0.10977315902709961, 0.11063647270202637, 0.11455774307250977, 0.1085202693939209, 0.11391735076904297, 0.11011743545532227, 0.11365509033203125, 0.1094961166381836, 0.11404204368591309, 0.11083674430847168, 0.1289675235748291, 0.11924099922180176, 0.1269974708557129, 0.12432527542114258, 0.12042927742004395, 0.13316845893859863, 0.10959815979003906, 0.12318921089172363, 0.12433362007141113, 0.13513422012329102, 0.12203836441040039, 0.11687779426574707, 0.12248110771179199, 0.11599063873291016, 0.12321090698242188, 0.11834287643432617, 0.11429357528686523, 0.11583733558654785, 0.10784387588500977, 0.11767244338989258, 0.10654211044311523, 0.11422419548034668, 0.11625099182128906, 0.12493586540222168, 0.12105035781860352, 0.1155235767364502, 0.11577320098876953, 0.11418437957763672, 0.11800551414489746, 0.1210336685180664, 0.12956500053405762, 0.11907815933227539, 0.11590385437011719, 0.11295866966247559, 0.11104846000671387, 0.1132955551147461, 0.11367654800415039, 0.11107635498046875, 0.11156892776489258, 0.11580824851989746, 0.11914467811584473, 0.11464262008666992, 0.12389230728149414, 0.370255708694458, 0.12190794944763184, 0.1197209358215332, 0.12099504470825195, 0.11219263076782227, 0.11850786209106445, 0.10828542709350586, 0.11257100105285645, 0.10956954956054688, 0.1112825870513916, 0.1107320785522461, 0.11352825164794922, 0.11843633651733398, 0.12070035934448242, 0.11108851432800293, 0.11214709281921387, 0.1117851734161377, 0.10633993148803711, 0.11517572402954102, 0.10881638526916504, 0.1160118579864502, 0.1122586727142334, 0.11097121238708496, 0.11153101921081543, 0.12364411354064941, 0.12224268913269043, 0.11001253128051758, 0.11386704444885254, 0.10946488380432129, 0.11292338371276855, 0.11421084403991699, 0.10890030860900879, 0.11228036880493164, 0.11117100715637207, 0.11356401443481445, 0.10730361938476562, 0.10721397399902344, 0.12845373153686523, 0.1255331039428711, 0.1230316162109375, 0.12881040573120117, 0.12667179107666016, 0.12476062774658203, 0.12854290008544922, 0.12486696243286133, 0.11819982528686523, 0.12374114990234375, 0.12151074409484863, 0.12961864471435547, 0.10922765731811523, 0.10971498489379883, 0.11686468124389648, 0.1114034652709961, 0.1293320655822754, 0.11166739463806152, 0.12157702445983887, 0.13029718399047852, 0.12317299842834473, 0.11453866958618164, 0.11989665031433105, 0.12012720108032227, 0.12202000617980957, 0.1128389835357666, 0.11329483985900879, 0.10985541343688965, 0.11138486862182617, 0.12769007682800293, 0.12084197998046875, 0.1204831600189209, 0.12133550643920898, 0.12992215156555176, 0.11466050148010254, 0.12869715690612793, 0.11992907524108887, 0.1226491928100586]}