{"batch": {"label": "batch", "average_duration": 0.08864855643400212, "n_events": 194, "total_time": 17.19781994819641}, "batch.accumulate": {"label": "batch.accumulate", "average_duration": 0.0009247924863677664, "n_events": 194, "total_time": 0.17940974235534668}, "batch.backward": {"label": "batch.backward", "average_duration": 0.06663759713320389, "n_events": 194, "total_time": 12.927693843841553}, "batch.evaluate": {"label": "batch.evaluate", "average_duration": 0.0011423641873389175, "n_events": 194, "total_time": 0.22161865234375}, "batch.forward": {"label": "batch.forward", "average_duration": 0.006434720816071501, "n_events": 194, "total_time": 1.248335838317871}, "batch.reduce": {"label": "batch.reduce", "average_duration": 0.007570443694124517, "n_events": 194, "total_time": 1.4686660766601562}, "batch.step": {"label": "batch.step", "average_duration": 0.0029709314562610745, "n_events": 194, "total_time": 0.5763607025146484}, "reduce.compress": {"label": "reduce.compress", "average_duration": 0.0020982985643996405, "n_events": 194, "total_time": 0.4070699214935303}, "reduce.decompress": {"label": "reduce.decompress", "average_duration": 0.00021583517802130315, "n_events": 194, "total_time": 0.04187202453613281}, "reduce.flat_pack": {"label": "reduce.flat_pack", "average_duration": 0.0006457825296932889, "n_events": 194, "total_time": 0.12528181076049805}, "reduce.norm": {"label": "reduce.norm", "average_duration": 0.0005948015095032367, "n_events": 194, "total_time": 0.11539149284362793}, "reduce.reduce.vector": {"label": "reduce.reduce.vector", "average_duration": 0.000976771423497151, "n_events": 194, "total_time": 0.18949365615844727}, "reduce.setgrad": {"label": "reduce.setgrad", "average_duration": 0.002790941405542118, "n_events": 194, "total_time": 0.5414426326751709}}