{"batch": {"label": "batch", "average_duration": 0.18910777817169824, "n_events": 96, "total_time": 18.154346704483032}, "batch.accumulate": {"label": "batch.accumulate", "average_duration": 0.0029240846633911133, "n_events": 18, "total_time": 0.05263352394104004}, "batch.backward": {"label": "batch.backward", "average_duration": 0.027409911155700684, "n_events": 96, "total_time": 2.6313514709472656}, "batch.evaluate": {"label": "batch.evaluate", "average_duration": 0.11394501477479935, "n_events": 96, "total_time": 10.938721418380737}, "batch.forward": {"label": "batch.forward", "average_duration": 0.023007179299990337, "n_events": 96, "total_time": 2.2086892127990723}, "batch.reduce": {"label": "batch.reduce", "average_duration": 0.02771892812516954, "n_events": 18, "total_time": 0.49894070625305176}, "batch.step": {"label": "batch.step", "average_duration": 0.008871997396151224, "n_events": 96, "total_time": 0.8517117500305176}, "reduce.compress": {"label": "reduce.compress", "average_duration": 0.0004112720489501953, "n_events": 18, "total_time": 0.007402896881103516}, "reduce.decompress": {"label": "reduce.decompress", "average_duration": 8.854601118299697e-05, "n_events": 18, "total_time": 0.0015938282012939453}, "reduce.flat_pack": {"label": "reduce.flat_pack", "average_duration": 0.0007581445905897352, "n_events": 18, "total_time": 0.013646602630615234}, "reduce.norm": {"label": "reduce.norm", "average_duration": 0.017310473654005263, "n_events": 18, "total_time": 0.3115885257720947}, "reduce.reduce.vector": {"label": "reduce.reduce.vector", "average_duration": 0.00014024310641818575, "n_events": 18, "total_time": 0.0025243759155273438}, "reduce.setgrad": {"label": "reduce.setgrad", "average_duration": 0.008692807621426053, "n_events": 18, "total_time": 0.15647053718566895}}