{"batch": {"label": "batch", "average_duration": 0.18901855250199637, "n_events": 96, "total_time": 18.14578104019165}, "batch.accumulate": {"label": "batch.accumulate", "average_duration": 0.003015438715616862, "n_events": 18, "total_time": 0.054277896881103516}, "batch.backward": {"label": "batch.backward", "average_duration": 0.024812546869119007, "n_events": 96, "total_time": 2.382004499435425}, "batch.evaluate": {"label": "batch.evaluate", "average_duration": 0.11363474776347478, "n_events": 96, "total_time": 10.908935785293579}, "batch.forward": {"label": "batch.forward", "average_duration": 0.024252002437909443, "n_events": 96, "total_time": 2.3281922340393066}, "batch.reduce": {"label": "batch.reduce", "average_duration": 0.03432552019755045, "n_events": 18, "total_time": 0.6178593635559082}, "batch.step": {"label": "batch.step", "average_duration": 0.00924823929866155, "n_events": 96, "total_time": 0.8878309726715088}, "reduce.compress": {"label": "reduce.compress", "average_duration": 0.0004393127229478624, "n_events": 18, "total_time": 0.007907629013061523}, "reduce.decompress": {"label": "reduce.decompress", "average_duration": 9.28640365600586e-05, "n_events": 18, "total_time": 0.0016715526580810547}, "reduce.flat_pack": {"label": "reduce.flat_pack", "average_duration": 0.000805060068766276, "n_events": 18, "total_time": 0.014491081237792969}, "reduce.norm": {"label": "reduce.norm", "average_duration": 0.022978994581434462, "n_events": 18, "total_time": 0.4136219024658203}, "reduce.reduce.vector": {"label": "reduce.reduce.vector", "average_duration": 0.00014677312639024522, "n_events": 18, "total_time": 0.002641916275024414}, "reduce.setgrad": {"label": "reduce.setgrad", "average_duration": 0.009531630410088433, "n_events": 18, "total_time": 0.1715693473815918}}