{"batch": {"label": "batch", "average_duration": 0.461949631610076, "n_events": 389, "total_time": 179.69840669631958}, "batch.accumulate": {"label": "batch.accumulate", "average_duration": 0.0012678677134771274, "n_events": 389, "total_time": 0.49320054054260254}, "batch.backward": {"label": "batch.backward", "average_duration": 0.38133585728839003, "n_events": 389, "total_time": 148.33964848518372}, "batch.evaluate": {"label": "batch.evaluate", "average_duration": 0.0005060339341739763, "n_events": 389, "total_time": 0.19684720039367676}, "batch.forward": {"label": "batch.forward", "average_duration": 0.048149106435113824, "n_events": 389, "total_time": 18.730002403259277}, "batch.reduce": {"label": "batch.reduce", "average_duration": 0.02337101002278855, "n_events": 389, "total_time": 9.091322898864746}, "batch.step": {"label": "batch.step", "average_duration": 0.005780541191983652, "n_events": 389, "total_time": 2.2486305236816406}, "epoch_metrics.collect": {"label": "epoch_metrics.collect", "average_duration": 0.0025348663330078125, "n_events": 1, "total_time": 0.0025348663330078125}, "reduce.compress": {"label": "reduce.compress", "average_duration": 0.00033211891939217145, "n_events": 389, "total_time": 0.1291942596435547}, "reduce.decompress": {"label": "reduce.decompress", "average_duration": 7.919909715039565e-05, "n_events": 389, "total_time": 0.030808448791503906}, "reduce.flat_pack": {"label": "reduce.flat_pack", "average_duration": 0.0010647363098850594, "n_events": 389, "total_time": 0.4141824245452881}, "reduce.norm": {"label": "reduce.norm", "average_duration": 0.018140621234334832, "n_events": 389, "total_time": 7.05670166015625}, "reduce.reduce.vector": {"label": "reduce.reduce.vector", "average_duration": 0.0001494909007016062, "n_events": 389, "total_time": 0.058151960372924805}, "reduce.setgrad": {"label": "reduce.setgrad", "average_duration": 0.003247766077978139, "n_events": 389, "total_time": 1.263381004333496}, "test.last": {"label": "test.last", "average_duration": 2.109816312789917, "n_events": 1, "total_time": 2.109816312789917}}