{"batch": {"label": "batch", "average_duration": 0.4444504004824131, "n_events": 389, "total_time": 172.8912057876587}, "batch.accumulate": {"label": "batch.accumulate", "average_duration": 0.0012708078006852255, "n_events": 389, "total_time": 0.49434423446655273}, "batch.backward": {"label": "batch.backward", "average_duration": 0.38283684872722873, "n_events": 389, "total_time": 148.92353415489197}, "batch.evaluate": {"label": "batch.evaluate", "average_duration": 0.0007190514346321322, "n_events": 389, "total_time": 0.2797110080718994}, "batch.forward": {"label": "batch.forward", "average_duration": 0.04764350888661676, "n_events": 389, "total_time": 18.53332495689392}, "batch.reduce": {"label": "batch.reduce", "average_duration": 0.004361293003307823, "n_events": 389, "total_time": 1.6965429782867432}, "batch.step": {"label": "batch.step", "average_duration": 0.005742763798770071, "n_events": 389, "total_time": 2.2339351177215576}, "reduce.allreduce": {"label": "reduce.allreduce", "average_duration": 0.0031649643473882602, "n_events": 389, "total_time": 1.2311711311340332}, "reduce.flat_pack": {"label": "reduce.flat_pack", "average_duration": 0.0011114571578704911, "n_events": 389, "total_time": 0.4323568344116211}}