{"batch": {"label": "batch", "average_duration": 0.05295732902573286, "n_events": 29249, "total_time": 1548.9489166736603}, "batch.accumulate": {"label": "batch.accumulate", "average_duration": 0.0010485179591632923, "n_events": 29249, "total_time": 30.66810178756714}, "batch.backward": {"label": "batch.backward", "average_duration": 0.019865300913028888, "n_events": 29249, "total_time": 581.0401864051819}, "batch.evaluate": {"label": "batch.evaluate", "average_duration": 0.000698946012122443, "n_events": 29249, "total_time": 20.443471908569336}, "batch.forward": {"label": "batch.forward", "average_duration": 0.011354742663477812, "n_events": 29249, "total_time": 332.1148681640625}, "batch.reduce": {"label": "batch.reduce", "average_duration": 0.011417468228565614, "n_events": 29249, "total_time": 333.9495282173157}, "batch.step": {"label": "batch.step", "average_duration": 0.005582357774274305, "n_events": 29249, "total_time": 163.27838253974915}, "epoch_metrics.collect": {"label": "epoch_metrics.collect", "average_duration": 0.005335974213260933, "n_events": 149, "total_time": 0.7950601577758789}, "reduce.allocate_memory": {"label": "reduce.allocate_memory", "average_duration": 0.00033293680401475065, "n_events": 29249, "total_time": 9.738068580627441}, "reduce.compute.p": {"label": "reduce.compute.p", "average_duration": 0.000377066160105058, "n_events": 29249, "total_time": 11.028808116912842}, "reduce.compute.q": {"label": "reduce.compute.q", "average_duration": 0.00041168352865456287, "n_events": 29249, "total_time": 12.04133152961731}, "reduce.normalize.p": {"label": "reduce.normalize.p", "average_duration": 0.0018211147382428997, "n_events": 29249, "total_time": 53.26578497886658}, "reduce.outerprod": {"label": "reduce.outerprod", "average_duration": 0.0015302271740086618, "n_events": 29249, "total_time": 44.757614612579346}, "reduce.p": {"label": "reduce.p", "average_duration": 0.0016165650959948058, "n_events": 29249, "total_time": 47.282912492752075}, "reduce.prepare.q": {"label": "reduce.prepare.q", "average_duration": 0.000279870863559776, "n_events": 29249, "total_time": 8.185942888259888}, "reduce.q": {"label": "reduce.q", "average_duration": 0.00036097869754363345, "n_events": 29249, "total_time": 10.558265924453735}, "reduce.rank1.all_reduce": {"label": "reduce.rank1.all_reduce", "average_duration": 0.00011786069090400844, "n_events": 29249, "total_time": 3.4473073482513428}, "reduce.rank1.pack": {"label": "reduce.rank1.pack", "average_duration": 0.00025251744861231733, "n_events": 29249, "total_time": 7.38588285446167}, "reduce.rank1.unpack": {"label": "reduce.rank1.unpack", "average_duration": 0.0010913564851619945, "n_events": 29249, "total_time": 31.921085834503174}, "test.last": {"label": "test.last", "average_duration": 1.0648982460866838, "n_events": 149, "total_time": 158.6698386669159}}