{"batch": {"label": "batch", "average_duration": 0.050251986569692146, "n_events": 29249, "total_time": 1469.8203551769257}, "batch.accumulate": {"label": "batch.accumulate", "average_duration": 0.0010849037530373383, "n_events": 29249, "total_time": 31.73234987258911}, "batch.backward": {"label": "batch.backward", "average_duration": 0.007855150931032055, "n_events": 29249, "total_time": 229.7553095817566}, "batch.evaluate": {"label": "batch.evaluate", "average_duration": 0.018032311855199958, "n_events": 29249, "total_time": 527.4270894527435}, "batch.forward": {"label": "batch.forward", "average_duration": 0.004620348548452248, "n_events": 29249, "total_time": 135.1405746936798}, "batch.reduce": {"label": "batch.reduce", "average_duration": 0.00957953363790476, "n_events": 29249, "total_time": 280.1917793750763}, "batch.step": {"label": "batch.step", "average_duration": 0.0060373075461036315, "n_events": 29249, "total_time": 176.5852084159851}, "epoch_metrics.collect": {"label": "epoch_metrics.collect", "average_duration": 0.004846204847297413, "n_events": 149, "total_time": 0.7220845222473145}, "reduce.allocate_memory": {"label": "reduce.allocate_memory", "average_duration": 0.0003767755647908602, "n_events": 29249, "total_time": 11.020308494567871}, "reduce.compute.p": {"label": "reduce.compute.p", "average_duration": 0.0003204457539526425, "n_events": 29249, "total_time": 9.37271785736084}, "reduce.compute.q": {"label": "reduce.compute.q", "average_duration": 0.00039649385481419706, "n_events": 29249, "total_time": 11.59704875946045}, "reduce.normalize.p": {"label": "reduce.normalize.p", "average_duration": 0.0018832018413789545, "n_events": 29249, "total_time": 55.08177065849304}, "reduce.outerprod": {"label": "reduce.outerprod", "average_duration": 0.0011840671664641663, "n_events": 29249, "total_time": 34.6327805519104}, "reduce.p": {"label": "reduce.p", "average_duration": 8.60423543538072e-05, "n_events": 29249, "total_time": 2.516652822494507}, "reduce.prepare.q": {"label": "reduce.prepare.q", "average_duration": 0.0003125726017137972, "n_events": 29249, "total_time": 9.142436027526855}, "reduce.q": {"label": "reduce.q", "average_duration": 0.00014394841449615867, "n_events": 29249, "total_time": 4.2103471755981445}, "reduce.rank1.all_reduce": {"label": "reduce.rank1.all_reduce", "average_duration": 7.652594063472673e-05, "n_events": 29249, "total_time": 2.238307237625122}, "reduce.rank1.pack": {"label": "reduce.rank1.pack", "average_duration": 0.00024765849117540026, "n_events": 29249, "total_time": 7.243763208389282}, "reduce.rank1.unpack": {"label": "reduce.rank1.unpack", "average_duration": 0.0011694497819875929, "n_events": 29249, "total_time": 34.2052366733551}, "test.last": {"label": "test.last", "average_duration": 1.0112577892789905, "n_events": 149, "total_time": 150.67741060256958}}