{"batch": {"label": "batch", "average_duration": 0.08021701521959723, "n_events": 387, "total_time": 31.04398488998413}, "batch.accumulate": {"label": "batch.accumulate", "average_duration": 0.0011073748270670574, "n_events": 18, "total_time": 0.01993274688720703}, "batch.backward": {"label": "batch.backward", "average_duration": 0.006450641986935637, "n_events": 387, "total_time": 2.496398448944092}, "batch.evaluate": {"label": "batch.evaluate", "average_duration": 0.061524730628159004, "n_events": 387, "total_time": 23.810070753097534}, "batch.forward": {"label": "batch.forward", "average_duration": 0.005620476503396835, "n_events": 387, "total_time": 2.175124406814575}, "batch.reduce": {"label": "batch.reduce", "average_duration": 0.0037499666213989258, "n_events": 18, "total_time": 0.06749939918518066}, "batch.step": {"label": "batch.step", "average_duration": 0.0032220952578601294, "n_events": 387, "total_time": 1.2469508647918701}, "epoch_metrics.collect": {"label": "epoch_metrics.collect", "average_duration": 0.001123666763305664, "n_events": 3, "total_time": 0.003371000289916992}, "reduce.allreduce": {"label": "reduce.allreduce", "average_duration": 0.0033183892567952475, "n_events": 18, "total_time": 0.05973100662231445}, "reduce.flat_pack": {"label": "reduce.flat_pack", "average_duration": 0.0003132952584160699, "n_events": 18, "total_time": 0.005639314651489258}, "test.last": {"label": "test.last", "average_duration": 1.3879767258961995, "n_events": 3, "total_time": 4.163930177688599}}