{"batch": {"label": "batch", "average_duration": 0.07912117135001091, "n_events": 387, "total_time": 30.619893312454224}, "batch.accumulate": {"label": "batch.accumulate", "average_duration": 0.001118673218621148, "n_events": 18, "total_time": 0.020136117935180664}, "batch.backward": {"label": "batch.backward", "average_duration": 0.00630706348468475, "n_events": 387, "total_time": 2.440833568572998}, "batch.evaluate": {"label": "batch.evaluate", "average_duration": 0.0605507272774551, "n_events": 387, "total_time": 23.433131456375122}, "batch.forward": {"label": "batch.forward", "average_duration": 0.005683825613608348, "n_events": 387, "total_time": 2.1996405124664307}, "batch.reduce": {"label": "batch.reduce", "average_duration": 0.0038877593146430123, "n_events": 18, "total_time": 0.06997966766357422}, "batch.step": {"label": "batch.step", "average_duration": 0.003238645326875593, "n_events": 387, "total_time": 1.2533557415008545}, "epoch_metrics.collect": {"label": "epoch_metrics.collect", "average_duration": 0.015801270802815754, "n_events": 3, "total_time": 0.047403812408447266}, "reduce.allreduce": {"label": "reduce.allreduce", "average_duration": 0.0033721923828125, "n_events": 18, "total_time": 0.060699462890625}, "reduce.flat_pack": {"label": "reduce.flat_pack", "average_duration": 0.0003920925988091363, "n_events": 18, "total_time": 0.007057666778564453}, "test.last": {"label": "test.last", "average_duration": 1.3880354563395183, "n_events": 3, "total_time": 4.164106369018555}}