{"batch": {"label": "batch", "average_duration": 0.42232136887938976, "n_events": 29249, "total_time": 12352.477718353271}, "batch.accumulate": {"label": "batch.accumulate", "average_duration": 0.0025022098021921513, "n_events": 29249, "total_time": 73.18713450431824}, "batch.backward": {"label": "batch.backward", "average_duration": 0.1438348138347447, "n_events": 29249, "total_time": 4207.0244698524475}, "batch.evaluate": {"label": "batch.evaluate", "average_duration": 0.0004455177326431282, "n_events": 29249, "total_time": 13.030948162078857}, "batch.forward": {"label": "batch.forward", "average_duration": 0.0655954608860503, "n_events": 29249, "total_time": 1918.6016354560852}, "batch.reduce": {"label": "batch.reduce", "average_duration": 0.20505389213040326, "n_events": 29249, "total_time": 5997.621290922165}, "batch.step": {"label": "batch.step", "average_duration": 0.0019002885768595237, "n_events": 29249, "total_time": 55.58154058456421}, "epoch_metrics.collect": {"label": "epoch_metrics.collect", "average_duration": 0.001713319112790511, "n_events": 149, "total_time": 0.25528454780578613}, "reduce.combine": {"label": "reduce.combine", "average_duration": 0.03999577159086673, "n_events": 29249, "total_time": 1169.836323261261}, "reduce.flatpack": {"label": "reduce.flatpack", "average_duration": 0.00016963307871941302, "n_events": 29249, "total_time": 4.961597919464111}, "reduce.gather": {"label": "reduce.gather", "average_duration": 0.005427221912959322, "n_events": 29249, "total_time": 158.74081373214722}, "reduce.memory": {"label": "reduce.memory", "average_duration": 0.012479753640008676, "n_events": 29249, "total_time": 365.02031421661377}, "reduce.topk": {"label": "reduce.topk", "average_duration": 0.14517773560220074, "n_events": 29249, "total_time": 4246.303588628769}, "test.last": {"label": "test.last", "average_duration": 2.4824938262068987, "n_events": 149, "total_time": 369.8915801048279}}