{"batch": {"label": "batch", "average_duration": 0.2442575220234138, "n_events": 484, "total_time": 118.22064065933228}, "batch.accumulate": {"label": "batch.accumulate", "average_duration": 0.002052603181728647, "n_events": 484, "total_time": 0.993459939956665}, "batch.backward": {"label": "batch.backward", "average_duration": 0.12480672233360858, "n_events": 484, "total_time": 60.40645360946655}, "batch.evaluate": {"label": "batch.evaluate", "average_duration": 0.0005760488431315777, "n_events": 484, "total_time": 0.2788076400756836}, "batch.forward": {"label": "batch.forward", "average_duration": 0.060113521154261815, "n_events": 484, "total_time": 29.09494423866272}, "batch.reduce": {"label": "batch.reduce", "average_duration": 0.04353954033418135, "n_events": 484, "total_time": 21.073137521743774}, "batch.step": {"label": "batch.step", "average_duration": 0.009644500480210486, "n_events": 484, "total_time": 4.667938232421875}, "epoch_metrics.collect": {"label": "epoch_metrics.collect", "average_duration": 0.004957437515258789, "n_events": 4, "total_time": 0.019829750061035156}, "reduce.compress": {"label": "reduce.compress", "average_duration": 0.0032719531335121343, "n_events": 484, "total_time": 1.583625316619873}, "reduce.decompress": {"label": "reduce.decompress", "average_duration": 0.0003744363784790039, "n_events": 484, "total_time": 0.1812272071838379}, "reduce.flat_pack": {"label": "reduce.flat_pack", "average_duration": 0.0007640345037476091, "n_events": 484, "total_time": 0.3697926998138428}, "reduce.norm": {"label": "reduce.norm", "average_duration": 0.0012101949739062097, "n_events": 484, "total_time": 0.5857343673706055}, "reduce.reduce.vector": {"label": "reduce.reduce.vector", "average_duration": 0.030910554996206742, "n_events": 484, "total_time": 14.960708618164062}, "reduce.setgrad": {"label": "reduce.setgrad", "average_duration": 0.006633878246811796, "n_events": 484, "total_time": 3.210797071456909}, "test.last": {"label": "test.last", "average_duration": 1.4152213335037231, "n_events": 4, "total_time": 5.660885334014893}}