{"batch": {"label": "batch", "average_duration": 0.08740704754988353, "n_events": 96, "total_time": 8.391076564788818}, "batch.accumulate": {"label": "batch.accumulate", "average_duration": 0.0010933279991149902, "n_events": 96, "total_time": 0.10495948791503906}, "batch.backward": {"label": "batch.backward", "average_duration": 0.06464761992295583, "n_events": 96, "total_time": 6.20617151260376}, "batch.evaluate": {"label": "batch.evaluate", "average_duration": 0.0012002264459927876, "n_events": 96, "total_time": 0.11522173881530762}, "batch.forward": {"label": "batch.forward", "average_duration": 0.006326071918010712, "n_events": 96, "total_time": 0.6073029041290283}, "batch.reduce": {"label": "batch.reduce", "average_duration": 0.007822041710217794, "n_events": 96, "total_time": 0.7509160041809082}, "batch.step": {"label": "batch.step", "average_duration": 0.0032158643007278442, "n_events": 96, "total_time": 0.30872297286987305}, "reduce.compress": {"label": "reduce.compress", "average_duration": 0.0021077742179234824, "n_events": 96, "total_time": 0.2023463249206543}, "reduce.decompress": {"label": "reduce.decompress", "average_duration": 0.00021442274252573648, "n_events": 96, "total_time": 0.020584583282470703}, "reduce.flat_pack": {"label": "reduce.flat_pack", "average_duration": 0.0006772031386693319, "n_events": 96, "total_time": 0.06501150131225586}, "reduce.norm": {"label": "reduce.norm", "average_duration": 0.0008587539196014404, "n_events": 96, "total_time": 0.08244037628173828}, "reduce.reduce.vector": {"label": "reduce.reduce.vector", "average_duration": 0.0005052685737609863, "n_events": 96, "total_time": 0.04850578308105469}, "reduce.setgrad": {"label": "reduce.setgrad", "average_duration": 0.003189044694105784, "n_events": 96, "total_time": 0.3061482906341553}, "reduce_times": [0.011465072631835938, 0.008520364761352539, 0.007424592971801758, 0.007647275924682617, 0.00788259506225586, 0.007885217666625977, 0.007994890213012695, 0.007769584655761719, 0.007856369018554688, 0.007724285125732422, 0.007723808288574219, 0.007947444915771484, 0.00804758071899414, 0.007904529571533203, 0.007705211639404297, 0.007650136947631836, 0.010133504867553711, 0.010754585266113281, 0.0078277587890625, 0.007591962814331055, 0.008840084075927734, 0.007652759552001953, 0.007767915725708008, 0.007889747619628906, 0.007859468460083008, 0.007749080657958984, 0.007862091064453125, 0.007608175277709961, 0.0076448917388916016, 0.007894039154052734, 0.008038997650146484, 0.007715702056884766, 0.007974386215209961, 0.007678508758544922, 0.007815837860107422, 0.008226871490478516, 0.007672309875488281, 0.007562160491943359, 0.007959842681884766, 0.0077059268951416016, 0.007798671722412109, 0.007739543914794922, 0.0077266693115234375, 0.007967710494995117, 0.007826089859008789, 0.007745981216430664, 0.007949352264404297, 0.007950544357299805, 0.007600307464599609, 0.007573604583740234, 0.007681131362915039, 0.007992744445800781, 0.007983684539794922, 0.0077478885650634766, 0.007573127746582031, 0.007769584655761719, 0.007754802703857422, 0.007813692092895508, 0.007965087890625, 0.007791757583618164, 0.007696390151977539, 0.00757598876953125, 0.00799417495727539, 0.007704973220825195, 0.0076503753662109375, 0.007950544357299805, 0.007997512817382812, 0.007848024368286133, 0.007889032363891602, 0.0077474117279052734, 0.0077931880950927734, 0.00790548324584961, 0.007720947265625, 0.008037805557250977, 0.008333921432495117, 0.007867097854614258, 0.007925748825073242, 0.007960081100463867, 0.007884025573730469, 0.007731914520263672, 0.0077550411224365234, 0.0077288150787353516, 0.00814056396484375, 0.0075473785400390625, 0.007723569869995117, 0.00773167610168457, 0.007729768753051758, 0.007695674896240234, 0.00790715217590332, 0.007097005844116211, 0.007164716720581055, 0.007044315338134766, 0.007066011428833008, 0.007082223892211914, 0.0071032047271728516, 0.007062196731567383, 0.007059574127197266]}