{"batch": {"label": "batch", "average_duration": 0.08739601572354634, "n_events": 96, "total_time": 8.39001750946045}, "batch.accumulate": {"label": "batch.accumulate", "average_duration": 0.0011251841982205708, "n_events": 96, "total_time": 0.1080176830291748}, "batch.backward": {"label": "batch.backward", "average_duration": 0.006540114680926005, "n_events": 96, "total_time": 0.6278510093688965}, "batch.evaluate": {"label": "batch.evaluate", "average_duration": 0.05783239503701528, "n_events": 96, "total_time": 5.551909923553467}, "batch.forward": {"label": "batch.forward", "average_duration": 0.005821111301581065, "n_events": 96, "total_time": 0.5588266849517822}, "batch.reduce": {"label": "batch.reduce", "average_duration": 0.009739334384600321, "n_events": 96, "total_time": 0.9349761009216309}, "batch.step": {"label": "batch.step", "average_duration": 0.0031771486004193625, "n_events": 96, "total_time": 0.3050062656402588}, "reduce.compress": {"label": "reduce.compress", "average_duration": 0.0004271442691485087, "n_events": 96, "total_time": 0.041005849838256836}, "reduce.decompress": {"label": "reduce.decompress", "average_duration": 8.811553319295247e-05, "n_events": 96, "total_time": 0.008459091186523438}, "reduce.flat_pack": {"label": "reduce.flat_pack", "average_duration": 0.00031122565269470215, "n_events": 96, "total_time": 0.029877662658691406}, "reduce.norm": {"label": "reduce.norm", "average_duration": 0.005167899032433827, "n_events": 96, "total_time": 0.49611830711364746}, "reduce.reduce.vector": {"label": "reduce.reduce.vector", "average_duration": 0.0001433690388997396, "n_events": 96, "total_time": 0.013763427734375}, "reduce.setgrad": {"label": "reduce.setgrad", "average_duration": 0.0033304765820503235, "n_events": 96, "total_time": 0.31972575187683105}, "reduce_times": [0.11527442932128906, 0.010466337203979492, 0.010999202728271484, 0.016483306884765625, 0.009943723678588867, 0.01020359992980957, 0.01060628890991211, 0.00857853889465332, 0.010748147964477539, 0.00909733772277832, 0.01063990592956543, 0.011318683624267578, 0.010997772216796875, 0.009525299072265625, 0.012020587921142578, 0.010300874710083008, 0.009318351745605469, 0.005082368850708008, 0.011012077331542969, 0.010330677032470703, 0.0050945281982421875, 0.009552955627441406, 0.009369611740112305, 0.009318828582763672, 0.008978605270385742, 0.00950765609741211, 0.008684158325195312, 0.010179281234741211, 0.009676218032836914, 0.010268211364746094, 0.009564876556396484, 0.009974479675292969, 0.010080337524414062, 0.011461019515991211, 0.010653495788574219, 0.011165857315063477, 0.009208440780639648, 0.010921001434326172, 0.010353565216064453, 0.010304689407348633, 0.00923609733581543, 0.009252309799194336, 0.008805990219116211, 0.009543895721435547, 0.008937835693359375, 0.00813150405883789, 0.01016998291015625, 0.008069753646850586, 0.009337902069091797, 0.009105920791625977, 0.008759498596191406, 0.00801539421081543, 0.009728670120239258, 0.006448984146118164, 0.011007547378540039, 0.010467052459716797, 0.010277986526489258, 0.010796785354614258, 0.01103520393371582, 0.009517908096313477, 0.010223150253295898, 0.010406255722045898, 0.011057853698730469, 0.0103302001953125, 0.010127544403076172, 0.009619712829589844, 0.010049104690551758, 0.009141683578491211, 0.00947260856628418, 0.010452032089233398, 0.00919961929321289, 0.009628772735595703, 0.009480953216552734, 0.009591341018676758, 0.009620904922485352, 0.010561704635620117, 0.009061336517333984, 0.010788679122924805, 0.011919260025024414, 0.011591672897338867, 0.010771751403808594, 0.010846614837646484, 0.010185718536376953, 0.011031866073608398, 0.009713172912597656, 0.009712696075439453, 0.009727716445922852, 0.009347200393676758, 0.009217262268066406, 0.008022785186767578, 0.008208513259887695, 0.00770258903503418, 0.008353710174560547, 0.00785374641418457, 0.008014917373657227, 0.007634401321411133, 0.007669925689697266]}