{"batch": {"label": "batch", "average_duration": 0.08740859230359395, "n_events": 96, "total_time": 8.39122486114502}, "batch.accumulate": {"label": "batch.accumulate", "average_duration": 0.001117284099260966, "n_events": 96, "total_time": 0.10725927352905273}, "batch.backward": {"label": "batch.backward", "average_duration": 0.0061136384805043536, "n_events": 96, "total_time": 0.586909294128418}, "batch.evaluate": {"label": "batch.evaluate", "average_duration": 0.057782803972562156, "n_events": 96, "total_time": 5.547149181365967}, "batch.forward": {"label": "batch.forward", "average_duration": 0.005934918920199077, "n_events": 96, "total_time": 0.5697522163391113}, "batch.reduce": {"label": "batch.reduce", "average_duration": 0.010074642797311148, "n_events": 96, "total_time": 0.9671657085418701}, "batch.step": {"label": "batch.step", "average_duration": 0.0032496576507886252, "n_events": 96, "total_time": 0.311967134475708}, "reduce.compress": {"label": "reduce.compress", "average_duration": 0.0004192267855008443, "n_events": 96, "total_time": 0.040245771408081055}, "reduce.decompress": {"label": "reduce.decompress", "average_duration": 9.217609961827596e-05, "n_events": 96, "total_time": 0.008848905563354492}, "reduce.flat_pack": {"label": "reduce.flat_pack", "average_duration": 0.0003112504879633586, "n_events": 96, "total_time": 0.029880046844482422}, "reduce.norm": {"label": "reduce.norm", "average_duration": 0.005682398875554402, "n_events": 96, "total_time": 0.5455102920532227}, "reduce.reduce.vector": {"label": "reduce.reduce.vector", "average_duration": 0.0001459866762161255, "n_events": 96, "total_time": 0.014014720916748047}, "reduce.setgrad": {"label": "reduce.setgrad", "average_duration": 0.003148722151915232, "n_events": 96, "total_time": 0.3022773265838623}, "reduce_times": [0.11142158508300781, 0.018159866333007812, 0.010539770126342773, 0.016184091567993164, 0.010636329650878906, 0.010092496871948242, 0.011298894882202148, 0.010301589965820312, 0.011326074600219727, 0.010907649993896484, 0.010616779327392578, 0.011429071426391602, 0.010465383529663086, 0.006583690643310547, 0.01170492172241211, 0.010662555694580078, 0.012567996978759766, 0.013998746871948242, 0.010824203491210938, 0.009690999984741211, 0.010056495666503906, 0.009221792221069336, 0.009320497512817383, 0.009463787078857422, 0.009197473526000977, 0.009417533874511719, 0.009525299072265625, 0.009773731231689453, 0.008614540100097656, 0.010604381561279297, 0.00962686538696289, 0.009513378143310547, 0.01066446304321289, 0.011655807495117188, 0.011093854904174805, 0.011474370956420898, 0.01021265983581543, 0.010581731796264648, 0.01100301742553711, 0.00989842414855957, 0.010260820388793945, 0.009925603866577148, 0.009735345840454102, 0.00965261459350586, 0.008561134338378906, 0.008791923522949219, 0.011440515518188477, 0.008769750595092773, 0.009017467498779297, 0.009305000305175781, 0.010442972183227539, 0.009418964385986328, 0.011980533599853516, 0.009882688522338867, 0.010648727416992188, 0.009459972381591797, 0.008754491806030273, 0.010779142379760742, 0.010434389114379883, 0.01084136962890625, 0.008638381958007812, 0.009835958480834961, 0.010449409484863281, 0.008780956268310547, 0.009385108947753906, 0.008881092071533203, 0.00985574722290039, 0.009248971939086914, 0.007887840270996094, 0.010357856750488281, 0.00967550277709961, 0.008542776107788086, 0.008017778396606445, 0.009839057922363281, 0.00693821907043457, 0.010582923889160156, 0.008867979049682617, 0.009819984436035156, 0.012233495712280273, 0.010708093643188477, 0.011235952377319336, 0.010786056518554688, 0.011491775512695312, 0.010696887969970703, 0.010382413864135742, 0.010351419448852539, 0.010886669158935547, 0.00966644287109375, 0.009337902069091797, 0.008121013641357422, 0.008695602416992188, 0.0076236724853515625, 0.008516311645507812, 0.008069515228271484, 0.009226083755493164, 0.007944822311401367, 0.008571386337280273]}