{"batch": {"label": "batch", "average_duration": 0.08740349858999252, "n_events": 96, "total_time": 8.390735864639282}, "batch.accumulate": {"label": "batch.accumulate", "average_duration": 0.001101367175579071, "n_events": 96, "total_time": 0.10573124885559082}, "batch.backward": {"label": "batch.backward", "average_duration": 0.0059629157185554504, "n_events": 96, "total_time": 0.5724399089813232}, "batch.evaluate": {"label": "batch.evaluate", "average_duration": 0.05943340311447779, "n_events": 96, "total_time": 5.705606698989868}, "batch.forward": {"label": "batch.forward", "average_duration": 0.005577412744363149, "n_events": 96, "total_time": 0.5354316234588623}, "batch.reduce": {"label": "batch.reduce", "average_duration": 0.009118815263112387, "n_events": 96, "total_time": 0.8754062652587891}, "batch.step": {"label": "batch.step", "average_duration": 0.0031650041540463767, "n_events": 96, "total_time": 0.30384039878845215}, "reduce.compress": {"label": "reduce.compress", "average_duration": 0.00040613611539204914, "n_events": 96, "total_time": 0.03898906707763672}, "reduce.decompress": {"label": "reduce.decompress", "average_duration": 8.353590965270996e-05, "n_events": 96, "total_time": 0.008019447326660156}, "reduce.flat_pack": {"label": "reduce.flat_pack", "average_duration": 0.00030074020226796466, "n_events": 96, "total_time": 0.02887105941772461}, "reduce.norm": {"label": "reduce.norm", "average_duration": 0.004848199586073558, "n_events": 96, "total_time": 0.4654271602630615}, "reduce.reduce.vector": {"label": "reduce.reduce.vector", "average_duration": 0.00013633817434310913, "n_events": 96, "total_time": 0.013088464736938477}, "reduce.setgrad": {"label": "reduce.setgrad", "average_duration": 0.0030885860323905945, "n_events": 96, "total_time": 0.29650425910949707}, "reduce_times": [0.1272127628326416, 0.015825748443603516, 0.009789228439331055, 0.01602768898010254, 0.00898122787475586, 0.00924825668334961, 0.008147716522216797, 0.009029865264892578, 0.009481430053710938, 0.009374141693115234, 0.008422374725341797, 0.008188486099243164, 0.008342742919921875, 0.007829904556274414, 0.009658575057983398, 0.00856471061706543, 0.011276721954345703, 0.012527942657470703, 0.010291099548339844, 0.009210824966430664, 0.010504961013793945, 0.00884866714477539, 0.009328126907348633, 0.009271621704101562, 0.009090185165405273, 0.009023904800415039, 0.009783744812011719, 0.008123397827148438, 0.009167671203613281, 0.00953817367553711, 0.009111642837524414, 0.008878469467163086, 0.00896596908569336, 0.009803533554077148, 0.009569406509399414, 0.00890207290649414, 0.008790969848632812, 0.009514331817626953, 0.008358001708984375, 0.008563518524169922, 0.008641481399536133, 0.009126663208007812, 0.008758783340454102, 0.00893545150756836, 0.00831294059753418, 0.008958816528320312, 0.010549545288085938, 0.00881505012512207, 0.00879359245300293, 0.009252071380615234, 0.008982419967651367, 0.009402990341186523, 0.010085821151733398, 0.009241104125976562, 0.009937047958374023, 0.00836801528930664, 0.008533239364624023, 0.009307384490966797, 0.009748220443725586, 0.009118080139160156, 0.008290767669677734, 0.008876800537109375, 0.00979161262512207, 0.00885009765625, 0.009010076522827148, 0.008791923522949219, 0.00964045524597168, 0.008901834487915039, 0.009474515914916992, 0.009858369827270508, 0.00973057746887207, 0.00861215591430664, 0.009404897689819336, 0.00859832763671875, 0.009559392929077148, 0.009671449661254883, 0.007949113845825195, 0.008816719055175781, 0.009914875030517578, 0.008997201919555664, 0.009183406829833984, 0.009368896484375, 0.00888824462890625, 0.009124279022216797, 0.008740663528442383, 0.00874638557434082, 0.008846282958984375, 0.008838653564453125, 0.007278919219970703, 0.007208824157714844, 0.007184505462646484, 0.00722050666809082, 0.007487297058105469, 0.007369518280029297, 0.007153511047363281, 0.006964206695556641, 0.006835222244262695]}