{"batch": {"label": "batch", "average_duration": 0.054664462743598576, "n_events": 974, "total_time": 53.243186712265015}, "batch.accumulate": {"label": "batch.accumulate", "average_duration": 0.000991449953349464, "n_events": 974, "total_time": 0.9656722545623779}, "batch.backward": {"label": "batch.backward", "average_duration": 0.007956497723072217, "n_events": 974, "total_time": 7.749628782272339}, "batch.evaluate": {"label": "batch.evaluate", "average_duration": 0.018250429165191963, "n_events": 974, "total_time": 17.775918006896973}, "batch.forward": {"label": "batch.forward", "average_duration": 0.004274243202052812, "n_events": 974, "total_time": 4.1631128787994385}, "batch.reduce": {"label": "batch.reduce", "average_duration": 0.01505664731442806, "n_events": 974, "total_time": 14.66517448425293}, "batch.step": {"label": "batch.step", "average_duration": 0.0054003289103263215, "n_events": 974, "total_time": 5.259920358657837}, "epoch_metrics.collect": {"label": "epoch_metrics.collect", "average_duration": 0.013973474502563477, "n_events": 4, "total_time": 0.055893898010253906}, "reduce.compress": {"label": "reduce.compress", "average_duration": 0.0008314764719968948, "n_events": 974, "total_time": 0.8098580837249756}, "reduce.decompress": {"label": "reduce.decompress", "average_duration": 0.00019054907303326429, "n_events": 974, "total_time": 0.18559479713439941}, "reduce.flat_pack": {"label": "reduce.flat_pack", "average_duration": 0.00024295905777071535, "n_events": 974, "total_time": 0.23664212226867676}, "reduce.norm": {"label": "reduce.norm", "average_duration": 0.010498309282306773, "n_events": 974, "total_time": 10.225353240966797}, "reduce.reduce.vector": {"label": "reduce.reduce.vector", "average_duration": 0.00010256723212020843, "n_events": 974, "total_time": 0.09990048408508301}, "reduce.setgrad": {"label": "reduce.setgrad", "average_duration": 0.002990710661886164, "n_events": 974, "total_time": 2.912952184677124}, "test.last": {"label": "test.last", "average_duration": 0.9978929162025452, "n_events": 4, "total_time": 3.9915716648101807}}