{"batch": {"label": "batch", "average_duration": 0.10771246309210947, "n_events": 29249, "total_time": 3150.4818329811096}, "batch.accumulate": {"label": "batch.accumulate", "average_duration": 0.0019700164048911126, "n_events": 29249, "total_time": 57.621009826660156}, "batch.backward": {"label": "batch.backward", "average_duration": 0.007817117571769614, "n_events": 29249, "total_time": 228.64287185668945}, "batch.evaluate": {"label": "batch.evaluate", "average_duration": 0.014883081706520912, "n_events": 29249, "total_time": 435.31525683403015}, "batch.forward": {"label": "batch.forward", "average_duration": 0.00772770482530561, "n_events": 29249, "total_time": 226.02763843536377}, "batch.reduce": {"label": "batch.reduce", "average_duration": 0.008608616088418015, "n_events": 29249, "total_time": 251.79341197013855}, "batch.step": {"label": "batch.step", "average_duration": 0.0112638075317724, "n_events": 29249, "total_time": 329.4551064968109}, "epoch_metrics.collect": {"label": "epoch_metrics.collect", "average_duration": 0.00524073959196974, "n_events": 149, "total_time": 0.7808701992034912}, "reduce.allreduce": {"label": "reduce.allreduce", "average_duration": 0.007876419785483368, "n_events": 29249, "total_time": 230.37740230560303}, "reduce.flat_pack": {"label": "reduce.flat_pack", "average_duration": 0.0005693547260806501, "n_events": 29249, "total_time": 16.653056383132935}, "test.last": {"label": "test.last", "average_duration": 1.0164224557428552, "n_events": 149, "total_time": 151.44694590568542}}