{"batch": {"label": "batch", "average_duration": 0.36677381549913857, "n_events": 194, "total_time": 71.15412020683289}, "batch.accumulate": {"label": "batch.accumulate", "average_duration": 0.0026491378483019376, "n_events": 38, "total_time": 0.10066723823547363}, "batch.backward": {"label": "batch.backward", "average_duration": 0.1222039018709635, "n_events": 194, "total_time": 23.70755696296692}, "batch.evaluate": {"label": "batch.evaluate", "average_duration": 0.0005804668996751923, "n_events": 194, "total_time": 0.1126105785369873}, "batch.forward": {"label": "batch.forward", "average_duration": 0.04106498747756801, "n_events": 194, "total_time": 7.966607570648193}, "batch.reduce": {"label": "batch.reduce", "average_duration": 0.8775701648310611, "n_events": 38, "total_time": 33.34766626358032}, "batch.step": {"label": "batch.step", "average_duration": 0.008084224671432652, "n_events": 194, "total_time": 1.5683395862579346}, "reduce.compress": {"label": "reduce.compress", "average_duration": 0.0023978697626214278, "n_events": 38, "total_time": 0.09111905097961426}, "reduce.decompress": {"label": "reduce.decompress", "average_duration": 0.00020997147811086555, "n_events": 38, "total_time": 0.00797891616821289}, "reduce.flat_pack": {"label": "reduce.flat_pack", "average_duration": 0.0009158661490992495, "n_events": 38, "total_time": 0.034802913665771484}, "reduce.norm": {"label": "reduce.norm", "average_duration": 0.8653534023385299, "n_events": 38, "total_time": 32.883429288864136}, "reduce.setgrad": {"label": "reduce.setgrad", "average_duration": 0.008261718248066149, "n_events": 38, "total_time": 0.31394529342651367}}