{"batch": {"label": "batch", "average_duration": 0.20228327426713766, "n_events": 194, "total_time": 39.24295520782471}, "batch.accumulate": {"label": "batch.accumulate", "average_duration": 0.0029410123825073242, "n_events": 194, "total_time": 0.5705564022064209}, "batch.backward": {"label": "batch.backward", "average_duration": 0.12347794930959485, "n_events": 194, "total_time": 23.9547221660614}, "batch.evaluate": {"label": "batch.evaluate", "average_duration": 0.0006166463045729804, "n_events": 194, "total_time": 0.1196293830871582}, "batch.forward": {"label": "batch.forward", "average_duration": 0.041275463153406515, "n_events": 194, "total_time": 8.007439851760864}, "batch.reduce": {"label": "batch.reduce", "average_duration": 0.015849606278016397, "n_events": 194, "total_time": 3.0748236179351807}, "batch.step": {"label": "batch.step", "average_duration": 0.009711816138827923, "n_events": 194, "total_time": 1.8840923309326172}, "reduce.compress": {"label": "reduce.compress", "average_duration": 0.0032768642779478093, "n_events": 194, "total_time": 0.635711669921875}, "reduce.decompress": {"label": "reduce.decompress", "average_duration": 0.00029373906322361265, "n_events": 194, "total_time": 0.05698537826538086}, "reduce.flat_pack": {"label": "reduce.flat_pack", "average_duration": 0.0008579947284816467, "n_events": 194, "total_time": 0.16645097732543945}, "reduce.norm": {"label": "reduce.norm", "average_duration": 0.00046045386914125424, "n_events": 194, "total_time": 0.08932805061340332}, "reduce.reduce.vector": {"label": "reduce.reduce.vector", "average_duration": 0.0014822593669301456, "n_events": 194, "total_time": 0.28755831718444824}, "reduce.setgrad": {"label": "reduce.setgrad", "average_duration": 0.009196446113979694, "n_events": 194, "total_time": 1.7841105461120605}}