{"batch": {"label": "batch", "average_duration": 0.08099391295992095, "n_events": 290, "total_time": 23.488234758377075}, "batch.accumulate": {"label": "batch.accumulate", "average_duration": 0.0011508994632297093, "n_events": 18, "total_time": 0.020716190338134766}, "batch.backward": {"label": "batch.backward", "average_duration": 0.006517232697585533, "n_events": 290, "total_time": 1.8899974822998047}, "batch.evaluate": {"label": "batch.evaluate", "average_duration": 0.060139503150150694, "n_events": 290, "total_time": 17.4404559135437}, "batch.forward": {"label": "batch.forward", "average_duration": 0.005546619974333664, "n_events": 290, "total_time": 1.6085197925567627}, "batch.reduce": {"label": "batch.reduce", "average_duration": 0.03581897417704264, "n_events": 18, "total_time": 0.6447415351867676}, "batch.step": {"label": "batch.step", "average_duration": 0.0031170573727837925, "n_events": 290, "total_time": 0.9039466381072998}, "epoch_metrics.collect": {"label": "epoch_metrics.collect", "average_duration": 0.011815190315246582, "n_events": 2, "total_time": 0.023630380630493164}, "reduce.compress": {"label": "reduce.compress", "average_duration": 0.00045809480879041884, "n_events": 18, "total_time": 0.008245706558227539}, "reduce.decompress": {"label": "reduce.decompress", "average_duration": 9.735425313313802e-05, "n_events": 18, "total_time": 0.0017523765563964844}, "reduce.flat_pack": {"label": "reduce.flat_pack", "average_duration": 0.0003472831514146593, "n_events": 18, "total_time": 0.006251096725463867}, "reduce.norm": {"label": "reduce.norm", "average_duration": 0.03122593296898736, "n_events": 18, "total_time": 0.5620667934417725}, "reduce.reduce.vector": {"label": "reduce.reduce.vector", "average_duration": 0.00016322400834825303, "n_events": 18, "total_time": 0.0029380321502685547}, "reduce.setgrad": {"label": "reduce.setgrad", "average_duration": 0.003208107418484158, "n_events": 18, "total_time": 0.057745933532714844}, "test.last": {"label": "test.last", "average_duration": 1.3776118755340576, "n_events": 2, "total_time": 2.7552237510681152}}