{"batch": {"label": "batch", "average_duration": 0.37226894712939707, "n_events": 194, "total_time": 72.22017574310303}, "batch.accumulate": {"label": "batch.accumulate", "average_duration": 0.001435625184442579, "n_events": 194, "total_time": 0.27851128578186035}, "batch.backward": {"label": "batch.backward", "average_duration": 0.10100998337735835, "n_events": 194, "total_time": 19.59593677520752}, "batch.evaluate": {"label": "batch.evaluate", "average_duration": 0.0007589158323622242, "n_events": 194, "total_time": 0.14722967147827148}, "batch.forward": {"label": "batch.forward", "average_duration": 0.05237165185594067, "n_events": 194, "total_time": 10.16010046005249}, "batch.reduce": {"label": "batch.reduce", "average_duration": 0.20835220936647394, "n_events": 194, "total_time": 40.42032861709595}, "batch.step": {"label": "batch.step", "average_duration": 0.005010164890092672, "n_events": 194, "total_time": 0.9719719886779785}, "reduce.allreduce": {"label": "reduce.allreduce", "average_duration": 0.2069930477240651, "n_events": 194, "total_time": 40.15665125846863}, "reduce.flat_pack": {"label": "reduce.flat_pack", "average_duration": 0.0011623520212075144, "n_events": 194, "total_time": 0.2254962921142578}, "reduce_times": [0.12522578239440918, 0.056464195251464844, 0.05733990669250488, 0.056914567947387695, 0.05772042274475098, 0.053371429443359375, 0.06246519088745117, 0.056143999099731445, 0.05612969398498535, 0.055891990661621094, 0.055570125579833984, 0.19681119918823242, 0.21233034133911133, 0.21413326263427734, 0.21342754364013672, 0.21364498138427734, 0.21756744384765625, 0.2139437198638916, 0.21773314476013184, 0.21832728385925293, 0.21671175956726074, 0.21782279014587402, 0.21787190437316895, 0.21793675422668457, 0.21810698509216309, 0.21822690963745117, 0.21815085411071777, 0.21758246421813965, 0.21764802932739258, 0.21803045272827148, 0.21745014190673828, 0.21783661842346191, 0.2180345058441162, 0.21837902069091797, 0.21663856506347656, 0.21817445755004883, 0.21772408485412598, 0.2173466682434082, 0.21696901321411133, 0.21755552291870117, 0.2179579734802246, 0.21736407279968262, 0.2173783779144287, 0.21850299835205078, 0.21800971031188965, 0.21779179573059082, 0.21768832206726074, 0.21772480010986328, 0.2181687355041504, 0.21755647659301758, 0.21811556816101074, 0.21746444702148438, 0.21721649169921875, 0.21775221824645996, 0.2176063060760498, 0.21719741821289062, 0.21752452850341797, 0.21761393547058105, 0.21797800064086914, 0.21763253211975098, 0.21841025352478027, 0.2179880142211914, 0.21864795684814453, 0.21393203735351562, 0.21745562553405762, 0.2172682285308838, 0.37236642837524414, 0.06304693222045898, 0.2179701328277588, 0.21794986724853516, 0.21778106689453125, 0.21422505378723145, 0.21702814102172852, 0.21784210205078125, 0.217756986618042, 0.2175004482269287, 0.21774983406066895, 0.21811866760253906, 0.21780872344970703, 0.2173616886138916, 0.21764254570007324, 0.2176682949066162, 0.21726417541503906, 0.21756577491760254, 0.21715545654296875, 0.21786761283874512, 0.2189345359802246, 0.2156388759613037, 0.21788239479064941, 0.2175891399383545, 0.21739983558654785, 0.2180805206298828, 0.2182450294494629, 0.233551025390625, 0.20207834243774414, 0.2170886993408203, 0.21827125549316406, 0.21904301643371582, 0.2176814079284668, 0.21790504455566406, 0.21866965293884277, 0.21745038032531738, 0.2172534465789795, 0.2176668643951416, 0.2177727222442627, 0.21900725364685059, 0.2178044319152832, 0.2173936367034912, 0.25932812690734863, 0.17562222480773926, 0.2181999683380127, 0.2171339988708496, 0.21793079376220703, 0.2173762321472168, 0.21713757514953613, 0.2170252799987793, 0.21749567985534668, 0.21801066398620605, 0.21737957000732422, 0.4365561008453369, 0.05597519874572754, 0.38509321212768555, 0.05278491973876953, 0.1847987174987793, 0.2254030704498291, 0.18185734748840332, 0.21544599533081055, 0.21710777282714844, 0.21727490425109863, 0.2173469066619873, 0.21696972846984863, 0.21807050704956055, 0.21746087074279785, 0.2170877456665039, 0.21784329414367676, 0.21678733825683594, 0.21800613403320312, 0.2179105281829834, 0.23059868812561035, 0.20301413536071777, 0.2183208465576172, 0.2171335220336914, 0.21748137474060059, 0.2184009552001953, 0.2173464298248291, 0.21750473976135254, 0.21743559837341309, 0.2171773910522461, 0.21780848503112793, 0.21677851676940918, 0.21753668785095215, 0.2167983055114746, 0.2179856300354004, 0.2170720100402832, 0.21725869178771973, 0.21797823905944824, 0.21729612350463867, 0.2172253131866455, 0.2173316478729248, 0.21778535842895508, 0.21747612953186035, 0.2169938087463379, 0.21737456321716309, 0.2175157070159912, 0.218186616897583, 0.21776866912841797, 0.2483065128326416, 0.18775129318237305, 0.217376708984375, 0.21765422821044922, 0.21728134155273438, 0.21727442741394043, 0.21384191513061523, 0.21867871284484863, 0.2174229621887207, 0.21706914901733398, 0.22160744667053223, 0.2289566993713379, 0.06693911552429199, 0.21413183212280273, 0.21706199645996094, 0.21646761894226074, 0.21872782707214355, 0.21759295463562012, 0.21831274032592773, 0.21653270721435547, 0.2938570976257324, 0.14229726791381836, 0.2188563346862793, 0.2684025764465332, 0.16645526885986328, 0.21713733673095703, 0.21757817268371582, 0.21770000457763672, 0.21789956092834473]}