{"batch": {"label": "batch", "average_duration": 0.13277192204451757, "n_events": 484, "total_time": 64.26161026954651}, "batch.accumulate": {"label": "batch.accumulate", "average_duration": 0.000692560653055995, "n_events": 484, "total_time": 0.33519935607910156}, "batch.backward": {"label": "batch.backward", "average_duration": 0.06435313549908725, "n_events": 484, "total_time": 31.146917581558228}, "batch.evaluate": {"label": "batch.evaluate", "average_duration": 0.0005061296392078242, "n_events": 484, "total_time": 0.24496674537658691}, "batch.forward": {"label": "batch.forward", "average_duration": 0.05475924330309403, "n_events": 484, "total_time": 26.50347375869751}, "batch.reduce": {"label": "batch.reduce", "average_duration": 0.00795645654694108, "n_events": 484, "total_time": 3.8509249687194824}, "batch.step": {"label": "batch.step", "average_duration": 0.0031260094366782954, "n_events": 484, "total_time": 1.512988567352295}, "epoch_metrics.collect": {"label": "epoch_metrics.collect", "average_duration": 0.006782054901123047, "n_events": 4, "total_time": 0.027128219604492188}, "reduce.compress": {"label": "reduce.compress", "average_duration": 0.0015292482927811047, "n_events": 484, "total_time": 0.7401561737060547}, "reduce.decompress": {"label": "reduce.decompress", "average_duration": 0.00019238655232200937, "n_events": 484, "total_time": 0.09311509132385254}, "reduce.flat_pack": {"label": "reduce.flat_pack", "average_duration": 0.0003490989858453924, "n_events": 484, "total_time": 0.16896390914916992}, "reduce.norm": {"label": "reduce.norm", "average_duration": 0.0022402371256804664, "n_events": 484, "total_time": 1.0842747688293457}, "reduce.reduce.vector": {"label": "reduce.reduce.vector", "average_duration": 0.0008311040145306548, "n_events": 484, "total_time": 0.4022543430328369}, "reduce.setgrad": {"label": "reduce.setgrad", "average_duration": 0.0024032454845333887, "n_events": 484, "total_time": 1.1631708145141602}, "test.last": {"label": "test.last", "average_duration": 1.1839054226875305, "n_events": 4, "total_time": 4.735621690750122}}