{"batch": {"label": "batch", "average_duration": 0.4898465272676142, "n_events": 193, "total_time": 94.54037976264954}, "batch.accumulate": {"label": "batch.accumulate", "average_duration": 0.0014201112361769603, "n_events": 193, "total_time": 0.2740814685821533}, "batch.backward": {"label": "batch.backward", "average_duration": 0.3820626636860902, "n_events": 193, "total_time": 73.7380940914154}, "batch.evaluate": {"label": "batch.evaluate", "average_duration": 0.0007516522481651503, "n_events": 193, "total_time": 0.14506888389587402}, "batch.forward": {"label": "batch.forward", "average_duration": 0.048034870562775764, "n_events": 193, "total_time": 9.270730018615723}, "batch.reduce": {"label": "batch.reduce", "average_duration": 0.049165712119384135, "n_events": 193, "total_time": 9.488982439041138}, "batch.step": {"label": "batch.step", "average_duration": 0.006293200458269663, "n_events": 193, "total_time": 1.214587688446045}, "epoch_metrics.collect": {"label": "epoch_metrics.collect", "average_duration": 0.0011584758758544922, "n_events": 1, "total_time": 0.0011584758758544922}, "reduce.compress": {"label": "reduce.compress", "average_duration": 0.014093573229300544, "n_events": 193, "total_time": 2.720059633255005}, "reduce.decompress": {"label": "reduce.decompress", "average_duration": 0.002080993948822812, "n_events": 193, "total_time": 0.40163183212280273}, "reduce.flat_pack": {"label": "reduce.flat_pack", "average_duration": 0.0014285015936342546, "n_events": 193, "total_time": 0.27570080757141113}, "reduce.norm": {"label": "reduce.norm", "average_duration": 0.02099229881800518, "n_events": 193, "total_time": 4.051513671875}, "reduce.reduce.vector": {"label": "reduce.reduce.vector", "average_duration": 0.006548468930733636, "n_events": 193, "total_time": 1.2638545036315918}, "reduce.setgrad": {"label": "reduce.setgrad", "average_duration": 0.003665951249512984, "n_events": 193, "total_time": 0.7075285911560059}, "test.last": {"label": "test.last", "average_duration": 1.1059694290161133, "n_events": 1, "total_time": 1.1059694290161133}}