{"batch": {"label": "batch", "average_duration": 0.172105435990105, "n_events": 484, "total_time": 83.29903101921082}, "batch.accumulate": {"label": "batch.accumulate", "average_duration": 0.000746265423199362, "n_events": 484, "total_time": 0.3611924648284912}, "batch.backward": {"label": "batch.backward", "average_duration": 0.06276536628234484, "n_events": 484, "total_time": 30.378437280654907}, "batch.evaluate": {"label": "batch.evaluate", "average_duration": 0.000571386380629106, "n_events": 484, "total_time": 0.2765510082244873}, "batch.forward": {"label": "batch.forward", "average_duration": 0.05337469095040944, "n_events": 484, "total_time": 25.83335041999817}, "batch.reduce": {"label": "batch.reduce", "average_duration": 0.050085940144278786, "n_events": 484, "total_time": 24.241595029830933}, "batch.step": {"label": "batch.step", "average_duration": 0.0031342501482687704, "n_events": 484, "total_time": 1.516977071762085}, "epoch_metrics.collect": {"label": "epoch_metrics.collect", "average_duration": 0.004998981952667236, "n_events": 4, "total_time": 0.019995927810668945}, "reduce.compress": {"label": "reduce.compress", "average_duration": 0.022813745766631827, "n_events": 484, "total_time": 11.041852951049805}, "reduce.decompress": {"label": "reduce.decompress", "average_duration": 0.0010868094184181907, "n_events": 484, "total_time": 0.5260157585144043}, "reduce.flat_pack": {"label": "reduce.flat_pack", "average_duration": 0.0003578707206347757, "n_events": 484, "total_time": 0.17320942878723145}, "reduce.norm": {"label": "reduce.norm", "average_duration": 0.004281594733561366, "n_events": 484, "total_time": 2.072291851043701}, "reduce.reduce.vector": {"label": "reduce.reduce.vector", "average_duration": 0.018639869433789213, "n_events": 484, "total_time": 9.02169680595398}, "reduce.setgrad": {"label": "reduce.setgrad", "average_duration": 0.002432569984562141, "n_events": 484, "total_time": 1.1773638725280762}, "test.last": {"label": "test.last", "average_duration": 1.1666678190231323, "n_events": 4, "total_time": 4.666671276092529}}