{"batch": {"label": "batch", "average_duration": 0.22526529800793357, "n_events": 484, "total_time": 109.02840423583984}, "batch.accumulate": {"label": "batch.accumulate", "average_duration": 0.0019243364491738563, "n_events": 484, "total_time": 0.9313788414001465}, "batch.backward": {"label": "batch.backward", "average_duration": 0.12326183250127745, "n_events": 484, "total_time": 59.658726930618286}, "batch.evaluate": {"label": "batch.evaluate", "average_duration": 0.0005355462555057747, "n_events": 484, "total_time": 0.2592043876647949}, "batch.forward": {"label": "batch.forward", "average_duration": 0.05991122742329747, "n_events": 484, "total_time": 28.997034072875977}, "batch.reduce": {"label": "batch.reduce", "average_duration": 0.027340925429478163, "n_events": 484, "total_time": 13.233007907867432}, "batch.step": {"label": "batch.step", "average_duration": 0.008899793644581945, "n_events": 484, "total_time": 4.307500123977661}, "epoch_metrics.collect": {"label": "epoch_metrics.collect", "average_duration": 0.004178285598754883, "n_events": 4, "total_time": 0.01671314239501953}, "reduce.allocate_memory": {"label": "reduce.allocate_memory", "average_duration": 0.0007325484732951014, "n_events": 484, "total_time": 0.3545534610748291}, "reduce.compute.p": {"label": "reduce.compute.p", "average_duration": 0.001225025200646771, "n_events": 484, "total_time": 0.5929121971130371}, "reduce.compute.q": {"label": "reduce.compute.q", "average_duration": 0.0022068373427903357, "n_events": 484, "total_time": 1.0681092739105225}, "reduce.normalize.p": {"label": "reduce.normalize.p", "average_duration": 0.004862880903827258, "n_events": 484, "total_time": 2.3536343574523926}, "reduce.outerprod": {"label": "reduce.outerprod", "average_duration": 0.0036836729561987003, "n_events": 484, "total_time": 1.782897710800171}, "reduce.p": {"label": "reduce.p", "average_duration": 0.0030231362531993014, "n_events": 484, "total_time": 1.463197946548462}, "reduce.prepare.q": {"label": "reduce.prepare.q", "average_duration": 0.0007027018168741021, "n_events": 484, "total_time": 0.34010767936706543}, "reduce.q": {"label": "reduce.q", "average_duration": 0.0017124626262128846, "n_events": 484, "total_time": 0.8288319110870361}, "reduce.rank1.all_reduce": {"label": "reduce.rank1.all_reduce", "average_duration": 0.0013708083097599755, "n_events": 484, "total_time": 0.6634712219238281}, "reduce.rank1.pack": {"label": "reduce.rank1.pack", "average_duration": 0.0004024249463041952, "n_events": 484, "total_time": 0.19477367401123047}, "reduce.rank1.unpack": {"label": "reduce.rank1.unpack", "average_duration": 0.001945541417303164, "n_events": 484, "total_time": 0.9416420459747314}, "test.last": {"label": "test.last", "average_duration": 1.4081022143363953, "n_events": 4, "total_time": 5.632408857345581}}