{"batch": {"label": "batch", "average_duration": 0.28505085724195445, "n_events": 29249, "total_time": 8337.452523469925}, "batch.accumulate": {"label": "batch.accumulate", "average_duration": 0.003048227417713157, "n_events": 29249, "total_time": 89.15760374069214}, "batch.backward": {"label": "batch.backward", "average_duration": 0.14413829379466633, "n_events": 29249, "total_time": 4215.900955200195}, "batch.evaluate": {"label": "batch.evaluate", "average_duration": 0.0006524609347246314, "n_events": 29249, "total_time": 19.083829879760742}, "batch.forward": {"label": "batch.forward", "average_duration": 0.06705610464933962, "n_events": 29249, "total_time": 1961.3240048885345}, "batch.reduce": {"label": "batch.reduce", "average_duration": 0.04590086994988233, "n_events": 29249, "total_time": 1342.5545451641083}, "batch.step": {"label": "batch.step", "average_duration": 0.016483996822437126, "n_events": 29249, "total_time": 482.1404230594635}, "epoch_metrics.collect": {"label": "epoch_metrics.collect", "average_duration": 0.0017954407122311175, "n_events": 149, "total_time": 0.2675206661224365}, "reduce.compress": {"label": "reduce.compress", "average_duration": 0.023857086042024453, "n_events": 29249, "total_time": 697.7959096431732}, "reduce.decompress": {"label": "reduce.decompress", "average_duration": 0.0034147456526254978, "n_events": 29249, "total_time": 99.87789559364319}, "reduce.flat_pack": {"label": "reduce.flat_pack", "average_duration": 0.0012459961172780313, "n_events": 29249, "total_time": 36.44414043426514}, "reduce.norm": {"label": "reduce.norm", "average_duration": 0.0009479403858523258, "n_events": 29249, "total_time": 27.726308345794678}, "reduce.reduce.vector": {"label": "reduce.reduce.vector", "average_duration": 0.006601862933656987, "n_events": 29249, "total_time": 193.0978889465332}, "reduce.setgrad": {"label": "reduce.setgrad", "average_duration": 0.009611553141404725, "n_events": 29249, "total_time": 281.1283178329468}, "test.last": {"label": "test.last", "average_duration": 2.617565231835282, "n_events": 149, "total_time": 390.01721954345703}}