{"batch": {"label": "batch", "average_duration": 0.2836590871194998, "n_events": 29249, "total_time": 8296.744639158249}, "batch.accumulate": {"label": "batch.accumulate", "average_duration": 0.002563182021936656, "n_events": 29249, "total_time": 74.97051095962524}, "batch.backward": {"label": "batch.backward", "average_duration": 0.02264889851892629, "n_events": 29249, "total_time": 662.4576327800751}, "batch.evaluate": {"label": "batch.evaluate", "average_duration": 0.17640550983735054, "n_events": 29249, "total_time": 5159.684757232666}, "batch.forward": {"label": "batch.forward", "average_duration": 0.012898704977849678, "n_events": 29249, "total_time": 377.27422189712524}, "batch.reduce": {"label": "batch.reduce", "average_duration": 0.03279624466545712, "n_events": 29249, "total_time": 959.2573602199554}, "batch.step": {"label": "batch.step", "average_duration": 0.02927362080488316, "n_events": 29249, "total_time": 856.2241349220276}, "epoch_metrics.collect": {"label": "epoch_metrics.collect", "average_duration": 0.016106621531032077, "n_events": 149, "total_time": 2.3998866081237793}, "reduce.compress": {"label": "reduce.compress", "average_duration": 0.0007937119725977377, "n_events": 29249, "total_time": 23.21528148651123}, "reduce.decompress": {"label": "reduce.decompress", "average_duration": 0.0001802454484157503, "n_events": 29249, "total_time": 5.27199912071228}, "reduce.flat_pack": {"label": "reduce.flat_pack", "average_duration": 0.0005932458996051373, "n_events": 29249, "total_time": 17.35184931755066}, "reduce.norm": {"label": "reduce.norm", "average_duration": 0.023364468718672243, "n_events": 29249, "total_time": 683.3873455524445}, "reduce.reduce.vector": {"label": "reduce.reduce.vector", "average_duration": 9.83681685782126e-05, "n_events": 29249, "total_time": 2.8771705627441406}, "reduce.setgrad": {"label": "reduce.setgrad", "average_duration": 0.00757461980883413, "n_events": 29249, "total_time": 221.55005478858948}, "test.last": {"label": "test.last", "average_duration": 2.5308556060663006, "n_events": 149, "total_time": 377.0974853038788}}