{"batch": {"label": "batch", "average_duration": 0.1858544312943543, "n_events": 779, "total_time": 144.780601978302}, "batch.accumulate": {"label": "batch.accumulate", "average_duration": 0.0027162024849339537, "n_events": 38, "total_time": 0.10321569442749023}, "batch.backward": {"label": "batch.backward", "average_duration": 0.12475913173886105, "n_events": 779, "total_time": 97.18736362457275}, "batch.evaluate": {"label": "batch.evaluate", "average_duration": 0.0005984303274876958, "n_events": 779, "total_time": 0.46617722511291504}, "batch.forward": {"label": "batch.forward", "average_duration": 0.04169056167651508, "n_events": 779, "total_time": 32.47694754600525}, "batch.reduce": {"label": "batch.reduce", "average_duration": 0.0218906465329622, "n_events": 38, "total_time": 0.8318445682525635}, "batch.step": {"label": "batch.step", "average_duration": 0.0091627225643251, "n_events": 779, "total_time": 7.137760877609253}, "epoch_metrics.collect": {"label": "epoch_metrics.collect", "average_duration": 0.001276572545369466, "n_events": 3, "total_time": 0.0038297176361083984}, "reduce.compress": {"label": "reduce.compress", "average_duration": 0.008689516469051963, "n_events": 38, "total_time": 0.3302016258239746}, "reduce.decompress": {"label": "reduce.decompress", "average_duration": 0.0015324291430021588, "n_events": 38, "total_time": 0.05823230743408203}, "reduce.flat_pack": {"label": "reduce.flat_pack", "average_duration": 0.0009236084787469162, "n_events": 38, "total_time": 0.03509712219238281}, "reduce.norm": {"label": "reduce.norm", "average_duration": 0.0005475282669067383, "n_events": 38, "total_time": 0.020806074142456055}, "reduce.reduce.vector": {"label": "reduce.reduce.vector", "average_duration": 0.0014850089424534847, "n_events": 38, "total_time": 0.05643033981323242}, "reduce.setgrad": {"label": "reduce.setgrad", "average_duration": 0.008397579193115234, "n_events": 38, "total_time": 0.3191080093383789}, "test.last": {"label": "test.last", "average_duration": 2.6701130867004395, "n_events": 3, "total_time": 8.010339260101318}}