{"batch": {"label": "batch", "average_duration": 0.07981287230344555, "n_events": 29249, "total_time": 2334.446702003479}, "batch.accumulate": {"label": "batch.accumulate", "average_duration": 0.0010369904465404567, "n_events": 29249, "total_time": 30.330933570861816}, "batch.backward": {"label": "batch.backward", "average_duration": 0.01997645701166748, "n_events": 29249, "total_time": 584.2913911342621}, "batch.evaluate": {"label": "batch.evaluate", "average_duration": 0.0005941992315652127, "n_events": 29249, "total_time": 17.379733324050903}, "batch.forward": {"label": "batch.forward", "average_duration": 0.011492045639991727, "n_events": 29249, "total_time": 336.13084292411804}, "batch.reduce": {"label": "batch.reduce", "average_duration": 0.03822832917135154, "n_events": 29249, "total_time": 1118.1403999328613}, "batch.step": {"label": "batch.step", "average_duration": 0.005548376503787597, "n_events": 29249, "total_time": 162.28446435928345}, "epoch_metrics.collect": {"label": "epoch_metrics.collect", "average_duration": 0.0017303332386400876, "n_events": 149, "total_time": 0.25781965255737305}, "reduce.compress": {"label": "reduce.compress", "average_duration": 0.01550866366696197, "n_events": 29249, "total_time": 453.6129035949707}, "reduce.decompress": {"label": "reduce.decompress", "average_duration": 0.0021289750169968375, "n_events": 29249, "total_time": 62.2703902721405}, "reduce.flat_pack": {"label": "reduce.flat_pack", "average_duration": 0.0006159342612204232, "n_events": 29249, "total_time": 18.015461206436157}, "reduce.norm": {"label": "reduce.norm", "average_duration": 0.0006994133366654521, "n_events": 29249, "total_time": 20.457140684127808}, "reduce.reduce.vector": {"label": "reduce.reduce.vector", "average_duration": 0.015773211199139534, "n_events": 29249, "total_time": 461.3506543636322}, "reduce.setgrad": {"label": "reduce.setgrad", "average_duration": 0.0032845606717978905, "n_events": 29249, "total_time": 96.0701150894165}, "test.last": {"label": "test.last", "average_duration": 1.0685932684264727, "n_events": 149, "total_time": 159.22039699554443}}