{"batch": {"label": "batch", "average_duration": 0.05268014921335535, "n_events": 29249, "total_time": 1540.8416843414307}, "batch.accumulate": {"label": "batch.accumulate", "average_duration": 0.0009894052315273466, "n_events": 29249, "total_time": 28.93911361694336}, "batch.backward": {"label": "batch.backward", "average_duration": 0.007629057734133814, "n_events": 29249, "total_time": 223.14230966567993}, "batch.evaluate": {"label": "batch.evaluate", "average_duration": 0.018874948161447747, "n_events": 29249, "total_time": 552.0733587741852}, "batch.forward": {"label": "batch.forward", "average_duration": 0.004041089681956441, "n_events": 29249, "total_time": 118.19783210754395}, "batch.reduce": {"label": "batch.reduce", "average_duration": 0.013180518077782652, "n_events": 29249, "total_time": 385.5169732570648}, "batch.step": {"label": "batch.step", "average_duration": 0.00540552010817089, "n_events": 29249, "total_time": 158.10605764389038}, "epoch_metrics.collect": {"label": "epoch_metrics.collect", "average_duration": 0.02744333216007924, "n_events": 149, "total_time": 4.089056491851807}, "reduce.compress": {"label": "reduce.compress", "average_duration": 0.0007958384618876861, "n_events": 29249, "total_time": 23.27747917175293}, "reduce.decompress": {"label": "reduce.decompress", "average_duration": 0.00019103429464932127, "n_events": 29249, "total_time": 5.587562084197998}, "reduce.flat_pack": {"label": "reduce.flat_pack", "average_duration": 0.00024581840741026684, "n_events": 29249, "total_time": 7.1899425983428955}, "reduce.norm": {"label": "reduce.norm", "average_duration": 0.008694581298478596, "n_events": 29249, "total_time": 254.30780839920044}, "reduce.reduce.vector": {"label": "reduce.reduce.vector", "average_duration": 0.00010205663417383293, "n_events": 29249, "total_time": 2.9850544929504395}, "reduce.setgrad": {"label": "reduce.setgrad", "average_duration": 0.0029547541376839233, "n_events": 29249, "total_time": 86.42360377311707}, "test.last": {"label": "test.last", "average_duration": 1.0376753023006773, "n_events": 149, "total_time": 154.6136200428009}}