{"batch": {"label": "batch", "average_duration": 0.26367274756284104, "n_events": 194, "total_time": 51.15251302719116}, "batch.accumulate": {"label": "batch.accumulate", "average_duration": 0.00297862352784147, "n_events": 194, "total_time": 0.5778529644012451}, "batch.backward": {"label": "batch.backward", "average_duration": 0.1214666636948733, "n_events": 194, "total_time": 23.56453275680542}, "batch.evaluate": {"label": "batch.evaluate", "average_duration": 0.0008376615563618768, "n_events": 194, "total_time": 0.1625063419342041}, "batch.forward": {"label": "batch.forward", "average_duration": 0.04102021148524333, "n_events": 194, "total_time": 7.957921028137207}, "batch.reduce": {"label": "batch.reduce", "average_duration": 0.08048939950687369, "n_events": 194, "total_time": 15.614943504333496}, "batch.step": {"label": "batch.step", "average_duration": 0.008770460934983087, "n_events": 194, "total_time": 1.7014694213867188}, "reduce.allreduce": {"label": "reduce.allreduce", "average_duration": 0.07930503555179871, "n_events": 194, "total_time": 15.38517689704895}, "reduce.flat_pack": {"label": "reduce.flat_pack", "average_duration": 0.0009689429371627336, "n_events": 194, "total_time": 0.1879749298095703}}