{"batch": {"label": "batch", "average_duration": 0.08872752388318379, "n_events": 96, "total_time": 8.517842292785645}, "batch.accumulate": {"label": "batch.accumulate", "average_duration": 0.001022408405939738, "n_events": 96, "total_time": 0.09815120697021484}, "batch.backward": {"label": "batch.backward", "average_duration": 0.06455130378405254, "n_events": 96, "total_time": 6.196925163269043}, "batch.evaluate": {"label": "batch.evaluate", "average_duration": 0.0013937577605247498, "n_events": 96, "total_time": 0.13380074501037598}, "batch.forward": {"label": "batch.forward", "average_duration": 0.006324616571267446, "n_events": 96, "total_time": 0.6071631908416748}, "batch.reduce": {"label": "batch.reduce", "average_duration": 0.009332853058973948, "n_events": 96, "total_time": 0.895953893661499}, "batch.step": {"label": "batch.step", "average_duration": 0.0030541022618611655, "n_events": 96, "total_time": 0.2931938171386719}, "reduce.compress": {"label": "reduce.compress", "average_duration": 0.0004053935408592224, "n_events": 96, "total_time": 0.03891777992248535}, "reduce.decompress": {"label": "reduce.decompress", "average_duration": 9.147574504216512e-05, "n_events": 96, "total_time": 0.008781671524047852}, "reduce.flat_pack": {"label": "reduce.flat_pack", "average_duration": 0.0006987154483795166, "n_events": 96, "total_time": 0.0670766830444336}, "reduce.norm": {"label": "reduce.norm", "average_duration": 0.0035118907690048218, "n_events": 96, "total_time": 0.3371415138244629}, "reduce.reduce.vector": {"label": "reduce.reduce.vector", "average_duration": 0.0009733811020851135, "n_events": 96, "total_time": 0.0934445858001709}, "reduce.setgrad": {"label": "reduce.setgrad", "average_duration": 0.0030585105220476785, "n_events": 96, "total_time": 0.29361701011657715}}