{"batch": {"label": "batch", "average_duration": 0.05154460153602862, "n_events": 29249, "total_time": 1507.628050327301}, "batch.accumulate": {"label": "batch.accumulate", "average_duration": 0.0012539917352672413, "n_events": 29249, "total_time": 36.67800426483154}, "batch.backward": {"label": "batch.backward", "average_duration": 0.0077783875336764905, "n_events": 29249, "total_time": 227.51005697250366}, "batch.evaluate": {"label": "batch.evaluate", "average_duration": 0.01773914846095343, "n_events": 29249, "total_time": 518.8523533344269}, "batch.forward": {"label": "batch.forward", "average_duration": 0.005129820171790374, "n_events": 29249, "total_time": 150.04211020469666}, "batch.reduce": {"label": "batch.reduce", "average_duration": 0.0097096284322932, "n_events": 29249, "total_time": 283.9969220161438}, "batch.step": {"label": "batch.step", "average_duration": 0.006659676207082325, "n_events": 29249, "total_time": 194.78886938095093}, "epoch_metrics.collect": {"label": "epoch_metrics.collect", "average_duration": 0.002086488992575831, "n_events": 149, "total_time": 0.31088685989379883}, "reduce.compress": {"label": "reduce.compress", "average_duration": 0.0010315947803441364, "n_events": 29249, "total_time": 30.173115730285645}, "reduce.decompress": {"label": "reduce.decompress", "average_duration": 0.00023617968281630455, "n_events": 29249, "total_time": 6.908019542694092}, "reduce.flat_pack": {"label": "reduce.flat_pack", "average_duration": 0.00033752353110921997, "n_events": 29249, "total_time": 9.872225761413574}, "reduce.norm": {"label": "reduce.norm", "average_duration": 0.002988779392807809, "n_events": 29249, "total_time": 87.4188084602356}, "reduce.reduce.vector": {"label": "reduce.reduce.vector", "average_duration": 0.0001229475190844991, "n_events": 29249, "total_time": 3.5960919857025146}, "reduce.setgrad": {"label": "reduce.setgrad", "average_duration": 0.003989151324682624, "n_events": 29249, "total_time": 116.67868709564209}, "test.last": {"label": "test.last", "average_duration": 1.0462551148945853, "n_events": 149, "total_time": 155.8920121192932}}