{"batch": {"label": "batch", "average_duration": 0.051236559946992104, "n_events": 29249, "total_time": 1498.6181418895721}, "batch.accumulate": {"label": "batch.accumulate", "average_duration": 0.001049311410716841, "n_events": 29249, "total_time": 30.691309452056885}, "batch.backward": {"label": "batch.backward", "average_duration": 0.01996437145822529, "n_events": 29249, "total_time": 583.9379007816315}, "batch.evaluate": {"label": "batch.evaluate", "average_duration": 0.0007135254031976287, "n_events": 29249, "total_time": 20.86990451812744}, "batch.forward": {"label": "batch.forward", "average_duration": 0.011468637816547072, "n_events": 29249, "total_time": 335.4461874961853}, "batch.reduce": {"label": "batch.reduce", "average_duration": 0.009073216493950815, "n_events": 29249, "total_time": 265.3825092315674}, "batch.step": {"label": "batch.step", "average_duration": 0.00587192485383761, "n_events": 29249, "total_time": 171.74793004989624}, "epoch_metrics.collect": {"label": "epoch_metrics.collect", "average_duration": 0.010660857962281911, "n_events": 149, "total_time": 1.5884678363800049}, "reduce.compress": {"label": "reduce.compress", "average_duration": 0.0011438213212619933, "n_events": 29249, "total_time": 33.45562982559204}, "reduce.decompress": {"label": "reduce.decompress", "average_duration": 0.00021652314735398772, "n_events": 29249, "total_time": 6.333085536956787}, "reduce.flat_pack": {"label": "reduce.flat_pack", "average_duration": 0.0006989264162981701, "n_events": 29249, "total_time": 20.442898750305176}, "reduce.norm": {"label": "reduce.norm", "average_duration": 0.002498317667185015, "n_events": 29249, "total_time": 73.0732934474945}, "reduce.reduce.vector": {"label": "reduce.reduce.vector", "average_duration": 0.00017483978867510446, "n_events": 29249, "total_time": 5.11388897895813}, "reduce.setgrad": {"label": "reduce.setgrad", "average_duration": 0.0035027530671078964, "n_events": 29249, "total_time": 102.45202445983887}, "test.last": {"label": "test.last", "average_duration": 1.0937168854194999, "n_events": 149, "total_time": 162.9638159275055}}