{"batch": {"label": "batch", "average_duration": 0.029767073875616404, "n_events": 484, "total_time": 14.40726375579834}, "batch.accumulate": {"label": "batch.accumulate", "average_duration": 0.0007729806190679881, "n_events": 484, "total_time": 0.37412261962890625}, "batch.backward": {"label": "batch.backward", "average_duration": 0.012671940582842866, "n_events": 484, "total_time": 6.133219242095947}, "batch.evaluate": {"label": "batch.evaluate", "average_duration": 0.0011139270687891432, "n_events": 484, "total_time": 0.5391407012939453}, "batch.forward": {"label": "batch.forward", "average_duration": 0.0055850768877455026, "n_events": 484, "total_time": 2.7031772136688232}, "batch.reduce": {"label": "batch.reduce", "average_duration": 0.005211143454244314, "n_events": 484, "total_time": 2.522193431854248}, "batch.step": {"label": "batch.step", "average_duration": 0.0029339583452082864, "n_events": 484, "total_time": 1.4200358390808105}, "epoch_metrics.collect": {"label": "epoch_metrics.collect", "average_duration": 0.005064606666564941, "n_events": 4, "total_time": 0.020258426666259766}, "reduce.compress": {"label": "reduce.compress", "average_duration": 0.0003600041728374387, "n_events": 484, "total_time": 0.1742420196533203}, "reduce.decompress": {"label": "reduce.decompress", "average_duration": 7.465506388136178e-05, "n_events": 484, "total_time": 0.0361330509185791}, "reduce.flat_pack": {"label": "reduce.flat_pack", "average_duration": 0.0008885190506611974, "n_events": 484, "total_time": 0.43004322052001953}, "reduce.norm": {"label": "reduce.norm", "average_duration": 0.000566399294482775, "n_events": 484, "total_time": 0.2741372585296631}, "reduce.reduce.vector": {"label": "reduce.reduce.vector", "average_duration": 0.00018714232878251508, "n_events": 484, "total_time": 0.0905768871307373}, "reduce.setgrad": {"label": "reduce.setgrad", "average_duration": 0.0025577343199863906, "n_events": 484, "total_time": 1.237943410873413}, "test.last": {"label": "test.last", "average_duration": 0.4545523524284363, "n_events": 4, "total_time": 1.8182094097137451}}