{"batch": {"label": "batch", "average_duration": 0.1845381238494207, "n_events": 779, "total_time": 143.75519847869873}, "batch.accumulate": {"label": "batch.accumulate", "average_duration": 0.0026131868362426758, "n_events": 38, "total_time": 0.09930109977722168}, "batch.backward": {"label": "batch.backward", "average_duration": 0.12465330633180591, "n_events": 779, "total_time": 97.1049256324768}, "batch.evaluate": {"label": "batch.evaluate", "average_duration": 0.000565652516748235, "n_events": 779, "total_time": 0.440643310546875}, "batch.forward": {"label": "batch.forward", "average_duration": 0.04166391143749859, "n_events": 779, "total_time": 32.4561870098114}, "batch.reduce": {"label": "batch.reduce", "average_duration": 0.014022638923243472, "n_events": 38, "total_time": 0.532860279083252}, "batch.step": {"label": "batch.step", "average_duration": 0.008647459003218332, "n_events": 779, "total_time": 6.73637056350708}, "epoch_metrics.collect": {"label": "epoch_metrics.collect", "average_duration": 0.0011902650197347004, "n_events": 3, "total_time": 0.0035707950592041016}, "reduce.allreduce": {"label": "reduce.allreduce", "average_duration": 0.013004804912366365, "n_events": 38, "total_time": 0.4941825866699219}, "reduce.flat_pack": {"label": "reduce.flat_pack", "average_duration": 0.0009011845839651007, "n_events": 38, "total_time": 0.03424501419067383}, "test.last": {"label": "test.last", "average_duration": 2.65555469195048, "n_events": 3, "total_time": 7.96666407585144}}