{"batch": {"label": "batch", "average_duration": 0.2115415024363305, "n_events": 484, "total_time": 102.38608717918396}, "batch.accumulate": {"label": "batch.accumulate", "average_duration": 0.0018790226337338282, "n_events": 484, "total_time": 0.9094469547271729}, "batch.backward": {"label": "batch.backward", "average_duration": 0.12237961233154801, "n_events": 484, "total_time": 59.23173236846924}, "batch.evaluate": {"label": "batch.evaluate", "average_duration": 0.000509897046837925, "n_events": 484, "total_time": 0.24679017066955566}, "batch.forward": {"label": "batch.forward", "average_duration": 0.059694663552213305, "n_events": 484, "total_time": 28.89221715927124}, "batch.reduce": {"label": "batch.reduce", "average_duration": 0.015320638979762054, "n_events": 484, "total_time": 7.415189266204834}, "batch.step": {"label": "batch.step", "average_duration": 0.008446382096976289, "n_events": 484, "total_time": 4.088048934936523}, "epoch_metrics.collect": {"label": "epoch_metrics.collect", "average_duration": 0.00471043586730957, "n_events": 4, "total_time": 0.01884174346923828}, "reduce.compress": {"label": "reduce.compress", "average_duration": 0.00032540884884920985, "n_events": 484, "total_time": 0.15749788284301758}, "reduce.decompress": {"label": "reduce.decompress", "average_duration": 8.327409255603128e-05, "n_events": 484, "total_time": 0.04030466079711914}, "reduce.flat_pack": {"label": "reduce.flat_pack", "average_duration": 0.0007299903995734601, "n_events": 484, "total_time": 0.3533153533935547}, "reduce.norm": {"label": "reduce.norm", "average_duration": 0.005788620345848651, "n_events": 484, "total_time": 2.801692247390747}, "reduce.reduce.vector": {"label": "reduce.reduce.vector", "average_duration": 0.0010579400811313597, "n_events": 484, "total_time": 0.5120429992675781}, "reduce.setgrad": {"label": "reduce.setgrad", "average_duration": 0.006928445879092886, "n_events": 484, "total_time": 3.353367805480957}, "test.last": {"label": "test.last", "average_duration": 1.4210391640663147, "n_events": 4, "total_time": 5.684156656265259}}