{"batch": {"label": "batch", "average_duration": 0.13453019034002245, "n_events": 194, "total_time": 26.098856925964355}, "batch.accumulate": {"label": "batch.accumulate", "average_duration": 0.0009701440208836606, "n_events": 38, "total_time": 0.0368654727935791}, "batch.backward": {"label": "batch.backward", "average_duration": 0.06481621314569846, "n_events": 194, "total_time": 12.574345350265503}, "batch.evaluate": {"label": "batch.evaluate", "average_duration": 0.0012052329545168532, "n_events": 194, "total_time": 0.23381519317626953}, "batch.forward": {"label": "batch.forward", "average_duration": 0.006287646047847787, "n_events": 194, "total_time": 1.2198033332824707}, "batch.reduce": {"label": "batch.reduce", "average_duration": 0.25350810979541977, "n_events": 38, "total_time": 9.633308172225952}, "batch.step": {"label": "batch.step", "average_duration": 0.003280662998710711, "n_events": 194, "total_time": 0.6364486217498779}, "reduce.compress": {"label": "reduce.compress", "average_duration": 0.0024118988137496146, "n_events": 38, "total_time": 0.09165215492248535}, "reduce.decompress": {"label": "reduce.decompress", "average_duration": 0.00021699227784809314, "n_events": 38, "total_time": 0.008245706558227539}, "reduce.flat_pack": {"label": "reduce.flat_pack", "average_duration": 0.0006777863753469367, "n_events": 38, "total_time": 0.025755882263183594}, "reduce.norm": {"label": "reduce.norm", "average_duration": 0.24651828565095601, "n_events": 38, "total_time": 9.367694854736328}, "reduce.setgrad": {"label": "reduce.setgrad", "average_duration": 0.003018216082924291, "n_events": 38, "total_time": 0.11469221115112305}}