{"batch": {"label": "batch", "average_duration": 0.28006939674598375, "n_events": 29249, "total_time": 8191.749785423279}, "batch.accumulate": {"label": "batch.accumulate", "average_duration": 0.0026446853834501296, "n_events": 29249, "total_time": 77.35440278053284}, "batch.backward": {"label": "batch.backward", "average_duration": 0.14462717050829318, "n_events": 29249, "total_time": 4230.200110197067}, "batch.evaluate": {"label": "batch.evaluate", "average_duration": 0.0005905312339873749, "n_events": 29249, "total_time": 17.27244806289673}, "batch.forward": {"label": "batch.forward", "average_duration": 0.06739261744674395, "n_events": 29249, "total_time": 1971.1666676998138}, "batch.reduce": {"label": "batch.reduce", "average_duration": 0.04401365178781288, "n_events": 29249, "total_time": 1287.355301141739}, "batch.step": {"label": "batch.step", "average_duration": 0.013753782407194656, "n_events": 29249, "total_time": 402.2843816280365}, "epoch_metrics.collect": {"label": "epoch_metrics.collect", "average_duration": 0.0018415611062273882, "n_events": 149, "total_time": 0.27439260482788086}, "reduce.compress": {"label": "reduce.compress", "average_duration": 0.023844912837210214, "n_events": 29249, "total_time": 697.4398555755615}, "reduce.decompress": {"label": "reduce.decompress", "average_duration": 0.003411171851946703, "n_events": 29249, "total_time": 99.77336549758911}, "reduce.flat_pack": {"label": "reduce.flat_pack", "average_duration": 0.0011608427237427504, "n_events": 29249, "total_time": 33.95348882675171}, "reduce.norm": {"label": "reduce.norm", "average_duration": 0.0009462075248294914, "n_events": 29249, "total_time": 27.675623893737793}, "reduce.reduce.vector": {"label": "reduce.reduce.vector", "average_duration": 0.006588171549693406, "n_events": 29249, "total_time": 192.69742965698242}, "reduce.setgrad": {"label": "reduce.setgrad", "average_duration": 0.007852358216322191, "n_events": 29249, "total_time": 229.67362546920776}, "test.last": {"label": "test.last", "average_duration": 2.650209842912303, "n_events": 149, "total_time": 394.8812665939331}}