{"batch": {"label": "batch", "average_duration": 0.2791407802393589, "n_events": 29249, "total_time": 8164.588681221008}, "batch.accumulate": {"label": "batch.accumulate", "average_duration": 0.002623328633086531, "n_events": 29249, "total_time": 76.72973918914795}, "batch.backward": {"label": "batch.backward", "average_duration": 0.02281452708009728, "n_events": 29249, "total_time": 667.3021025657654}, "batch.evaluate": {"label": "batch.evaluate", "average_duration": 0.17732135098328317, "n_events": 29249, "total_time": 5186.472194910049}, "batch.forward": {"label": "batch.forward", "average_duration": 0.012842938066030178, "n_events": 29249, "total_time": 375.64309549331665}, "batch.reduce": {"label": "batch.reduce", "average_duration": 0.027623024878247082, "n_events": 29249, "total_time": 807.9458546638489}, "batch.step": {"label": "batch.step", "average_duration": 0.028879529150324056, "n_events": 29249, "total_time": 844.6973481178284}, "epoch_metrics.collect": {"label": "epoch_metrics.collect", "average_duration": 0.011419785902804177, "n_events": 149, "total_time": 1.7015480995178223}, "reduce.compress": {"label": "reduce.compress", "average_duration": 0.0008287451573651348, "n_events": 29249, "total_time": 24.239967107772827}, "reduce.decompress": {"label": "reduce.decompress", "average_duration": 0.00018844023627612752, "n_events": 29249, "total_time": 5.511688470840454}, "reduce.flat_pack": {"label": "reduce.flat_pack", "average_duration": 0.0006018051013257255, "n_events": 29249, "total_time": 17.602197408676147}, "reduce.norm": {"label": "reduce.norm", "average_duration": 0.01752561400285472, "n_events": 29249, "total_time": 512.6066839694977}, "reduce.reduce.vector": {"label": "reduce.reduce.vector", "average_duration": 9.984330049461494e-05, "n_events": 29249, "total_time": 2.920316696166992}, "reduce.setgrad": {"label": "reduce.setgrad", "average_duration": 0.008182495906824227, "n_events": 29249, "total_time": 239.32982277870178}, "test.last": {"label": "test.last", "average_duration": 2.532095656298951, "n_events": 149, "total_time": 377.2822527885437}}