{"batch": {"label": "batch", "average_duration": 0.03914083549762702, "n_events": 29249, "total_time": 1144.8302974700928}, "batch.accumulate": {"label": "batch.accumulate", "average_duration": 0.0010703949973152884, "n_events": 1169, "total_time": 1.2512917518615723}, "batch.backward": {"label": "batch.backward", "average_duration": 0.022324099312961976, "n_events": 29249, "total_time": 652.9575808048248}, "batch.evaluate": {"label": "batch.evaluate", "average_duration": 0.0006428434443745256, "n_events": 29249, "total_time": 18.802527904510498}, "batch.forward": {"label": "batch.forward", "average_duration": 0.011387286420487808, "n_events": 29249, "total_time": 333.0667405128479}, "batch.reduce": {"label": "batch.reduce", "average_duration": 0.008232856836963455, "n_events": 1169, "total_time": 9.624209642410278}, "batch.step": {"label": "batch.step", "average_duration": 0.0028567135062982797, "n_events": 29249, "total_time": 83.55601334571838}, "epoch_metrics.collect": {"label": "epoch_metrics.collect", "average_duration": 0.003879905547071623, "n_events": 149, "total_time": 0.5781059265136719}, "reduce.compress": {"label": "reduce.compress", "average_duration": 0.0014749499240219338, "n_events": 1169, "total_time": 1.7242164611816406}, "reduce.decompress": {"label": "reduce.decompress", "average_duration": 0.0002301194098793206, "n_events": 1169, "total_time": 0.2690095901489258}, "reduce.flat_pack": {"label": "reduce.flat_pack", "average_duration": 0.0008519868548860705, "n_events": 1169, "total_time": 0.9959726333618164}, "reduce.norm": {"label": "reduce.norm", "average_duration": 0.001270441645939601, "n_events": 1169, "total_time": 1.4851462841033936}, "reduce.reduce.vector": {"label": "reduce.reduce.vector", "average_duration": 0.00041962546910660406, "n_events": 1169, "total_time": 0.4905421733856201}, "reduce.setgrad": {"label": "reduce.setgrad", "average_duration": 0.003512693736367597, "n_events": 1169, "total_time": 4.106338977813721}, "test.last": {"label": "test.last", "average_duration": 0.9162015962920733, "n_events": 149, "total_time": 136.51403784751892}}