{"batch": {"label": "batch", "average_duration": 0.2714809235020447, "n_events": 29249, "total_time": 7940.545531511307}, "batch.accumulate": {"label": "batch.accumulate", "average_duration": 0.0025179075328275614, "n_events": 29249, "total_time": 73.64627742767334}, "batch.backward": {"label": "batch.backward", "average_duration": 0.14404020405960122, "n_events": 29249, "total_time": 4213.031928539276}, "batch.evaluate": {"label": "batch.evaluate", "average_duration": 0.0004469009255820036, "n_events": 29249, "total_time": 13.071405172348022}, "batch.forward": {"label": "batch.forward", "average_duration": 0.0666551588335552, "n_events": 29249, "total_time": 1949.5967407226562}, "batch.reduce": {"label": "batch.reduce", "average_duration": 0.04851496816720754, "n_events": 29249, "total_time": 1419.0143039226532}, "batch.step": {"label": "batch.step", "average_duration": 0.0061273531382452905, "n_events": 29249, "total_time": 179.2189519405365}, "epoch_metrics.collect": {"label": "epoch_metrics.collect", "average_duration": 0.0016691924741604185, "n_events": 149, "total_time": 0.24870967864990234}, "reduce.compress": {"label": "reduce.compress", "average_duration": 0.02755343164516158, "n_events": 29249, "total_time": 805.910322189331}, "reduce.decompress": {"label": "reduce.decompress", "average_duration": 0.0034060418216577903, "n_events": 29249, "total_time": 99.6233172416687}, "reduce.flat_pack": {"label": "reduce.flat_pack", "average_duration": 0.0011237925548032433, "n_events": 29249, "total_time": 32.86980843544006}, "reduce.norm": {"label": "reduce.norm", "average_duration": 0.0009389272277883157, "n_events": 29249, "total_time": 27.462682485580444}, "reduce.reduce.vector": {"label": "reduce.reduce.vector", "average_duration": 0.007269809256578463, "n_events": 29249, "total_time": 212.63465094566345}, "reduce.setgrad": {"label": "reduce.setgrad", "average_duration": 0.008034937972472083, "n_events": 29249, "total_time": 235.01390075683594}, "test.last": {"label": "test.last", "average_duration": 2.476384068495475, "n_events": 149, "total_time": 368.9812262058258}}