{"batch": {"label": "batch", "average_duration": 0.27592283319198535, "n_events": 29249, "total_time": 8070.466948032379}, "batch.accumulate": {"label": "batch.accumulate", "average_duration": 0.0026887116169227675, "n_events": 29249, "total_time": 78.64212608337402}, "batch.backward": {"label": "batch.backward", "average_duration": 0.14460632761847958, "n_events": 29249, "total_time": 4229.590476512909}, "batch.evaluate": {"label": "batch.evaluate", "average_duration": 0.000599398589011131, "n_events": 29249, "total_time": 17.531809329986572}, "batch.forward": {"label": "batch.forward", "average_duration": 0.06724584632060226, "n_events": 29249, "total_time": 1966.8737590312958}, "batch.reduce": {"label": "batch.reduce", "average_duration": 0.03878857594742123, "n_events": 29249, "total_time": 1134.5270578861237}, "batch.step": {"label": "batch.step", "average_duration": 0.014787943849254174, "n_events": 29249, "total_time": 432.5325696468353}, "epoch_metrics.collect": {"label": "epoch_metrics.collect", "average_duration": 0.0038497111941343987, "n_events": 149, "total_time": 0.5736069679260254}, "reduce.allocate_memory": {"label": "reduce.allocate_memory", "average_duration": 0.00099488009615488, "n_events": 29249, "total_time": 29.099247932434082}, "reduce.compute.p": {"label": "reduce.compute.p", "average_duration": 0.0026078640308097763, "n_events": 29249, "total_time": 76.27741503715515}, "reduce.compute.q": {"label": "reduce.compute.q", "average_duration": 0.001914573264344541, "n_events": 29249, "total_time": 55.99935340881348}, "reduce.normalize.p": {"label": "reduce.normalize.p", "average_duration": 0.01531145416890223, "n_events": 29249, "total_time": 447.8447229862213}, "reduce.outerprod": {"label": "reduce.outerprod", "average_duration": 0.004118079694749034, "n_events": 29249, "total_time": 120.44971299171448}, "reduce.p": {"label": "reduce.p", "average_duration": 0.002478183332706232, "n_events": 29249, "total_time": 72.48438429832458}, "reduce.prepare.q": {"label": "reduce.prepare.q", "average_duration": 0.0007723537305386976, "n_events": 29249, "total_time": 22.590574264526367}, "reduce.q": {"label": "reduce.q", "average_duration": 0.0009430921229750786, "n_events": 29249, "total_time": 27.58450150489807}, "reduce.rank1.all_reduce": {"label": "reduce.rank1.all_reduce", "average_duration": 0.00011636784612315305, "n_events": 29249, "total_time": 3.4036431312561035}, "reduce.rank1.pack": {"label": "reduce.rank1.pack", "average_duration": 0.0004182393100348174, "n_events": 29249, "total_time": 12.233081579208374}, "reduce.rank1.unpack": {"label": "reduce.rank1.unpack", "average_duration": 0.002250846991062474, "n_events": 29249, "total_time": 65.8350236415863}, "test.last": {"label": "test.last", "average_duration": 2.649818831642202, "n_events": 149, "total_time": 394.8230059146881}}