{"batch": {"label": "batch", "average_duration": 0.2745897097197788, "n_events": 29249, "total_time": 8031.474419593811}, "batch.accumulate": {"label": "batch.accumulate", "average_duration": 0.002759097135920024, "n_events": 29249, "total_time": 80.70083212852478}, "batch.backward": {"label": "batch.backward", "average_duration": 0.023206485528661277, "n_events": 29249, "total_time": 678.7664952278137}, "batch.evaluate": {"label": "batch.evaluate", "average_duration": 0.17612039855803915, "n_events": 29249, "total_time": 5151.3455374240875}, "batch.forward": {"label": "batch.forward", "average_duration": 0.012971830822886832, "n_events": 29249, "total_time": 379.41307973861694}, "batch.reduce": {"label": "batch.reduce", "average_duration": 0.036492804542900686, "n_events": 29249, "total_time": 1067.3780400753021}, "batch.step": {"label": "batch.step", "average_duration": 0.015998219297647012, "n_events": 29249, "total_time": 467.93191623687744}, "epoch_metrics.collect": {"label": "epoch_metrics.collect", "average_duration": 0.008948942158846247, "n_events": 149, "total_time": 1.3333923816680908}, "reduce.allocate_memory": {"label": "reduce.allocate_memory", "average_duration": 0.0010998290136714785, "n_events": 29249, "total_time": 32.168898820877075}, "reduce.compute.p": {"label": "reduce.compute.p", "average_duration": 0.0012895165274231172, "n_events": 29249, "total_time": 37.717068910598755}, "reduce.compute.q": {"label": "reduce.compute.q", "average_duration": 0.001391491803060316, "n_events": 29249, "total_time": 40.69974374771118}, "reduce.normalize.p": {"label": "reduce.normalize.p", "average_duration": 0.016076706638458126, "n_events": 29249, "total_time": 470.2275924682617}, "reduce.outerprod": {"label": "reduce.outerprod", "average_duration": 0.003851863240669102, "n_events": 29249, "total_time": 112.66314792633057}, "reduce.p": {"label": "reduce.p", "average_duration": 7.625983194952895e-05, "n_events": 29249, "total_time": 2.2305238246917725}, "reduce.prepare.q": {"label": "reduce.prepare.q", "average_duration": 0.0008183330172143222, "n_events": 29249, "total_time": 23.93542242050171}, "reduce.q": {"label": "reduce.q", "average_duration": 0.00012508226568309493, "n_events": 29249, "total_time": 3.6585311889648438}, "reduce.rank1.all_reduce": {"label": "reduce.rank1.all_reduce", "average_duration": 6.684157668132e-05, "n_events": 29249, "total_time": 1.9550492763519287}, "reduce.rank1.pack": {"label": "reduce.rank1.pack", "average_duration": 0.00042096197211830846, "n_events": 29249, "total_time": 12.312716722488403}, "reduce.rank1.unpack": {"label": "reduce.rank1.unpack", "average_duration": 0.0035518557765576862, "n_events": 29249, "total_time": 103.88822960853577}, "test.last": {"label": "test.last", "average_duration": 2.5330908442503652, "n_events": 149, "total_time": 377.43053579330444}}