{"batch": {"label": "batch", "average_duration": 0.358330389378602, "n_events": 193, "total_time": 69.15776515007019}, "batch.accumulate": {"label": "batch.accumulate", "average_duration": 0.002649174796210395, "n_events": 18, "total_time": 0.04768514633178711}, "batch.backward": {"label": "batch.backward", "average_duration": 0.1222748978767988, "n_events": 193, "total_time": 23.599055290222168}, "batch.evaluate": {"label": "batch.evaluate", "average_duration": 0.0008118832049592171, "n_events": 193, "total_time": 0.1566934585571289}, "batch.forward": {"label": "batch.forward", "average_duration": 0.04108063668167035, "n_events": 193, "total_time": 7.928562879562378}, "batch.reduce": {"label": "batch.reduce", "average_duration": 1.6758657428953383, "n_events": 18, "total_time": 30.16558337211609}, "batch.step": {"label": "batch.step", "average_duration": 0.009629644878170033, "n_events": 193, "total_time": 1.8585214614868164}, "epoch_metrics.collect": {"label": "epoch_metrics.collect", "average_duration": 0.7095696926116943, "n_events": 1, "total_time": 0.7095696926116943}, "reduce.compress": {"label": "reduce.compress", "average_duration": 0.000454001956515842, "n_events": 18, "total_time": 0.008172035217285156}, "reduce.decompress": {"label": "reduce.decompress", "average_duration": 9.21487808227539e-05, "n_events": 18, "total_time": 0.0016586780548095703}, "reduce.flat_pack": {"label": "reduce.flat_pack", "average_duration": 0.0010300609800550672, "n_events": 18, "total_time": 0.01854109764099121}, "reduce.norm": {"label": "reduce.norm", "average_duration": 1.6589214271969266, "n_events": 18, "total_time": 29.860585689544678}, "reduce.reduce.vector": {"label": "reduce.reduce.vector", "average_duration": 0.00615598095787896, "n_events": 18, "total_time": 0.11080765724182129}, "reduce.setgrad": {"label": "reduce.setgrad", "average_duration": 0.008664078182644315, "n_events": 18, "total_time": 0.15595340728759766}, "test.last": {"label": "test.last", "average_duration": 2.221921682357788, "n_events": 1, "total_time": 2.221921682357788}}