{"batch": {"label": "batch", "average_duration": 0.1432856779453183, "n_events": 484, "total_time": 69.35026812553406}, "batch.accumulate": {"label": "batch.accumulate", "average_duration": 0.0008143521537465497, "n_events": 484, "total_time": 0.3941464424133301}, "batch.backward": {"label": "batch.backward", "average_duration": 0.06562674882983373, "n_events": 484, "total_time": 31.763346433639526}, "batch.evaluate": {"label": "batch.evaluate", "average_duration": 0.000985750482102071, "n_events": 484, "total_time": 0.47710323333740234}, "batch.forward": {"label": "batch.forward", "average_duration": 0.05552115469924675, "n_events": 484, "total_time": 26.872238874435425}, "batch.reduce": {"label": "batch.reduce", "average_duration": 0.015138966978088883, "n_events": 484, "total_time": 7.3272600173950195}, "batch.step": {"label": "batch.step", "average_duration": 0.003213111526709943, "n_events": 484, "total_time": 1.5551459789276123}, "epoch_metrics.collect": {"label": "epoch_metrics.collect", "average_duration": 0.020937561988830566, "n_events": 4, "total_time": 0.08375024795532227}, "reduce.allocate_memory": {"label": "reduce.allocate_memory", "average_duration": 0.0002438278237650217, "n_events": 484, "total_time": 0.11801266670227051}, "reduce.compute.p": {"label": "reduce.compute.p", "average_duration": 0.0006360401791974533, "n_events": 484, "total_time": 0.3078434467315674}, "reduce.compute.q": {"label": "reduce.compute.q", "average_duration": 0.0007160104010715957, "n_events": 484, "total_time": 0.34654903411865234}, "reduce.normalize.p": {"label": "reduce.normalize.p", "average_duration": 0.003930052449880553, "n_events": 484, "total_time": 1.9021453857421875}, "reduce.outerprod": {"label": "reduce.outerprod", "average_duration": 0.00119703909582343, "n_events": 484, "total_time": 0.57936692237854}, "reduce.p": {"label": "reduce.p", "average_duration": 0.0013229093275779534, "n_events": 484, "total_time": 0.6402881145477295}, "reduce.prepare.q": {"label": "reduce.prepare.q", "average_duration": 0.0002615732594955066, "n_events": 484, "total_time": 0.1266014575958252}, "reduce.q": {"label": "reduce.q", "average_duration": 0.001921236022444796, "n_events": 484, "total_time": 0.9298782348632812}, "reduce.rank1.all_reduce": {"label": "reduce.rank1.all_reduce", "average_duration": 0.0012291689549595857, "n_events": 484, "total_time": 0.5949177742004395}, "reduce.rank1.pack": {"label": "reduce.rank1.pack", "average_duration": 0.00028051029552112925, "n_events": 484, "total_time": 0.13576698303222656}, "reduce.rank1.unpack": {"label": "reduce.rank1.unpack", "average_duration": 0.0008917455830849891, "n_events": 484, "total_time": 0.43160486221313477}, "test.last": {"label": "test.last", "average_duration": 1.2080967426300049, "n_events": 4, "total_time": 4.8323869705200195}}