{"batch": {"label": "batch", "average_duration": 0.12821042722988624, "n_events": 193, "total_time": 24.744612455368042}, "batch.accumulate": {"label": "batch.accumulate", "average_duration": 0.0009738074408637153, "n_events": 18, "total_time": 0.017528533935546875}, "batch.backward": {"label": "batch.backward", "average_duration": 0.06508023257082608, "n_events": 193, "total_time": 12.560484886169434}, "batch.evaluate": {"label": "batch.evaluate", "average_duration": 0.0012035493405989416, "n_events": 193, "total_time": 0.2322850227355957}, "batch.forward": {"label": "batch.forward", "average_duration": 0.006381283152288724, "n_events": 193, "total_time": 1.2315876483917236}, "batch.reduce": {"label": "batch.reduce", "average_duration": 0.48323216703202987, "n_events": 18, "total_time": 8.698179006576538}, "batch.step": {"label": "batch.step", "average_duration": 0.0037605206583448026, "n_events": 193, "total_time": 0.7257804870605469}, "epoch_metrics.collect": {"label": "epoch_metrics.collect", "average_duration": 0.2222733497619629, "n_events": 1, "total_time": 0.2222733497619629}, "reduce.compress": {"label": "reduce.compress", "average_duration": 0.017197264565361872, "n_events": 18, "total_time": 0.30955076217651367}, "reduce.decompress": {"label": "reduce.decompress", "average_duration": 0.0009940465291341145, "n_events": 18, "total_time": 0.017892837524414062}, "reduce.flat_pack": {"label": "reduce.flat_pack", "average_duration": 0.0007310840818617079, "n_events": 18, "total_time": 0.013159513473510742}, "reduce.norm": {"label": "reduce.norm", "average_duration": 0.4610932270685832, "n_events": 18, "total_time": 8.299678087234497}, "reduce.setgrad": {"label": "reduce.setgrad", "average_duration": 0.002907766236199273, "n_events": 18, "total_time": 0.052339792251586914}, "test.last": {"label": "test.last", "average_duration": 1.7886829376220703, "n_events": 1, "total_time": 1.7886829376220703}}