{"batch": {"label": "batch", "average_duration": 0.08463699077737742, "n_events": 290, "total_time": 24.544727325439453}, "batch.accumulate": {"label": "batch.accumulate", "average_duration": 0.0010838376151190863, "n_events": 18, "total_time": 0.019509077072143555}, "batch.backward": {"label": "batch.backward", "average_duration": 0.006525322486614359, "n_events": 290, "total_time": 1.892343521118164}, "batch.evaluate": {"label": "batch.evaluate", "average_duration": 0.058714909389101226, "n_events": 290, "total_time": 17.027323722839355}, "batch.forward": {"label": "batch.forward", "average_duration": 0.005791244013556119, "n_events": 290, "total_time": 1.6794607639312744}, "batch.reduce": {"label": "batch.reduce", "average_duration": 0.05637711948818631, "n_events": 18, "total_time": 1.0147881507873535}, "batch.step": {"label": "batch.step", "average_duration": 0.003237686486079775, "n_events": 290, "total_time": 0.9389290809631348}, "epoch_metrics.collect": {"label": "epoch_metrics.collect", "average_duration": 0.028933286666870117, "n_events": 2, "total_time": 0.057866573333740234}, "reduce.compress": {"label": "reduce.compress", "average_duration": 0.0010020467970106336, "n_events": 18, "total_time": 0.018036842346191406}, "reduce.decompress": {"label": "reduce.decompress", "average_duration": 0.00022363662719726562, "n_events": 18, "total_time": 0.004025459289550781}, "reduce.flat_pack": {"label": "reduce.flat_pack", "average_duration": 0.00032142798105875653, "n_events": 18, "total_time": 0.005785703659057617}, "reduce.norm": {"label": "reduce.norm", "average_duration": 0.05111286375257704, "n_events": 18, "total_time": 0.9200315475463867}, "reduce.reduce.vector": {"label": "reduce.reduce.vector", "average_duration": 0.00013111697302924262, "n_events": 18, "total_time": 0.002360105514526367}, "reduce.setgrad": {"label": "reduce.setgrad", "average_duration": 0.003078248765733507, "n_events": 18, "total_time": 0.055408477783203125}, "test.last": {"label": "test.last", "average_duration": 1.3491326570510864, "n_events": 2, "total_time": 2.698265314102173}, "reduce_times": [1.0819432735443115, 0.06990361213684082, 0.04348564147949219, 0.08167791366577148, 0.0755307674407959, 0.06652069091796875, 0.023622512817382812, 0.013325929641723633, 0.05838179588317871, 0.06415224075317383, 0.0708320140838623, 0.041768789291381836, 0.020902156829833984, 0.06762528419494629, 0.06581616401672363, 0.07029056549072266, 0.06808233261108398, 0.06502556800842285, 0.04784417152404785]}