{"batch": {"label": "batch", "average_duration": 0.08493485039678113, "n_events": 290, "total_time": 24.63110661506653}, "batch.accumulate": {"label": "batch.accumulate", "average_duration": 0.0011884768803914387, "n_events": 18, "total_time": 0.0213925838470459}, "batch.backward": {"label": "batch.backward", "average_duration": 0.0064611443157853755, "n_events": 290, "total_time": 1.8737318515777588}, "batch.evaluate": {"label": "batch.evaluate", "average_duration": 0.060482755200616245, "n_events": 290, "total_time": 17.53999900817871}, "batch.forward": {"label": "batch.forward", "average_duration": 0.005752671998122643, "n_events": 290, "total_time": 1.6682748794555664}, "batch.reduce": {"label": "batch.reduce", "average_duration": 0.030541287528143987, "n_events": 18, "total_time": 0.5497431755065918}, "batch.step": {"label": "batch.step", "average_duration": 0.0033616238626940497, "n_events": 290, "total_time": 0.9748709201812744}, "epoch_metrics.collect": {"label": "epoch_metrics.collect", "average_duration": 0.006840109825134277, "n_events": 2, "total_time": 0.013680219650268555}, "reduce.compress": {"label": "reduce.compress", "average_duration": 0.0010202858183119032, "n_events": 18, "total_time": 0.018365144729614258}, "reduce.decompress": {"label": "reduce.decompress", "average_duration": 0.00022078884972466363, "n_events": 18, "total_time": 0.003974199295043945}, "reduce.flat_pack": {"label": "reduce.flat_pack", "average_duration": 0.00032840834723578557, "n_events": 18, "total_time": 0.005911350250244141}, "reduce.norm": {"label": "reduce.norm", "average_duration": 0.0251186556286282, "n_events": 18, "total_time": 0.4521358013153076}, "reduce.reduce.vector": {"label": "reduce.reduce.vector", "average_duration": 0.0001310110092163086, "n_events": 18, "total_time": 0.0023581981658935547}, "reduce.setgrad": {"label": "reduce.setgrad", "average_duration": 0.0032064782248602975, "n_events": 18, "total_time": 0.05771660804748535}, "test.last": {"label": "test.last", "average_duration": 1.3491538763046265, "n_events": 2, "total_time": 2.698307752609253}, "reduce_times": [1.0923137664794922, 0.04288029670715332, 0.040520668029785156, 0.056893348693847656, 0.04544639587402344, 0.033724069595336914, 0.006750583648681641, 0.02741408348083496, 0.03989291191101074, 0.027665376663208008, 0.005570650100708008, 0.03911709785461426, 0.012264728546142578, 0.04471850395202637, 0.037970542907714844, 0.00951528549194336, 0.04098939895629883, 0.032850027084350586, 0.005559206008911133]}