{"batch": {"label": "batch", "average_duration": 0.08481121309872332, "n_events": 290, "total_time": 24.59525179862976}, "batch.accumulate": {"label": "batch.accumulate", "average_duration": 0.0011464887195163304, "n_events": 18, "total_time": 0.020636796951293945}, "batch.backward": {"label": "batch.backward", "average_duration": 0.006648714789028826, "n_events": 290, "total_time": 1.9281272888183594}, "batch.evaluate": {"label": "batch.evaluate", "average_duration": 0.05936519113080255, "n_events": 290, "total_time": 17.21590542793274}, "batch.forward": {"label": "batch.forward", "average_duration": 0.00566769632799872, "n_events": 290, "total_time": 1.643631935119629}, "batch.reduce": {"label": "batch.reduce", "average_duration": 0.04736797014872233, "n_events": 18, "total_time": 0.852623462677002}, "batch.step": {"label": "batch.step", "average_duration": 0.0031853182562466323, "n_events": 290, "total_time": 0.9237422943115234}, "epoch_metrics.collect": {"label": "epoch_metrics.collect", "average_duration": 0.021973490715026855, "n_events": 2, "total_time": 0.04394698143005371}, "reduce.compress": {"label": "reduce.compress", "average_duration": 0.001043505138821072, "n_events": 18, "total_time": 0.018783092498779297}, "reduce.decompress": {"label": "reduce.decompress", "average_duration": 0.00021832519107394747, "n_events": 18, "total_time": 0.003929853439331055}, "reduce.flat_pack": {"label": "reduce.flat_pack", "average_duration": 0.00034802489810519747, "n_events": 18, "total_time": 0.006264448165893555}, "reduce.norm": {"label": "reduce.norm", "average_duration": 0.041797227329678006, "n_events": 18, "total_time": 0.7523500919342041}, "reduce.reduce.vector": {"label": "reduce.reduce.vector", "average_duration": 0.0001323223114013672, "n_events": 18, "total_time": 0.0023818016052246094}, "reduce.setgrad": {"label": "reduce.setgrad", "average_duration": 0.0033001104990641275, "n_events": 18, "total_time": 0.0594019889831543}, "test.last": {"label": "test.last", "average_duration": 1.3490638732910156, "n_events": 2, "total_time": 2.6981277465820312}, "reduce_times": [1.1215641498565674, 0.05560636520385742, 0.05961155891418457, 0.07199406623840332, 0.06496381759643555, 0.052210092544555664, 0.021300077438354492, 0.050133466720581055, 0.0556795597076416, 0.054517507553100586, 0.05954909324645996, 0.0548708438873291, 0.007144927978515625, 0.026627779006958008, 0.011370420455932617, 0.05435776710510254, 0.05479550361633301, 0.05569934844970703, 0.042191267013549805]}