{"batch": {"label": "batch", "average_duration": 0.37260383551882714, "n_events": 194, "total_time": 72.28514409065247}, "batch.accumulate": {"label": "batch.accumulate", "average_duration": 0.001344261710176763, "n_events": 194, "total_time": 0.260786771774292}, "batch.backward": {"label": "batch.backward", "average_duration": 0.09683259860756471, "n_events": 194, "total_time": 18.785524129867554}, "batch.evaluate": {"label": "batch.evaluate", "average_duration": 0.0008161866787782649, "n_events": 194, "total_time": 0.1583402156829834}, "batch.forward": {"label": "batch.forward", "average_duration": 0.058423949271133264, "n_events": 194, "total_time": 11.334246158599854}, "batch.reduce": {"label": "batch.reduce", "average_duration": 0.20654477163688423, "n_events": 194, "total_time": 40.06968569755554}, "batch.step": {"label": "batch.step", "average_duration": 0.004811747786925011, "n_events": 194, "total_time": 0.9334790706634521}, "reduce.allreduce": {"label": "reduce.allreduce", "average_duration": 0.20525848865509033, "n_events": 194, "total_time": 39.820146799087524}, "reduce.flat_pack": {"label": "reduce.flat_pack", "average_duration": 0.00108716782835341, "n_events": 194, "total_time": 0.21091055870056152}, "reduce_times": [0.06945133209228516, 0.06142616271972656, 0.060372114181518555, 0.06398558616638184, 0.0638425350189209, 0.059178829193115234, 0.06032443046569824, 0.058638572692871094, 0.058939218521118164, 0.058493614196777344, 0.054618120193481445, 0.33518362045288086, 0.08832788467407227, 0.22154688835144043, 0.20348596572875977, 0.21279239654541016, 0.21541762351989746, 0.4167139530181885, 0.060758352279663086, 0.1635584831237793, 0.2145698070526123, 0.2135467529296875, 0.21493864059448242, 0.21216678619384766, 0.2152423858642578, 0.21547150611877441, 0.21498680114746094, 0.21543645858764648, 0.2263050079345703, 0.20364046096801758, 0.21534466743469238, 0.2155473232269287, 0.2152724266052246, 0.21481657028198242, 0.22992801666259766, 0.19811320304870605, 0.23379182815551758, 0.19464468955993652, 0.21501517295837402, 0.2152247428894043, 0.21442866325378418, 0.4017167091369629, 0.06092977523803711, 0.1802992820739746, 0.21611523628234863, 0.24657583236694336, 0.18424487113952637, 0.21514630317687988, 0.21501374244689941, 0.21625280380249023, 0.21545147895812988, 0.21460866928100586, 0.2296617031097412, 0.1995093822479248, 0.21593761444091797, 0.2156362533569336, 0.21500086784362793, 0.21544432640075684, 0.21511030197143555, 0.21527576446533203, 0.4329802989959717, 0.05731821060180664, 0.1533217430114746, 0.21079492568969727, 0.21469426155090332, 0.21242070198059082, 0.21468329429626465, 0.34545254707336426, 0.09725093841552734, 0.19478178024291992, 0.21626782417297363, 0.2101750373840332, 0.21574616432189941, 0.2136988639831543, 0.21447491645812988, 0.2124793529510498, 0.21463680267333984, 0.21342229843139648, 0.21307015419006348, 0.21148896217346191, 0.21532726287841797, 0.21464848518371582, 0.21510100364685059, 0.21656489372253418, 0.21541285514831543, 0.2146461009979248, 0.21509909629821777, 0.21489787101745605, 0.21506357192993164, 0.21365094184875488, 0.21307706832885742, 0.21511554718017578, 0.21489715576171875, 0.21484899520874023, 0.27170467376708984, 0.16045665740966797, 0.21506571769714355, 0.21526026725769043, 0.2147369384765625, 0.21476435661315918, 0.21490883827209473, 0.21550464630126953, 0.2128887176513672, 0.3564145565032959, 0.08637022972106934, 0.2039039134979248, 0.21547722816467285, 0.21517586708068848, 0.21511602401733398, 0.2150869369506836, 0.21561765670776367, 0.2153947353363037, 0.21407032012939453, 0.2124330997467041, 0.21444010734558105, 0.23074793815612793, 0.19979596138000488, 0.21508455276489258, 0.2144331932067871, 0.21492362022399902, 0.21491217613220215, 0.21512675285339355, 0.21479249000549316, 0.3781239986419678, 0.06335258483886719, 0.20306086540222168, 0.2131650447845459, 0.2157268524169922, 0.21477580070495605, 0.21541523933410645, 0.21537232398986816, 0.21589446067810059, 0.22406649589538574, 0.20583677291870117, 0.21513748168945312, 0.21493911743164062, 0.21431350708007812, 0.21477079391479492, 0.21437668800354004, 0.21417641639709473, 0.24740123748779297, 0.38489842414855957, 0.06235694885253906, 0.1640336513519287, 0.2135016918182373, 0.2151021957397461, 0.2150125503540039, 0.2148885726928711, 0.21243715286254883, 0.21618938446044922, 0.21323037147521973, 0.21521735191345215, 0.29285335540771484, 0.1359541416168213, 0.21229267120361328, 0.24849581718444824, 0.17834925651550293, 0.21248269081115723, 0.2148115634918213, 0.24300718307495117, 0.3566584587097168, 0.05753016471862793, 0.200455904006958, 0.21241378784179688, 0.21343064308166504, 0.21811318397521973, 0.20930218696594238, 0.21472573280334473, 0.21506166458129883, 0.2153005599975586, 0.21410131454467773, 0.21430468559265137, 0.2153623104095459, 0.2147231101989746, 0.213578462600708, 0.21535015106201172, 0.21241426467895508, 0.21535801887512207, 0.21411633491516113, 0.21577024459838867, 0.21515965461730957, 0.21424293518066406, 0.2159256935119629, 0.21506977081298828, 0.21555638313293457, 0.21282529830932617, 0.2135303020477295, 0.21278619766235352, 0.21541547775268555, 0.21430373191833496, 0.2145066261291504, 0.21458721160888672, 0.2158055305480957, 0.21499085426330566, 0.21580290794372559]}