{"batch": {"label": "batch", "average_duration": 0.2113749005577781, "n_events": 484, "total_time": 102.3054518699646}, "batch.accumulate": {"label": "batch.accumulate", "average_duration": 0.0020566390565604216, "n_events": 484, "total_time": 0.9954133033752441}, "batch.backward": {"label": "batch.backward", "average_duration": 0.12445595146210725, "n_events": 484, "total_time": 60.23668050765991}, "batch.evaluate": {"label": "batch.evaluate", "average_duration": 0.0007674428057079473, "n_events": 484, "total_time": 0.3714423179626465}, "batch.forward": {"label": "batch.forward", "average_duration": 0.06076819640545806, "n_events": 484, "total_time": 29.4118070602417}, "batch.reduce": {"label": "batch.reduce", "average_duration": 0.010597568405561211, "n_events": 484, "total_time": 5.129223108291626}, "batch.step": {"label": "batch.step", "average_duration": 0.008680527860468084, "n_events": 484, "total_time": 4.201375484466553}, "epoch_metrics.collect": {"label": "epoch_metrics.collect", "average_duration": 0.006102502346038818, "n_events": 4, "total_time": 0.024410009384155273}, "reduce.compress": {"label": "reduce.compress", "average_duration": 0.00038201306477065916, "n_events": 484, "total_time": 0.18489432334899902}, "reduce.decompress": {"label": "reduce.decompress", "average_duration": 8.941386356826656e-05, "n_events": 484, "total_time": 0.043276309967041016}, "reduce.flat_pack": {"label": "reduce.flat_pack", "average_duration": 0.0008735031135811294, "n_events": 484, "total_time": 0.4227755069732666}, "reduce.norm": {"label": "reduce.norm", "average_duration": 0.0007367887772804449, "n_events": 484, "total_time": 0.35660576820373535}, "reduce.reduce.vector": {"label": "reduce.reduce.vector", "average_duration": 0.001166864860156351, "n_events": 484, "total_time": 0.5647625923156738}, "reduce.setgrad": {"label": "reduce.setgrad", "average_duration": 0.006826827841356766, "n_events": 484, "total_time": 3.304184675216675}, "test.last": {"label": "test.last", "average_duration": 1.4210116863250732, "n_events": 4, "total_time": 5.684046745300293}}