{"batch": {"label": "batch", "average_duration": 0.19693635974874227, "n_events": 389, "total_time": 76.60824394226074}, "batch.accumulate": {"label": "batch.accumulate", "average_duration": 0.003130850877737325, "n_events": 389, "total_time": 1.2179009914398193}, "batch.backward": {"label": "batch.backward", "average_duration": 0.12259854939419076, "n_events": 389, "total_time": 47.69083571434021}, "batch.evaluate": {"label": "batch.evaluate", "average_duration": 0.0008430174506415438, "n_events": 389, "total_time": 0.32793378829956055}, "batch.forward": {"label": "batch.forward", "average_duration": 0.04127268742166632, "n_events": 389, "total_time": 16.0550754070282}, "batch.reduce": {"label": "batch.reduce", "average_duration": 0.011859304800744534, "n_events": 389, "total_time": 4.613269567489624}, "batch.step": {"label": "batch.step", "average_duration": 0.008636415157955532, "n_events": 389, "total_time": 3.359565496444702}, "reduce.compress": {"label": "reduce.compress", "average_duration": 0.0009154537956022052, "n_events": 389, "total_time": 0.3561115264892578}, "reduce.decompress": {"label": "reduce.decompress", "average_duration": 0.00021098634577655548, "n_events": 389, "total_time": 0.08207368850708008}, "reduce.flat_pack": {"label": "reduce.flat_pack", "average_duration": 0.0009388715258600779, "n_events": 389, "total_time": 0.3652210235595703}, "reduce.norm": {"label": "reduce.norm", "average_duration": 9.458475676784173e-05, "n_events": 389, "total_time": 0.03679347038269043}, "reduce.reduce.vector": {"label": "reduce.reduce.vector", "average_duration": 1.193563858463709e-05, "n_events": 389, "total_time": 0.004642963409423828}, "reduce.setgrad": {"label": "reduce.setgrad", "average_duration": 0.009285828141749365, "n_events": 389, "total_time": 3.612187147140503}}