{"batch": {"label": "batch", "average_duration": 0.2229189757970815, "n_events": 29249, "total_time": 6520.157123088837}, "batch.accumulate": {"label": "batch.accumulate", "average_duration": 0.0023214167296366725, "n_events": 5849, "total_time": 13.577966451644897}, "batch.backward": {"label": "batch.backward", "average_duration": 0.1438827192344406, "n_events": 29249, "total_time": 4208.425654888153}, "batch.evaluate": {"label": "batch.evaluate", "average_duration": 0.0004151854263525294, "n_events": 29249, "total_time": 12.143758535385132}, "batch.forward": {"label": "batch.forward", "average_duration": 0.06710662378474641, "n_events": 29249, "total_time": 1962.8016390800476}, "batch.reduce": {"label": "batch.reduce", "average_duration": 0.014813731401104013, "n_events": 5849, "total_time": 86.64551496505737}, "batch.step": {"label": "batch.step", "average_duration": 0.005139058429141946, "n_events": 29249, "total_time": 150.31231999397278}, "epoch_metrics.collect": {"label": "epoch_metrics.collect", "average_duration": 0.011550804112581598, "n_events": 149, "total_time": 1.7210698127746582}, "reduce.compress": {"label": "reduce.compress", "average_duration": 0.0008412053552850289, "n_events": 5849, "total_time": 4.920210123062134}, "reduce.decompress": {"label": "reduce.decompress", "average_duration": 0.00015565671968060613, "n_events": 5849, "total_time": 0.9104361534118652}, "reduce.flat_pack": {"label": "reduce.flat_pack", "average_duration": 0.0011152465397689176, "n_events": 5849, "total_time": 6.523077011108398}, "reduce.norm": {"label": "reduce.norm", "average_duration": 0.005183517474316189, "n_events": 5849, "total_time": 30.31839370727539}, "reduce.reduce.vector": {"label": "reduce.reduce.vector", "average_duration": 0.00017951855110824567, "n_events": 5849, "total_time": 1.050004005432129}, "reduce.setgrad": {"label": "reduce.setgrad", "average_duration": 0.006673003041982692, "n_events": 5849, "total_time": 39.03039479255676}, "test.last": {"label": "test.last", "average_duration": 2.4901730262193102, "n_events": 149, "total_time": 371.03578090667725}}