{"batch": {"label": "batch", "average_duration": 0.24358667174646678, "n_events": 484, "total_time": 117.89594912528992}, "batch.accumulate": {"label": "batch.accumulate", "average_duration": 0.0021389235149730334, "n_events": 484, "total_time": 1.0352389812469482}, "batch.backward": {"label": "batch.backward", "average_duration": 0.12261862695709733, "n_events": 484, "total_time": 59.34741544723511}, "batch.evaluate": {"label": "batch.evaluate", "average_duration": 0.0005783236716404434, "n_events": 484, "total_time": 0.2799086570739746}, "batch.forward": {"label": "batch.forward", "average_duration": 0.059844877601655064, "n_events": 484, "total_time": 28.96492075920105}, "batch.reduce": {"label": "batch.reduce", "average_duration": 0.046689395569572766, "n_events": 484, "total_time": 22.597667455673218}, "batch.step": {"label": "batch.step", "average_duration": 0.008133438993091425, "n_events": 484, "total_time": 3.93658447265625}, "epoch_metrics.collect": {"label": "epoch_metrics.collect", "average_duration": 0.009877026081085205, "n_events": 4, "total_time": 0.03950810432434082}, "reduce.allocate_memory": {"label": "reduce.allocate_memory", "average_duration": 0.0007285564398962604, "n_events": 484, "total_time": 0.35262131690979004}, "reduce.compute.p": {"label": "reduce.compute.p", "average_duration": 0.0017188496826108823, "n_events": 484, "total_time": 0.831923246383667}, "reduce.compute.q": {"label": "reduce.compute.q", "average_duration": 0.001965683353833916, "n_events": 484, "total_time": 0.9513907432556152}, "reduce.normalize.p": {"label": "reduce.normalize.p", "average_duration": 0.01397417941369301, "n_events": 484, "total_time": 6.763502836227417}, "reduce.outerprod": {"label": "reduce.outerprod", "average_duration": 0.0038849947866329477, "n_events": 484, "total_time": 1.8803374767303467}, "reduce.p": {"label": "reduce.p", "average_duration": 0.009856209282047492, "n_events": 484, "total_time": 4.770405292510986}, "reduce.prepare.q": {"label": "reduce.prepare.q", "average_duration": 0.0007142887627782901, "n_events": 484, "total_time": 0.3457157611846924}, "reduce.q": {"label": "reduce.q", "average_duration": 0.003753861612524868, "n_events": 484, "total_time": 1.8168690204620361}, "reduce.rank1.all_reduce": {"label": "reduce.rank1.all_reduce", "average_duration": 0.0019120278437275533, "n_events": 484, "total_time": 0.9254214763641357}, "reduce.rank1.pack": {"label": "reduce.rank1.pack", "average_duration": 0.00042745101550393854, "n_events": 484, "total_time": 0.20688629150390625}, "reduce.rank1.unpack": {"label": "reduce.rank1.unpack", "average_duration": 0.001995616215319673, "n_events": 484, "total_time": 0.9658782482147217}, "test.last": {"label": "test.last", "average_duration": 1.4325098991394043, "n_events": 4, "total_time": 5.730039596557617}}