{"batch": {"label": "batch", "average_duration": 0.24122732419829732, "n_events": 29249, "total_time": 7055.658005475998}, "batch.accumulate": {"label": "batch.accumulate", "average_duration": 0.0022945551836550545, "n_events": 29249, "total_time": 67.11344456672668}, "batch.backward": {"label": "batch.backward", "average_duration": 0.14411910609174514, "n_events": 29249, "total_time": 4215.339734077454}, "batch.evaluate": {"label": "batch.evaluate", "average_duration": 0.0004039191397615056, "n_events": 29249, "total_time": 11.814230918884277}, "batch.forward": {"label": "batch.forward", "average_duration": 0.06718414868039797, "n_events": 29249, "total_time": 1965.0691647529602}, "batch.reduce": {"label": "batch.reduce", "average_duration": 0.022879144220972654, "n_events": 29249, "total_time": 669.1920893192291}, "batch.step": {"label": "batch.step", "average_duration": 0.0016144005643954223, "n_events": 29249, "total_time": 47.21960210800171}, "epoch_metrics.collect": {"label": "epoch_metrics.collect", "average_duration": 0.002135345599795348, "n_events": 149, "total_time": 0.31816649436950684}, "reduce.compress": {"label": "reduce.compress", "average_duration": 0.006335845682053588, "n_events": 29249, "total_time": 185.31715035438538}, "reduce.decompress": {"label": "reduce.decompress", "average_duration": 0.0006557310490352427, "n_events": 29249, "total_time": 19.17947745323181}, "reduce.flat_pack": {"label": "reduce.flat_pack", "average_duration": 0.0010823145039554596, "n_events": 29249, "total_time": 31.656616926193237}, "reduce.reduce.norm": {"label": "reduce.reduce.norm", "average_duration": 0.0009640225418906215, "n_events": 29249, "total_time": 28.19669532775879}, "reduce.reduce.vector": {"label": "reduce.reduce.vector", "average_duration": 0.0072484736018859205, "n_events": 29249, "total_time": 212.01060438156128}, "reduce.setgrad": {"label": "reduce.setgrad", "average_duration": 0.006428293303272175, "n_events": 29249, "total_time": 188.02115082740784}, "test.last": {"label": "test.last", "average_duration": 2.48763147136509, "n_events": 149, "total_time": 370.65708923339844}}