{"batch": {"label": "batch", "average_duration": 0.054114560697167476, "n_events": 29249, "total_time": 1582.7967858314514}, "batch.accumulate": {"label": "batch.accumulate", "average_duration": 0.001154907536574309, "n_events": 29249, "total_time": 33.77989053726196}, "batch.backward": {"label": "batch.backward", "average_duration": 0.007963198157040547, "n_events": 29249, "total_time": 232.91558289527893}, "batch.evaluate": {"label": "batch.evaluate", "average_duration": 0.017874765291780996, "n_events": 29249, "total_time": 522.8190100193024}, "batch.forward": {"label": "batch.forward", "average_duration": 0.004717525162123473, "n_events": 29249, "total_time": 137.98289346694946}, "batch.reduce": {"label": "batch.reduce", "average_duration": 0.013033727950864606, "n_events": 29249, "total_time": 381.22350883483887}, "batch.step": {"label": "batch.step", "average_duration": 0.006310564476614948, "n_events": 29249, "total_time": 184.57770037651062}, "epoch_metrics.collect": {"label": "epoch_metrics.collect", "average_duration": 0.007442933601020966, "n_events": 149, "total_time": 1.108997106552124}, "reduce.compress": {"label": "reduce.compress", "average_duration": 0.00041019510190064425, "n_events": 29249, "total_time": 11.997796535491943}, "reduce.decompress": {"label": "reduce.decompress", "average_duration": 8.157947058636753e-05, "n_events": 29249, "total_time": 2.386117935180664}, "reduce.flat_pack": {"label": "reduce.flat_pack", "average_duration": 0.00036527602757106315, "n_events": 29249, "total_time": 10.683958530426025}, "reduce.norm": {"label": "reduce.norm", "average_duration": 0.008318529605392701, "n_events": 29249, "total_time": 243.3086724281311}, "reduce.reduce.vector": {"label": "reduce.reduce.vector", "average_duration": 0.000125509550838072, "n_events": 29249, "total_time": 3.6710288524627686}, "reduce.setgrad": {"label": "reduce.setgrad", "average_duration": 0.003528380296980973, "n_events": 29249, "total_time": 103.20159530639648}, "test.last": {"label": "test.last", "average_duration": 1.013910722412519, "n_events": 149, "total_time": 151.07269763946533}}