{"batch": {"label": "batch", "average_duration": 0.05660598889966839, "n_events": 29249, "total_time": 1655.6685693264008}, "batch.accumulate": {"label": "batch.accumulate", "average_duration": 0.0010342753325989276, "n_events": 29249, "total_time": 30.251519203186035}, "batch.backward": {"label": "batch.backward", "average_duration": 0.019852504432211576, "n_events": 29249, "total_time": 580.6659021377563}, "batch.evaluate": {"label": "batch.evaluate", "average_duration": 0.0006696824526321363, "n_events": 29249, "total_time": 19.587542057037354}, "batch.forward": {"label": "batch.forward", "average_duration": 0.011378713817962268, "n_events": 29249, "total_time": 332.81600046157837}, "batch.reduce": {"label": "batch.reduce", "average_duration": 0.014934143232171924, "n_events": 29249, "total_time": 436.80875539779663}, "batch.step": {"label": "batch.step", "average_duration": 0.00573231244748293, "n_events": 29249, "total_time": 167.66440677642822}, "epoch_metrics.collect": {"label": "epoch_metrics.collect", "average_duration": 0.00273592680092626, "n_events": 149, "total_time": 0.4076530933380127}, "reduce.compress": {"label": "reduce.compress", "average_duration": 0.005178906717130541, "n_events": 29249, "total_time": 151.4778425693512}, "reduce.decompress": {"label": "reduce.decompress", "average_duration": 0.0004401960317169631, "n_events": 29249, "total_time": 12.875293731689453}, "reduce.flat_pack": {"label": "reduce.flat_pack", "average_duration": 0.0006826427428024382, "n_events": 29249, "total_time": 19.966617584228516}, "reduce.norm": {"label": "reduce.norm", "average_duration": 0.0008809448792435637, "n_events": 29249, "total_time": 25.766756772994995}, "reduce.reduce.vector": {"label": "reduce.reduce.vector", "average_duration": 0.0041561126708984375, "n_events": 29249, "total_time": 121.5621395111084}, "reduce.setgrad": {"label": "reduce.setgrad", "average_duration": 0.0033721585465951304, "n_events": 29249, "total_time": 98.63226532936096}, "test.last": {"label": "test.last", "average_duration": 1.0560345057673102, "n_events": 149, "total_time": 157.34914135932922}}