{"batch": {"label": "batch", "average_duration": 0.20535248517990112, "n_events": 96, "total_time": 19.713838577270508}, "batch.accumulate": {"label": "batch.accumulate", "average_duration": 0.0029612912072075736, "n_events": 18, "total_time": 0.05330324172973633}, "batch.backward": {"label": "batch.backward", "average_duration": 0.12272956470648448, "n_events": 96, "total_time": 11.78203821182251}, "batch.evaluate": {"label": "batch.evaluate", "average_duration": 0.0007342000802357992, "n_events": 96, "total_time": 0.07048320770263672}, "batch.forward": {"label": "batch.forward", "average_duration": 0.0412152906258901, "n_events": 96, "total_time": 3.956667900085449}, "batch.reduce": {"label": "batch.reduce", "average_duration": 0.034376819928487144, "n_events": 18, "total_time": 0.6187827587127686}, "batch.step": {"label": "batch.step", "average_duration": 0.00876905769109726, "n_events": 96, "total_time": 0.8418295383453369}, "reduce.compress": {"label": "reduce.compress", "average_duration": 0.001002086533440484, "n_events": 18, "total_time": 0.01803755760192871}, "reduce.decompress": {"label": "reduce.decompress", "average_duration": 0.00021260314517550997, "n_events": 18, "total_time": 0.0038268566131591797}, "reduce.flat_pack": {"label": "reduce.flat_pack", "average_duration": 0.0010221799214680989, "n_events": 18, "total_time": 0.01839923858642578}, "reduce.norm": {"label": "reduce.norm", "average_duration": 0.022977378633287217, "n_events": 18, "total_time": 0.4135928153991699}, "reduce.reduce.vector": {"label": "reduce.reduce.vector", "average_duration": 0.00018107891082763672, "n_events": 18, "total_time": 0.003259420394897461}, "reduce.setgrad": {"label": "reduce.setgrad", "average_duration": 0.008493370480007596, "n_events": 18, "total_time": 0.15288066864013672}}