{"batch": {"label": "batch", "average_duration": 0.19360278136932452, "n_events": 389, "total_time": 75.31148195266724}, "batch.accumulate": {"label": "batch.accumulate", "average_duration": 0.0030140300642861806, "n_events": 389, "total_time": 1.1724576950073242}, "batch.backward": {"label": "batch.backward", "average_duration": 0.12181286211185406, "n_events": 389, "total_time": 47.38520336151123}, "batch.evaluate": {"label": "batch.evaluate", "average_duration": 0.000857032050203848, "n_events": 389, "total_time": 0.3333854675292969}, "batch.forward": {"label": "batch.forward", "average_duration": 0.04108777634588796, "n_events": 389, "total_time": 15.983144998550415}, "batch.reduce": {"label": "batch.reduce", "average_duration": 0.010088610465238517, "n_events": 389, "total_time": 3.924469470977783}, "batch.step": {"label": "batch.step", "average_duration": 0.008398702028171568, "n_events": 389, "total_time": 3.2670950889587402}, "reduce.allreduce": {"label": "reduce.allreduce", "average_duration": 0.009091551322250563, "n_events": 389, "total_time": 3.5366134643554688}, "reduce.flat_pack": {"label": "reduce.flat_pack", "average_duration": 0.0009042634449152223, "n_events": 389, "total_time": 0.3517584800720215}}