{"batch": {"label": "batch", "average_duration": 0.18581721394561057, "n_events": 387, "total_time": 71.9112617969513}, "batch.accumulate": {"label": "batch.accumulate", "average_duration": 0.0031224489212036133, "n_events": 18, "total_time": 0.05620408058166504}, "batch.backward": {"label": "batch.backward", "average_duration": 0.025037657074842033, "n_events": 387, "total_time": 9.689573287963867}, "batch.evaluate": {"label": "batch.evaluate", "average_duration": 0.11493228510676737, "n_events": 387, "total_time": 44.47879433631897}, "batch.forward": {"label": "batch.forward", "average_duration": 0.024715536324552787, "n_events": 387, "total_time": 9.564912557601929}, "batch.reduce": {"label": "batch.reduce", "average_duration": 0.05252357323964437, "n_events": 18, "total_time": 0.9454243183135986}, "batch.step": {"label": "batch.step", "average_duration": 0.009214847278841398, "n_events": 387, "total_time": 3.566145896911621}, "epoch_metrics.collect": {"label": "epoch_metrics.collect", "average_duration": 0.023848851521809895, "n_events": 3, "total_time": 0.07154655456542969}, "reduce.compress": {"label": "reduce.compress", "average_duration": 0.00046290291680230037, "n_events": 18, "total_time": 0.008332252502441406}, "reduce.decompress": {"label": "reduce.decompress", "average_duration": 9.054607815212673e-05, "n_events": 18, "total_time": 0.0016298294067382812}, "reduce.flat_pack": {"label": "reduce.flat_pack", "average_duration": 0.0007901853985256619, "n_events": 18, "total_time": 0.014223337173461914}, "reduce.norm": {"label": "reduce.norm", "average_duration": 0.041270057360331215, "n_events": 18, "total_time": 0.7428610324859619}, "reduce.reduce.vector": {"label": "reduce.reduce.vector", "average_duration": 0.0001571178436279297, "n_events": 18, "total_time": 0.0028281211853027344}, "reduce.setgrad": {"label": "reduce.setgrad", "average_duration": 0.009421600235833062, "n_events": 18, "total_time": 0.16958880424499512}, "test.last": {"label": "test.last", "average_duration": 1.48838472366333, "n_events": 3, "total_time": 4.46515417098999}, "reduce_times": [0.20088601112365723, 0.05472922325134277, 0.019137144088745117, 0.06217598915100098, 0.02168583869934082, 0.01193380355834961, 0.047083139419555664, 0.04809927940368652, 0.04366135597229004, 0.07827925682067871, 0.04795122146606445, 0.039441823959350586, 0.037630319595336914, 0.08689665794372559, 0.01767873764038086, 0.14765429496765137, 0.08822274208068848, 0.035001516342163086, 0.05816197395324707]}