{"batch": {"label": "batch", "average_duration": 0.18601445511021972, "n_events": 387, "total_time": 71.98759412765503}, "batch.accumulate": {"label": "batch.accumulate", "average_duration": 0.003099454773796929, "n_events": 18, "total_time": 0.05579018592834473}, "batch.backward": {"label": "batch.backward", "average_duration": 0.025608669571790275, "n_events": 387, "total_time": 9.910555124282837}, "batch.evaluate": {"label": "batch.evaluate", "average_duration": 0.11663634709301537, "n_events": 387, "total_time": 45.13826632499695}, "batch.forward": {"label": "batch.forward", "average_duration": 0.023861172895406877, "n_events": 387, "total_time": 9.234273910522461}, "batch.reduce": {"label": "batch.reduce", "average_duration": 0.03548460536532932, "n_events": 18, "total_time": 0.6387228965759277}, "batch.step": {"label": "batch.step", "average_duration": 0.00923303301020186, "n_events": 387, "total_time": 3.57318377494812}, "epoch_metrics.collect": {"label": "epoch_metrics.collect", "average_duration": 0.011476755142211914, "n_events": 3, "total_time": 0.03443026542663574}, "reduce.compress": {"label": "reduce.compress", "average_duration": 0.0004450082778930664, "n_events": 18, "total_time": 0.008010149002075195}, "reduce.decompress": {"label": "reduce.decompress", "average_duration": 8.518166012234158e-05, "n_events": 18, "total_time": 0.0015332698822021484}, "reduce.flat_pack": {"label": "reduce.flat_pack", "average_duration": 0.0007553233040703668, "n_events": 18, "total_time": 0.013595819473266602}, "reduce.norm": {"label": "reduce.norm", "average_duration": 0.024954371982150607, "n_events": 18, "total_time": 0.44917869567871094}, "reduce.reduce.vector": {"label": "reduce.reduce.vector", "average_duration": 0.000150654051038954, "n_events": 18, "total_time": 0.002711772918701172}, "reduce.setgrad": {"label": "reduce.setgrad", "average_duration": 0.008776068687438965, "n_events": 18, "total_time": 0.15796923637390137}, "test.last": {"label": "test.last", "average_duration": 1.4884063402811687, "n_events": 3, "total_time": 4.465219020843506}, "reduce_times": [0.13698124885559082, 0.011702299118041992, 0.061864614486694336, 0.017831087112426758, 0.011724710464477539, 0.05843925476074219, 0.0154876708984375, 0.02924180030822754, 0.019984006881713867, 0.011483430862426758, 0.04451465606689453, 0.055359601974487305, 0.010921716690063477, 0.051596641540527344, 0.011968135833740234, 0.09851479530334473, 0.07644367218017578, 0.021709918975830078, 0.02993488311767578]}