{"batch": {"label": "batch", "average_duration": 0.18618274043080726, "n_events": 387, "total_time": 72.05272054672241}, "batch.accumulate": {"label": "batch.accumulate", "average_duration": 0.003160542911953396, "n_events": 18, "total_time": 0.05688977241516113}, "batch.backward": {"label": "batch.backward", "average_duration": 0.12386868289582798, "n_events": 387, "total_time": 47.937180280685425}, "batch.evaluate": {"label": "batch.evaluate", "average_duration": 0.0006960152963643234, "n_events": 387, "total_time": 0.26935791969299316}, "batch.forward": {"label": "batch.forward", "average_duration": 0.04149277943357325, "n_events": 387, "total_time": 16.057705640792847}, "batch.reduce": {"label": "batch.reduce", "average_duration": 0.030001375410291884, "n_events": 18, "total_time": 0.5400247573852539}, "batch.step": {"label": "batch.step", "average_duration": 0.009858331014943678, "n_events": 387, "total_time": 3.815174102783203}, "epoch_metrics.collect": {"label": "epoch_metrics.collect", "average_duration": 0.0013344287872314453, "n_events": 3, "total_time": 0.004003286361694336}, "reduce.compress": {"label": "reduce.compress", "average_duration": 0.0032807853486802843, "n_events": 18, "total_time": 0.05905413627624512}, "reduce.decompress": {"label": "reduce.decompress", "average_duration": 0.0002958642111884223, "n_events": 18, "total_time": 0.0053255558013916016}, "reduce.flat_pack": {"label": "reduce.flat_pack", "average_duration": 0.0009268787172105578, "n_events": 18, "total_time": 0.01668381690979004}, "reduce.norm": {"label": "reduce.norm", "average_duration": 0.014963203006320529, "n_events": 18, "total_time": 0.26933765411376953}, "reduce.reduce.vector": {"label": "reduce.reduce.vector", "average_duration": 0.000743812984890408, "n_events": 18, "total_time": 0.013388633728027344}, "reduce.setgrad": {"label": "reduce.setgrad", "average_duration": 0.00946391953362359, "n_events": 18, "total_time": 0.1703505516052246}, "test.last": {"label": "test.last", "average_duration": 1.4884891510009766, "n_events": 3, "total_time": 4.46546745300293}, "reduce_times": [0.01650691032409668, 0.024764060974121094, 0.015453338623046875, 0.015526294708251953, 0.07931375503540039, 0.05389070510864258, 0.015365839004516602, 0.015410423278808594, 0.015389442443847656, 0.12390375137329102, 0.01590275764465332, 0.015851736068725586, 0.021654129028320312, 0.01587224006652832, 0.0500338077545166, 0.015539884567260742, 0.01537466049194336, 0.015435218811035156, 0.01534271240234375]}