{"batch": {"label": "batch", "average_duration": 0.09199674675861995, "n_events": 96, "total_time": 8.831687688827515}, "batch.accumulate": {"label": "batch.accumulate", "average_duration": 0.0010304053624471028, "n_events": 18, "total_time": 0.01854729652404785}, "batch.backward": {"label": "batch.backward", "average_duration": 0.00574803352355957, "n_events": 96, "total_time": 0.5518112182617188}, "batch.evaluate": {"label": "batch.evaluate", "average_duration": 0.06067172189553579, "n_events": 96, "total_time": 5.8244853019714355}, "batch.forward": {"label": "batch.forward", "average_duration": 0.005483006437619527, "n_events": 96, "total_time": 0.5263686180114746}, "batch.reduce": {"label": "batch.reduce", "average_duration": 0.015007615089416504, "n_events": 18, "total_time": 0.27013707160949707}, "batch.step": {"label": "batch.step", "average_duration": 0.0031684041023254395, "n_events": 96, "total_time": 0.3041667938232422}, "reduce.compress": {"label": "reduce.compress", "average_duration": 0.00040511290232340497, "n_events": 18, "total_time": 0.007292032241821289}, "reduce.decompress": {"label": "reduce.decompress", "average_duration": 8.33272933959961e-05, "n_events": 18, "total_time": 0.0014998912811279297}, "reduce.flat_pack": {"label": "reduce.flat_pack", "average_duration": 0.0003020498487684462, "n_events": 18, "total_time": 0.005436897277832031}, "reduce.norm": {"label": "reduce.norm", "average_duration": 0.010522577497694228, "n_events": 18, "total_time": 0.1894063949584961}, "reduce.reduce.vector": {"label": "reduce.reduce.vector", "average_duration": 0.00013654761844211153, "n_events": 18, "total_time": 0.002457857131958008}, "reduce.setgrad": {"label": "reduce.setgrad", "average_duration": 0.0030641953150431314, "n_events": 18, "total_time": 0.05515551567077637}}