{"batch": {"label": "batch", "average_duration": 0.1859383176463519, "n_events": 387, "total_time": 71.95812892913818}, "batch.accumulate": {"label": "batch.accumulate", "average_duration": 0.0028605196211073133, "n_events": 18, "total_time": 0.05148935317993164}, "batch.backward": {"label": "batch.backward", "average_duration": 0.12435399900727186, "n_events": 387, "total_time": 48.12499761581421}, "batch.evaluate": {"label": "batch.evaluate", "average_duration": 0.0007452361035408592, "n_events": 387, "total_time": 0.2884063720703125}, "batch.forward": {"label": "batch.forward", "average_duration": 0.04159671884482529, "n_events": 387, "total_time": 16.097930192947388}, "batch.reduce": {"label": "batch.reduce", "average_duration": 0.02985594007703993, "n_events": 18, "total_time": 0.5374069213867188}, "batch.step": {"label": "batch.step", "average_duration": 0.008903358025760305, "n_events": 387, "total_time": 3.4455995559692383}, "epoch_metrics.collect": {"label": "epoch_metrics.collect", "average_duration": 0.0020531813303629556, "n_events": 3, "total_time": 0.006159543991088867}, "reduce.compress": {"label": "reduce.compress", "average_duration": 0.007903946770562066, "n_events": 18, "total_time": 0.1422710418701172}, "reduce.decompress": {"label": "reduce.decompress", "average_duration": 0.0015250311957465278, "n_events": 18, "total_time": 0.0274505615234375}, "reduce.flat_pack": {"label": "reduce.flat_pack", "average_duration": 0.0009543498357137045, "n_events": 18, "total_time": 0.01717829704284668}, "reduce.norm": {"label": "reduce.norm", "average_duration": 0.009742591116163466, "n_events": 18, "total_time": 0.17536664009094238}, "reduce.reduce.vector": {"label": "reduce.reduce.vector", "average_duration": 0.0007171895768907336, "n_events": 18, "total_time": 0.012909412384033203}, "reduce.setgrad": {"label": "reduce.setgrad", "average_duration": 0.008672700987921821, "n_events": 18, "total_time": 0.15610861778259277}, "test.last": {"label": "test.last", "average_duration": 1.4681143760681152, "n_events": 3, "total_time": 4.404343128204346}}