{"batch": {"label": "batch", "average_duration": 0.20391948769489923, "n_events": 96, "total_time": 19.576270818710327}, "batch.accumulate": {"label": "batch.accumulate", "average_duration": 0.002717303733030955, "n_events": 96, "total_time": 0.2608611583709717}, "batch.backward": {"label": "batch.backward", "average_duration": 0.12173701574405034, "n_events": 96, "total_time": 11.686753511428833}, "batch.evaluate": {"label": "batch.evaluate", "average_duration": 0.0006436606248219808, "n_events": 96, "total_time": 0.061791419982910156}, "batch.forward": {"label": "batch.forward", "average_duration": 0.04101621359586716, "n_events": 96, "total_time": 3.937556505203247}, "batch.reduce": {"label": "batch.reduce", "average_duration": 0.0204265962044398, "n_events": 96, "total_time": 1.9609532356262207}, "batch.step": {"label": "batch.step", "average_duration": 0.008880078792572021, "n_events": 96, "total_time": 0.8524875640869141}, "reduce.compress": {"label": "reduce.compress", "average_duration": 0.00860766073067983, "n_events": 96, "total_time": 0.8263354301452637}, "reduce.decompress": {"label": "reduce.decompress", "average_duration": 0.001511824627717336, "n_events": 96, "total_time": 0.14513516426086426}, "reduce.flat_pack": {"label": "reduce.flat_pack", "average_duration": 0.0009253770112991333, "n_events": 96, "total_time": 0.0888361930847168}, "reduce.norm": {"label": "reduce.norm", "average_duration": 0.0008505011598269144, "n_events": 96, "total_time": 0.08164811134338379}, "reduce.setgrad": {"label": "reduce.setgrad", "average_duration": 0.008284181356430054, "n_events": 96, "total_time": 0.7952814102172852}}