{"batch": {"label": "batch", "average_duration": 0.08073588982416986, "n_events": 387, "total_time": 31.244789361953735}, "batch.accumulate": {"label": "batch.accumulate", "average_duration": 0.0010528564453125, "n_events": 18, "total_time": 0.018951416015625}, "batch.backward": {"label": "batch.backward", "average_duration": 0.0652855225003659, "n_events": 387, "total_time": 25.2654972076416}, "batch.evaluate": {"label": "batch.evaluate", "average_duration": 0.0012166179735839213, "n_events": 387, "total_time": 0.47083115577697754}, "batch.forward": {"label": "batch.forward", "average_duration": 0.006459974195297991, "n_events": 387, "total_time": 2.5000100135803223}, "batch.reduce": {"label": "batch.reduce", "average_duration": 0.017986337343851726, "n_events": 18, "total_time": 0.32375407218933105}, "batch.step": {"label": "batch.step", "average_duration": 0.003729977965046885, "n_events": 387, "total_time": 1.4435014724731445}, "epoch_metrics.collect": {"label": "epoch_metrics.collect", "average_duration": 0.0164645512898763, "n_events": 3, "total_time": 0.049393653869628906}, "reduce.compress": {"label": "reduce.compress", "average_duration": 0.0021223359637790257, "n_events": 18, "total_time": 0.03820204734802246}, "reduce.decompress": {"label": "reduce.decompress", "average_duration": 0.00021832519107394747, "n_events": 18, "total_time": 0.003929853439331055}, "reduce.flat_pack": {"label": "reduce.flat_pack", "average_duration": 0.0007800261179606119, "n_events": 18, "total_time": 0.014040470123291016}, "reduce.norm": {"label": "reduce.norm", "average_duration": 0.011114279429117838, "n_events": 18, "total_time": 0.2000570297241211}, "reduce.reduce.vector": {"label": "reduce.reduce.vector", "average_duration": 0.000520083639356825, "n_events": 18, "total_time": 0.009361505508422852}, "reduce.setgrad": {"label": "reduce.setgrad", "average_duration": 0.0028956996070014108, "n_events": 18, "total_time": 0.05212259292602539}, "test.last": {"label": "test.last", "average_duration": 1.3608734607696533, "n_events": 3, "total_time": 4.08262038230896}}