{"batch": {"label": "batch", "average_duration": 0.08027432007999075, "n_events": 387, "total_time": 31.06616187095642}, "batch.accumulate": {"label": "batch.accumulate", "average_duration": 0.0011851787567138672, "n_events": 18, "total_time": 0.02133321762084961}, "batch.backward": {"label": "batch.backward", "average_duration": 0.006360347880873569, "n_events": 387, "total_time": 2.4614546298980713}, "batch.evaluate": {"label": "batch.evaluate", "average_duration": 0.05848427089917876, "n_events": 387, "total_time": 22.633412837982178}, "batch.forward": {"label": "batch.forward", "average_duration": 0.0057520644609318225, "n_events": 387, "total_time": 2.2260489463806152}, "batch.reduce": {"label": "batch.reduce", "average_duration": 0.05884839428795709, "n_events": 18, "total_time": 1.0592710971832275}, "batch.step": {"label": "batch.step", "average_duration": 0.0032260479545100406, "n_events": 387, "total_time": 1.2484805583953857}, "epoch_metrics.collect": {"label": "epoch_metrics.collect", "average_duration": 0.02817567189534505, "n_events": 3, "total_time": 0.08452701568603516}, "reduce.compress": {"label": "reduce.compress", "average_duration": 0.0004672871695624457, "n_events": 18, "total_time": 0.008411169052124023}, "reduce.decompress": {"label": "reduce.decompress", "average_duration": 9.65065426296658e-05, "n_events": 18, "total_time": 0.0017371177673339844}, "reduce.flat_pack": {"label": "reduce.flat_pack", "average_duration": 0.0003416140874226888, "n_events": 18, "total_time": 0.0061490535736083984}, "reduce.norm": {"label": "reduce.norm", "average_duration": 0.05414474010467529, "n_events": 18, "total_time": 0.9746053218841553}, "reduce.reduce.vector": {"label": "reduce.reduce.vector", "average_duration": 0.00015914440155029297, "n_events": 18, "total_time": 0.0028645992279052734}, "reduce.setgrad": {"label": "reduce.setgrad", "average_duration": 0.0033054351806640625, "n_events": 18, "total_time": 0.059497833251953125}, "test.last": {"label": "test.last", "average_duration": 1.3607834974924724, "n_events": 3, "total_time": 4.082350492477417}}