{"batch": {"label": "batch", "average_duration": 0.08752897228162314, "n_events": 194, "total_time": 16.980620622634888}, "batch.accumulate": {"label": "batch.accumulate", "average_duration": 0.0009132046060463817, "n_events": 194, "total_time": 0.17716169357299805}, "batch.backward": {"label": "batch.backward", "average_duration": 0.06599693814503778, "n_events": 194, "total_time": 12.803406000137329}, "batch.evaluate": {"label": "batch.evaluate", "average_duration": 0.0011616527419729332, "n_events": 194, "total_time": 0.22536063194274902}, "batch.forward": {"label": "batch.forward", "average_duration": 0.00640115787073509, "n_events": 194, "total_time": 1.2418246269226074}, "batch.reduce": {"label": "batch.reduce", "average_duration": 0.0074596650821646465, "n_events": 194, "total_time": 1.4471750259399414}, "batch.step": {"label": "batch.step", "average_duration": 0.0027846749295893404, "n_events": 194, "total_time": 0.540226936340332}, "reduce.compress": {"label": "reduce.compress", "average_duration": 0.00209388290483927, "n_events": 194, "total_time": 0.40621328353881836}, "reduce.decompress": {"label": "reduce.decompress", "average_duration": 0.00021452264687449663, "n_events": 194, "total_time": 0.041617393493652344}, "reduce.flat_pack": {"label": "reduce.flat_pack", "average_duration": 0.0006304192788822134, "n_events": 194, "total_time": 0.12230134010314941}, "reduce.norm": {"label": "reduce.norm", "average_duration": 0.0005282900997043885, "n_events": 194, "total_time": 0.10248827934265137}, "reduce.reduce.vector": {"label": "reduce.reduce.vector", "average_duration": 0.0009732172661220905, "n_events": 194, "total_time": 0.18880414962768555}, "reduce.setgrad": {"label": "reduce.setgrad", "average_duration": 0.002779293306095084, "n_events": 194, "total_time": 0.5391829013824463}}