{"batch": {"label": "batch", "average_duration": 0.19563736940294968, "n_events": 193, "total_time": 37.75801229476929}, "batch.accumulate": {"label": "batch.accumulate", "average_duration": 0.003113177087571886, "n_events": 18, "total_time": 0.056037187576293945}, "batch.backward": {"label": "batch.backward", "average_duration": 0.02644971862358133, "n_events": 193, "total_time": 5.104795694351196}, "batch.evaluate": {"label": "batch.evaluate", "average_duration": 0.11129830414767092, "n_events": 193, "total_time": 21.48057270050049}, "batch.forward": {"label": "batch.forward", "average_duration": 0.02544189981845994, "n_events": 193, "total_time": 4.9102866649627686}, "batch.reduce": {"label": "batch.reduce", "average_duration": 0.05388096968332926, "n_events": 18, "total_time": 0.9698574542999268}, "batch.step": {"label": "batch.step", "average_duration": 0.009527707964645148, "n_events": 193, "total_time": 1.8388476371765137}, "epoch_metrics.collect": {"label": "epoch_metrics.collect", "average_duration": 0.013459205627441406, "n_events": 1, "total_time": 0.013459205627441406}, "reduce.compress": {"label": "reduce.compress", "average_duration": 0.001086486710442437, "n_events": 18, "total_time": 0.019556760787963867}, "reduce.decompress": {"label": "reduce.decompress", "average_duration": 0.00024384922451443144, "n_events": 18, "total_time": 0.004389286041259766}, "reduce.flat_pack": {"label": "reduce.flat_pack", "average_duration": 0.0008444521162245008, "n_events": 18, "total_time": 0.015200138092041016}, "reduce.norm": {"label": "reduce.norm", "average_duration": 0.04113666216532389, "n_events": 18, "total_time": 0.7404599189758301}, "reduce.reduce.vector": {"label": "reduce.reduce.vector", "average_duration": 0.00013657410939534506, "n_events": 18, "total_time": 0.002458333969116211}, "reduce.setgrad": {"label": "reduce.setgrad", "average_duration": 0.009864886601765951, "n_events": 18, "total_time": 0.1775679588317871}, "test.last": {"label": "test.last", "average_duration": 1.5252947807312012, "n_events": 1, "total_time": 1.5252947807312012}}