{"batch": {"label": "batch", "average_duration": 0.37225506723541574, "n_events": 194, "total_time": 72.21748304367065}, "batch.accumulate": {"label": "batch.accumulate", "average_duration": 0.0011093555037508306, "n_events": 194, "total_time": 0.21521496772766113}, "batch.backward": {"label": "batch.backward", "average_duration": 0.0435488224029541, "n_events": 389, "total_time": 16.940491914749146}, "batch.evaluate": {"label": "batch.evaluate", "average_duration": 0.0006337809378812736, "n_events": 389, "total_time": 0.24654078483581543}, "batch.forward": {"label": "batch.forward", "average_duration": 0.03787601698946524, "n_events": 389, "total_time": 14.733770608901978}, "batch.reduce": {"label": "batch.reduce", "average_duration": 0.19424536793502337, "n_events": 194, "total_time": 37.68360137939453}, "batch.step": {"label": "batch.step", "average_duration": 0.0034667523865847243, "n_events": 194, "total_time": 0.6725499629974365}, "reduce.allreduce": {"label": "reduce.allreduce", "average_duration": 0.1935989869009588, "n_events": 194, "total_time": 37.55820345878601}, "reduce.flat_pack": {"label": "reduce.flat_pack", "average_duration": 0.00042977775495076916, "n_events": 194, "total_time": 0.08337688446044922}, "reduce_times": [0.06106925010681152, 0.05266213417053223, 0.05086660385131836, 0.05349874496459961, 0.051877498626708984, 0.05523228645324707, 0.05161619186401367, 0.05580544471740723, 0.052626609802246094, 0.052042245864868164, 0.059786081314086914, 0.201798677444458, 0.2020425796508789, 0.20183849334716797, 0.20237350463867188, 0.2016289234161377, 0.20190691947937012, 0.20144128799438477, 0.2016305923461914, 0.20203566551208496, 0.20227646827697754, 0.20176291465759277, 0.20163798332214355, 0.20173430442810059, 0.20174956321716309, 0.20242595672607422, 0.2020714282989502, 0.20195674896240234, 0.20290660858154297, 0.2011549472808838, 0.2017822265625, 0.20216107368469238, 0.20193243026733398, 0.2018735408782959, 0.2016744613647461, 0.20131850242614746, 0.20177221298217773, 0.20185232162475586, 0.20172524452209473, 0.20206117630004883, 0.20194077491760254, 0.20211338996887207, 0.20200228691101074, 0.2020559310913086, 0.2019946575164795, 0.2021634578704834, 0.2020876407623291, 0.2028038501739502, 0.2017838954925537, 0.20256590843200684, 0.2019977569580078, 0.20210027694702148, 0.20170927047729492, 0.2023329734802246, 0.2016458511352539, 0.20182585716247559, 0.20177435874938965, 0.20187592506408691, 0.20242810249328613, 0.20197701454162598, 0.2026209831237793, 0.20235037803649902, 0.20247697830200195, 0.2022716999053955, 0.2026348114013672, 0.20261383056640625, 0.2025315761566162, 0.20241045951843262, 0.2026066780090332, 0.20234251022338867, 0.20241308212280273, 0.20210003852844238, 0.20250773429870605, 0.20212984085083008, 0.20125269889831543, 0.20189666748046875, 0.20218753814697266, 0.20268011093139648, 0.20211029052734375, 0.20191454887390137, 0.20177578926086426, 0.20273756980895996, 0.2020108699798584, 0.19691205024719238, 0.20203804969787598, 0.1962432861328125, 0.2021794319152832, 0.20238924026489258, 0.2023000717163086, 0.20168566703796387, 0.20244765281677246, 0.20198559761047363, 0.20171570777893066, 0.20199108123779297, 0.2016899585723877, 0.2021939754486084, 0.20230650901794434, 0.20167303085327148, 0.20215630531311035, 0.2025163173675537, 0.20233488082885742, 0.20157361030578613, 0.20266366004943848, 0.20146489143371582, 0.20254802703857422, 0.20231199264526367, 0.20217204093933105, 0.20091581344604492, 0.20195794105529785, 0.20223259925842285, 0.202012300491333, 0.20209741592407227, 0.20202088356018066, 0.20214629173278809, 0.20207929611206055, 0.20171165466308594, 0.20219874382019043, 0.20175600051879883, 0.2020406723022461, 0.2024397850036621, 0.20241928100585938, 0.2016458511352539, 0.20228219032287598, 0.20167040824890137, 0.20151233673095703, 0.20131397247314453, 0.2018892765045166, 0.20130562782287598, 0.20145916938781738, 0.20189142227172852, 0.20212173461914062, 0.2022686004638672, 0.20214152336120605, 0.2019028663635254, 0.2026071548461914, 0.20211029052734375, 0.20221590995788574, 0.20200777053833008, 0.20198488235473633, 0.20180678367614746, 0.20162677764892578, 0.20209288597106934, 0.20256972312927246, 0.201918363571167, 0.20183944702148438, 0.2015683650970459, 0.20137238502502441, 0.2022697925567627, 0.2023007869720459, 0.2027575969696045, 0.20175719261169434, 0.20279335975646973, 0.20223665237426758, 0.20165801048278809, 0.20186114311218262, 0.2020423412322998, 0.20217561721801758, 0.2022109031677246, 0.20257997512817383, 0.20196795463562012, 0.2019186019897461, 0.20191645622253418, 0.20164203643798828, 0.20149731636047363, 0.20201349258422852, 0.20174455642700195, 0.2030019760131836, 0.19953083992004395, 0.2010953426361084, 0.20040321350097656, 0.20134902000427246, 0.2012331485748291, 0.20209431648254395, 0.20121383666992188, 0.20115280151367188, 0.20113062858581543, 0.20116782188415527, 0.20119667053222656, 0.2015399932861328, 0.20107030868530273, 0.20101094245910645, 0.2013838291168213, 0.2020714282989502, 0.20159912109375, 0.2015988826751709, 0.20154309272766113, 0.2020273208618164, 0.20237398147583008, 0.20157814025878906, 0.2011723518371582, 0.201643705368042, 0.20168304443359375, 0.2026231288909912, 0.20163416862487793, 0.20219063758850098]}