{"batch": {"label": "batch", "average_duration": 0.18536400182606422, "n_events": 584, "total_time": 108.25257706642151}, "batch.accumulate": {"label": "batch.accumulate", "average_duration": 0.0026414519862124793, "n_events": 38, "total_time": 0.10037517547607422}, "batch.backward": {"label": "batch.backward", "average_duration": 0.12471275215279566, "n_events": 584, "total_time": 72.83224725723267}, "batch.evaluate": {"label": "batch.evaluate", "average_duration": 0.0005575655257865174, "n_events": 584, "total_time": 0.32561826705932617}, "batch.forward": {"label": "batch.forward", "average_duration": 0.04165617325534559, "n_events": 584, "total_time": 24.327205181121826}, "batch.reduce": {"label": "batch.reduce", "average_duration": 0.021508875646089252, "n_events": 38, "total_time": 0.8173372745513916}, "batch.step": {"label": "batch.step", "average_duration": 0.00867935933478891, "n_events": 584, "total_time": 5.068745851516724}, "epoch_metrics.collect": {"label": "epoch_metrics.collect", "average_duration": 0.0011630058288574219, "n_events": 2, "total_time": 0.0023260116577148438}, "reduce.compress": {"label": "reduce.compress", "average_duration": 0.008680964771069978, "n_events": 38, "total_time": 0.3298766613006592}, "reduce.decompress": {"label": "reduce.decompress", "average_duration": 0.0015275164654380397, "n_events": 38, "total_time": 0.05804562568664551}, "reduce.flat_pack": {"label": "reduce.flat_pack", "average_duration": 0.0008998732817800422, "n_events": 38, "total_time": 0.0341951847076416}, "reduce.norm": {"label": "reduce.norm", "average_duration": 0.0005335494091636256, "n_events": 38, "total_time": 0.020274877548217773}, "reduce.reduce.vector": {"label": "reduce.reduce.vector", "average_duration": 0.001479205332304302, "n_events": 38, "total_time": 0.05620980262756348}, "reduce.setgrad": {"label": "reduce.setgrad", "average_duration": 0.008090157257883172, "n_events": 38, "total_time": 0.30742597579956055}, "test.last": {"label": "test.last", "average_duration": 2.662596821784973, "n_events": 2, "total_time": 5.325193643569946}}