{"batch": {"label": "batch", "average_duration": 0.2044962371389071, "n_events": 96, "total_time": 19.631638765335083}, "batch.accumulate": {"label": "batch.accumulate", "average_duration": 0.0031009912490844727, "n_events": 96, "total_time": 0.2976951599121094}, "batch.backward": {"label": "batch.backward", "average_duration": 0.0237832839290301, "n_events": 96, "total_time": 2.2831952571868896}, "batch.evaluate": {"label": "batch.evaluate", "average_duration": 0.11734047532081604, "n_events": 96, "total_time": 11.26468563079834}, "batch.forward": {"label": "batch.forward", "average_duration": 0.023967958986759186, "n_events": 96, "total_time": 2.300924062728882}, "batch.reduce": {"label": "batch.reduce", "average_duration": 0.018421433866024017, "n_events": 96, "total_time": 1.7684576511383057}, "batch.step": {"label": "batch.step", "average_duration": 0.009198829531669617, "n_events": 96, "total_time": 0.8830876350402832}, "reduce.compress": {"label": "reduce.compress", "average_duration": 0.0004148830970128377, "n_events": 96, "total_time": 0.03982877731323242}, "reduce.decompress": {"label": "reduce.decompress", "average_duration": 8.367747068405151e-05, "n_events": 96, "total_time": 0.008033037185668945}, "reduce.flat_pack": {"label": "reduce.flat_pack", "average_duration": 0.0007301593820254008, "n_events": 96, "total_time": 0.07009530067443848}, "reduce.norm": {"label": "reduce.norm", "average_duration": 0.007885018984476725, "n_events": 96, "total_time": 0.7569618225097656}, "reduce.reduce.vector": {"label": "reduce.reduce.vector", "average_duration": 0.00013731420040130615, "n_events": 96, "total_time": 0.01318216323852539}, "reduce.setgrad": {"label": "reduce.setgrad", "average_duration": 0.00890656809012095, "n_events": 96, "total_time": 0.8550305366516113}, "reduce_times": [0.4250819683074951, 0.05251359939575195, 0.014986753463745117, 0.01146554946899414, 0.014974832534790039, 0.01476740837097168, 0.01466822624206543, 0.01143789291381836, 0.015924692153930664, 0.01629471778869629, 0.015804529190063477, 0.011455297470092773, 0.013649940490722656, 0.01320195198059082, 0.014487504959106445, 0.011079549789428711, 0.013419866561889648, 0.015360593795776367, 0.016951560974121094, 0.01658320426940918, 0.015381336212158203, 0.015266180038452148, 0.015529155731201172, 0.015627622604370117, 0.014425992965698242, 0.03099799156188965, 0.01843428611755371, 0.016808748245239258, 0.032599449157714844, 0.018029212951660156, 0.016032695770263672, 0.015073537826538086, 0.033513545989990234, 0.015569686889648438, 0.01365804672241211, 0.014373064041137695, 0.02899479866027832, 0.016919851303100586, 0.01495361328125, 0.014719724655151367, 0.028802156448364258, 0.01697540283203125, 0.01698136329650879, 0.014290332794189453, 0.02843189239501953, 0.01743316650390625, 0.017231225967407227, 0.016703128814697266, 0.029157161712646484, 0.01645636558532715, 0.01559138298034668, 0.016866445541381836, 0.02879166603088379, 0.014187335968017578, 0.014305830001831055, 0.015419244766235352, 0.028806209564208984, 0.015624046325683594, 0.01549386978149414, 0.014729022979736328, 0.02866077423095703, 0.015546560287475586, 0.016603946685791016, 0.01622605323791504, 0.027650833129882812, 0.015097856521606445, 0.01653313636779785, 0.015207290649414062, 0.02431941032409668, 0.0166471004486084, 0.014830589294433594, 0.01451253890991211, 0.030513525009155273, 0.016995668411254883, 0.015617132186889648, 0.017083406448364258, 0.030237913131713867, 0.016303062438964844, 0.0169219970703125, 0.016278743743896484, 0.030673980712890625, 0.01715707778930664, 0.017841815948486328, 0.016108274459838867, 0.03147077560424805, 0.01628899574279785, 0.014665603637695312, 0.01575016975402832, 0.03023529052734375, 0.017041921615600586, 0.01635575294494629, 0.01649308204650879, 0.014882564544677734, 0.014871597290039062, 0.01679825782775879, 0.015011310577392578, 0.016810178756713867]}