{"batch": {"label": "batch", "average_duration": 0.1831732913851738, "n_events": 96, "total_time": 17.584635972976685}, "batch.accumulate": {"label": "batch.accumulate", "average_duration": 0.0030336909823947484, "n_events": 18, "total_time": 0.05460643768310547}, "batch.backward": {"label": "batch.backward", "average_duration": 0.02554437518119812, "n_events": 96, "total_time": 2.4522600173950195}, "batch.evaluate": {"label": "batch.evaluate", "average_duration": 0.11379056175549825, "n_events": 96, "total_time": 10.923893928527832}, "batch.forward": {"label": "batch.forward", "average_duration": 0.02366500347852707, "n_events": 96, "total_time": 2.2718403339385986}, "batch.reduce": {"label": "batch.reduce", "average_duration": 0.010738862885369195, "n_events": 18, "total_time": 0.1932995319366455}, "batch.step": {"label": "batch.step", "average_duration": 0.009162232279777527, "n_events": 96, "total_time": 0.8795742988586426}, "reduce.allreduce": {"label": "reduce.allreduce", "average_duration": 0.009817110167609321, "n_events": 18, "total_time": 0.17670798301696777}, "reduce.flat_pack": {"label": "reduce.flat_pack", "average_duration": 0.0007835891511705187, "n_events": 18, "total_time": 0.014104604721069336}}