{"batch": {"label": "batch", "average_duration": 0.18514922012885413, "n_events": 96, "total_time": 17.774325132369995}, "batch.accumulate": {"label": "batch.accumulate", "average_duration": 0.003022909164428711, "n_events": 18, "total_time": 0.0544123649597168}, "batch.backward": {"label": "batch.backward", "average_duration": 0.02364203582207362, "n_events": 96, "total_time": 2.2696354389190674}, "batch.evaluate": {"label": "batch.evaluate", "average_duration": 0.11723900338013966, "n_events": 96, "total_time": 11.254944324493408}, "batch.forward": {"label": "batch.forward", "average_duration": 0.02384994924068451, "n_events": 96, "total_time": 2.289595127105713}, "batch.reduce": {"label": "batch.reduce", "average_duration": 0.010110629929436577, "n_events": 18, "total_time": 0.1819913387298584}, "batch.step": {"label": "batch.step", "average_duration": 0.009320966899394989, "n_events": 96, "total_time": 0.894812822341919}, "reduce.allreduce": {"label": "reduce.allreduce", "average_duration": 0.009229752752516005, "n_events": 18, "total_time": 0.16613554954528809}, "reduce.flat_pack": {"label": "reduce.flat_pack", "average_duration": 0.0007493231031629774, "n_events": 18, "total_time": 0.013487815856933594}}