{"batch": {"label": "batch", "average_duration": 0.18582985798517862, "n_events": 96, "total_time": 17.83966636657715}, "batch.accumulate": {"label": "batch.accumulate", "average_duration": 0.0028744935989379883, "n_events": 18, "total_time": 0.05174088478088379}, "batch.backward": {"label": "batch.backward", "average_duration": 0.12250428398450215, "n_events": 96, "total_time": 11.760411262512207}, "batch.evaluate": {"label": "batch.evaluate", "average_duration": 0.000630269447962443, "n_events": 96, "total_time": 0.06050586700439453}, "batch.forward": {"label": "batch.forward", "average_duration": 0.04118684182564417, "n_events": 96, "total_time": 3.953936815261841}, "batch.reduce": {"label": "batch.reduce", "average_duration": 0.020095282130771212, "n_events": 18, "total_time": 0.36171507835388184}, "batch.step": {"label": "batch.step", "average_duration": 0.008833028376102448, "n_events": 96, "total_time": 0.847970724105835}, "reduce.allreduce": {"label": "reduce.allreduce", "average_duration": 0.01906663841671414, "n_events": 18, "total_time": 0.3431994915008545}, "reduce.flat_pack": {"label": "reduce.flat_pack", "average_duration": 0.0008994473351372613, "n_events": 18, "total_time": 0.016190052032470703}}