{"batch": {"label": "batch", "average_duration": 1.122939554686399, "n_events": 194, "total_time": 217.85027360916138}, "batch.accumulate": {"label": "batch.accumulate", "average_duration": 0.003016904457328246, "n_events": 194, "total_time": 0.5852794647216797}, "batch.backward": {"label": "batch.backward", "average_duration": 0.7260065103314587, "n_events": 194, "total_time": 140.84526300430298}, "batch.evaluate": {"label": "batch.evaluate", "average_duration": 0.0007217938138037612, "n_events": 194, "total_time": 0.1400279998779297}, "batch.forward": {"label": "batch.forward", "average_duration": 0.2494625996068581, "n_events": 194, "total_time": 48.39574432373047}, "batch.reduce": {"label": "batch.reduce", "average_duration": 0.12643749074837596, "n_events": 194, "total_time": 24.528873205184937}, "batch.step": {"label": "batch.step", "average_duration": 0.012437727033477468, "n_events": 194, "total_time": 2.412919044494629}, "reduce.allreduce": {"label": "reduce.allreduce", "average_duration": 0.12429180219001376, "n_events": 194, "total_time": 24.11260962486267}, "reduce.flat_pack": {"label": "reduce.flat_pack", "average_duration": 0.001954952466119196, "n_events": 194, "total_time": 0.379260778427124}}