{"batch": {"label": "batch", "average_duration": 0.08175824837363446, "n_events": 193, "total_time": 15.77934193611145}, "batch.accumulate": {"label": "batch.accumulate", "average_duration": 0.0011032157474093968, "n_events": 18, "total_time": 0.01985788345336914}, "batch.backward": {"label": "batch.backward", "average_duration": 0.006606599827504529, "n_events": 193, "total_time": 1.275073766708374}, "batch.evaluate": {"label": "batch.evaluate", "average_duration": 0.058421811909255585, "n_events": 193, "total_time": 11.275409698486328}, "batch.forward": {"label": "batch.forward", "average_duration": 0.005684250994667488, "n_events": 193, "total_time": 1.0970604419708252}, "batch.reduce": {"label": "batch.reduce", "average_duration": 0.047226667404174805, "n_events": 18, "total_time": 0.8500800132751465}, "batch.step": {"label": "batch.step", "average_duration": 0.0031793191642958884, "n_events": 193, "total_time": 0.6136085987091064}, "epoch_metrics.collect": {"label": "epoch_metrics.collect", "average_duration": 0.02667403221130371, "n_events": 1, "total_time": 0.02667403221130371}, "reduce.compress": {"label": "reduce.compress", "average_duration": 0.0011056396696302625, "n_events": 18, "total_time": 0.019901514053344727}, "reduce.decompress": {"label": "reduce.decompress", "average_duration": 0.00023347801632351347, "n_events": 18, "total_time": 0.004202604293823242}, "reduce.flat_pack": {"label": "reduce.flat_pack", "average_duration": 0.0003269248538547092, "n_events": 18, "total_time": 0.005884647369384766}, "reduce.norm": {"label": "reduce.norm", "average_duration": 0.041842023531595864, "n_events": 18, "total_time": 0.7531564235687256}, "reduce.reduce.vector": {"label": "reduce.reduce.vector", "average_duration": 0.00013119644588894315, "n_events": 18, "total_time": 0.0023615360260009766}, "reduce.setgrad": {"label": "reduce.setgrad", "average_duration": 0.003269884321424696, "n_events": 18, "total_time": 0.05885791778564453}, "test.last": {"label": "test.last", "average_duration": 1.3514683246612549, "n_events": 1, "total_time": 1.3514683246612549}}