{"batch": {"label": "batch", "average_duration": 0.08171483025032004, "n_events": 193, "total_time": 15.770962238311768}, "batch.accumulate": {"label": "batch.accumulate", "average_duration": 0.0010447634590996637, "n_events": 18, "total_time": 0.018805742263793945}, "batch.backward": {"label": "batch.backward", "average_duration": 0.0069574519142585715, "n_events": 193, "total_time": 1.3427882194519043}, "batch.evaluate": {"label": "batch.evaluate", "average_duration": 0.05962059905491962, "n_events": 193, "total_time": 11.506775617599487}, "batch.forward": {"label": "batch.forward", "average_duration": 0.005728929153995811, "n_events": 193, "total_time": 1.1056833267211914}, "batch.reduce": {"label": "batch.reduce", "average_duration": 0.027541822857326932, "n_events": 18, "total_time": 0.49575281143188477}, "batch.step": {"label": "batch.step", "average_duration": 0.003312906453028862, "n_events": 193, "total_time": 0.6393909454345703}, "epoch_metrics.collect": {"label": "epoch_metrics.collect", "average_duration": 0.02419877052307129, "n_events": 1, "total_time": 0.02419877052307129}, "reduce.compress": {"label": "reduce.compress", "average_duration": 0.00102743837568495, "n_events": 18, "total_time": 0.0184938907623291}, "reduce.decompress": {"label": "reduce.decompress", "average_duration": 0.00023335880703396269, "n_events": 18, "total_time": 0.004200458526611328}, "reduce.flat_pack": {"label": "reduce.flat_pack", "average_duration": 0.00031256675720214844, "n_events": 18, "total_time": 0.005626201629638672}, "reduce.norm": {"label": "reduce.norm", "average_duration": 0.022489017910427518, "n_events": 18, "total_time": 0.4048023223876953}, "reduce.reduce.vector": {"label": "reduce.reduce.vector", "average_duration": 0.00012559360928005644, "n_events": 18, "total_time": 0.0022606849670410156}, "reduce.setgrad": {"label": "reduce.setgrad", "average_duration": 0.0030318498611450195, "n_events": 18, "total_time": 0.05457329750061035}, "test.last": {"label": "test.last", "average_duration": 1.3514807224273682, "n_events": 1, "total_time": 1.3514807224273682}}