{"batch": {"label": "batch", "average_duration": 0.0819207806661339, "n_events": 193, "total_time": 15.810710668563843}, "batch.accumulate": {"label": "batch.accumulate", "average_duration": 0.0010893609788682726, "n_events": 18, "total_time": 0.019608497619628906}, "batch.backward": {"label": "batch.backward", "average_duration": 0.06549132796766845, "n_events": 193, "total_time": 12.63982629776001}, "batch.evaluate": {"label": "batch.evaluate", "average_duration": 0.0012211898447936063, "n_events": 193, "total_time": 0.23568964004516602}, "batch.forward": {"label": "batch.forward", "average_duration": 0.006445179331487943, "n_events": 193, "total_time": 1.2439196109771729}, "batch.reduce": {"label": "batch.reduce", "average_duration": 0.016458590825398762, "n_events": 18, "total_time": 0.29625463485717773}, "batch.step": {"label": "batch.step", "average_duration": 0.0038816941216819646, "n_events": 193, "total_time": 0.7491669654846191}, "epoch_metrics.collect": {"label": "epoch_metrics.collect", "average_duration": 0.034951210021972656, "n_events": 1, "total_time": 0.034951210021972656}, "reduce.compress": {"label": "reduce.compress", "average_duration": 0.005121575461493598, "n_events": 18, "total_time": 0.09218835830688477}, "reduce.decompress": {"label": "reduce.decompress", "average_duration": 0.001007782088385688, "n_events": 18, "total_time": 0.018140077590942383}, "reduce.flat_pack": {"label": "reduce.flat_pack", "average_duration": 0.0007312695185343424, "n_events": 18, "total_time": 0.013162851333618164}, "reduce.norm": {"label": "reduce.norm", "average_duration": 0.005693554878234863, "n_events": 18, "total_time": 0.10248398780822754}, "reduce.reduce.vector": {"label": "reduce.reduce.vector", "average_duration": 0.0004983080757988824, "n_events": 18, "total_time": 0.008969545364379883}, "reduce.setgrad": {"label": "reduce.setgrad", "average_duration": 0.003073612848917643, "n_events": 18, "total_time": 0.05532503128051758}, "test.last": {"label": "test.last", "average_duration": 1.351468563079834, "n_events": 1, "total_time": 1.351468563079834}}