{"batch": {"label": "batch", "average_duration": 0.19161267938285037, "n_events": 290, "total_time": 55.56767702102661}, "batch.accumulate": {"label": "batch.accumulate", "average_duration": 0.0029891861809624564, "n_events": 18, "total_time": 0.05380535125732422}, "batch.backward": {"label": "batch.backward", "average_duration": 0.0245316193021577, "n_events": 290, "total_time": 7.114169597625732}, "batch.evaluate": {"label": "batch.evaluate", "average_duration": 0.11866772257048508, "n_events": 290, "total_time": 34.413639545440674}, "batch.forward": {"label": "batch.forward", "average_duration": 0.023463152194845266, "n_events": 290, "total_time": 6.804314136505127}, "batch.reduce": {"label": "batch.reduce", "average_duration": 0.01662735144297282, "n_events": 18, "total_time": 0.29929232597351074}, "batch.step": {"label": "batch.step", "average_duration": 0.009189009666442871, "n_events": 290, "total_time": 2.6648128032684326}, "epoch_metrics.collect": {"label": "epoch_metrics.collect", "average_duration": 0.0010793209075927734, "n_events": 2, "total_time": 0.002158641815185547}, "reduce.compress": {"label": "reduce.compress", "average_duration": 0.0004227426317003038, "n_events": 18, "total_time": 0.007609367370605469}, "reduce.decompress": {"label": "reduce.decompress", "average_duration": 8.477105034722222e-05, "n_events": 18, "total_time": 0.00152587890625}, "reduce.flat_pack": {"label": "reduce.flat_pack", "average_duration": 0.0007560385598076715, "n_events": 18, "total_time": 0.013608694076538086}, "reduce.norm": {"label": "reduce.norm", "average_duration": 0.0058216386371188695, "n_events": 18, "total_time": 0.10478949546813965}, "reduce.reduce.vector": {"label": "reduce.reduce.vector", "average_duration": 0.00014499823252360025, "n_events": 18, "total_time": 0.0026099681854248047}, "reduce.setgrad": {"label": "reduce.setgrad", "average_duration": 0.008852124214172363, "n_events": 18, "total_time": 0.15933823585510254}, "test.last": {"label": "test.last", "average_duration": 1.5157067775726318, "n_events": 2, "total_time": 3.0314135551452637}}