{"batch": {"label": "batch", "average_duration": 0.18910036345784978, "n_events": 387, "total_time": 73.18184065818787}, "batch.accumulate": {"label": "batch.accumulate", "average_duration": 0.002834161122639974, "n_events": 18, "total_time": 0.05101490020751953}, "batch.backward": {"label": "batch.backward", "average_duration": 0.1237275101417719, "n_events": 387, "total_time": 47.88254642486572}, "batch.evaluate": {"label": "batch.evaluate", "average_duration": 0.0007459488950034445, "n_events": 387, "total_time": 0.288682222366333}, "batch.forward": {"label": "batch.forward", "average_duration": 0.04141399718686284, "n_events": 387, "total_time": 16.027216911315918}, "batch.reduce": {"label": "batch.reduce", "average_duration": 0.03220685323079427, "n_events": 18, "total_time": 0.5797233581542969}, "batch.step": {"label": "batch.step", "average_duration": 0.008728161646722207, "n_events": 387, "total_time": 3.377798557281494}, "epoch_metrics.collect": {"label": "epoch_metrics.collect", "average_duration": 0.02350139617919922, "n_events": 3, "total_time": 0.07050418853759766}, "reduce.compress": {"label": "reduce.compress", "average_duration": 0.0004017617967393663, "n_events": 18, "total_time": 0.007231712341308594}, "reduce.decompress": {"label": "reduce.decompress", "average_duration": 8.64267349243164e-05, "n_events": 18, "total_time": 0.0015556812286376953}, "reduce.flat_pack": {"label": "reduce.flat_pack", "average_duration": 0.0010145240359836155, "n_events": 18, "total_time": 0.018261432647705078}, "reduce.norm": {"label": "reduce.norm", "average_duration": 0.02134271462758382, "n_events": 18, "total_time": 0.3841688632965088}, "reduce.reduce.vector": {"label": "reduce.reduce.vector", "average_duration": 0.00019260247548421225, "n_events": 18, "total_time": 0.0034668445587158203}, "reduce.setgrad": {"label": "reduce.setgrad", "average_duration": 0.008686992857191298, "n_events": 18, "total_time": 0.15636587142944336}, "test.last": {"label": "test.last", "average_duration": 1.479827642440796, "n_events": 3, "total_time": 4.439482927322388}}