{"batch": {"label": "batch", "average_duration": 0.18678923199574152, "n_events": 96, "total_time": 17.931766271591187}, "batch.accumulate": {"label": "batch.accumulate", "average_duration": 0.0028419627083672416, "n_events": 18, "total_time": 0.05115532875061035}, "batch.backward": {"label": "batch.backward", "average_duration": 0.12435384591420491, "n_events": 96, "total_time": 11.937969207763672}, "batch.evaluate": {"label": "batch.evaluate", "average_duration": 0.0006382192174593607, "n_events": 96, "total_time": 0.06126904487609863}, "batch.forward": {"label": "batch.forward", "average_duration": 0.04152843107779821, "n_events": 96, "total_time": 3.986729383468628}, "batch.reduce": {"label": "batch.reduce", "average_duration": 0.013572679625617133, "n_events": 18, "total_time": 0.2443082332611084}, "batch.step": {"label": "batch.step", "average_duration": 0.008210686345895132, "n_events": 96, "total_time": 0.7882258892059326}, "reduce.allreduce": {"label": "reduce.allreduce", "average_duration": 0.012534326977199979, "n_events": 18, "total_time": 0.2256178855895996}, "reduce.flat_pack": {"label": "reduce.flat_pack", "average_duration": 0.0009127060572306315, "n_events": 18, "total_time": 0.016428709030151367}}