{"batch": {"label": "batch", "average_duration": 0.05240766581251966, "n_events": 29249, "total_time": 1532.8718173503876}, "batch.accumulate": {"label": "batch.accumulate", "average_duration": 0.0009170918877281537, "n_events": 29249, "total_time": 26.824020624160767}, "batch.backward": {"label": "batch.backward", "average_duration": 0.007602541942857931, "n_events": 29249, "total_time": 222.3667492866516}, "batch.evaluate": {"label": "batch.evaluate", "average_duration": 0.018881482284714403, "n_events": 29249, "total_time": 552.2644753456116}, "batch.forward": {"label": "batch.forward", "average_duration": 0.004050164545673424, "n_events": 29249, "total_time": 118.46326279640198}, "batch.reduce": {"label": "batch.reduce", "average_duration": 0.012924412310952843, "n_events": 29249, "total_time": 378.0261356830597}, "batch.step": {"label": "batch.step", "average_duration": 0.005455392075993513, "n_events": 29249, "total_time": 159.56476283073425}, "epoch_metrics.collect": {"label": "epoch_metrics.collect", "average_duration": 0.024967715244165203, "n_events": 149, "total_time": 3.7201895713806152}, "reduce.compress": {"label": "reduce.compress", "average_duration": 0.0007938310473901585, "n_events": 29249, "total_time": 23.218764305114746}, "reduce.decompress": {"label": "reduce.decompress", "average_duration": 0.00018996892250429083, "n_events": 29249, "total_time": 5.556401014328003}, "reduce.flat_pack": {"label": "reduce.flat_pack", "average_duration": 0.0002416839167262237, "n_events": 29249, "total_time": 7.069012880325317}, "reduce.norm": {"label": "reduce.norm", "average_duration": 0.008592626368589061, "n_events": 29249, "total_time": 251.32572865486145}, "reduce.reduce.vector": {"label": "reduce.reduce.vector", "average_duration": 0.00010350248647260276, "n_events": 29249, "total_time": 3.027344226837158}, "reduce.setgrad": {"label": "reduce.setgrad", "average_duration": 0.002813438467826349, "n_events": 29249, "total_time": 82.29026174545288}, "test.last": {"label": "test.last", "average_duration": 1.0212401383675185, "n_events": 149, "total_time": 152.16478061676025}}