{"batch": {"label": "batch", "average_duration": 0.07963582782151292, "n_events": 29249, "total_time": 2329.2683279514313}, "batch.accumulate": {"label": "batch.accumulate", "average_duration": 0.0010016219645036567, "n_events": 29249, "total_time": 29.296440839767456}, "batch.backward": {"label": "batch.backward", "average_duration": 0.019986396349573988, "n_events": 29249, "total_time": 584.5821068286896}, "batch.evaluate": {"label": "batch.evaluate", "average_duration": 0.0005962904010936906, "n_events": 29249, "total_time": 17.440897941589355}, "batch.forward": {"label": "batch.forward", "average_duration": 0.011502327423893883, "n_events": 29249, "total_time": 336.43157482147217}, "batch.reduce": {"label": "batch.reduce", "average_duration": 0.038183145251794656, "n_events": 29249, "total_time": 1116.8188154697418}, "batch.step": {"label": "batch.step", "average_duration": 0.005442227578423175, "n_events": 29249, "total_time": 159.17971444129944}, "epoch_metrics.collect": {"label": "epoch_metrics.collect", "average_duration": 0.0017472577575069145, "n_events": 149, "total_time": 0.2603414058685303}, "reduce.compress": {"label": "reduce.compress", "average_duration": 0.015549958296329809, "n_events": 29249, "total_time": 454.8207302093506}, "reduce.decompress": {"label": "reduce.decompress", "average_duration": 0.0021232424721709196, "n_events": 29249, "total_time": 62.10271906852722}, "reduce.flat_pack": {"label": "reduce.flat_pack", "average_duration": 0.0006220440093609136, "n_events": 29249, "total_time": 18.194165229797363}, "reduce.norm": {"label": "reduce.norm", "average_duration": 0.0006794415154764071, "n_events": 29249, "total_time": 19.872984886169434}, "reduce.reduce.vector": {"label": "reduce.reduce.vector", "average_duration": 0.015774229358716266, "n_events": 29249, "total_time": 461.38043451309204}, "reduce.setgrad": {"label": "reduce.setgrad", "average_duration": 0.0032152184592650042, "n_events": 29249, "total_time": 94.04192471504211}, "test.last": {"label": "test.last", "average_duration": 1.0515963263159631, "n_events": 149, "total_time": 156.6878526210785}}