{"batch": {"label": "batch", "average_duration": 0.1878746176759402, "n_events": 96, "total_time": 18.03596329689026}, "batch.accumulate": {"label": "batch.accumulate", "average_duration": 0.0028245316611395944, "n_events": 18, "total_time": 0.050841569900512695}, "batch.backward": {"label": "batch.backward", "average_duration": 0.12411658962567647, "n_events": 96, "total_time": 11.915192604064941}, "batch.evaluate": {"label": "batch.evaluate", "average_duration": 0.0007453014453252157, "n_events": 96, "total_time": 0.0715489387512207}, "batch.forward": {"label": "batch.forward", "average_duration": 0.04147711396217346, "n_events": 96, "total_time": 3.9818029403686523}, "batch.reduce": {"label": "batch.reduce", "average_duration": 0.020670122570461698, "n_events": 18, "total_time": 0.37206220626831055}, "batch.step": {"label": "batch.step", "average_duration": 0.00820678969224294, "n_events": 96, "total_time": 0.7878518104553223}, "reduce.compress": {"label": "reduce.compress", "average_duration": 0.007907138930426704, "n_events": 18, "total_time": 0.14232850074768066}, "reduce.decompress": {"label": "reduce.decompress", "average_duration": 0.0015221966637505426, "n_events": 18, "total_time": 0.027399539947509766}, "reduce.flat_pack": {"label": "reduce.flat_pack", "average_duration": 0.0009672244389851888, "n_events": 18, "total_time": 0.0174100399017334}, "reduce.norm": {"label": "reduce.norm", "average_duration": 0.0007665819591946072, "n_events": 18, "total_time": 0.01379847526550293}, "reduce.reduce.vector": {"label": "reduce.reduce.vector", "average_duration": 0.0007150570551554362, "n_events": 18, "total_time": 0.012871026992797852}, "reduce.setgrad": {"label": "reduce.setgrad", "average_duration": 0.008467409345838759, "n_events": 18, "total_time": 0.15241336822509766}}