{"batch": {"label": "batch", "average_duration": 0.2215933038978977, "n_events": 29249, "total_time": 6481.38254570961}, "batch.accumulate": {"label": "batch.accumulate", "average_duration": 0.0024798534383520905, "n_events": 1169, "total_time": 2.8989486694335938}, "batch.backward": {"label": "batch.backward", "average_duration": 0.14377610039240665, "n_events": 29249, "total_time": 4205.307160377502}, "batch.evaluate": {"label": "batch.evaluate", "average_duration": 0.0004256278894926496, "n_events": 29249, "total_time": 12.449190139770508}, "batch.forward": {"label": "batch.forward", "average_duration": 0.06715239880696261, "n_events": 29249, "total_time": 1964.1405127048492}, "batch.reduce": {"label": "batch.reduce", "average_duration": 0.04665575565896144, "n_events": 1169, "total_time": 54.54057836532593}, "batch.step": {"label": "batch.step", "average_duration": 0.0053068365234444905, "n_events": 29249, "total_time": 155.2196614742279}, "epoch_metrics.collect": {"label": "epoch_metrics.collect", "average_duration": 0.012419364596373283, "n_events": 149, "total_time": 1.8504853248596191}, "reduce.allreduce": {"label": "reduce.allreduce", "average_duration": 0.04544893179926941, "n_events": 1169, "total_time": 53.12980127334595}, "reduce.flat_pack": {"label": "reduce.flat_pack", "average_duration": 0.001118474173892554, "n_events": 1169, "total_time": 1.3074963092803955}, "test.last": {"label": "test.last", "average_duration": 2.496606178731726, "n_events": 149, "total_time": 371.9943206310272}}