{"batch": {"label": "batch", "average_duration": 0.08204996256992735, "n_events": 290, "total_time": 23.79448914527893}, "batch.accumulate": {"label": "batch.accumulate", "average_duration": 0.00102947817908393, "n_events": 18, "total_time": 0.018530607223510742}, "batch.backward": {"label": "batch.backward", "average_duration": 0.0663437974864039, "n_events": 290, "total_time": 19.23970127105713}, "batch.evaluate": {"label": "batch.evaluate", "average_duration": 0.0012250850940572805, "n_events": 290, "total_time": 0.35527467727661133}, "batch.forward": {"label": "batch.forward", "average_duration": 0.006456047913123822, "n_events": 290, "total_time": 1.8722538948059082}, "batch.reduce": {"label": "batch.reduce", "average_duration": 0.018846657541063096, "n_events": 18, "total_time": 0.33923983573913574}, "batch.step": {"label": "batch.step", "average_duration": 0.003485539863849508, "n_events": 290, "total_time": 1.0108065605163574}, "epoch_metrics.collect": {"label": "epoch_metrics.collect", "average_duration": 0.001096963882446289, "n_events": 2, "total_time": 0.002193927764892578}, "reduce.compress": {"label": "reduce.compress", "average_duration": 0.005114608340793186, "n_events": 18, "total_time": 0.09206295013427734}, "reduce.decompress": {"label": "reduce.decompress", "average_duration": 0.001021371947394477, "n_events": 18, "total_time": 0.018384695053100586}, "reduce.flat_pack": {"label": "reduce.flat_pack", "average_duration": 0.0006389485465155707, "n_events": 18, "total_time": 0.011501073837280273}, "reduce.norm": {"label": "reduce.norm", "average_duration": 0.008012188805474175, "n_events": 18, "total_time": 0.14421939849853516}, "reduce.reduce.vector": {"label": "reduce.reduce.vector", "average_duration": 0.0005242162280612522, "n_events": 18, "total_time": 0.009435892105102539}, "reduce.setgrad": {"label": "reduce.setgrad", "average_duration": 0.003204292721218533, "n_events": 18, "total_time": 0.057677268981933594}, "test.last": {"label": "test.last", "average_duration": 1.3214759826660156, "n_events": 2, "total_time": 2.6429519653320312}}