{"batch": {"label": "batch", "average_duration": 0.19923947503169379, "n_events": 96, "total_time": 19.126989603042603}, "batch.accumulate": {"label": "batch.accumulate", "average_duration": 0.002753098805745443, "n_events": 96, "total_time": 0.2642974853515625}, "batch.backward": {"label": "batch.backward", "average_duration": 0.12149439503749211, "n_events": 96, "total_time": 11.663461923599243}, "batch.evaluate": {"label": "batch.evaluate", "average_duration": 0.0006933485468228658, "n_events": 96, "total_time": 0.06656146049499512}, "batch.forward": {"label": "batch.forward", "average_duration": 0.04099999864896139, "n_events": 96, "total_time": 3.935999870300293}, "batch.reduce": {"label": "batch.reduce", "average_duration": 0.015823903183142345, "n_events": 96, "total_time": 1.519094705581665}, "batch.step": {"label": "batch.step", "average_duration": 0.008448593318462372, "n_events": 96, "total_time": 0.8110649585723877}, "reduce.compress": {"label": "reduce.compress", "average_duration": 0.003275220592816671, "n_events": 96, "total_time": 0.3144211769104004}, "reduce.decompress": {"label": "reduce.decompress", "average_duration": 0.0002866610884666443, "n_events": 96, "total_time": 0.02751946449279785}, "reduce.flat_pack": {"label": "reduce.flat_pack", "average_duration": 0.0009381125370661417, "n_events": 96, "total_time": 0.09005880355834961}, "reduce.norm": {"label": "reduce.norm", "average_duration": 0.0020636022090911865, "n_events": 96, "total_time": 0.1981058120727539}, "reduce.reduce.vector": {"label": "reduce.reduce.vector", "average_duration": 0.0007482990622520447, "n_events": 96, "total_time": 0.07183670997619629}, "reduce.setgrad": {"label": "reduce.setgrad", "average_duration": 0.008246123790740967, "n_events": 96, "total_time": 0.7916278839111328}}