{"batch": {"label": "batch", "average_duration": 0.08480562588264202, "n_events": 290, "total_time": 24.593631505966187}, "batch.accumulate": {"label": "batch.accumulate", "average_duration": 0.001148819923400879, "n_events": 18, "total_time": 0.02067875862121582}, "batch.backward": {"label": "batch.backward", "average_duration": 0.0660524532712739, "n_events": 290, "total_time": 19.155211448669434}, "batch.evaluate": {"label": "batch.evaluate", "average_duration": 0.0012446230855481378, "n_events": 290, "total_time": 0.36094069480895996}, "batch.forward": {"label": "batch.forward", "average_duration": 0.006474772815046639, "n_events": 290, "total_time": 1.8776841163635254}, "batch.reduce": {"label": "batch.reduce", "average_duration": 0.009508000479804145, "n_events": 18, "total_time": 0.1711440086364746}, "batch.step": {"label": "batch.step", "average_duration": 0.004016229202007425, "n_events": 290, "total_time": 1.1647064685821533}, "epoch_metrics.collect": {"label": "epoch_metrics.collect", "average_duration": 0.0011724233627319336, "n_events": 2, "total_time": 0.002344846725463867}, "reduce.compress": {"label": "reduce.compress", "average_duration": 0.0004298686981201172, "n_events": 18, "total_time": 0.007737636566162109}, "reduce.decompress": {"label": "reduce.decompress", "average_duration": 9.18971167670356e-05, "n_events": 18, "total_time": 0.0016541481018066406}, "reduce.flat_pack": {"label": "reduce.flat_pack", "average_duration": 0.0007206466462877062, "n_events": 18, "total_time": 0.012971639633178711}, "reduce.norm": {"label": "reduce.norm", "average_duration": 0.003923879729376899, "n_events": 18, "total_time": 0.07062983512878418}, "reduce.reduce.vector": {"label": "reduce.reduce.vector", "average_duration": 0.00017848279741075303, "n_events": 18, "total_time": 0.0032126903533935547}, "reduce.setgrad": {"label": "reduce.setgrad", "average_duration": 0.0034281677669949, "n_events": 18, "total_time": 0.0617070198059082}, "test.last": {"label": "test.last", "average_duration": 1.337731957435608, "n_events": 2, "total_time": 2.675463914871216}, "reduce_times": [0.9255621433258057, 0.006371736526489258, 0.0061016082763671875, 0.0062103271484375, 0.006255388259887695, 0.005285024642944336, 0.024557113647460938, 0.005995035171508789, 0.006120443344116211, 0.006174325942993164, 0.005773305892944336, 0.006047248840332031, 0.05001378059387207, 0.006257057189941406, 0.0060939788818359375, 0.00598454475402832, 0.0060803890228271484, 0.0063838958740234375, 0.005438804626464844]}