{"batch": {"label": "batch", "average_duration": 0.08463169377425621, "n_events": 290, "total_time": 24.5431911945343}, "batch.accumulate": {"label": "batch.accumulate", "average_duration": 0.0011169380611843532, "n_events": 18, "total_time": 0.02010488510131836}, "batch.backward": {"label": "batch.backward", "average_duration": 0.006535160130467908, "n_events": 290, "total_time": 1.8951964378356934}, "batch.evaluate": {"label": "batch.evaluate", "average_duration": 0.059399915563649146, "n_events": 290, "total_time": 17.225975513458252}, "batch.forward": {"label": "batch.forward", "average_duration": 0.005756840212591763, "n_events": 290, "total_time": 1.6694836616516113}, "batch.reduce": {"label": "batch.reduce", "average_duration": 0.049674140082465276, "n_events": 18, "total_time": 0.894134521484375}, "batch.step": {"label": "batch.step", "average_duration": 0.0032131811668132913, "n_events": 290, "total_time": 0.9318225383758545}, "epoch_metrics.collect": {"label": "epoch_metrics.collect", "average_duration": 0.009660005569458008, "n_events": 2, "total_time": 0.019320011138916016}, "reduce.compress": {"label": "reduce.compress", "average_duration": 0.00044291549258761935, "n_events": 18, "total_time": 0.007972478866577148}, "reduce.decompress": {"label": "reduce.decompress", "average_duration": 8.893013000488281e-05, "n_events": 18, "total_time": 0.0016007423400878906}, "reduce.flat_pack": {"label": "reduce.flat_pack", "average_duration": 0.0003121164109971788, "n_events": 18, "total_time": 0.005618095397949219}, "reduce.norm": {"label": "reduce.norm", "average_duration": 0.04476775063408746, "n_events": 18, "total_time": 0.8058195114135742}, "reduce.reduce.vector": {"label": "reduce.reduce.vector", "average_duration": 0.0001560052235921224, "n_events": 18, "total_time": 0.002808094024658203}, "reduce.setgrad": {"label": "reduce.setgrad", "average_duration": 0.0033933321634928384, "n_events": 18, "total_time": 0.061079978942871094}, "test.last": {"label": "test.last", "average_duration": 1.3375295400619507, "n_events": 2, "total_time": 2.6750590801239014}, "reduce_times": [1.0218186378479004, 0.05937075614929199, 0.05433797836303711, 0.04069089889526367, 0.06995677947998047, 0.05354881286621094, 0.034206390380859375, 0.05391812324523926, 0.04977130889892578, 0.04477381706237793, 0.024022340774536133, 0.05249381065368652, 0.010068893432617188, 0.05904364585876465, 0.05938386917114258, 0.06357312202453613, 0.0516660213470459, 0.0528864860534668, 0.06042146682739258]}