{"batch": {"label": "batch", "average_duration": 0.22524596738421226, "n_events": 484, "total_time": 109.01904821395874}, "batch.accumulate": {"label": "batch.accumulate", "average_duration": 0.0020171950671298445, "n_events": 484, "total_time": 0.9763224124908447}, "batch.backward": {"label": "batch.backward", "average_duration": 0.12374420698024025, "n_events": 484, "total_time": 59.89219617843628}, "batch.evaluate": {"label": "batch.evaluate", "average_duration": 0.0005451160028946301, "n_events": 484, "total_time": 0.263836145401001}, "batch.forward": {"label": "batch.forward", "average_duration": 0.059975621621470805, "n_events": 484, "total_time": 29.02820086479187}, "batch.reduce": {"label": "batch.reduce", "average_duration": 0.026217076404035585, "n_events": 484, "total_time": 12.689064979553223}, "batch.step": {"label": "batch.step", "average_duration": 0.009378772629194024, "n_events": 484, "total_time": 4.539325952529907}, "epoch_metrics.collect": {"label": "epoch_metrics.collect", "average_duration": 0.004626035690307617, "n_events": 4, "total_time": 0.01850414276123047}, "reduce.allocate_memory": {"label": "reduce.allocate_memory", "average_duration": 0.0007727850567210804, "n_events": 484, "total_time": 0.37402796745300293}, "reduce.compute.p": {"label": "reduce.compute.p", "average_duration": 0.0012854781032593783, "n_events": 484, "total_time": 0.6221714019775391}, "reduce.compute.q": {"label": "reduce.compute.q", "average_duration": 0.0022284624990352915, "n_events": 484, "total_time": 1.078575849533081}, "reduce.normalize.p": {"label": "reduce.normalize.p", "average_duration": 0.005149904854041485, "n_events": 484, "total_time": 2.492553949356079}, "reduce.outerprod": {"label": "reduce.outerprod", "average_duration": 0.003768645042230275, "n_events": 484, "total_time": 1.8240242004394531}, "reduce.p": {"label": "reduce.p", "average_duration": 0.001515839710708492, "n_events": 484, "total_time": 0.7336664199829102}, "reduce.prepare.q": {"label": "reduce.prepare.q", "average_duration": 0.0007927136972916027, "n_events": 484, "total_time": 0.38367342948913574}, "reduce.q": {"label": "reduce.q", "average_duration": 0.0013933733475109762, "n_events": 484, "total_time": 0.6743927001953125}, "reduce.rank1.all_reduce": {"label": "reduce.rank1.all_reduce", "average_duration": 0.0014015938624862797, "n_events": 484, "total_time": 0.6783714294433594}, "reduce.rank1.pack": {"label": "reduce.rank1.pack", "average_duration": 0.00041188090300757035, "n_events": 484, "total_time": 0.19935035705566406}, "reduce.rank1.unpack": {"label": "reduce.rank1.unpack", "average_duration": 0.0019930596193991415, "n_events": 484, "total_time": 0.9646408557891846}, "test.last": {"label": "test.last", "average_duration": 1.408072292804718, "n_events": 4, "total_time": 5.632289171218872}}