{"batch": {"label": "batch", "average_duration": 0.1917314545861606, "n_events": 290, "total_time": 55.60212182998657}, "batch.accumulate": {"label": "batch.accumulate", "average_duration": 0.0030280749003092446, "n_events": 18, "total_time": 0.054505348205566406}, "batch.backward": {"label": "batch.backward", "average_duration": 0.024610371425234038, "n_events": 290, "total_time": 7.137007713317871}, "batch.evaluate": {"label": "batch.evaluate", "average_duration": 0.11373985224756701, "n_events": 290, "total_time": 32.984557151794434}, "batch.forward": {"label": "batch.forward", "average_duration": 0.02504011351486732, "n_events": 290, "total_time": 7.261632919311523}, "batch.reduce": {"label": "batch.reduce", "average_duration": 0.06803418530358209, "n_events": 18, "total_time": 1.2246153354644775}, "batch.step": {"label": "batch.step", "average_duration": 0.009216941636184165, "n_events": 290, "total_time": 2.672913074493408}, "epoch_metrics.collect": {"label": "epoch_metrics.collect", "average_duration": 0.051723361015319824, "n_events": 2, "total_time": 0.10344672203063965}, "reduce.compress": {"label": "reduce.compress", "average_duration": 0.0010224978129069011, "n_events": 18, "total_time": 0.01840496063232422}, "reduce.decompress": {"label": "reduce.decompress", "average_duration": 0.00022668308681911894, "n_events": 18, "total_time": 0.004080295562744141}, "reduce.flat_pack": {"label": "reduce.flat_pack", "average_duration": 0.0007797214719984266, "n_events": 18, "total_time": 0.01403498649597168}, "reduce.norm": {"label": "reduce.norm", "average_duration": 0.056404829025268555, "n_events": 18, "total_time": 1.015286922454834}, "reduce.reduce.vector": {"label": "reduce.reduce.vector", "average_duration": 0.00013218985663519966, "n_events": 18, "total_time": 0.0023794174194335938}, "reduce.setgrad": {"label": "reduce.setgrad", "average_duration": 0.008906708823310005, "n_events": 18, "total_time": 0.16032075881958008}, "test.last": {"label": "test.last", "average_duration": 1.509045124053955, "n_events": 2, "total_time": 3.01809024810791}, "reduce_times": [1.7800188064575195, 0.10828661918640137, 0.05319690704345703, 0.05030012130737305, 0.054277658462524414, 0.07344937324523926, 0.05753135681152344, 0.06795597076416016, 0.0777587890625, 0.0676412582397461, 0.07232975959777832, 0.11923646926879883, 0.028093576431274414, 0.06090235710144043, 0.09113907814025879, 0.0425868034362793, 0.04968738555908203, 0.09096336364746094, 0.05927848815917969]}