{"batch": {"label": "batch", "average_duration": 0.1920960862061073, "n_events": 290, "total_time": 55.70786499977112}, "batch.accumulate": {"label": "batch.accumulate", "average_duration": 0.0031000640657213, "n_events": 18, "total_time": 0.0558011531829834}, "batch.backward": {"label": "batch.backward", "average_duration": 0.025002626715035274, "n_events": 290, "total_time": 7.2507617473602295}, "batch.evaluate": {"label": "batch.evaluate", "average_duration": 0.11610353239651384, "n_events": 290, "total_time": 33.670024394989014}, "batch.forward": {"label": "batch.forward", "average_duration": 0.02483599021516997, "n_events": 290, "total_time": 7.202437162399292}, "batch.reduce": {"label": "batch.reduce", "average_duration": 0.024981525209214952, "n_events": 18, "total_time": 0.44966745376586914}, "batch.step": {"label": "batch.step", "average_duration": 0.009472012519836426, "n_events": 290, "total_time": 2.7468836307525635}, "epoch_metrics.collect": {"label": "epoch_metrics.collect", "average_duration": 0.0011037588119506836, "n_events": 2, "total_time": 0.002207517623901367}, "reduce.compress": {"label": "reduce.compress", "average_duration": 0.001001543468899197, "n_events": 18, "total_time": 0.018027782440185547}, "reduce.decompress": {"label": "reduce.decompress", "average_duration": 0.0002176629172431098, "n_events": 18, "total_time": 0.0039179325103759766}, "reduce.flat_pack": {"label": "reduce.flat_pack", "average_duration": 0.0007405943340725369, "n_events": 18, "total_time": 0.013330698013305664}, "reduce.norm": {"label": "reduce.norm", "average_duration": 0.013433231247795952, "n_events": 18, "total_time": 0.24179816246032715}, "reduce.reduce.vector": {"label": "reduce.reduce.vector", "average_duration": 0.00012505054473876953, "n_events": 18, "total_time": 0.0022509098052978516}, "reduce.setgrad": {"label": "reduce.setgrad", "average_duration": 0.00891125202178955, "n_events": 18, "total_time": 0.16040253639221191}, "test.last": {"label": "test.last", "average_duration": 1.5091110467910767, "n_events": 2, "total_time": 3.0182220935821533}, "reduce_times": [1.7265021800994873, 0.06607866287231445, 0.012444257736206055, 0.012373685836791992, 0.011638164520263672, 0.011712074279785156, 0.06777381896972656, 0.014703035354614258, 0.011910438537597656, 0.012023448944091797, 0.029624223709106445, 0.05804300308227539, 0.01263284683227539, 0.032476186752319336, 0.011766910552978516, 0.029810190200805664, 0.017278671264648438, 0.011770009994506836, 0.025607824325561523]}