{"batch": {"label": "batch", "average_duration": 0.19179050511327284, "n_events": 290, "total_time": 55.61924648284912}, "batch.accumulate": {"label": "batch.accumulate", "average_duration": 0.003007822566562229, "n_events": 18, "total_time": 0.05414080619812012}, "batch.backward": {"label": "batch.backward", "average_duration": 0.02438641909895272, "n_events": 290, "total_time": 7.072061538696289}, "batch.evaluate": {"label": "batch.evaluate", "average_duration": 0.11501341606008596, "n_events": 290, "total_time": 33.35389065742493}, "batch.forward": {"label": "batch.forward", "average_duration": 0.024792911266458446, "n_events": 290, "total_time": 7.189944267272949}, "batch.reduce": {"label": "batch.reduce", "average_duration": 0.05641550487942166, "n_events": 18, "total_time": 1.0154790878295898}, "batch.step": {"label": "batch.step", "average_duration": 0.008995170428835112, "n_events": 290, "total_time": 2.6085994243621826}, "epoch_metrics.collect": {"label": "epoch_metrics.collect", "average_duration": 0.03671598434448242, "n_events": 2, "total_time": 0.07343196868896484}, "reduce.compress": {"label": "reduce.compress", "average_duration": 0.001040392451816135, "n_events": 18, "total_time": 0.01872706413269043}, "reduce.decompress": {"label": "reduce.decompress", "average_duration": 0.00021873580084906684, "n_events": 18, "total_time": 0.003937244415283203}, "reduce.flat_pack": {"label": "reduce.flat_pack", "average_duration": 0.0007680257161458334, "n_events": 18, "total_time": 0.013824462890625}, "reduce.norm": {"label": "reduce.norm", "average_duration": 0.044422427813212075, "n_events": 18, "total_time": 0.7996037006378174}, "reduce.reduce.vector": {"label": "reduce.reduce.vector", "average_duration": 0.00012731552124023438, "n_events": 18, "total_time": 0.0022916793823242188}, "reduce.setgrad": {"label": "reduce.setgrad", "average_duration": 0.0092797941631741, "n_events": 18, "total_time": 0.1670362949371338}, "test.last": {"label": "test.last", "average_duration": 1.5090222358703613, "n_events": 2, "total_time": 3.0180444717407227}, "reduce_times": [1.7613544464111328, 0.07267355918884277, 0.04140043258666992, 0.035366058349609375, 0.03968214988708496, 0.060643911361694336, 0.01294088363647461, 0.0801553726196289, 0.07224273681640625, 0.04587388038635254, 0.045465946197509766, 0.10317707061767578, 0.03660082817077637, 0.060204267501831055, 0.09401845932006836, 0.054969072341918945, 0.012170791625976562, 0.09767436981201172, 0.05021929740905762]}