{"batch": {"label": "batch", "average_duration": 0.358378432384909, "n_events": 584, "total_time": 209.29300451278687}, "batch.accumulate": {"label": "batch.accumulate", "average_duration": 0.002728832395453202, "n_events": 38, "total_time": 0.10369563102722168}, "batch.backward": {"label": "batch.backward", "average_duration": 0.12240326976122921, "n_events": 584, "total_time": 71.48350954055786}, "batch.evaluate": {"label": "batch.evaluate", "average_duration": 0.0005632732829002485, "n_events": 584, "total_time": 0.3289515972137451}, "batch.forward": {"label": "batch.forward", "average_duration": 0.04111253235438098, "n_events": 584, "total_time": 24.009718894958496}, "batch.reduce": {"label": "batch.reduce", "average_duration": 2.6196844577789307, "n_events": 38, "total_time": 99.54800939559937}, "batch.step": {"label": "batch.step", "average_duration": 0.008105778122601444, "n_events": 584, "total_time": 4.733774423599243}, "epoch_metrics.collect": {"label": "epoch_metrics.collect", "average_duration": 0.02263510227203369, "n_events": 2, "total_time": 0.04527020454406738}, "reduce.compress": {"label": "reduce.compress", "average_duration": 0.00046910737690172697, "n_events": 38, "total_time": 0.017826080322265625}, "reduce.decompress": {"label": "reduce.decompress", "average_duration": 8.556717320492393e-05, "n_events": 38, "total_time": 0.0032515525817871094}, "reduce.flat_pack": {"label": "reduce.flat_pack", "average_duration": 0.0009040016877023797, "n_events": 38, "total_time": 0.03435206413269043}, "reduce.norm": {"label": "reduce.norm", "average_duration": 2.607960945681522, "n_events": 38, "total_time": 99.10251593589783}, "reduce.reduce.vector": {"label": "reduce.reduce.vector", "average_duration": 0.0017469995900204307, "n_events": 38, "total_time": 0.06638598442077637}, "reduce.setgrad": {"label": "reduce.setgrad", "average_duration": 0.008045522790206107, "n_events": 38, "total_time": 0.30572986602783203}, "test.last": {"label": "test.last", "average_duration": 4.202826738357544, "n_events": 2, "total_time": 8.405653476715088}}