{"batch": {"label": "batch", "average_duration": 0.1730543572055407, "n_events": 484, "total_time": 83.75830888748169}, "batch.accumulate": {"label": "batch.accumulate", "average_duration": 0.0007258367932532444, "n_events": 484, "total_time": 0.3513050079345703}, "batch.backward": {"label": "batch.backward", "average_duration": 0.06379708278277689, "n_events": 484, "total_time": 30.877788066864014}, "batch.evaluate": {"label": "batch.evaluate", "average_duration": 0.0005326827695547057, "n_events": 484, "total_time": 0.25781846046447754}, "batch.forward": {"label": "batch.forward", "average_duration": 0.05420938011043328, "n_events": 484, "total_time": 26.237339973449707}, "batch.reduce": {"label": "batch.reduce", "average_duration": 0.049301074063482365, "n_events": 484, "total_time": 23.861719846725464}, "batch.step": {"label": "batch.step", "average_duration": 0.003050354886646113, "n_events": 484, "total_time": 1.4763717651367188}, "epoch_metrics.collect": {"label": "epoch_metrics.collect", "average_duration": 0.006222844123840332, "n_events": 4, "total_time": 0.024891376495361328}, "reduce.compress": {"label": "reduce.compress", "average_duration": 0.02291225746643445, "n_events": 484, "total_time": 11.089532613754272}, "reduce.decompress": {"label": "reduce.decompress", "average_duration": 0.001067495050509114, "n_events": 484, "total_time": 0.5166676044464111}, "reduce.flat_pack": {"label": "reduce.flat_pack", "average_duration": 0.0003602420988161702, "n_events": 484, "total_time": 0.17435717582702637}, "reduce.norm": {"label": "reduce.norm", "average_duration": 0.0028218316637780056, "n_events": 484, "total_time": 1.3657665252685547}, "reduce.reduce.vector": {"label": "reduce.reduce.vector", "average_duration": 0.01929575106329169, "n_events": 484, "total_time": 9.339143514633179}, "reduce.setgrad": {"label": "reduce.setgrad", "average_duration": 0.0024125270607057684, "n_events": 484, "total_time": 1.1676630973815918}, "test.last": {"label": "test.last", "average_duration": 1.167711317539215, "n_events": 4, "total_time": 4.67084527015686}}