{"batch": {"label": "batch", "average_duration": 0.08462235579888026, "n_events": 96, "total_time": 8.123746156692505}, "batch.accumulate": {"label": "batch.accumulate", "average_duration": 0.0010225623846054077, "n_events": 96, "total_time": 0.09816598892211914}, "batch.backward": {"label": "batch.backward", "average_duration": 0.06458026667435963, "n_events": 96, "total_time": 6.199705600738525}, "batch.evaluate": {"label": "batch.evaluate", "average_duration": 0.001306501527627309, "n_events": 96, "total_time": 0.12542414665222168}, "batch.forward": {"label": "batch.forward", "average_duration": 0.006333470344543457, "n_events": 96, "total_time": 0.6080131530761719}, "batch.reduce": {"label": "batch.reduce", "average_duration": 0.005270125965277354, "n_events": 96, "total_time": 0.505932092666626}, "batch.step": {"label": "batch.step", "average_duration": 0.003041254977385203, "n_events": 96, "total_time": 0.2919604778289795}, "reduce.allreduce": {"label": "reduce.allreduce", "average_duration": 0.004462870458761851, "n_events": 96, "total_time": 0.4284355640411377}, "reduce.flat_pack": {"label": "reduce.flat_pack", "average_duration": 0.0006972849369049072, "n_events": 96, "total_time": 0.0669393539428711}}