{"batch": {"label": "batch", "average_duration": 0.21043047776892165, "n_events": 484, "total_time": 101.84835124015808}, "batch.accumulate": {"label": "batch.accumulate", "average_duration": 0.000784369047023048, "n_events": 484, "total_time": 0.3796346187591553}, "batch.backward": {"label": "batch.backward", "average_duration": 0.063605704090812, "n_events": 484, "total_time": 30.785160779953003}, "batch.evaluate": {"label": "batch.evaluate", "average_duration": 0.0005435864787456417, "n_events": 484, "total_time": 0.2630958557128906}, "batch.forward": {"label": "batch.forward", "average_duration": 0.05395842632971519, "n_events": 484, "total_time": 26.115878343582153}, "batch.reduce": {"label": "batch.reduce", "average_duration": 0.08689834805559521, "n_events": 484, "total_time": 42.05880045890808}, "batch.step": {"label": "batch.step", "average_duration": 0.003166055876361437, "n_events": 484, "total_time": 1.5323710441589355}, "epoch_metrics.collect": {"label": "epoch_metrics.collect", "average_duration": 0.007223248481750488, "n_events": 4, "total_time": 0.028892993927001953}, "reduce.allreduce": {"label": "reduce.allreduce", "average_duration": 0.08631697321726271, "n_events": 484, "total_time": 41.77741503715515}, "reduce.flat_pack": {"label": "reduce.flat_pack", "average_duration": 0.0003836785466217798, "n_events": 484, "total_time": 0.1857004165649414}, "test.last": {"label": "test.last", "average_duration": 1.1688895225524902, "n_events": 4, "total_time": 4.675558090209961}}