{"batch": {"label": "batch", "average_duration": 0.19512610385815302, "n_events": 96, "total_time": 18.73210597038269}, "batch.accumulate": {"label": "batch.accumulate", "average_duration": 0.0029078523317972818, "n_events": 96, "total_time": 0.27915382385253906}, "batch.backward": {"label": "batch.backward", "average_duration": 0.022977232933044434, "n_events": 96, "total_time": 2.2058143615722656}, "batch.evaluate": {"label": "batch.evaluate", "average_duration": 0.11819794028997421, "n_events": 96, "total_time": 11.347002267837524}, "batch.forward": {"label": "batch.forward", "average_duration": 0.023566144208113354, "n_events": 96, "total_time": 2.262349843978882}, "batch.reduce": {"label": "batch.reduce", "average_duration": 0.009924692412217459, "n_events": 96, "total_time": 0.952770471572876}, "batch.step": {"label": "batch.step", "average_duration": 0.009262621402740479, "n_events": 96, "total_time": 0.8892116546630859}, "reduce.allreduce": {"label": "reduce.allreduce", "average_duration": 0.009100270768006643, "n_events": 96, "total_time": 0.8736259937286377}, "reduce.flat_pack": {"label": "reduce.flat_pack", "average_duration": 0.0007154221336046854, "n_events": 96, "total_time": 0.0686805248260498}}