{"batch": {"label": "batch", "average_duration": 0.22556893341911932, "n_events": 29249, "total_time": 6597.665733575821}, "batch.accumulate": {"label": "batch.accumulate", "average_duration": 0.0024877751784602646, "n_events": 5849, "total_time": 14.550997018814087}, "batch.backward": {"label": "batch.backward", "average_duration": 0.14349261097730484, "n_events": 29249, "total_time": 4197.015378475189}, "batch.evaluate": {"label": "batch.evaluate", "average_duration": 0.00043978970366024135, "n_events": 29249, "total_time": 12.863409042358398}, "batch.forward": {"label": "batch.forward", "average_duration": 0.06711358990464326, "n_events": 29249, "total_time": 1963.0053911209106}, "batch.reduce": {"label": "batch.reduce", "average_duration": 0.02573255168655873, "n_events": 5849, "total_time": 150.509694814682}, "batch.step": {"label": "batch.step", "average_duration": 0.0058497385740842595, "n_events": 29249, "total_time": 171.0990035533905}, "epoch_metrics.collect": {"label": "epoch_metrics.collect", "average_duration": 0.0019174566204915912, "n_events": 149, "total_time": 0.28570103645324707}, "reduce.compress": {"label": "reduce.compress", "average_duration": 0.007251384951636656, "n_events": 5849, "total_time": 42.4133505821228}, "reduce.decompress": {"label": "reduce.decompress", "average_duration": 0.0006784505774005088, "n_events": 5849, "total_time": 3.968257427215576}, "reduce.flat_pack": {"label": "reduce.flat_pack", "average_duration": 0.0011465129617504186, "n_events": 5849, "total_time": 6.705954313278198}, "reduce.norm": {"label": "reduce.norm", "average_duration": 0.001484651894910985, "n_events": 5849, "total_time": 8.68372893333435}, "reduce.reduce.vector": {"label": "reduce.reduce.vector", "average_duration": 0.007271083649824289, "n_events": 5849, "total_time": 42.528568267822266}, "reduce.setgrad": {"label": "reduce.setgrad", "average_duration": 0.007714897654039836, "n_events": 5849, "total_time": 45.124436378479004}, "test.last": {"label": "test.last", "average_duration": 2.4917770200127722, "n_events": 149, "total_time": 371.2747759819031}}