{"batch": {"label": "batch", "average_duration": 0.09011214723189671, "n_events": 96, "total_time": 8.650766134262085}, "batch.accumulate": {"label": "batch.accumulate", "average_duration": 0.0010256022214889526, "n_events": 96, "total_time": 0.09845781326293945}, "batch.backward": {"label": "batch.backward", "average_duration": 0.06425078709920247, "n_events": 96, "total_time": 6.1680755615234375}, "batch.evaluate": {"label": "batch.evaluate", "average_duration": 0.0011863162120183308, "n_events": 96, "total_time": 0.11388635635375977}, "batch.forward": {"label": "batch.forward", "average_duration": 0.006272144615650177, "n_events": 96, "total_time": 0.602125883102417}, "batch.reduce": {"label": "batch.reduce", "average_duration": 0.011347728470961252, "n_events": 96, "total_time": 1.0893819332122803}, "batch.step": {"label": "batch.step", "average_duration": 0.0029858176906903586, "n_events": 96, "total_time": 0.2866384983062744}, "reduce.compress": {"label": "reduce.compress", "average_duration": 0.005107921858628591, "n_events": 96, "total_time": 0.4903604984283447}, "reduce.decompress": {"label": "reduce.decompress", "average_duration": 0.000997878611087799, "n_events": 96, "total_time": 0.09579634666442871}, "reduce.flat_pack": {"label": "reduce.flat_pack", "average_duration": 0.0006777246793111166, "n_events": 96, "total_time": 0.06506156921386719}, "reduce.norm": {"label": "reduce.norm", "average_duration": 0.0008460481961568197, "n_events": 96, "total_time": 0.08122062683105469}, "reduce.reduce.vector": {"label": "reduce.reduce.vector", "average_duration": 0.0004931961496671041, "n_events": 96, "total_time": 0.04734683036804199}, "reduce.setgrad": {"label": "reduce.setgrad", "average_duration": 0.0029442012310028076, "n_events": 96, "total_time": 0.28264331817626953}}