{"batch": {"label": "batch", "average_duration": 0.044578420088398685, "n_events": 29249, "total_time": 1303.8742091655731}, "batch.accumulate": {"label": "batch.accumulate", "average_duration": 0.0011050193243341418, "n_events": 5849, "total_time": 6.4632580280303955}, "batch.backward": {"label": "batch.backward", "average_duration": 0.022448311928353875, "n_events": 29249, "total_time": 656.5906755924225}, "batch.evaluate": {"label": "batch.evaluate", "average_duration": 0.0006348751496810572, "n_events": 29249, "total_time": 18.56946325302124}, "batch.forward": {"label": "batch.forward", "average_duration": 0.011423221037625785, "n_events": 29249, "total_time": 334.1177921295166}, "batch.reduce": {"label": "batch.reduce", "average_duration": 0.02698158259920879, "n_events": 5849, "total_time": 157.81527662277222}, "batch.step": {"label": "batch.step", "average_duration": 0.002860705128424905, "n_events": 29249, "total_time": 83.67276430130005}, "epoch_metrics.collect": {"label": "epoch_metrics.collect", "average_duration": 0.0016688900505936386, "n_events": 149, "total_time": 0.24866461753845215}, "reduce.compress": {"label": "reduce.compress", "average_duration": 0.014508507275789248, "n_events": 5849, "total_time": 84.86025905609131}, "reduce.decompress": {"label": "reduce.decompress", "average_duration": 0.002149959857045208, "n_events": 5849, "total_time": 12.575115203857422}, "reduce.flat_pack": {"label": "reduce.flat_pack", "average_duration": 0.0007748223508722988, "n_events": 5849, "total_time": 4.531935930252075}, "reduce.norm": {"label": "reduce.norm", "average_duration": 0.0008593383335133743, "n_events": 5849, "total_time": 5.026269912719727}, "reduce.reduce.vector": {"label": "reduce.reduce.vector", "average_duration": 0.004525396228346137, "n_events": 5849, "total_time": 26.469042539596558}, "reduce.setgrad": {"label": "reduce.setgrad", "average_duration": 0.003921505365030931, "n_events": 5849, "total_time": 22.936884880065918}, "test.last": {"label": "test.last", "average_duration": 0.9254498881781661, "n_events": 149, "total_time": 137.89203333854675}}