{"batch": {"label": "batch", "average_duration": 0.07795976599057515, "n_events": 96, "total_time": 7.484137535095215}, "batch.accumulate": {"label": "batch.accumulate", "average_duration": 0.0010851091808742946, "n_events": 18, "total_time": 0.019531965255737305}, "batch.backward": {"label": "batch.backward", "average_duration": 0.007011830806732178, "n_events": 96, "total_time": 0.6731357574462891}, "batch.evaluate": {"label": "batch.evaluate", "average_duration": 0.05813615769147873, "n_events": 96, "total_time": 5.581071138381958}, "batch.forward": {"label": "batch.forward", "average_duration": 0.00561591237783432, "n_events": 96, "total_time": 0.5391275882720947}, "batch.reduce": {"label": "batch.reduce", "average_duration": 0.003919654422336155, "n_events": 18, "total_time": 0.07055377960205078}, "batch.step": {"label": "batch.step", "average_duration": 0.003184705972671509, "n_events": 96, "total_time": 0.30573177337646484}, "reduce.allreduce": {"label": "reduce.allreduce", "average_duration": 0.0034651094012790257, "n_events": 18, "total_time": 0.06237196922302246}, "reduce.flat_pack": {"label": "reduce.flat_pack", "average_duration": 0.00032966666751437716, "n_events": 18, "total_time": 0.005934000015258789}}