{"batch": {"label": "batch", "average_duration": 0.08644496401151021, "n_events": 96, "total_time": 8.29871654510498}, "batch.accumulate": {"label": "batch.accumulate", "average_duration": 0.001021591325600942, "n_events": 96, "total_time": 0.09807276725769043}, "batch.backward": {"label": "batch.backward", "average_duration": 0.005657126506169637, "n_events": 96, "total_time": 0.5430841445922852}, "batch.evaluate": {"label": "batch.evaluate", "average_duration": 0.06050718327363332, "n_events": 96, "total_time": 5.808689594268799}, "batch.forward": {"label": "batch.forward", "average_duration": 0.005421248575051625, "n_events": 96, "total_time": 0.520439863204956}, "batch.reduce": {"label": "batch.reduce", "average_duration": 0.007792467872301738, "n_events": 96, "total_time": 0.7480769157409668}, "batch.step": {"label": "batch.step", "average_duration": 0.0030462940533955893, "n_events": 96, "total_time": 0.29244422912597656}, "reduce.compress": {"label": "reduce.compress", "average_duration": 0.0009537562727928162, "n_events": 96, "total_time": 0.09156060218811035}, "reduce.decompress": {"label": "reduce.decompress", "average_duration": 0.00021469096342722574, "n_events": 96, "total_time": 0.020610332489013672}, "reduce.flat_pack": {"label": "reduce.flat_pack", "average_duration": 0.00028943270444869995, "n_events": 96, "total_time": 0.027785539627075195}, "reduce.norm": {"label": "reduce.norm", "average_duration": 0.0027023404836654663, "n_events": 96, "total_time": 0.25942468643188477}, "reduce.reduce.vector": {"label": "reduce.reduce.vector", "average_duration": 0.00012245277563730875, "n_events": 96, "total_time": 0.01175546646118164}, "reduce.setgrad": {"label": "reduce.setgrad", "average_duration": 0.003053975601991018, "n_events": 96, "total_time": 0.2931816577911377}}