{"batch": {"label": "batch", "average_duration": 0.08646500110626221, "n_events": 96, "total_time": 8.300640106201172}, "batch.accumulate": {"label": "batch.accumulate", "average_duration": 0.0010689198970794678, "n_events": 96, "total_time": 0.1026163101196289}, "batch.backward": {"label": "batch.backward", "average_duration": 0.0066446661949157715, "n_events": 96, "total_time": 0.6378879547119141}, "batch.evaluate": {"label": "batch.evaluate", "average_duration": 0.05792346348365148, "n_events": 96, "total_time": 5.560652494430542}, "batch.forward": {"label": "batch.forward", "average_duration": 0.005651431779066722, "n_events": 96, "total_time": 0.5425374507904053}, "batch.reduce": {"label": "batch.reduce", "average_duration": 0.008954753478368124, "n_events": 96, "total_time": 0.8596563339233398}, "batch.step": {"label": "batch.step", "average_duration": 0.0031151026487350464, "n_events": 96, "total_time": 0.29904985427856445}, "reduce.compress": {"label": "reduce.compress", "average_duration": 0.0009767388304074605, "n_events": 96, "total_time": 0.09376692771911621}, "reduce.decompress": {"label": "reduce.decompress", "average_duration": 0.0002223476767539978, "n_events": 96, "total_time": 0.02134537696838379}, "reduce.flat_pack": {"label": "reduce.flat_pack", "average_duration": 0.0003113498290379842, "n_events": 96, "total_time": 0.029889583587646484}, "reduce.norm": {"label": "reduce.norm", "average_duration": 0.0035128345092137656, "n_events": 96, "total_time": 0.3372321128845215}, "reduce.reduce.vector": {"label": "reduce.reduce.vector", "average_duration": 0.00012635687987009683, "n_events": 96, "total_time": 0.012130260467529297}, "reduce.setgrad": {"label": "reduce.setgrad", "average_duration": 0.0033372913797696433, "n_events": 96, "total_time": 0.32037997245788574}}