{"batch": {"label": "batch", "average_duration": 0.23094955569573145, "n_events": 29249, "total_time": 6755.043554544449}, "batch.accumulate": {"label": "batch.accumulate", "average_duration": 0.0027136774547366245, "n_events": 5849, "total_time": 15.872299432754517}, "batch.backward": {"label": "batch.backward", "average_duration": 0.1440458858460254, "n_events": 29249, "total_time": 4213.198115110397}, "batch.evaluate": {"label": "batch.evaluate", "average_duration": 0.00044546196116655766, "n_events": 29249, "total_time": 13.029316902160645}, "batch.forward": {"label": "batch.forward", "average_duration": 0.06706478844431063, "n_events": 29249, "total_time": 1961.5779972076416}, "batch.reduce": {"label": "batch.reduce", "average_duration": 0.048516586308276315, "n_events": 5849, "total_time": 283.77351331710815}, "batch.step": {"label": "batch.step", "average_duration": 0.006034363200144546, "n_events": 29249, "total_time": 176.49908924102783}, "epoch_metrics.collect": {"label": "epoch_metrics.collect", "average_duration": 0.0017128070728890847, "n_events": 149, "total_time": 0.25520825386047363}, "reduce.compress": {"label": "reduce.compress", "average_duration": 0.027471569098454496, "n_events": 5849, "total_time": 160.68120765686035}, "reduce.decompress": {"label": "reduce.decompress", "average_duration": 0.003409292213242978, "n_events": 5849, "total_time": 19.94095015525818}, "reduce.flat_pack": {"label": "reduce.flat_pack", "average_duration": 0.0011532622171194253, "n_events": 5849, "total_time": 6.7454307079315186}, "reduce.norm": {"label": "reduce.norm", "average_duration": 0.0011080473095846086, "n_events": 5849, "total_time": 6.480968713760376}, "reduce.reduce.vector": {"label": "reduce.reduce.vector", "average_duration": 0.007209680491705229, "n_events": 5849, "total_time": 42.16942119598389}, "reduce.setgrad": {"label": "reduce.setgrad", "average_duration": 0.00796869005335969, "n_events": 5849, "total_time": 46.60886812210083}, "test.last": {"label": "test.last", "average_duration": 2.4800935191596114, "n_events": 149, "total_time": 369.5339343547821}}