{"batch": {"label": "batch", "average_duration": 0.05815742833413627, "n_events": 974, "total_time": 56.64533519744873}, "batch.accumulate": {"label": "batch.accumulate", "average_duration": 0.0011782712270591784, "n_events": 974, "total_time": 1.1476361751556396}, "batch.backward": {"label": "batch.backward", "average_duration": 0.019929176483310957, "n_events": 974, "total_time": 19.411017894744873}, "batch.evaluate": {"label": "batch.evaluate", "average_duration": 0.0007594050323204339, "n_events": 974, "total_time": 0.7396605014801025}, "batch.forward": {"label": "batch.forward", "average_duration": 0.011457235906158384, "n_events": 974, "total_time": 11.159347772598267}, "batch.reduce": {"label": "batch.reduce", "average_duration": 0.015312821468533432, "n_events": 974, "total_time": 14.914688110351562}, "batch.step": {"label": "batch.step", "average_duration": 0.006232758811856687, "n_events": 974, "total_time": 6.070707082748413}, "epoch_metrics.collect": {"label": "epoch_metrics.collect", "average_duration": 0.0014345645904541016, "n_events": 4, "total_time": 0.005738258361816406}, "reduce.compress": {"label": "reduce.compress", "average_duration": 0.005141397276453414, "n_events": 974, "total_time": 5.007720947265625}, "reduce.decompress": {"label": "reduce.decompress", "average_duration": 0.0004426752517355541, "n_events": 974, "total_time": 0.4311656951904297}, "reduce.flat_pack": {"label": "reduce.flat_pack", "average_duration": 0.0007388657857749986, "n_events": 974, "total_time": 0.7196552753448486}, "reduce.norm": {"label": "reduce.norm", "average_duration": 0.0007194312446171254, "n_events": 974, "total_time": 0.7007260322570801}, "reduce.reduce.vector": {"label": "reduce.reduce.vector", "average_duration": 0.004171462519212915, "n_events": 974, "total_time": 4.063004493713379}, "reduce.setgrad": {"label": "reduce.setgrad", "average_duration": 0.003857431715274004, "n_events": 974, "total_time": 3.75713849067688}, "test.last": {"label": "test.last", "average_duration": 1.1359332203865051, "n_events": 4, "total_time": 4.5437328815460205}}