{"batch": {"label": "batch", "average_duration": 0.0392852245165697, "n_events": 29249, "total_time": 1149.053531885147}, "batch.accumulate": {"label": "batch.accumulate", "average_duration": 0.0010206107913784943, "n_events": 1169, "total_time": 1.19309401512146}, "batch.backward": {"label": "batch.backward", "average_duration": 0.022296648179736072, "n_events": 29249, "total_time": 652.1546626091003}, "batch.evaluate": {"label": "batch.evaluate", "average_duration": 0.0006217902988656989, "n_events": 29249, "total_time": 18.186744451522827}, "batch.forward": {"label": "batch.forward", "average_duration": 0.011388131429274521, "n_events": 29249, "total_time": 333.09145617485046}, "batch.reduce": {"label": "batch.reduce", "average_duration": 0.018457653585716226, "n_events": 1169, "total_time": 21.57699704170227}, "batch.step": {"label": "batch.step", "average_duration": 0.002750736427509282, "n_events": 29249, "total_time": 80.456289768219}, "epoch_metrics.collect": {"label": "epoch_metrics.collect", "average_duration": 0.003931960803550362, "n_events": 149, "total_time": 0.5858621597290039}, "reduce.allreduce": {"label": "reduce.allreduce", "average_duration": 0.017580509593692777, "n_events": 1169, "total_time": 20.551615715026855}, "reduce.flat_pack": {"label": "reduce.flat_pack", "average_duration": 0.0007761662795668081, "n_events": 1169, "total_time": 0.9073383808135986}, "test.last": {"label": "test.last", "average_duration": 0.9163495390207176, "n_events": 149, "total_time": 136.5360813140869}}