{"batch": {"label": "batch", "average_duration": 0.08207114968805042, "n_events": 387, "total_time": 31.761534929275513}, "batch.accumulate": {"label": "batch.accumulate", "average_duration": 0.0010816653569539387, "n_events": 18, "total_time": 0.0194699764251709}, "batch.backward": {"label": "batch.backward", "average_duration": 0.006296971047571463, "n_events": 387, "total_time": 2.4369277954101562}, "batch.evaluate": {"label": "batch.evaluate", "average_duration": 0.05935367626121186, "n_events": 387, "total_time": 22.96987271308899}, "batch.forward": {"label": "batch.forward", "average_duration": 0.005809697685931696, "n_events": 387, "total_time": 2.2483530044555664}, "batch.reduce": {"label": "batch.reduce", "average_duration": 0.08144028981526692, "n_events": 18, "total_time": 1.4659252166748047}, "batch.step": {"label": "batch.step", "average_duration": 0.0032670430126732325, "n_events": 387, "total_time": 1.264345645904541}, "epoch_metrics.collect": {"label": "epoch_metrics.collect", "average_duration": 0.03034385045369466, "n_events": 3, "total_time": 0.09103155136108398}, "reduce.compress": {"label": "reduce.compress", "average_duration": 0.0004476176367865668, "n_events": 18, "total_time": 0.008057117462158203}, "reduce.decompress": {"label": "reduce.decompress", "average_duration": 9.020169576009114e-05, "n_events": 18, "total_time": 0.0016236305236816406}, "reduce.flat_pack": {"label": "reduce.flat_pack", "average_duration": 0.0003141429689195421, "n_events": 18, "total_time": 0.005654573440551758}, "reduce.norm": {"label": "reduce.norm", "average_duration": 0.07707447475857204, "n_events": 18, "total_time": 1.3873405456542969}, "reduce.reduce.vector": {"label": "reduce.reduce.vector", "average_duration": 0.00016605854034423828, "n_events": 18, "total_time": 0.002989053726196289}, "reduce.setgrad": {"label": "reduce.setgrad", "average_duration": 0.0030202335781521266, "n_events": 18, "total_time": 0.05436420440673828}, "test.last": {"label": "test.last", "average_duration": 1.3539073467254639, "n_events": 3, "total_time": 4.061722040176392}, "reduce_times": [0.16344165802001953, 0.06022334098815918, 0.0771331787109375, 0.07274627685546875, 0.04333686828613281, 0.09432387351989746, 0.09151053428649902, 0.09059882164001465, 0.08624982833862305, 0.02416682243347168, 0.10673093795776367, 0.09159588813781738, 0.09708857536315918, 0.06926918029785156, 0.02229928970336914, 0.09662675857543945, 0.11916494369506836, 0.11069345474243164, 0.1121666431427002]}