{"batch": {"label": "batch", "average_duration": 0.08265157201801468, "n_events": 387, "total_time": 31.98615837097168}, "batch.accumulate": {"label": "batch.accumulate", "average_duration": 0.00114697880215115, "n_events": 18, "total_time": 0.020645618438720703}, "batch.backward": {"label": "batch.backward", "average_duration": 0.06700728105944256, "n_events": 387, "total_time": 25.931817770004272}, "batch.evaluate": {"label": "batch.evaluate", "average_duration": 0.001229499353610884, "n_events": 387, "total_time": 0.4758162498474121}, "batch.forward": {"label": "batch.forward", "average_duration": 0.006524472889666101, "n_events": 387, "total_time": 2.5249710083007812}, "batch.reduce": {"label": "batch.reduce", "average_duration": 0.012659827868143717, "n_events": 18, "total_time": 0.22787690162658691}, "batch.step": {"label": "batch.step", "average_duration": 0.004111040470212005, "n_events": 387, "total_time": 1.590972661972046}, "epoch_metrics.collect": {"label": "epoch_metrics.collect", "average_duration": 0.0016298294067382812, "n_events": 3, "total_time": 0.004889488220214844}, "reduce.compress": {"label": "reduce.compress", "average_duration": 0.0021138721042209202, "n_events": 18, "total_time": 0.03804969787597656}, "reduce.decompress": {"label": "reduce.decompress", "average_duration": 0.00022362338172064887, "n_events": 18, "total_time": 0.00402522087097168}, "reduce.flat_pack": {"label": "reduce.flat_pack", "average_duration": 0.0008012056350708008, "n_events": 18, "total_time": 0.014421701431274414}, "reduce.norm": {"label": "reduce.norm", "average_duration": 0.005388670497470432, "n_events": 18, "total_time": 0.09699606895446777}, "reduce.reduce.vector": {"label": "reduce.reduce.vector", "average_duration": 0.000523845354715983, "n_events": 18, "total_time": 0.009429216384887695}, "reduce.setgrad": {"label": "reduce.setgrad", "average_duration": 0.0032664272520277235, "n_events": 18, "total_time": 0.05879569053649902}, "test.last": {"label": "test.last", "average_duration": 1.354026238123576, "n_events": 3, "total_time": 4.0620787143707275}, "reduce_times": [0.008240222930908203, 0.008147478103637695, 0.008081912994384766, 0.008178234100341797, 0.01906728744506836, 0.00836944580078125, 0.007973670959472656, 0.007854461669921875, 0.008001327514648438, 0.05152773857116699, 0.008613824844360352, 0.008110284805297852, 0.007726430892944336, 0.008372306823730469, 0.03516960144042969, 0.008405447006225586, 0.007692575454711914, 0.008234977722167969, 0.008349895477294922]}