{"batch": {"label": "batch", "average_duration": 0.08233937428595176, "n_events": 387, "total_time": 31.86533784866333}, "batch.accumulate": {"label": "batch.accumulate", "average_duration": 0.0012117624282836914, "n_events": 18, "total_time": 0.021811723709106445}, "batch.backward": {"label": "batch.backward", "average_duration": 0.0064109536104424054, "n_events": 387, "total_time": 2.481039047241211}, "batch.evaluate": {"label": "batch.evaluate", "average_duration": 0.06040451446552917, "n_events": 387, "total_time": 23.37654709815979}, "batch.forward": {"label": "batch.forward", "average_duration": 0.005756230933413641, "n_events": 387, "total_time": 2.227661371231079}, "batch.reduce": {"label": "batch.reduce", "average_duration": 0.06178683704800076, "n_events": 18, "total_time": 1.1121630668640137}, "batch.step": {"label": "batch.step", "average_duration": 0.0032267699870028236, "n_events": 387, "total_time": 1.2487599849700928}, "epoch_metrics.collect": {"label": "epoch_metrics.collect", "average_duration": 0.008553425470987955, "n_events": 3, "total_time": 0.025660276412963867}, "reduce.compress": {"label": "reduce.compress", "average_duration": 0.00045935312906901043, "n_events": 18, "total_time": 0.008268356323242188}, "reduce.decompress": {"label": "reduce.decompress", "average_duration": 8.863872951931423e-05, "n_events": 18, "total_time": 0.0015954971313476562}, "reduce.flat_pack": {"label": "reduce.flat_pack", "average_duration": 0.00034370687272813584, "n_events": 18, "total_time": 0.006186723709106445}, "reduce.norm": {"label": "reduce.norm", "average_duration": 0.05713033676147461, "n_events": 18, "total_time": 1.028346061706543}, "reduce.reduce.vector": {"label": "reduce.reduce.vector", "average_duration": 0.00015816423628065322, "n_events": 18, "total_time": 0.002846956253051758}, "reduce.setgrad": {"label": "reduce.setgrad", "average_duration": 0.0032671292622884116, "n_events": 18, "total_time": 0.058808326721191406}, "test.last": {"label": "test.last", "average_duration": 1.353975772857666, "n_events": 3, "total_time": 4.061927318572998}, "reduce_times": [0.20057034492492676, 0.07158684730529785, 0.07792377471923828, 0.06872224807739258, 0.005869388580322266, 0.06644368171691895, 0.07482409477233887, 0.02724480628967285, 0.06809091567993164, 0.005702018737792969, 0.08481144905090332, 0.06866812705993652, 0.07205629348754883, 0.08202123641967773, 0.005902528762817383, 0.07419300079345703, 0.09175419807434082, 0.0855250358581543, 0.08082342147827148]}