{"batch": {"label": "batch", "average_duration": 0.189707450568676, "n_events": 96, "total_time": 18.211915254592896}, "batch.accumulate": {"label": "batch.accumulate", "average_duration": 0.002983040279812283, "n_events": 18, "total_time": 0.053694725036621094}, "batch.backward": {"label": "batch.backward", "average_duration": 0.02588597188393275, "n_events": 96, "total_time": 2.485053300857544}, "batch.evaluate": {"label": "batch.evaluate", "average_duration": 0.11724695314963658, "n_events": 96, "total_time": 11.255707502365112}, "batch.forward": {"label": "batch.forward", "average_duration": 0.02289959539969762, "n_events": 96, "total_time": 2.1983611583709717}, "batch.reduce": {"label": "batch.reduce", "average_duration": 0.023927436934577093, "n_events": 18, "total_time": 0.4306938648223877}, "batch.step": {"label": "batch.step", "average_duration": 0.008987593154112497, "n_events": 96, "total_time": 0.8628089427947998}, "reduce.compress": {"label": "reduce.compress", "average_duration": 0.0009787347581651476, "n_events": 18, "total_time": 0.017617225646972656}, "reduce.decompress": {"label": "reduce.decompress", "average_duration": 0.00022243128882514106, "n_events": 18, "total_time": 0.004003763198852539}, "reduce.flat_pack": {"label": "reduce.flat_pack", "average_duration": 0.0007451905144585504, "n_events": 18, "total_time": 0.013413429260253906}, "reduce.norm": {"label": "reduce.norm", "average_duration": 0.012609667248196073, "n_events": 18, "total_time": 0.2269740104675293}, "reduce.reduce.vector": {"label": "reduce.reduce.vector", "average_duration": 0.0001299513710869683, "n_events": 18, "total_time": 0.0023391246795654297}, "reduce.setgrad": {"label": "reduce.setgrad", "average_duration": 0.008896178669399686, "n_events": 18, "total_time": 0.16013121604919434}}