{"batch": {"label": "batch", "average_duration": 0.19007784128189087, "n_events": 96, "total_time": 18.247472763061523}, "batch.accumulate": {"label": "batch.accumulate", "average_duration": 0.002935436036851671, "n_events": 18, "total_time": 0.05283784866333008}, "batch.backward": {"label": "batch.backward", "average_duration": 0.024720656375090282, "n_events": 96, "total_time": 2.373183012008667}, "batch.evaluate": {"label": "batch.evaluate", "average_duration": 0.11346988379955292, "n_events": 96, "total_time": 10.89310884475708}, "batch.forward": {"label": "batch.forward", "average_duration": 0.024834565818309784, "n_events": 96, "total_time": 2.3841183185577393}, "batch.reduce": {"label": "batch.reduce", "average_duration": 0.04153014553917779, "n_events": 18, "total_time": 0.7475426197052002}, "batch.step": {"label": "batch.step", "average_duration": 0.0088315283258756, "n_events": 96, "total_time": 0.8478267192840576}, "reduce.compress": {"label": "reduce.compress", "average_duration": 0.0010150538550482856, "n_events": 18, "total_time": 0.01827096939086914}, "reduce.decompress": {"label": "reduce.decompress", "average_duration": 0.00022464328342013888, "n_events": 18, "total_time": 0.0040435791015625}, "reduce.flat_pack": {"label": "reduce.flat_pack", "average_duration": 0.0007853905359903971, "n_events": 18, "total_time": 0.014137029647827148}, "reduce.norm": {"label": "reduce.norm", "average_duration": 0.029732386271158855, "n_events": 18, "total_time": 0.5351829528808594}, "reduce.reduce.vector": {"label": "reduce.reduce.vector", "average_duration": 0.00012587176428900825, "n_events": 18, "total_time": 0.0022656917572021484}, "reduce.setgrad": {"label": "reduce.setgrad", "average_duration": 0.009307490454779731, "n_events": 18, "total_time": 0.16753482818603516}}