{"batch": {"label": "batch", "average_duration": 0.1374534792151333, "n_events": 484, "total_time": 66.52748394012451}, "batch.accumulate": {"label": "batch.accumulate", "average_duration": 0.0007412138064045551, "n_events": 484, "total_time": 0.3587474822998047}, "batch.backward": {"label": "batch.backward", "average_duration": 0.06307755225946095, "n_events": 484, "total_time": 30.5295352935791}, "batch.evaluate": {"label": "batch.evaluate", "average_duration": 0.0005604013923771125, "n_events": 484, "total_time": 0.27123427391052246}, "batch.forward": {"label": "batch.forward", "average_duration": 0.05367055510686449, "n_events": 484, "total_time": 25.976548671722412}, "batch.reduce": {"label": "batch.reduce", "average_duration": 0.014915946593954543, "n_events": 484, "total_time": 7.219318151473999}, "batch.step": {"label": "batch.step", "average_duration": 0.0030857102930053207, "n_events": 484, "total_time": 1.4934837818145752}, "epoch_metrics.collect": {"label": "epoch_metrics.collect", "average_duration": 0.003830134868621826, "n_events": 4, "total_time": 0.015320539474487305}, "reduce.allocate_memory": {"label": "reduce.allocate_memory", "average_duration": 0.00021741065112027255, "n_events": 484, "total_time": 0.10522675514221191}, "reduce.compute.p": {"label": "reduce.compute.p", "average_duration": 0.0005052488697461845, "n_events": 484, "total_time": 0.24454045295715332}, "reduce.compute.q": {"label": "reduce.compute.q", "average_duration": 0.0007006338805206551, "n_events": 484, "total_time": 0.33910679817199707}, "reduce.normalize.p": {"label": "reduce.normalize.p", "average_duration": 0.001481020253551893, "n_events": 484, "total_time": 0.7168138027191162}, "reduce.outerprod": {"label": "reduce.outerprod", "average_duration": 0.001115485163759594, "n_events": 484, "total_time": 0.5398948192596436}, "reduce.p": {"label": "reduce.p", "average_duration": 0.0049279814909312354, "n_events": 484, "total_time": 2.3851430416107178}, "reduce.prepare.q": {"label": "reduce.prepare.q", "average_duration": 0.0002411530037556798, "n_events": 484, "total_time": 0.11671805381774902}, "reduce.q": {"label": "reduce.q", "average_duration": 0.0013666689888504912, "n_events": 484, "total_time": 0.6614677906036377}, "reduce.rank1.all_reduce": {"label": "reduce.rank1.all_reduce", "average_duration": 0.001191481085848217, "n_events": 484, "total_time": 0.5766768455505371}, "reduce.rank1.pack": {"label": "reduce.rank1.pack", "average_duration": 0.00023307977629101966, "n_events": 484, "total_time": 0.11281061172485352}, "reduce.rank1.unpack": {"label": "reduce.rank1.unpack", "average_duration": 0.0007575637052867038, "n_events": 484, "total_time": 0.36666083335876465}, "test.last": {"label": "test.last", "average_duration": 1.1795389652252197, "n_events": 4, "total_time": 4.718155860900879}}