{"batch": {"label": "batch", "average_duration": 0.19801643337171101, "n_events": 194, "total_time": 38.41518807411194}, "batch.accumulate": {"label": "batch.accumulate", "average_duration": 0.0027180664318124043, "n_events": 194, "total_time": 0.5273048877716064}, "batch.backward": {"label": "batch.backward", "average_duration": 0.12471712372966648, "n_events": 194, "total_time": 24.195122003555298}, "batch.evaluate": {"label": "batch.evaluate", "average_duration": 0.0006041686559460827, "n_events": 194, "total_time": 0.11720871925354004}, "batch.forward": {"label": "batch.forward", "average_duration": 0.041477000590452215, "n_events": 194, "total_time": 8.04653811454773}, "batch.reduce": {"label": "batch.reduce", "average_duration": 0.010885663868225728, "n_events": 194, "total_time": 2.111818790435791}, "batch.step": {"label": "batch.step", "average_duration": 0.00915185077903197, "n_events": 194, "total_time": 1.7754590511322021}, "reduce.compress": {"label": "reduce.compress", "average_duration": 0.0003957625516911143, "n_events": 194, "total_time": 0.07677793502807617}, "reduce.decompress": {"label": "reduce.decompress", "average_duration": 8.44100086959367e-05, "n_events": 194, "total_time": 0.01637554168701172}, "reduce.flat_pack": {"label": "reduce.flat_pack", "average_duration": 0.000905158593482578, "n_events": 194, "total_time": 0.17560076713562012}, "reduce.norm": {"label": "reduce.norm", "average_duration": 0.0003676537385920888, "n_events": 194, "total_time": 0.07132482528686523}, "reduce.reduce.vector": {"label": "reduce.reduce.vector", "average_duration": 0.0001349830135856707, "n_events": 194, "total_time": 0.026186704635620117}, "reduce.setgrad": {"label": "reduce.setgrad", "average_duration": 0.008577196868424564, "n_events": 194, "total_time": 1.6639761924743652}}