{"batch": {"label": "batch", "average_duration": 0.13017766334710207, "n_events": 389, "total_time": 50.639111042022705}, "batch.accumulate": {"label": "batch.accumulate", "average_duration": 0.0010048527466623408, "n_events": 38, "total_time": 0.038184404373168945}, "batch.backward": {"label": "batch.backward", "average_duration": 0.06499452088363374, "n_events": 389, "total_time": 25.28286862373352}, "batch.evaluate": {"label": "batch.evaluate", "average_duration": 0.0011782603276113005, "n_events": 389, "total_time": 0.4583432674407959}, "batch.forward": {"label": "batch.forward", "average_duration": 0.006314862969601982, "n_events": 389, "total_time": 2.456481695175171}, "batch.reduce": {"label": "batch.reduce", "average_duration": 0.48798893627367523, "n_events": 38, "total_time": 18.543579578399658}, "batch.step": {"label": "batch.step", "average_duration": 0.0035479546819064183, "n_events": 389, "total_time": 1.3801543712615967}, "epoch_metrics.collect": {"label": "epoch_metrics.collect", "average_duration": 0.02214837074279785, "n_events": 1, "total_time": 0.02214837074279785}, "reduce.compress": {"label": "reduce.compress", "average_duration": 0.00042813075216192946, "n_events": 38, "total_time": 0.01626896858215332}, "reduce.decompress": {"label": "reduce.decompress", "average_duration": 8.722982908550061e-05, "n_events": 38, "total_time": 0.0033147335052490234}, "reduce.flat_pack": {"label": "reduce.flat_pack", "average_duration": 0.0007568974243967157, "n_events": 38, "total_time": 0.028762102127075195}, "reduce.norm": {"label": "reduce.norm", "average_duration": 0.48111914960961594, "n_events": 38, "total_time": 18.282527685165405}, "reduce.reduce.vector": {"label": "reduce.reduce.vector", "average_duration": 0.0018154319963957135, "n_events": 38, "total_time": 0.06898641586303711}, "reduce.setgrad": {"label": "reduce.setgrad", "average_duration": 0.003098105129442717, "n_events": 38, "total_time": 0.11772799491882324}, "test.last": {"label": "test.last", "average_duration": 3.391852855682373, "n_events": 1, "total_time": 3.391852855682373}}