{"batch": {"label": "batch", "average_duration": 1.0379365655021373, "n_events": 389, "total_time": 403.7573239803314}, "batch.accumulate": {"label": "batch.accumulate", "average_duration": 0.0028087823127413165, "n_events": 389, "total_time": 1.092616319656372}, "batch.backward": {"label": "batch.backward", "average_duration": 0.7383339098609198, "n_events": 389, "total_time": 287.2118909358978}, "batch.evaluate": {"label": "batch.evaluate", "average_duration": 0.000725067673121749, "n_events": 389, "total_time": 0.28205132484436035}, "batch.forward": {"label": "batch.forward", "average_duration": 0.26821568631267795, "n_events": 389, "total_time": 104.33590197563171}, "batch.reduce": {"label": "batch.reduce", "average_duration": 0.010994451517923939, "n_events": 389, "total_time": 4.276841640472412}, "batch.step": {"label": "batch.step", "average_duration": 0.01212388568181918, "n_events": 389, "total_time": 4.716191530227661}, "reduce.compress": {"label": "reduce.compress", "average_duration": 0.0003817669836598374, "n_events": 389, "total_time": 0.14850735664367676}, "reduce.decompress": {"label": "reduce.decompress", "average_duration": 8.629526761013315e-05, "n_events": 389, "total_time": 0.0335688591003418}, "reduce.flat_pack": {"label": "reduce.flat_pack", "average_duration": 0.0019781577250032006, "n_events": 389, "total_time": 0.7695033550262451}, "reduce.norm": {"label": "reduce.norm", "average_duration": 8.653613779416121e-05, "n_events": 389, "total_time": 0.03366255760192871}, "reduce.reduce.vector": {"label": "reduce.reduce.vector", "average_duration": 1.128902778527424e-05, "n_events": 389, "total_time": 0.00439143180847168}, "reduce.setgrad": {"label": "reduce.setgrad", "average_duration": 0.00807997438778914, "n_events": 389, "total_time": 3.1431100368499756}}