{"batch": {"label": "batch", "average_duration": 0.06777440385291253, "n_events": 29249, "total_time": 1982.3335382938385}, "batch.accumulate": {"label": "batch.accumulate", "average_duration": 0.0010263171211145382, "n_events": 29249, "total_time": 30.018749475479126}, "batch.backward": {"label": "batch.backward", "average_duration": 0.019943382300744973, "n_events": 29249, "total_time": 583.3239889144897}, "batch.evaluate": {"label": "batch.evaluate", "average_duration": 0.0008870457179681098, "n_events": 29249, "total_time": 25.945200204849243}, "batch.forward": {"label": "batch.forward", "average_duration": 0.011390114944039615, "n_events": 29249, "total_time": 333.1494719982147}, "batch.reduce": {"label": "batch.reduce", "average_duration": 0.026021328130222076, "n_events": 29249, "total_time": 761.0978264808655}, "batch.step": {"label": "batch.step", "average_duration": 0.005520478774879385, "n_events": 29249, "total_time": 161.46848368644714}, "epoch_metrics.collect": {"label": "epoch_metrics.collect", "average_duration": 0.0017554391950568896, "n_events": 149, "total_time": 0.26156044006347656}, "reduce.compress": {"label": "reduce.compress", "average_duration": 0.004950438887813185, "n_events": 29249, "total_time": 144.79538702964783}, "reduce.decompress": {"label": "reduce.decompress", "average_duration": 0.00043118602822200184, "n_events": 29249, "total_time": 12.611760139465332}, "reduce.flat_pack": {"label": "reduce.flat_pack", "average_duration": 0.0008190386462176558, "n_events": 29249, "total_time": 23.956061363220215}, "reduce.norm": {"label": "reduce.norm", "average_duration": 0.0007147964662867956, "n_events": 29249, "total_time": 20.907081842422485}, "reduce.reduce.vector": {"label": "reduce.reduce.vector", "average_duration": 0.015769406560628963, "n_events": 29249, "total_time": 461.23937249183655}, "reduce.setgrad": {"label": "reduce.setgrad", "average_duration": 0.0031134653565838724, "n_events": 29249, "total_time": 91.06574821472168}, "test.last": {"label": "test.last", "average_duration": 1.0634487395318561, "n_events": 149, "total_time": 158.45386219024658}}