{"batch": {"label": "batch", "average_duration": 0.05382322317889835, "n_events": 29249, "total_time": 1574.2754547595978}, "batch.accumulate": {"label": "batch.accumulate", "average_duration": 0.0010678860920221975, "n_events": 29249, "total_time": 31.23460030555725}, "batch.backward": {"label": "batch.backward", "average_duration": 0.008044580275504837, "n_events": 29249, "total_time": 235.29592847824097}, "batch.evaluate": {"label": "batch.evaluate", "average_duration": 0.017906386447387287, "n_events": 29249, "total_time": 523.7438971996307}, "batch.forward": {"label": "batch.forward", "average_duration": 0.004651317066924422, "n_events": 29249, "total_time": 136.0463728904724}, "batch.reduce": {"label": "batch.reduce", "average_duration": 0.012795314433745935, "n_events": 29249, "total_time": 374.2501518726349}, "batch.step": {"label": "batch.step", "average_duration": 0.0063651345188529915, "n_events": 29249, "total_time": 186.17381954193115}, "epoch_metrics.collect": {"label": "epoch_metrics.collect", "average_duration": 0.015355377389280589, "n_events": 149, "total_time": 2.2879512310028076}, "reduce.compress": {"label": "reduce.compress", "average_duration": 0.0003663281374839421, "n_events": 29249, "total_time": 10.714731693267822}, "reduce.decompress": {"label": "reduce.decompress", "average_duration": 8.087402906388175e-05, "n_events": 29249, "total_time": 2.3654844760894775}, "reduce.flat_pack": {"label": "reduce.flat_pack", "average_duration": 0.0002741081913767393, "n_events": 29249, "total_time": 8.017390489578247}, "reduce.norm": {"label": "reduce.norm", "average_duration": 0.008444087395868063, "n_events": 29249, "total_time": 246.981112241745}, "reduce.reduce.vector": {"label": "reduce.reduce.vector", "average_duration": 0.0001202485203445457, "n_events": 29249, "total_time": 3.517148971557617}, "reduce.setgrad": {"label": "reduce.setgrad", "average_duration": 0.003308120501453463, "n_events": 29249, "total_time": 96.75921654701233}, "test.last": {"label": "test.last", "average_duration": 1.0208869268430159, "n_events": 149, "total_time": 152.11215209960938}}