{"batch": {"label": "batch", "average_duration": 0.08563366532325745, "n_events": 96, "total_time": 8.220831871032715}, "batch.accumulate": {"label": "batch.accumulate", "average_duration": 0.0010425373911857605, "n_events": 96, "total_time": 0.10008358955383301}, "batch.backward": {"label": "batch.backward", "average_duration": 0.006153270602226257, "n_events": 96, "total_time": 0.5907139778137207}, "batch.evaluate": {"label": "batch.evaluate", "average_duration": 0.058372470239798226, "n_events": 96, "total_time": 5.60375714302063}, "batch.forward": {"label": "batch.forward", "average_duration": 0.005433897177378337, "n_events": 96, "total_time": 0.5216541290283203}, "batch.reduce": {"label": "batch.reduce", "average_duration": 0.008646940191586813, "n_events": 96, "total_time": 0.830106258392334}, "batch.step": {"label": "batch.step", "average_duration": 0.00301574170589447, "n_events": 96, "total_time": 0.28951120376586914}, "reduce.compress": {"label": "reduce.compress", "average_duration": 0.0003949478268623352, "n_events": 96, "total_time": 0.03791499137878418}, "reduce.decompress": {"label": "reduce.decompress", "average_duration": 8.292496204376221e-05, "n_events": 96, "total_time": 0.007960796356201172}, "reduce.flat_pack": {"label": "reduce.flat_pack", "average_duration": 0.000308761994043986, "n_events": 96, "total_time": 0.029641151428222656}, "reduce.norm": {"label": "reduce.norm", "average_duration": 0.004008216162522634, "n_events": 96, "total_time": 0.38478875160217285}, "reduce.reduce.vector": {"label": "reduce.reduce.vector", "average_duration": 0.00013463199138641357, "n_events": 96, "total_time": 0.012924671173095703}, "reduce.setgrad": {"label": "reduce.setgrad", "average_duration": 0.0032711848616600037, "n_events": 96, "total_time": 0.31403374671936035}}