{"batch": {"label": "batch", "average_duration": 0.0856383889913559, "n_events": 96, "total_time": 8.221285343170166}, "batch.accumulate": {"label": "batch.accumulate", "average_duration": 0.00107220063606898, "n_events": 96, "total_time": 0.10293126106262207}, "batch.backward": {"label": "batch.backward", "average_duration": 0.005724800129731496, "n_events": 96, "total_time": 0.5495808124542236}, "batch.evaluate": {"label": "batch.evaluate", "average_duration": 0.06101709355910619, "n_events": 96, "total_time": 5.857640981674194}, "batch.forward": {"label": "batch.forward", "average_duration": 0.005409844219684601, "n_events": 96, "total_time": 0.5193450450897217}, "batch.reduce": {"label": "batch.reduce", "average_duration": 0.0062086135149002075, "n_events": 96, "total_time": 0.5960268974304199}, "batch.step": {"label": "batch.step", "average_duration": 0.003072217106819153, "n_events": 96, "total_time": 0.29493284225463867}, "reduce.compress": {"label": "reduce.compress", "average_duration": 0.000385900338490804, "n_events": 96, "total_time": 0.03704643249511719}, "reduce.decompress": {"label": "reduce.decompress", "average_duration": 8.0890953540802e-05, "n_events": 96, "total_time": 0.007765531539916992}, "reduce.flat_pack": {"label": "reduce.flat_pack", "average_duration": 0.00029454131921132404, "n_events": 96, "total_time": 0.02827596664428711}, "reduce.norm": {"label": "reduce.norm", "average_duration": 0.001768241326014201, "n_events": 96, "total_time": 0.16975116729736328}, "reduce.reduce.vector": {"label": "reduce.reduce.vector", "average_duration": 0.00013322879870732626, "n_events": 96, "total_time": 0.01278996467590332}, "reduce.setgrad": {"label": "reduce.setgrad", "average_duration": 0.003103454907735189, "n_events": 96, "total_time": 0.2979316711425781}}