{"batch": {"label": "batch", "average_duration": 0.09174168358246486, "n_events": 96, "total_time": 8.807201623916626}, "batch.accumulate": {"label": "batch.accumulate", "average_duration": 0.0011674430635240343, "n_events": 18, "total_time": 0.021013975143432617}, "batch.backward": {"label": "batch.backward", "average_duration": 0.00652440885702769, "n_events": 96, "total_time": 0.6263432502746582}, "batch.evaluate": {"label": "batch.evaluate", "average_duration": 0.05837645381689072, "n_events": 96, "total_time": 5.604139566421509}, "batch.forward": {"label": "batch.forward", "average_duration": 0.006044914325078328, "n_events": 96, "total_time": 0.5803117752075195}, "batch.reduce": {"label": "batch.reduce", "average_duration": 0.021026227209303115, "n_events": 18, "total_time": 0.37847208976745605}, "batch.step": {"label": "batch.step", "average_duration": 0.0033306777477264404, "n_events": 96, "total_time": 0.3197450637817383}, "reduce.compress": {"label": "reduce.compress", "average_duration": 0.00042724609375, "n_events": 18, "total_time": 0.0076904296875}, "reduce.decompress": {"label": "reduce.decompress", "average_duration": 9.0585814581977e-05, "n_events": 18, "total_time": 0.001630544662475586}, "reduce.flat_pack": {"label": "reduce.flat_pack", "average_duration": 0.00031514962514241535, "n_events": 18, "total_time": 0.0056726932525634766}, "reduce.norm": {"label": "reduce.norm", "average_duration": 0.016210728221469455, "n_events": 18, "total_time": 0.2917931079864502}, "reduce.reduce.vector": {"label": "reduce.reduce.vector", "average_duration": 0.00015579329596625434, "n_events": 18, "total_time": 0.002804279327392578}, "reduce.setgrad": {"label": "reduce.setgrad", "average_duration": 0.0033077531390719945, "n_events": 18, "total_time": 0.0595395565032959}, "reduce_times": [0.97245192527771, 0.03719902038574219, 0.03313803672790527, 0.018706321716308594, 0.016975879669189453, 0.019426822662353516, 0.02128291130065918, 0.017876625061035156, 0.020271778106689453, 0.010892391204833984, 0.022289752960205078, 0.020258188247680664, 0.021292924880981445, 0.021752595901489258, 0.02176833152770996, 0.024704933166503906, 0.022861957550048828, 0.01313638687133789, 0.014637231826782227]}