{"batch": {"label": "batch", "average_duration": 0.0918704370657603, "n_events": 96, "total_time": 8.819561958312988}, "batch.accumulate": {"label": "batch.accumulate", "average_duration": 0.0011379851235283746, "n_events": 18, "total_time": 0.020483732223510742}, "batch.backward": {"label": "batch.backward", "average_duration": 0.00635683536529541, "n_events": 96, "total_time": 0.6102561950683594}, "batch.evaluate": {"label": "batch.evaluate", "average_duration": 0.06020956486463547, "n_events": 96, "total_time": 5.780118227005005}, "batch.forward": {"label": "batch.forward", "average_duration": 0.005658857524394989, "n_events": 96, "total_time": 0.543250322341919}, "batch.reduce": {"label": "batch.reduce", "average_duration": 0.015556534131368002, "n_events": 18, "total_time": 0.280017614364624}, "batch.step": {"label": "batch.step", "average_duration": 0.003284590939680735, "n_events": 96, "total_time": 0.3153207302093506}, "reduce.compress": {"label": "reduce.compress", "average_duration": 0.0004139873716566298, "n_events": 18, "total_time": 0.007451772689819336}, "reduce.decompress": {"label": "reduce.decompress", "average_duration": 8.822811974419488e-05, "n_events": 18, "total_time": 0.0015881061553955078}, "reduce.flat_pack": {"label": "reduce.flat_pack", "average_duration": 0.00032526916927761503, "n_events": 18, "total_time": 0.00585484504699707}, "reduce.norm": {"label": "reduce.norm", "average_duration": 0.010825819439358182, "n_events": 18, "total_time": 0.19486474990844727}, "reduce.reduce.vector": {"label": "reduce.reduce.vector", "average_duration": 0.00014648172590467666, "n_events": 18, "total_time": 0.0026366710662841797}, "reduce.setgrad": {"label": "reduce.setgrad", "average_duration": 0.003245446417066786, "n_events": 18, "total_time": 0.05841803550720215}, "reduce_times": [0.9766967296600342, 0.029131412506103516, 0.019768476486206055, 0.01357579231262207, 0.011908769607543945, 0.01361393928527832, 0.014390707015991211, 0.014855146408081055, 0.0176694393157959, 0.012851238250732422, 0.013544797897338867, 0.01236581802368164, 0.015093803405761719, 0.017301321029663086, 0.015636682510375977, 0.02717113494873047, 0.01885080337524414, 0.007264375686645508, 0.005023956298828125]}