{"batch": {"label": "batch", "average_duration": 0.37288336163943575, "n_events": 194, "total_time": 72.33937215805054}, "batch.accumulate": {"label": "batch.accumulate", "average_duration": 0.00128666887578276, "n_events": 194, "total_time": 0.24961376190185547}, "batch.backward": {"label": "batch.backward", "average_duration": 0.09966238626499765, "n_events": 194, "total_time": 19.334502935409546}, "batch.evaluate": {"label": "batch.evaluate", "average_duration": 0.0007120776422244986, "n_events": 194, "total_time": 0.13814306259155273}, "batch.forward": {"label": "batch.forward", "average_duration": 0.05144819525099292, "n_events": 194, "total_time": 9.980949878692627}, "batch.reduce": {"label": "batch.reduce", "average_duration": 0.21194204104315376, "n_events": 194, "total_time": 41.116755962371826}, "batch.step": {"label": "batch.step", "average_duration": 0.004747049095704383, "n_events": 194, "total_time": 0.9209275245666504}, "reduce.allreduce": {"label": "reduce.allreduce", "average_duration": 0.2106698259864886, "n_events": 194, "total_time": 40.869946241378784}, "reduce.flat_pack": {"label": "reduce.flat_pack", "average_duration": 0.001084697615240038, "n_events": 194, "total_time": 0.21043133735656738}, "reduce_times": [0.2129836082458496, 0.1298840045928955, 0.13290190696716309, 0.1350851058959961, 0.12873005867004395, 0.1295795440673828, 0.12947654724121094, 0.12604093551635742, 0.11950349807739258, 0.13047528266906738, 0.12576746940612793, 0.12732481956481934, 0.12636852264404297, 0.1385037899017334, 0.13237404823303223, 0.12583518028259277, 0.12430572509765625, 0.40273404121398926, 0.1280355453491211, 0.12552928924560547, 0.20661044120788574, 0.4273679256439209, 0.12238407135009766, 0.1299605369567871, 0.19697356224060059, 0.4780128002166748, 0.1346423625946045, 0.1265735626220703, 0.1378767490386963, 0.21952509880065918, 0.21881914138793945, 0.21919798851013184, 0.21921992301940918, 0.21927547454833984, 0.21970534324645996, 0.21912837028503418, 0.2189316749572754, 0.2186136245727539, 0.21926188468933105, 0.21904921531677246, 0.21932625770568848, 0.2195115089416504, 0.2187955379486084, 0.2195284366607666, 0.21953034400939941, 0.2181990146636963, 0.21844935417175293, 0.2206728458404541, 0.4216177463531494, 0.1285691261291504, 0.12792730331420898, 0.19956731796264648, 0.40717387199401855, 0.12887239456176758, 0.12837839126586914, 0.21114897727966309, 0.22094273567199707, 0.21945834159851074, 0.21942996978759766, 0.2199392318725586, 0.2197127342224121, 0.22013044357299805, 0.2196364402770996, 0.21884465217590332, 0.21973633766174316, 0.21931815147399902, 0.21962738037109375, 0.22087430953979492, 0.2181873321533203, 0.22057342529296875, 0.21667051315307617, 0.2199115753173828, 0.21877479553222656, 0.2199099063873291, 0.2191159725189209, 0.21924757957458496, 0.22040104866027832, 0.21940088272094727, 0.2195138931274414, 0.2193453311920166, 0.21767759323120117, 0.21648502349853516, 0.2194371223449707, 0.21977663040161133, 0.21984577178955078, 0.22049951553344727, 0.22022581100463867, 0.21973109245300293, 0.21976900100708008, 0.21752429008483887, 0.22243762016296387, 0.21665525436401367, 0.22099781036376953, 0.21619272232055664, 0.21974492073059082, 0.2193591594696045, 0.21999025344848633, 0.2155613899230957, 0.21897435188293457, 0.21971893310546875, 0.21949267387390137, 0.2195732593536377, 0.21946239471435547, 0.22025418281555176, 0.21973371505737305, 0.21950149536132812, 0.21711206436157227, 0.2196359634399414, 0.21944451332092285, 0.2201240062713623, 0.21963882446289062, 0.21980977058410645, 0.22010540962219238, 0.22088360786437988, 0.21971487998962402, 0.2196805477142334, 0.2200016975402832, 0.22025632858276367, 0.21992778778076172, 0.21951031684875488, 0.21988344192504883, 0.21997404098510742, 0.21993374824523926, 0.21929001808166504, 0.21991682052612305, 0.21996402740478516, 0.21996545791625977, 0.22014451026916504, 0.21968793869018555, 0.22002196311950684, 0.21964693069458008, 0.21895718574523926, 0.22029376029968262, 0.21993160247802734, 0.2198657989501953, 0.22002148628234863, 0.21990418434143066, 0.22033977508544922, 0.22034668922424316, 0.2190694808959961, 0.221543550491333, 0.2208995819091797, 0.21855497360229492, 0.21924448013305664, 0.219743013381958, 0.21988868713378906, 0.22026872634887695, 0.21978139877319336, 0.22019410133361816, 0.22036433219909668, 0.2192554473876953, 0.2187647819519043, 0.22027230262756348, 0.22004246711730957, 0.21938681602478027, 0.2199387550354004, 0.2190260887145996, 0.21991491317749023, 0.22121000289916992, 0.21915769577026367, 0.21953177452087402, 0.21912646293640137, 0.22036194801330566, 0.22022318840026855, 0.21939945220947266, 0.22061586380004883, 0.21935439109802246, 0.2200450897216797, 0.22021794319152832, 0.21973967552185059, 0.21994376182556152, 0.222991943359375, 0.21564459800720215, 0.22002077102661133, 0.21965289115905762, 0.2195730209350586, 0.2195873260498047, 0.21910643577575684, 0.21630167961120605, 0.21871590614318848, 0.21906280517578125, 0.22002005577087402, 0.21971511840820312, 0.2197432518005371, 0.2198188304901123, 0.21979880332946777, 0.21663475036621094, 0.21908926963806152, 0.21967458724975586, 0.21957015991210938, 0.2193920612335205, 0.21925854682922363, 0.2200934886932373, 0.21994280815124512, 0.2201521396636963]}