{"batch": {"label": "batch", "average_duration": 0.18551879422418002, "n_events": 290, "total_time": 53.80045032501221}, "batch.accumulate": {"label": "batch.accumulate", "average_duration": 0.0029508935080634225, "n_events": 18, "total_time": 0.0531160831451416}, "batch.backward": {"label": "batch.backward", "average_duration": 0.12277224146086595, "n_events": 290, "total_time": 35.60395002365112}, "batch.evaluate": {"label": "batch.evaluate", "average_duration": 0.0007730853968653186, "n_events": 290, "total_time": 0.22419476509094238}, "batch.forward": {"label": "batch.forward", "average_duration": 0.04124351041070346, "n_events": 290, "total_time": 11.960618019104004}, "batch.reduce": {"label": "batch.reduce", "average_duration": 0.04351875517103407, "n_events": 18, "total_time": 0.7833375930786133}, "batch.step": {"label": "batch.step", "average_duration": 0.009076857566833496, "n_events": 290, "total_time": 2.632288694381714}, "epoch_metrics.collect": {"label": "epoch_metrics.collect", "average_duration": 0.05047714710235596, "n_events": 2, "total_time": 0.10095429420471191}, "reduce.allreduce": {"label": "reduce.allreduce", "average_duration": 0.042355749342176646, "n_events": 18, "total_time": 0.7624034881591797}, "reduce.flat_pack": {"label": "reduce.flat_pack", "average_duration": 0.001021054055955675, "n_events": 18, "total_time": 0.01837897300720215}, "test.last": {"label": "test.last", "average_duration": 1.4930063486099243, "n_events": 2, "total_time": 2.9860126972198486}}