{"batch": {"label": "batch", "average_duration": 0.12821077647274487, "n_events": 584, "total_time": 74.87509346008301}, "batch.accumulate": {"label": "batch.accumulate", "average_duration": 0.0009798438925492136, "n_events": 38, "total_time": 0.03723406791687012}, "batch.backward": {"label": "batch.backward", "average_duration": 0.06504060225943996, "n_events": 584, "total_time": 37.98371171951294}, "batch.evaluate": {"label": "batch.evaluate", "average_duration": 0.0011734815493021926, "n_events": 584, "total_time": 0.6853132247924805}, "batch.forward": {"label": "batch.forward", "average_duration": 0.0063063187958443, "n_events": 584, "total_time": 3.6828901767730713}, "batch.reduce": {"label": "batch.reduce", "average_duration": 0.7364474346763209, "n_events": 38, "total_time": 27.985002517700195}, "batch.step": {"label": "batch.step", "average_duration": 0.0033502007183963305, "n_events": 584, "total_time": 1.956517219543457}, "epoch_metrics.collect": {"label": "epoch_metrics.collect", "average_duration": 0.013672947883605957, "n_events": 2, "total_time": 0.027345895767211914}, "reduce.compress": {"label": "reduce.compress", "average_duration": 0.002108705671210038, "n_events": 38, "total_time": 0.08013081550598145}, "reduce.decompress": {"label": "reduce.decompress", "average_duration": 0.0002115337472212942, "n_events": 38, "total_time": 0.00803828239440918}, "reduce.flat_pack": {"label": "reduce.flat_pack", "average_duration": 0.0006426384574488589, "n_events": 38, "total_time": 0.02442026138305664}, "reduce.norm": {"label": "reduce.norm", "average_duration": 0.7250406616612485, "n_events": 38, "total_time": 27.55154514312744}, "reduce.reduce.vector": {"label": "reduce.reduce.vector", "average_duration": 0.00535549615558825, "n_events": 38, "total_time": 0.20350885391235352}, "reduce.setgrad": {"label": "reduce.setgrad", "average_duration": 0.002791436094986765, "n_events": 38, "total_time": 0.10607457160949707}, "test.last": {"label": "test.last", "average_duration": 3.3963905572891235, "n_events": 2, "total_time": 6.792781114578247}}