{"batch": {"label": "batch", "average_duration": 0.18898571122832383, "n_events": 387, "total_time": 73.13747024536133}, "batch.accumulate": {"label": "batch.accumulate", "average_duration": 0.00280606746673584, "n_events": 18, "total_time": 0.05050921440124512}, "batch.backward": {"label": "batch.backward", "average_duration": 0.1236711460182525, "n_events": 387, "total_time": 47.86073350906372}, "batch.evaluate": {"label": "batch.evaluate", "average_duration": 0.0007354326026384221, "n_events": 387, "total_time": 0.28461241722106934}, "batch.forward": {"label": "batch.forward", "average_duration": 0.041386559336068406, "n_events": 387, "total_time": 16.01659846305847}, "batch.reduce": {"label": "batch.reduce", "average_duration": 0.03626022073957655, "n_events": 18, "total_time": 0.6526839733123779}, "batch.step": {"label": "batch.step", "average_duration": 0.00854308475819669, "n_events": 387, "total_time": 3.306173801422119}, "epoch_metrics.collect": {"label": "epoch_metrics.collect", "average_duration": 0.018494685490926106, "n_events": 3, "total_time": 0.05548405647277832}, "reduce.compress": {"label": "reduce.compress", "average_duration": 0.0010077555974324544, "n_events": 18, "total_time": 0.01813960075378418}, "reduce.decompress": {"label": "reduce.decompress", "average_duration": 0.00020582146114773222, "n_events": 18, "total_time": 0.0037047863006591797}, "reduce.flat_pack": {"label": "reduce.flat_pack", "average_duration": 0.0009287330839369032, "n_events": 18, "total_time": 0.016717195510864258}, "reduce.norm": {"label": "reduce.norm", "average_duration": 0.02491870191362169, "n_events": 18, "total_time": 0.44853663444519043}, "reduce.reduce.vector": {"label": "reduce.reduce.vector", "average_duration": 0.00017559528350830078, "n_events": 18, "total_time": 0.003160715103149414}, "reduce.setgrad": {"label": "reduce.setgrad", "average_duration": 0.008547623952229818, "n_events": 18, "total_time": 0.15385723114013672}, "test.last": {"label": "test.last", "average_duration": 1.474945306777954, "n_events": 3, "total_time": 4.424835920333862}}