{"batch": {"label": "batch", "average_duration": 0.2498904505794298, "n_events": 974, "total_time": 243.39329886436462}, "batch.accumulate": {"label": "batch.accumulate", "average_duration": 0.0028468047324147314, "n_events": 974, "total_time": 2.7727878093719482}, "batch.backward": {"label": "batch.backward", "average_duration": 0.14399140669335087, "n_events": 974, "total_time": 140.24763011932373}, "batch.evaluate": {"label": "batch.evaluate", "average_duration": 0.0007161325497793711, "n_events": 974, "total_time": 0.6975131034851074}, "batch.forward": {"label": "batch.forward", "average_duration": 0.0665933510606049, "n_events": 974, "total_time": 64.86192393302917}, "batch.reduce": {"label": "batch.reduce", "average_duration": 0.012971023514530252, "n_events": 974, "total_time": 12.633776903152466}, "batch.step": {"label": "batch.step", "average_duration": 0.015445521724787092, "n_events": 974, "total_time": 15.043938159942627}, "epoch_metrics.collect": {"label": "epoch_metrics.collect", "average_duration": 0.008958578109741211, "n_events": 4, "total_time": 0.035834312438964844}, "reduce.compress": {"label": "reduce.compress", "average_duration": 0.0008494153894193364, "n_events": 974, "total_time": 0.8273305892944336}, "reduce.decompress": {"label": "reduce.decompress", "average_duration": 0.0001954584395860989, "n_events": 974, "total_time": 0.19037652015686035}, "reduce.flat_pack": {"label": "reduce.flat_pack", "average_duration": 0.001308137631269451, "n_events": 974, "total_time": 1.2741260528564453}, "reduce.norm": {"label": "reduce.norm", "average_duration": 0.0008127082299892417, "n_events": 974, "total_time": 0.7915778160095215}, "reduce.reduce.vector": {"label": "reduce.reduce.vector", "average_duration": 0.0001166814161766726, "n_events": 974, "total_time": 0.1136476993560791}, "reduce.setgrad": {"label": "reduce.setgrad", "average_duration": 0.00922062729907966, "n_events": 974, "total_time": 8.980890989303589}, "test.last": {"label": "test.last", "average_duration": 3.033891022205353, "n_events": 4, "total_time": 12.135564088821411}}