{"batch": {"label": "batch", "average_duration": 0.25168507789439487, "n_events": 974, "total_time": 245.14126586914062}, "batch.accumulate": {"label": "batch.accumulate", "average_duration": 0.00267491105645589, "n_events": 974, "total_time": 2.605363368988037}, "batch.backward": {"label": "batch.backward", "average_duration": 0.023260536135099753, "n_events": 974, "total_time": 22.655762195587158}, "batch.evaluate": {"label": "batch.evaluate", "average_duration": 0.1749545583000418, "n_events": 974, "total_time": 170.40573978424072}, "batch.forward": {"label": "batch.forward", "average_duration": 0.012609140339328523, "n_events": 974, "total_time": 12.281302690505981}, "batch.reduce": {"label": "batch.reduce", "average_duration": 0.016960968961461122, "n_events": 974, "total_time": 16.519983768463135}, "batch.step": {"label": "batch.step", "average_duration": 0.014222450569669814, "n_events": 974, "total_time": 13.852666854858398}, "epoch_metrics.collect": {"label": "epoch_metrics.collect", "average_duration": 0.002202451229095459, "n_events": 4, "total_time": 0.008809804916381836}, "reduce.compress": {"label": "reduce.compress", "average_duration": 0.0007800877216660267, "n_events": 974, "total_time": 0.75980544090271}, "reduce.decompress": {"label": "reduce.decompress", "average_duration": 0.000178936815359754, "n_events": 974, "total_time": 0.1742844581604004}, "reduce.flat_pack": {"label": "reduce.flat_pack", "average_duration": 0.0005910947337532435, "n_events": 974, "total_time": 0.5757262706756592}, "reduce.norm": {"label": "reduce.norm", "average_duration": 0.006169521098753755, "n_events": 974, "total_time": 6.009113550186157}, "reduce.reduce.vector": {"label": "reduce.reduce.vector", "average_duration": 9.733573122435772e-05, "n_events": 974, "total_time": 0.09480500221252441}, "reduce.setgrad": {"label": "reduce.setgrad", "average_duration": 0.008410417813295212, "n_events": 974, "total_time": 8.191746950149536}, "test.last": {"label": "test.last", "average_duration": 2.5179924368858337, "n_events": 4, "total_time": 10.071969747543335}}