{"batch": {"label": "batch", "average_duration": 0.18790890145178285, "n_events": 193, "total_time": 36.26641798019409}, "batch.accumulate": {"label": "batch.accumulate", "average_duration": 0.0029391050338745117, "n_events": 18, "total_time": 0.05290389060974121}, "batch.backward": {"label": "batch.backward", "average_duration": 0.02551667554390863, "n_events": 193, "total_time": 4.924718379974365}, "batch.evaluate": {"label": "batch.evaluate", "average_duration": 0.11645762908026344, "n_events": 193, "total_time": 22.476322412490845}, "batch.forward": {"label": "batch.forward", "average_duration": 0.02316728527681815, "n_events": 193, "total_time": 4.471286058425903}, "batch.reduce": {"label": "batch.reduce", "average_duration": 0.04759499761793348, "n_events": 18, "total_time": 0.8567099571228027}, "batch.step": {"label": "batch.step", "average_duration": 0.008918226074060627, "n_events": 193, "total_time": 1.7212176322937012}, "epoch_metrics.collect": {"label": "epoch_metrics.collect", "average_duration": 0.007555723190307617, "n_events": 1, "total_time": 0.007555723190307617}, "reduce.compress": {"label": "reduce.compress", "average_duration": 0.0004308621088663737, "n_events": 18, "total_time": 0.0077555179595947266}, "reduce.decompress": {"label": "reduce.decompress", "average_duration": 8.979108598497178e-05, "n_events": 18, "total_time": 0.0016162395477294922}, "reduce.flat_pack": {"label": "reduce.flat_pack", "average_duration": 0.0007608334223429362, "n_events": 18, "total_time": 0.013695001602172852}, "reduce.norm": {"label": "reduce.norm", "average_duration": 0.03718876838684082, "n_events": 18, "total_time": 0.6693978309631348}, "reduce.reduce.vector": {"label": "reduce.reduce.vector", "average_duration": 0.0001461240980360243, "n_events": 18, "total_time": 0.0026302337646484375}, "reduce.setgrad": {"label": "reduce.setgrad", "average_duration": 0.0086771117316352, "n_events": 18, "total_time": 0.1561880111694336}, "test.last": {"label": "test.last", "average_duration": 1.5303993225097656, "n_events": 1, "total_time": 1.5303993225097656}}