{"batch": {"label": "batch", "average_duration": 0.18732923423688028, "n_events": 193, "total_time": 36.154542207717896}, "batch.accumulate": {"label": "batch.accumulate", "average_duration": 0.002937740749782986, "n_events": 18, "total_time": 0.05287933349609375}, "batch.backward": {"label": "batch.backward", "average_duration": 0.12297882440794317, "n_events": 193, "total_time": 23.734913110733032}, "batch.evaluate": {"label": "batch.evaluate", "average_duration": 0.0007802563010102109, "n_events": 193, "total_time": 0.1505894660949707}, "batch.forward": {"label": "batch.forward", "average_duration": 0.041240748963825444, "n_events": 193, "total_time": 7.9594645500183105}, "batch.reduce": {"label": "batch.reduce", "average_duration": 0.04081649250454373, "n_events": 18, "total_time": 0.7346968650817871}, "batch.step": {"label": "batch.step", "average_duration": 0.009079623098818131, "n_events": 193, "total_time": 1.7523672580718994}, "epoch_metrics.collect": {"label": "epoch_metrics.collect", "average_duration": 0.017773151397705078, "n_events": 1, "total_time": 0.017773151397705078}, "reduce.compress": {"label": "reduce.compress", "average_duration": 0.0032771163516574437, "n_events": 18, "total_time": 0.058988094329833984}, "reduce.decompress": {"label": "reduce.decompress", "average_duration": 0.0002937051984998915, "n_events": 18, "total_time": 0.005286693572998047}, "reduce.flat_pack": {"label": "reduce.flat_pack", "average_duration": 0.0009343491660224067, "n_events": 18, "total_time": 0.01681828498840332}, "reduce.norm": {"label": "reduce.norm", "average_duration": 0.026774340205722384, "n_events": 18, "total_time": 0.48193812370300293}, "reduce.reduce.vector": {"label": "reduce.reduce.vector", "average_duration": 0.0007342100143432617, "n_events": 18, "total_time": 0.013215780258178711}, "reduce.setgrad": {"label": "reduce.setgrad", "average_duration": 0.00849049621158176, "n_events": 18, "total_time": 0.15282893180847168}, "test.last": {"label": "test.last", "average_duration": 1.5303027629852295, "n_events": 1, "total_time": 1.5303027629852295}}