{"batch": {"label": "batch", "average_duration": 0.16421805214636104, "n_events": 194, "total_time": 31.858302116394043}, "batch.accumulate": {"label": "batch.accumulate", "average_duration": 0.002148588908087347, "n_events": 194, "total_time": 0.4168262481689453}, "batch.backward": {"label": "batch.backward", "average_duration": 0.08205545317266405, "n_events": 194, "total_time": 15.918757915496826}, "batch.evaluate": {"label": "batch.evaluate", "average_duration": 0.0006780870181998026, "n_events": 194, "total_time": 0.13154888153076172}, "batch.forward": {"label": "batch.forward", "average_duration": 0.03589705708100624, "n_events": 194, "total_time": 6.96402907371521}, "batch.reduce": {"label": "batch.reduce", "average_duration": 0.03154276695448099, "n_events": 194, "total_time": 6.1192967891693115}, "batch.step": {"label": "batch.step", "average_duration": 0.007755688785277691, "n_events": 194, "total_time": 1.504603624343872}, "reduce.compress": {"label": "reduce.compress", "average_duration": 0.003754304856369176, "n_events": 194, "total_time": 0.7283351421356201}, "reduce.decompress": {"label": "reduce.decompress", "average_duration": 0.0003752401194621607, "n_events": 194, "total_time": 0.07279658317565918}, "reduce.flat_pack": {"label": "reduce.flat_pack", "average_duration": 0.0008888416683550962, "n_events": 194, "total_time": 0.17243528366088867}, "reduce.norm": {"label": "reduce.norm", "average_duration": 0.0006605030335101884, "n_events": 194, "total_time": 0.12813758850097656}, "reduce.reduce.vector": {"label": "reduce.reduce.vector", "average_duration": 0.019021154678973955, "n_events": 194, "total_time": 3.6901040077209473}, "reduce.setgrad": {"label": "reduce.setgrad", "average_duration": 0.006530436043886794, "n_events": 194, "total_time": 1.266904592514038}}