{"batch": {"label": "batch", "average_duration": 0.08588295402922161, "n_events": 193, "total_time": 16.57541012763977}, "batch.accumulate": {"label": "batch.accumulate", "average_duration": 0.0010904338624742296, "n_events": 18, "total_time": 0.019627809524536133}, "batch.backward": {"label": "batch.backward", "average_duration": 0.06547144781122553, "n_events": 193, "total_time": 12.635989427566528}, "batch.evaluate": {"label": "batch.evaluate", "average_duration": 0.0012190082530283558, "n_events": 193, "total_time": 0.23526859283447266}, "batch.forward": {"label": "batch.forward", "average_duration": 0.00646335843931208, "n_events": 193, "total_time": 1.2474281787872314}, "batch.reduce": {"label": "batch.reduce", "average_duration": 0.01021477911207411, "n_events": 18, "total_time": 0.18386602401733398}, "batch.step": {"label": "batch.step", "average_duration": 0.0037073360205931985, "n_events": 193, "total_time": 0.7155158519744873}, "epoch_metrics.collect": {"label": "epoch_metrics.collect", "average_duration": 0.006934165954589844, "n_events": 1, "total_time": 0.006934165954589844}, "reduce.compress": {"label": "reduce.compress", "average_duration": 0.000979026158650716, "n_events": 18, "total_time": 0.01762247085571289}, "reduce.decompress": {"label": "reduce.decompress", "average_duration": 0.00021987491183810763, "n_events": 18, "total_time": 0.0039577484130859375}, "reduce.flat_pack": {"label": "reduce.flat_pack", "average_duration": 0.0006719562742445204, "n_events": 18, "total_time": 0.012095212936401367}, "reduce.norm": {"label": "reduce.norm", "average_duration": 0.004363881217108833, "n_events": 18, "total_time": 0.07854986190795898}, "reduce.reduce.vector": {"label": "reduce.reduce.vector", "average_duration": 0.00014641549852159288, "n_events": 18, "total_time": 0.002635478973388672}, "reduce.setgrad": {"label": "reduce.setgrad", "average_duration": 0.0031700929005940757, "n_events": 18, "total_time": 0.05706167221069336}, "test.last": {"label": "test.last", "average_duration": 1.3918805122375488, "n_events": 1, "total_time": 1.3918805122375488}}