{"batch": {"label": "batch", "average_duration": 0.08798709511756897, "n_events": 96, "total_time": 8.446761131286621}, "batch.accumulate": {"label": "batch.accumulate", "average_duration": 0.0010445266962051392, "n_events": 96, "total_time": 0.10027456283569336}, "batch.backward": {"label": "batch.backward", "average_duration": 0.06556396186351776, "n_events": 96, "total_time": 6.294140338897705}, "batch.evaluate": {"label": "batch.evaluate", "average_duration": 0.0011970375974973042, "n_events": 96, "total_time": 0.11491560935974121}, "batch.forward": {"label": "batch.forward", "average_duration": 0.006430089473724365, "n_events": 96, "total_time": 0.6172885894775391}, "batch.reduce": {"label": "batch.reduce", "average_duration": 0.007626752058664958, "n_events": 96, "total_time": 0.7321681976318359}, "batch.step": {"label": "batch.step", "average_duration": 0.003005156914393107, "n_events": 96, "total_time": 0.2884950637817383}, "reduce.compress": {"label": "reduce.compress", "average_duration": 0.0021038701136906943, "n_events": 96, "total_time": 0.20197153091430664}, "reduce.decompress": {"label": "reduce.decompress", "average_duration": 0.00021604448556900024, "n_events": 96, "total_time": 0.020740270614624023}, "reduce.flat_pack": {"label": "reduce.flat_pack", "average_duration": 0.00067920982837677, "n_events": 96, "total_time": 0.06520414352416992}, "reduce.norm": {"label": "reduce.norm", "average_duration": 0.0007834012309710184, "n_events": 96, "total_time": 0.07520651817321777}, "reduce.reduce.vector": {"label": "reduce.reduce.vector", "average_duration": 0.0005132531126340231, "n_events": 96, "total_time": 0.04927229881286621}, "reduce.setgrad": {"label": "reduce.setgrad", "average_duration": 0.0030580610036849976, "n_events": 96, "total_time": 0.29357385635375977}}