{"batch": {"label": "batch", "average_duration": 1.1050031934816813, "n_events": 194, "total_time": 214.37061953544617}, "batch.accumulate": {"label": "batch.accumulate", "average_duration": 0.002789389226854462, "n_events": 194, "total_time": 0.5411415100097656}, "batch.backward": {"label": "batch.backward", "average_duration": 0.07099258256142428, "n_events": 389, "total_time": 27.616114616394043}, "batch.evaluate": {"label": "batch.evaluate", "average_duration": 0.0006334070681299832, "n_events": 389, "total_time": 0.24639534950256348}, "batch.forward": {"label": "batch.forward", "average_duration": 0.04143937020191497, "n_events": 389, "total_time": 16.119915008544922}, "batch.reduce": {"label": "batch.reduce", "average_duration": 0.8361709412840224, "n_events": 194, "total_time": 162.21716260910034}, "batch.step": {"label": "batch.step", "average_duration": 0.009503099107250725, "n_events": 194, "total_time": 1.8436012268066406}, "reduce.allreduce": {"label": "reduce.allreduce", "average_duration": 0.8350527139054131, "n_events": 194, "total_time": 162.00022649765015}, "reduce.flat_pack": {"label": "reduce.flat_pack", "average_duration": 0.0009182470360982049, "n_events": 194, "total_time": 0.17813992500305176}, "reduce_times": [0.7117927074432373, 0.81130051612854, 0.8205776214599609, 0.8210225105285645, 0.8173098564147949, 0.8145878314971924, 0.8214969635009766, 0.811603307723999, 0.8274948596954346, 0.8155913352966309, 0.8195242881774902, 0.8139998912811279, 0.8278443813323975, 0.8153285980224609, 0.8322467803955078, 0.8188018798828125, 0.8278875350952148, 0.8144605159759521, 0.8267412185668945, 0.8196804523468018, 0.8305978775024414, 0.8209826946258545, 0.8336131572723389, 0.8179583549499512, 0.8286614418029785, 0.8185679912567139, 0.8296182155609131, 0.8236992359161377, 0.8363254070281982, 0.8247194290161133, 0.8244349956512451, 0.8238379955291748, 0.8305680751800537, 0.8242814540863037, 0.8303906917572021, 0.8230307102203369, 0.8272545337677002, 0.8180532455444336, 0.8355958461761475, 0.8297684192657471, 0.8295929431915283, 0.8277478218078613, 0.8299102783203125, 0.8180592060089111, 0.8290035724639893, 0.8226561546325684, 0.8262567520141602, 0.8226265907287598, 0.8242361545562744, 0.8179647922515869, 0.8337850570678711, 0.8233470916748047, 0.8337960243225098, 0.8255672454833984, 0.8346078395843506, 0.8252239227294922, 1.0516400337219238, 1.0686771869659424, 0.8674211502075195, 0.8212070465087891, 0.8324418067932129, 0.8249528408050537, 0.8255248069763184, 0.8278892040252686, 0.8274612426757812, 0.830946683883667, 0.8315892219543457, 0.8304762840270996, 0.831953763961792, 0.8326816558837891, 0.829970121383667, 0.832056999206543, 0.8417558670043945, 0.8280587196350098, 0.8340859413146973, 0.8192853927612305, 0.8320925235748291, 0.833848237991333, 0.8407790660858154, 0.8326930999755859, 0.8333003520965576, 0.8380858898162842, 0.8351991176605225, 0.8312757015228271, 0.833906888961792, 0.8333156108856201, 0.8351702690124512, 0.8222248554229736, 0.8335723876953125, 0.8249905109405518, 0.8385334014892578, 0.8348979949951172, 0.8327813148498535, 0.835594892501831, 0.8392434120178223, 0.8342766761779785, 0.8361937999725342, 0.8389937877655029, 0.8377728462219238, 0.8351125717163086, 0.8387031555175781, 0.8314659595489502, 0.8420901298522949, 0.8366668224334717, 0.8326430320739746, 0.8253896236419678, 0.8359851837158203, 0.8371565341949463, 0.8318226337432861, 0.8338606357574463, 0.8325462341308594, 0.8331985473632812, 0.8318660259246826, 0.8352644443511963, 0.8369603157043457, 0.833320140838623, 0.8320193290710449, 0.8387794494628906, 0.8331489562988281, 0.8403573036193848, 0.8336970806121826, 0.8356001377105713, 0.8296935558319092, 0.833263635635376, 0.8347985744476318, 0.8388409614562988, 0.8313302993774414, 0.8454267978668213, 0.8405091762542725, 0.8503031730651855, 0.8434000015258789, 0.842926025390625, 0.8386454582214355, 0.839789628982544, 0.8392374515533447, 0.8423209190368652, 0.838862419128418, 0.8467695713043213, 0.843045711517334, 0.8465852737426758, 0.8423457145690918, 0.8508498668670654, 0.8337736129760742, 0.8471753597259521, 0.839907169342041, 0.8387467861175537, 0.8484859466552734, 0.8369252681732178, 0.8441007137298584, 0.8464503288269043, 0.8432576656341553, 0.8461639881134033, 0.8429093360900879, 0.8353776931762695, 0.8431484699249268, 0.8371152877807617, 0.8419597148895264, 0.8380036354064941, 0.8356344699859619, 0.8402416706085205, 0.8445298671722412, 0.8402564525604248, 0.8458127975463867, 0.8404529094696045, 0.8368597030639648, 0.8420324325561523, 0.8414781093597412, 0.8372750282287598, 0.8408448696136475, 0.8296229839324951, 0.8449749946594238, 0.8402712345123291, 0.8561203479766846, 0.8399975299835205, 0.8417491912841797, 0.8380155563354492, 0.8452479839324951, 0.8372712135314941, 0.8462333679199219, 0.8347704410552979, 0.8402173519134521, 0.8396873474121094, 0.8439135551452637, 0.8440666198730469, 0.8421590328216553, 0.8360729217529297, 0.843442440032959, 0.8419620990753174, 0.8418374061584473, 0.8399193286895752, 0.842289924621582, 0.8409500122070312, 0.8412928581237793, 0.8418123722076416, 0.8450865745544434]}