{"batch": {"label": "batch", "average_duration": 0.0854210580388705, "n_events": 96, "total_time": 8.200421571731567}, "batch.accumulate": {"label": "batch.accumulate", "average_duration": 0.0010554393132527669, "n_events": 96, "total_time": 0.10132217407226562}, "batch.backward": {"label": "batch.backward", "average_duration": 0.06565710405508678, "n_events": 96, "total_time": 6.30308198928833}, "batch.evaluate": {"label": "batch.evaluate", "average_duration": 0.0011577382683753967, "n_events": 96, "total_time": 0.11114287376403809}, "batch.forward": {"label": "batch.forward", "average_duration": 0.006478639940420787, "n_events": 96, "total_time": 0.6219494342803955}, "batch.reduce": {"label": "batch.reduce", "average_duration": 0.004697802166144053, "n_events": 96, "total_time": 0.4509890079498291}, "batch.step": {"label": "batch.step", "average_duration": 0.0031246120731035867, "n_events": 96, "total_time": 0.29996275901794434}, "reduce.allreduce": {"label": "reduce.allreduce", "average_duration": 0.003894063333670298, "n_events": 96, "total_time": 0.37383008003234863}, "reduce.flat_pack": {"label": "reduce.flat_pack", "average_duration": 0.0006899312138557434, "n_events": 96, "total_time": 0.06623339653015137}}