{"batch": {"label": "batch", "average_duration": 0.1822251675972951, "n_events": 387, "total_time": 70.5211398601532}, "batch.accumulate": {"label": "batch.accumulate", "average_duration": 0.0029976235495673288, "n_events": 18, "total_time": 0.053957223892211914}, "batch.backward": {"label": "batch.backward", "average_duration": 0.024901605083652863, "n_events": 387, "total_time": 9.636921167373657}, "batch.evaluate": {"label": "batch.evaluate", "average_duration": 0.11618070331346773, "n_events": 387, "total_time": 44.96193218231201}, "batch.forward": {"label": "batch.forward", "average_duration": 0.0233730438143708, "n_events": 387, "total_time": 9.045367956161499}, "batch.reduce": {"label": "batch.reduce", "average_duration": 0.01036912865108914, "n_events": 18, "total_time": 0.1866443157196045}, "batch.step": {"label": "batch.step", "average_duration": 0.00889358902470394, "n_events": 387, "total_time": 3.441818952560425}, "epoch_metrics.collect": {"label": "epoch_metrics.collect", "average_duration": 0.04103835423787435, "n_events": 3, "total_time": 0.12311506271362305}, "reduce.allreduce": {"label": "reduce.allreduce", "average_duration": 0.009481125407748751, "n_events": 18, "total_time": 0.17066025733947754}, "reduce.flat_pack": {"label": "reduce.flat_pack", "average_duration": 0.0007587141460842557, "n_events": 18, "total_time": 0.013656854629516602}, "test.last": {"label": "test.last", "average_duration": 1.5072691440582275, "n_events": 3, "total_time": 4.521807432174683}, "reduce_times": [0.010653495788574219, 0.010317325592041016, 0.010396242141723633, 0.010203123092651367, 0.010471820831298828, 0.010399103164672852, 0.010282516479492188, 0.010485410690307617, 0.010342597961425781, 0.010567665100097656, 0.010301828384399414, 0.010324478149414062, 0.01021265983581543, 0.010878324508666992, 0.010372161865234375, 0.010259628295898438, 0.010183095932006836, 0.01033163070678711, 0.010314702987670898]}