{"batch": {"label": "batch", "average_duration": 0.36307281752427417, "n_events": 96, "total_time": 34.85499048233032}, "batch.accumulate": {"label": "batch.accumulate", "average_duration": 0.002690858311123318, "n_events": 18, "total_time": 0.04843544960021973}, "batch.backward": {"label": "batch.backward", "average_duration": 0.12200796107451121, "n_events": 96, "total_time": 11.712764263153076}, "batch.evaluate": {"label": "batch.evaluate", "average_duration": 0.0006898269057273865, "n_events": 96, "total_time": 0.0662233829498291}, "batch.forward": {"label": "batch.forward", "average_duration": 0.04104659706354141, "n_events": 96, "total_time": 3.9404733180999756}, "batch.reduce": {"label": "batch.reduce", "average_duration": 0.8828956683476766, "n_events": 18, "total_time": 15.892122030258179}, "batch.step": {"label": "batch.step", "average_duration": 0.008855839570363363, "n_events": 96, "total_time": 0.8501605987548828}, "reduce.compress": {"label": "reduce.compress", "average_duration": 0.0032811297310723197, "n_events": 18, "total_time": 0.05906033515930176}, "reduce.decompress": {"label": "reduce.decompress", "average_duration": 0.000295665529039171, "n_events": 18, "total_time": 0.005321979522705078}, "reduce.flat_pack": {"label": "reduce.flat_pack", "average_duration": 0.0009919537438286676, "n_events": 18, "total_time": 0.017855167388916016}, "reduce.norm": {"label": "reduce.norm", "average_duration": 0.8597866826587253, "n_events": 18, "total_time": 15.476160287857056}, "reduce.reduce.vector": {"label": "reduce.reduce.vector", "average_duration": 0.00980324215359158, "n_events": 18, "total_time": 0.17645835876464844}, "reduce.setgrad": {"label": "reduce.setgrad", "average_duration": 0.008390307426452637, "n_events": 18, "total_time": 0.15102553367614746}}