{"batch": {"label": "batch", "average_duration": 0.08196744836609939, "n_events": 290, "total_time": 23.770560026168823}, "batch.accumulate": {"label": "batch.accumulate", "average_duration": 0.0011084874471028645, "n_events": 18, "total_time": 0.019952774047851562}, "batch.backward": {"label": "batch.backward", "average_duration": 0.06685333498593034, "n_events": 290, "total_time": 19.3874671459198}, "batch.evaluate": {"label": "batch.evaluate", "average_duration": 0.0012019149188337655, "n_events": 290, "total_time": 0.348555326461792}, "batch.forward": {"label": "batch.forward", "average_duration": 0.006503941272867137, "n_events": 290, "total_time": 1.8861429691314697}, "batch.reduce": {"label": "batch.reduce", "average_duration": 0.01234281063079834, "n_events": 18, "total_time": 0.22217059135437012}, "batch.step": {"label": "batch.step", "average_duration": 0.0034308606180651433, "n_events": 290, "total_time": 0.9949495792388916}, "epoch_metrics.collect": {"label": "epoch_metrics.collect", "average_duration": 0.004287242889404297, "n_events": 2, "total_time": 0.008574485778808594}, "reduce.compress": {"label": "reduce.compress", "average_duration": 0.002109739515516493, "n_events": 18, "total_time": 0.037975311279296875}, "reduce.decompress": {"label": "reduce.decompress", "average_duration": 0.00022129217783610025, "n_events": 18, "total_time": 0.003983259201049805}, "reduce.flat_pack": {"label": "reduce.flat_pack", "average_duration": 0.0007537470923529731, "n_events": 18, "total_time": 0.013567447662353516}, "reduce.norm": {"label": "reduce.norm", "average_duration": 0.0054097043143378366, "n_events": 18, "total_time": 0.09737467765808105}, "reduce.reduce.vector": {"label": "reduce.reduce.vector", "average_duration": 0.0005215538872612847, "n_events": 18, "total_time": 0.009387969970703125}, "reduce.setgrad": {"label": "reduce.setgrad", "average_duration": 0.003025968869527181, "n_events": 18, "total_time": 0.05446743965148926}, "test.last": {"label": "test.last", "average_duration": 1.3301652669906616, "n_events": 2, "total_time": 2.6603305339813232}}