{"batch": {"label": "batch", "average_duration": 1.0698541185236836, "n_events": 389, "total_time": 416.1732521057129}, "batch.accumulate": {"label": "batch.accumulate", "average_duration": 0.0027803823083715757, "n_events": 389, "total_time": 1.081568717956543}, "batch.backward": {"label": "batch.backward", "average_duration": 0.7420244033048575, "n_events": 389, "total_time": 288.6474928855896}, "batch.evaluate": {"label": "batch.evaluate", "average_duration": 0.0007196336908021746, "n_events": 389, "total_time": 0.2799375057220459}, "batch.forward": {"label": "batch.forward", "average_duration": 0.2673825715072357, "n_events": 389, "total_time": 104.0118203163147}, "batch.reduce": {"label": "batch.reduce", "average_duration": 0.03969968621712417, "n_events": 389, "total_time": 15.443177938461304}, "batch.step": {"label": "batch.step", "average_duration": 0.012145307805666887, "n_events": 389, "total_time": 4.724524736404419}, "reduce.compress": {"label": "reduce.compress", "average_duration": 0.024114412023353085, "n_events": 389, "total_time": 9.38050627708435}, "reduce.decompress": {"label": "reduce.decompress", "average_duration": 0.0034750531449109544, "n_events": 389, "total_time": 1.3517956733703613}, "reduce.flat_pack": {"label": "reduce.flat_pack", "average_duration": 0.001978489917470741, "n_events": 389, "total_time": 0.7696325778961182}, "reduce.norm": {"label": "reduce.norm", "average_duration": 0.0019080510176239405, "n_events": 389, "total_time": 0.7422318458557129}, "reduce.reduce.vector": {"label": "reduce.reduce.vector", "average_duration": 1.1893961300886689e-05, "n_events": 389, "total_time": 0.004626750946044922}, "reduce.setgrad": {"label": "reduce.setgrad", "average_duration": 0.007991425482350328, "n_events": 389, "total_time": 3.1086645126342773}}