{"batch": {"label": "batch", "average_duration": 0.028577920403762464, "n_events": 389, "total_time": 11.116811037063599}, "batch.accumulate": {"label": "batch.accumulate", "average_duration": 0.0007649356724363979, "n_events": 389, "total_time": 0.2975599765777588}, "batch.backward": {"label": "batch.backward", "average_duration": 0.012768685358042582, "n_events": 389, "total_time": 4.9670186042785645}, "batch.evaluate": {"label": "batch.evaluate", "average_duration": 0.0009576636905228878, "n_events": 389, "total_time": 0.3725311756134033}, "batch.forward": {"label": "batch.forward", "average_duration": 0.0055497403622899386, "n_events": 389, "total_time": 2.158849000930786}, "batch.reduce": {"label": "batch.reduce", "average_duration": 0.004347944014483062, "n_events": 389, "total_time": 1.6913502216339111}, "batch.step": {"label": "batch.step", "average_duration": 0.0027596926014956595, "n_events": 389, "total_time": 1.0735204219818115}, "reduce.compress": {"label": "reduce.compress", "average_duration": 0.0003400179904653358, "n_events": 389, "total_time": 0.13226699829101562}, "reduce.decompress": {"label": "reduce.decompress", "average_duration": 8.17064760889676e-05, "n_events": 389, "total_time": 0.0317838191986084}, "reduce.flat_pack": {"label": "reduce.flat_pack", "average_duration": 0.0008122528733201995, "n_events": 389, "total_time": 0.3159663677215576}, "reduce.norm": {"label": "reduce.norm", "average_duration": 0.00010637023455073104, "n_events": 389, "total_time": 0.041378021240234375}, "reduce.reduce.vector": {"label": "reduce.reduce.vector", "average_duration": 9.807032607208488e-06, "n_events": 389, "total_time": 0.0038149356842041016}, "reduce.setgrad": {"label": "reduce.setgrad", "average_duration": 0.0024522809565526967, "n_events": 389, "total_time": 0.953937292098999}}