{"batch": {"label": "batch", "average_duration": 0.08587478479573146, "n_events": 193, "total_time": 16.573833465576172}, "batch.accumulate": {"label": "batch.accumulate", "average_duration": 0.001074936654832628, "n_events": 18, "total_time": 0.019348859786987305}, "batch.backward": {"label": "batch.backward", "average_duration": 0.00624772551146196, "n_events": 193, "total_time": 1.2058110237121582}, "batch.evaluate": {"label": "batch.evaluate", "average_duration": 0.061093471210855274, "n_events": 193, "total_time": 11.791039943695068}, "batch.forward": {"label": "batch.forward", "average_duration": 0.005566115206387377, "n_events": 193, "total_time": 1.0742602348327637}, "batch.reduce": {"label": "batch.reduce", "average_duration": 0.015172269609239366, "n_events": 18, "total_time": 0.2731008529663086}, "batch.step": {"label": "batch.step", "average_duration": 0.0031664050304827914, "n_events": 193, "total_time": 0.6111161708831787}, "epoch_metrics.collect": {"label": "epoch_metrics.collect", "average_duration": 0.0011484622955322266, "n_events": 1, "total_time": 0.0011484622955322266}, "reduce.compress": {"label": "reduce.compress", "average_duration": 0.0009752114613850912, "n_events": 18, "total_time": 0.01755380630493164}, "reduce.decompress": {"label": "reduce.decompress", "average_duration": 0.00021823247273763022, "n_events": 18, "total_time": 0.003928184509277344}, "reduce.flat_pack": {"label": "reduce.flat_pack", "average_duration": 0.0003009637196858724, "n_events": 18, "total_time": 0.005417346954345703}, "reduce.norm": {"label": "reduce.norm", "average_duration": 0.009907497300042046, "n_events": 18, "total_time": 0.17833495140075684}, "reduce.reduce.vector": {"label": "reduce.reduce.vector", "average_duration": 0.000124971071879069, "n_events": 18, "total_time": 0.002249479293823242}, "reduce.setgrad": {"label": "reduce.setgrad", "average_duration": 0.0031523704528808594, "n_events": 18, "total_time": 0.05674266815185547}, "test.last": {"label": "test.last", "average_duration": 1.3916547298431396, "n_events": 1, "total_time": 1.3916547298431396}}