{"batch": {"label": "batch", "average_duration": 0.08605015957293732, "n_events": 193, "total_time": 16.607680797576904}, "batch.accumulate": {"label": "batch.accumulate", "average_duration": 0.0010426309373643664, "n_events": 18, "total_time": 0.018767356872558594}, "batch.backward": {"label": "batch.backward", "average_duration": 0.00585047074550174, "n_events": 193, "total_time": 1.129140853881836}, "batch.evaluate": {"label": "batch.evaluate", "average_duration": 0.060679835976714294, "n_events": 193, "total_time": 11.71120834350586}, "batch.forward": {"label": "batch.forward", "average_duration": 0.005516933035974058, "n_events": 193, "total_time": 1.0647680759429932}, "batch.reduce": {"label": "batch.reduce", "average_duration": 0.02578686343299018, "n_events": 18, "total_time": 0.46416354179382324}, "batch.step": {"label": "batch.step", "average_duration": 0.0030926533931277577, "n_events": 193, "total_time": 0.5968821048736572}, "epoch_metrics.collect": {"label": "epoch_metrics.collect", "average_duration": 0.001928567886352539, "n_events": 1, "total_time": 0.001928567886352539}, "reduce.compress": {"label": "reduce.compress", "average_duration": 0.0009934504826863606, "n_events": 18, "total_time": 0.017882108688354492}, "reduce.decompress": {"label": "reduce.decompress", "average_duration": 0.00022651089562310113, "n_events": 18, "total_time": 0.00407719612121582}, "reduce.flat_pack": {"label": "reduce.flat_pack", "average_duration": 0.00030410289764404297, "n_events": 18, "total_time": 0.0054738521575927734}, "reduce.norm": {"label": "reduce.norm", "average_duration": 0.02049818303849962, "n_events": 18, "total_time": 0.36896729469299316}, "reduce.reduce.vector": {"label": "reduce.reduce.vector", "average_duration": 0.0001230107413397895, "n_events": 18, "total_time": 0.002214193344116211}, "reduce.setgrad": {"label": "reduce.setgrad", "average_duration": 0.003150502840677897, "n_events": 18, "total_time": 0.05670905113220215}, "test.last": {"label": "test.last", "average_duration": 1.3918073177337646, "n_events": 1, "total_time": 1.3918073177337646}}