{"batch": {"label": "batch", "average_duration": 0.21011260915393673, "n_events": 484, "total_time": 101.69450283050537}, "batch.accumulate": {"label": "batch.accumulate", "average_duration": 0.001920539485521553, "n_events": 484, "total_time": 0.9295411109924316}, "batch.backward": {"label": "batch.backward", "average_duration": 0.12337063314500919, "n_events": 484, "total_time": 59.71138644218445}, "batch.evaluate": {"label": "batch.evaluate", "average_duration": 0.0005346334670200821, "n_events": 484, "total_time": 0.2587625980377197}, "batch.forward": {"label": "batch.forward", "average_duration": 0.05997810728293805, "n_events": 484, "total_time": 29.029403924942017}, "batch.reduce": {"label": "batch.reduce", "average_duration": 0.012083437324555453, "n_events": 484, "total_time": 5.848383665084839}, "batch.step": {"label": "batch.step", "average_duration": 0.008869499214424575, "n_events": 484, "total_time": 4.292837619781494}, "epoch_metrics.collect": {"label": "epoch_metrics.collect", "average_duration": 0.0058362483978271484, "n_events": 4, "total_time": 0.023344993591308594}, "reduce.compress": {"label": "reduce.compress", "average_duration": 0.000334322452545166, "n_events": 484, "total_time": 0.16181206703186035}, "reduce.decompress": {"label": "reduce.decompress", "average_duration": 8.329133356898285e-05, "n_events": 484, "total_time": 0.040313005447387695}, "reduce.flat_pack": {"label": "reduce.flat_pack", "average_duration": 0.00073728728885493, "n_events": 484, "total_time": 0.35684704780578613}, "reduce.norm": {"label": "reduce.norm", "average_duration": 0.0028721773919980387, "n_events": 484, "total_time": 1.3901338577270508}, "reduce.reduce.vector": {"label": "reduce.reduce.vector", "average_duration": 0.0009574914766737252, "n_events": 484, "total_time": 0.463425874710083}, "reduce.setgrad": {"label": "reduce.setgrad", "average_duration": 0.006693917365113566, "n_events": 484, "total_time": 3.239856004714966}, "test.last": {"label": "test.last", "average_duration": 1.4184251427650452, "n_events": 4, "total_time": 5.673700571060181}}