{"batch": {"label": "batch", "average_duration": 0.3647732411821683, "n_events": 96, "total_time": 35.01823115348816}, "batch.accumulate": {"label": "batch.accumulate", "average_duration": 0.002675215403238932, "n_events": 18, "total_time": 0.04815387725830078}, "batch.backward": {"label": "batch.backward", "average_duration": 0.12210420270760854, "n_events": 96, "total_time": 11.72200345993042}, "batch.evaluate": {"label": "batch.evaluate", "average_duration": 0.0007660811146100363, "n_events": 96, "total_time": 0.07354378700256348}, "batch.forward": {"label": "batch.forward", "average_duration": 0.0410935233036677, "n_events": 96, "total_time": 3.9449782371520996}, "batch.reduce": {"label": "batch.reduce", "average_duration": 0.8820599052641127, "n_events": 18, "total_time": 15.877078294754028}, "batch.step": {"label": "batch.step", "average_duration": 0.010068575541178385, "n_events": 96, "total_time": 0.966583251953125}, "reduce.compress": {"label": "reduce.compress", "average_duration": 0.02538674407535129, "n_events": 18, "total_time": 0.45696139335632324}, "reduce.decompress": {"label": "reduce.decompress", "average_duration": 0.0015214284261067708, "n_events": 18, "total_time": 0.027385711669921875}, "reduce.flat_pack": {"label": "reduce.flat_pack", "average_duration": 0.0009907219145033094, "n_events": 18, "total_time": 0.01783299446105957}, "reduce.norm": {"label": "reduce.norm", "average_duration": 0.8442848126093546, "n_events": 18, "total_time": 15.197126626968384}, "reduce.setgrad": {"label": "reduce.setgrad", "average_duration": 0.009550876087612577, "n_events": 18, "total_time": 0.17191576957702637}}