{"batch": {"label": "batch", "average_duration": 0.13326598100425782, "n_events": 484, "total_time": 64.50073480606079}, "batch.accumulate": {"label": "batch.accumulate", "average_duration": 0.0006928493168728411, "n_events": 484, "total_time": 0.3353390693664551}, "batch.backward": {"label": "batch.backward", "average_duration": 0.06497065685997325, "n_events": 484, "total_time": 31.44579792022705}, "batch.evaluate": {"label": "batch.evaluate", "average_duration": 0.0005479193916005536, "n_events": 484, "total_time": 0.26519298553466797}, "batch.forward": {"label": "batch.forward", "average_duration": 0.05536680231409625, "n_events": 484, "total_time": 26.797532320022583}, "batch.reduce": {"label": "batch.reduce", "average_duration": 0.0073277546354561796, "n_events": 484, "total_time": 3.546633243560791}, "batch.step": {"label": "batch.step", "average_duration": 0.002962991225817972, "n_events": 484, "total_time": 1.4340877532958984}, "epoch_metrics.collect": {"label": "epoch_metrics.collect", "average_duration": 0.006460249423980713, "n_events": 4, "total_time": 0.02584099769592285}, "reduce.compress": {"label": "reduce.compress", "average_duration": 0.0014893649038204477, "n_events": 484, "total_time": 0.7208526134490967}, "reduce.decompress": {"label": "reduce.decompress", "average_duration": 0.00018864475991115098, "n_events": 484, "total_time": 0.09130406379699707}, "reduce.flat_pack": {"label": "reduce.flat_pack", "average_duration": 0.0003569702471583343, "n_events": 484, "total_time": 0.1727735996246338}, "reduce.norm": {"label": "reduce.norm", "average_duration": 0.0015090703964233398, "n_events": 484, "total_time": 0.7303900718688965}, "reduce.reduce.vector": {"label": "reduce.reduce.vector", "average_duration": 0.0008799916456553561, "n_events": 484, "total_time": 0.4259159564971924}, "reduce.setgrad": {"label": "reduce.setgrad", "average_duration": 0.0024614811928804258, "n_events": 484, "total_time": 1.191356897354126}, "test.last": {"label": "test.last", "average_duration": 1.1709172129631042, "n_events": 4, "total_time": 4.683668851852417}}