{"batch": {"label": "batch", "average_duration": 0.15467460306531414, "n_events": 29249, "total_time": 4524.077465057373}, "batch.accumulate": {"label": "batch.accumulate", "average_duration": 0.000841233745722197, "n_events": 29249, "total_time": 24.60524582862854}, "batch.backward": {"label": "batch.backward", "average_duration": 0.022243988355402946, "n_events": 29249, "total_time": 650.6144154071808}, "batch.evaluate": {"label": "batch.evaluate", "average_duration": 0.00041674182714081253, "n_events": 29249, "total_time": 12.189281702041626}, "batch.forward": {"label": "batch.forward", "average_duration": 0.011302144251349375, "n_events": 29249, "total_time": 330.5764172077179}, "batch.reduce": {"label": "batch.reduce", "average_duration": 0.1179413944722249, "n_events": 29249, "total_time": 3449.667846918106}, "batch.step": {"label": "batch.step", "average_duration": 0.0007932485688498515, "n_events": 29249, "total_time": 23.201727390289307}, "epoch_metrics.collect": {"label": "epoch_metrics.collect", "average_duration": 0.0016806061635881461, "n_events": 149, "total_time": 0.2504103183746338}, "reduce.combine": {"label": "reduce.combine", "average_duration": 0.013931377218777862, "n_events": 29249, "total_time": 407.4788522720337}, "reduce.flatpack": {"label": "reduce.flatpack", "average_duration": 7.244714806518325e-05, "n_events": 29249, "total_time": 2.119006633758545}, "reduce.gather": {"label": "reduce.gather", "average_duration": 0.0034826340163938855, "n_events": 29249, "total_time": 101.86356234550476}, "reduce.memory": {"label": "reduce.memory", "average_duration": 0.005915673036910174, "n_events": 29249, "total_time": 173.0275206565857}, "reduce.topk": {"label": "reduce.topk", "average_duration": 0.09365676788555186, "n_events": 29249, "total_time": 2739.366803884506}, "test.last": {"label": "test.last", "average_duration": 0.9284026574768476, "n_events": 149, "total_time": 138.3319959640503}}