{"batch": {"label": "batch", "average_duration": 0.20402400352654543, "n_events": 389, "total_time": 79.36533737182617}, "batch.accumulate": {"label": "batch.accumulate", "average_duration": 0.0030624995194854345, "n_events": 389, "total_time": 1.191312313079834}, "batch.backward": {"label": "batch.backward", "average_duration": 0.12241476176636998, "n_events": 389, "total_time": 47.61934232711792}, "batch.evaluate": {"label": "batch.evaluate", "average_duration": 0.000823212773144092, "n_events": 389, "total_time": 0.32022976875305176}, "batch.forward": {"label": "batch.forward", "average_duration": 0.041236143798632, "n_events": 389, "total_time": 16.040859937667847}, "batch.reduce": {"label": "batch.reduce", "average_duration": 0.019442610385178905, "n_events": 389, "total_time": 7.563175439834595}, "batch.step": {"label": "batch.step", "average_duration": 0.008454204525003704, "n_events": 389, "total_time": 3.2886855602264404}, "reduce.compress": {"label": "reduce.compress", "average_duration": 0.007296318260134033, "n_events": 389, "total_time": 2.8382678031921387}, "reduce.decompress": {"label": "reduce.decompress", "average_duration": 0.001517594933203376, "n_events": 389, "total_time": 0.5903444290161133}, "reduce.flat_pack": {"label": "reduce.flat_pack", "average_duration": 0.0009323484180519085, "n_events": 389, "total_time": 0.3626835346221924}, "reduce.norm": {"label": "reduce.norm", "average_duration": 0.00039521035927426844, "n_events": 389, "total_time": 0.15373682975769043}, "reduce.reduce.vector": {"label": "reduce.reduce.vector", "average_duration": 1.1774445560720095e-05, "n_events": 389, "total_time": 0.004580259323120117}, "reduce.setgrad": {"label": "reduce.setgrad", "average_duration": 0.009055194021190652, "n_events": 389, "total_time": 3.522470474243164}}