{"batch": {"label": "batch", "average_duration": 1.051701950230145, "n_events": 389, "total_time": 409.11205863952637}, "batch.accumulate": {"label": "batch.accumulate", "average_duration": 0.0031268651810280766, "n_events": 389, "total_time": 1.2163505554199219}, "batch.backward": {"label": "batch.backward", "average_duration": 0.7464605039679912, "n_events": 389, "total_time": 290.3731360435486}, "batch.evaluate": {"label": "batch.evaluate", "average_duration": 0.0005651746127170278, "n_events": 389, "total_time": 0.21985292434692383}, "batch.forward": {"label": "batch.forward", "average_duration": 0.2716607060714369, "n_events": 389, "total_time": 105.67601466178894}, "batch.reduce": {"label": "batch.reduce", "average_duration": 0.012494689701148967, "n_events": 389, "total_time": 4.860434293746948}, "batch.step": {"label": "batch.step", "average_duration": 0.013026541486803853, "n_events": 389, "total_time": 5.067324638366699}, "epoch_metrics.collect": {"label": "epoch_metrics.collect", "average_duration": 0.0020084381103515625, "n_events": 1, "total_time": 0.0020084381103515625}, "reduce.compress": {"label": "reduce.compress", "average_duration": 0.0003622424020252375, "n_events": 389, "total_time": 0.14091229438781738}, "reduce.decompress": {"label": "reduce.decompress", "average_duration": 8.370024379543902e-05, "n_events": 389, "total_time": 0.03255939483642578}, "reduce.flat_pack": {"label": "reduce.flat_pack", "average_duration": 0.002099265782569552, "n_events": 389, "total_time": 0.8166143894195557}, "reduce.norm": {"label": "reduce.norm", "average_duration": 0.0006211478176950489, "n_events": 389, "total_time": 0.24162650108337402}, "reduce.reduce.vector": {"label": "reduce.reduce.vector", "average_duration": 0.00014673713546792155, "n_events": 389, "total_time": 0.057080745697021484}, "reduce.setgrad": {"label": "reduce.setgrad", "average_duration": 0.008783507163236564, "n_events": 389, "total_time": 3.4167842864990234}, "test.last": {"label": "test.last", "average_duration": 10.735385179519653, "n_events": 1, "total_time": 10.735385179519653}}