{"batch": {"label": "batch", "average_duration": 0.263955372559706, "n_events": 974, "total_time": 257.0925328731537}, "batch.accumulate": {"label": "batch.accumulate", "average_duration": 0.00295226285100228, "n_events": 974, "total_time": 2.8755040168762207}, "batch.backward": {"label": "batch.backward", "average_duration": 0.14328558831733845, "n_events": 974, "total_time": 139.56016302108765}, "batch.evaluate": {"label": "batch.evaluate", "average_duration": 0.0007190726376167313, "n_events": 974, "total_time": 0.7003767490386963}, "batch.forward": {"label": "batch.forward", "average_duration": 0.06619010691280483, "n_events": 974, "total_time": 64.4691641330719}, "batch.reduce": {"label": "batch.reduce", "average_duration": 0.027304346556536227, "n_events": 974, "total_time": 26.594433546066284}, "batch.step": {"label": "batch.step", "average_duration": 0.015944532300412532, "n_events": 974, "total_time": 15.529974460601807}, "epoch_metrics.collect": {"label": "epoch_metrics.collect", "average_duration": 0.0025246143341064453, "n_events": 4, "total_time": 0.010098457336425781}, "reduce.compress": {"label": "reduce.compress", "average_duration": 0.008169901444437078, "n_events": 974, "total_time": 7.957484006881714}, "reduce.decompress": {"label": "reduce.decompress", "average_duration": 0.0006818372366119949, "n_events": 974, "total_time": 0.664109468460083}, "reduce.flat_pack": {"label": "reduce.flat_pack", "average_duration": 0.0013061453429580468, "n_events": 974, "total_time": 1.2721855640411377}, "reduce.norm": {"label": "reduce.norm", "average_duration": 0.0008947548190671071, "n_events": 974, "total_time": 0.8714911937713623}, "reduce.reduce.vector": {"label": "reduce.reduce.vector", "average_duration": 0.006590599641662849, "n_events": 974, "total_time": 6.419244050979614}, "reduce.setgrad": {"label": "reduce.setgrad", "average_duration": 0.00945052033332339, "n_events": 974, "total_time": 9.204806804656982}, "test.last": {"label": "test.last", "average_duration": 3.0031611919403076, "n_events": 4, "total_time": 12.01264476776123}}