{"batch": {"label": "batch", "average_duration": 0.19831772328648897, "n_events": 389, "total_time": 77.14559435844421}, "batch.accumulate": {"label": "batch.accumulate", "average_duration": 0.00302292387405827, "n_events": 389, "total_time": 1.175917387008667}, "batch.backward": {"label": "batch.backward", "average_duration": 0.12235253083981708, "n_events": 389, "total_time": 47.59513449668884}, "batch.evaluate": {"label": "batch.evaluate", "average_duration": 0.0008178670486018712, "n_events": 389, "total_time": 0.31815028190612793}, "batch.forward": {"label": "batch.forward", "average_duration": 0.04117963062766892, "n_events": 389, "total_time": 16.018876314163208}, "batch.reduce": {"label": "batch.reduce", "average_duration": 0.014079950769027278, "n_events": 389, "total_time": 5.477100849151611}, "batch.step": {"label": "batch.step", "average_duration": 0.008349576155753246, "n_events": 389, "total_time": 3.2479851245880127}, "reduce.compress": {"label": "reduce.compress", "average_duration": 0.0032723041916874196, "n_events": 389, "total_time": 1.2729263305664062}, "reduce.decompress": {"label": "reduce.decompress", "average_duration": 0.00029171830890724164, "n_events": 389, "total_time": 0.11347842216491699}, "reduce.flat_pack": {"label": "reduce.flat_pack", "average_duration": 0.0009267134041283614, "n_events": 389, "total_time": 0.3604915142059326}, "reduce.norm": {"label": "reduce.norm", "average_duration": 0.0003944025554509886, "n_events": 389, "total_time": 0.15342259407043457}, "reduce.reduce.vector": {"label": "reduce.reduce.vector", "average_duration": 1.144225309318013e-05, "n_events": 389, "total_time": 0.00445103645324707}, "reduce.setgrad": {"label": "reduce.setgrad", "average_duration": 0.008966152343161615, "n_events": 389, "total_time": 3.487833261489868}}