{"batch": {"label": "batch", "average_duration": 0.0813169791780669, "n_events": 290, "total_time": 23.581923961639404}, "batch.accumulate": {"label": "batch.accumulate", "average_duration": 0.0010914007822672527, "n_events": 18, "total_time": 0.019645214080810547}, "batch.backward": {"label": "batch.backward", "average_duration": 0.006187079692709035, "n_events": 290, "total_time": 1.7942531108856201}, "batch.evaluate": {"label": "batch.evaluate", "average_duration": 0.06036924740363812, "n_events": 290, "total_time": 17.507081747055054}, "batch.forward": {"label": "batch.forward", "average_duration": 0.005810651285894986, "n_events": 290, "total_time": 1.685088872909546}, "batch.reduce": {"label": "batch.reduce", "average_duration": 0.03394362661573622, "n_events": 18, "total_time": 0.610985279083252}, "batch.step": {"label": "batch.step", "average_duration": 0.003316880094593969, "n_events": 290, "total_time": 0.961895227432251}, "epoch_metrics.collect": {"label": "epoch_metrics.collect", "average_duration": 0.01603090763092041, "n_events": 2, "total_time": 0.03206181526184082}, "reduce.compress": {"label": "reduce.compress", "average_duration": 0.0010621017879909938, "n_events": 18, "total_time": 0.01911783218383789}, "reduce.decompress": {"label": "reduce.decompress", "average_duration": 0.000236564212375217, "n_events": 18, "total_time": 0.004258155822753906}, "reduce.flat_pack": {"label": "reduce.flat_pack", "average_duration": 0.0003167390823364258, "n_events": 18, "total_time": 0.005701303482055664}, "reduce.norm": {"label": "reduce.norm", "average_duration": 0.028792659441630047, "n_events": 18, "total_time": 0.5182678699493408}, "reduce.reduce.vector": {"label": "reduce.reduce.vector", "average_duration": 0.000135448243882921, "n_events": 18, "total_time": 0.002438068389892578}, "reduce.setgrad": {"label": "reduce.setgrad", "average_duration": 0.003079440858629015, "n_events": 18, "total_time": 0.055429935455322266}, "test.last": {"label": "test.last", "average_duration": 1.3910083770751953, "n_events": 2, "total_time": 2.7820167541503906}}