{"batch": {"label": "batch", "average_duration": 0.08562977612018585, "n_events": 96, "total_time": 8.220458507537842}, "batch.accumulate": {"label": "batch.accumulate", "average_duration": 0.001076700786749522, "n_events": 96, "total_time": 0.1033632755279541}, "batch.backward": {"label": "batch.backward", "average_duration": 0.005793032546838124, "n_events": 96, "total_time": 0.55613112449646}, "batch.evaluate": {"label": "batch.evaluate", "average_duration": 0.06017365058263143, "n_events": 96, "total_time": 5.776670455932617}, "batch.forward": {"label": "batch.forward", "average_duration": 0.005768184860547383, "n_events": 96, "total_time": 0.5537457466125488}, "batch.reduce": {"label": "batch.reduce", "average_duration": 0.006431323786576589, "n_events": 96, "total_time": 0.6174070835113525}, "batch.step": {"label": "batch.step", "average_duration": 0.003221668303012848, "n_events": 96, "total_time": 0.3092801570892334}, "reduce.compress": {"label": "reduce.compress", "average_duration": 0.00040763864914576214, "n_events": 96, "total_time": 0.039133310317993164}, "reduce.decompress": {"label": "reduce.decompress", "average_duration": 8.556246757507324e-05, "n_events": 96, "total_time": 0.008213996887207031}, "reduce.flat_pack": {"label": "reduce.flat_pack", "average_duration": 0.0003030995527903239, "n_events": 96, "total_time": 0.029097557067871094}, "reduce.norm": {"label": "reduce.norm", "average_duration": 0.0018340696891148884, "n_events": 96, "total_time": 0.1760706901550293}, "reduce.reduce.vector": {"label": "reduce.reduce.vector", "average_duration": 0.00013923396666844687, "n_events": 96, "total_time": 0.013366460800170898}, "reduce.setgrad": {"label": "reduce.setgrad", "average_duration": 0.003207129736741384, "n_events": 96, "total_time": 0.30788445472717285}}