{"batch": {"label": "batch", "average_duration": 0.48730522363297063, "n_events": 193, "total_time": 94.04990816116333}, "batch.accumulate": {"label": "batch.accumulate", "average_duration": 0.0012688290887546045, "n_events": 193, "total_time": 0.24488401412963867}, "batch.backward": {"label": "batch.backward", "average_duration": 0.38291152153608093, "n_events": 193, "total_time": 73.90192365646362}, "batch.evaluate": {"label": "batch.evaluate", "average_duration": 0.0005588185601901514, "n_events": 193, "total_time": 0.10785198211669922}, "batch.forward": {"label": "batch.forward", "average_duration": 0.04816056533180988, "n_events": 193, "total_time": 9.294989109039307}, "batch.reduce": {"label": "batch.reduce", "average_duration": 0.04694181526263143, "n_events": 193, "total_time": 9.059770345687866}, "batch.step": {"label": "batch.step", "average_duration": 0.005805476341840516, "n_events": 193, "total_time": 1.1204569339752197}, "epoch_metrics.collect": {"label": "epoch_metrics.collect", "average_duration": 0.0013194084167480469, "n_events": 1, "total_time": 0.0013194084167480469}, "reduce.allreduce": {"label": "reduce.allreduce", "average_duration": 0.04574273410856415, "n_events": 193, "total_time": 8.82834768295288}, "reduce.flat_pack": {"label": "reduce.flat_pack", "average_duration": 0.0011004018042371682, "n_events": 193, "total_time": 0.21237754821777344}, "test.last": {"label": "test.last", "average_duration": 1.173828363418579, "n_events": 1, "total_time": 1.173828363418579}}