{"batch": {"label": "batch", "average_duration": 0.051064810584461946, "n_events": 29249, "total_time": 1493.5946447849274}, "batch.accumulate": {"label": "batch.accumulate", "average_duration": 0.0011288312900705848, "n_events": 29249, "total_time": 33.017186403274536}, "batch.backward": {"label": "batch.backward", "average_duration": 0.020063808715960123, "n_events": 29249, "total_time": 586.8463411331177}, "batch.evaluate": {"label": "batch.evaluate", "average_duration": 0.0007366127729652283, "n_events": 29249, "total_time": 21.54518699645996}, "batch.forward": {"label": "batch.forward", "average_duration": 0.011512353793670509, "n_events": 29249, "total_time": 336.7248361110687}, "batch.reduce": {"label": "batch.reduce", "average_duration": 0.008075934971918256, "n_events": 29249, "total_time": 236.21302199363708}, "batch.step": {"label": "batch.step", "average_duration": 0.006272099699467536, "n_events": 29249, "total_time": 183.45264410972595}, "epoch_metrics.collect": {"label": "epoch_metrics.collect", "average_duration": 0.008459489617571734, "n_events": 149, "total_time": 1.2604639530181885}, "reduce.compress": {"label": "reduce.compress", "average_duration": 0.0011167529913220732, "n_events": 29249, "total_time": 32.66390824317932}, "reduce.decompress": {"label": "reduce.decompress", "average_duration": 0.0002348607713542248, "n_events": 29249, "total_time": 6.869442701339722}, "reduce.flat_pack": {"label": "reduce.flat_pack", "average_duration": 0.0007098037453405942, "n_events": 29249, "total_time": 20.76104974746704}, "reduce.norm": {"label": "reduce.norm", "average_duration": 0.001179808310767256, "n_events": 29249, "total_time": 34.50821328163147}, "reduce.reduce.vector": {"label": "reduce.reduce.vector", "average_duration": 0.00015378995261080975, "n_events": 29249, "total_time": 4.498202323913574}, "reduce.setgrad": {"label": "reduce.setgrad", "average_duration": 0.0038366242267603816, "n_events": 29249, "total_time": 112.2174220085144}, "test.last": {"label": "test.last", "average_duration": 1.047599640468623, "n_events": 149, "total_time": 156.09234642982483}}