{"batch": {"label": "batch", "average_duration": 0.05137694503528293, "n_events": 29249, "total_time": 1502.7242653369904}, "batch.accumulate": {"label": "batch.accumulate", "average_duration": 0.0010559123097707024, "n_events": 29249, "total_time": 30.884379148483276}, "batch.backward": {"label": "batch.backward", "average_duration": 0.007691896415383613, "n_events": 29249, "total_time": 224.9802782535553}, "batch.evaluate": {"label": "batch.evaluate", "average_duration": 0.01831135071136225, "n_events": 29249, "total_time": 535.5886969566345}, "batch.forward": {"label": "batch.forward", "average_duration": 0.004635259120369525, "n_events": 29249, "total_time": 135.57669401168823}, "batch.reduce": {"label": "batch.reduce", "average_duration": 0.010943156730831577, "n_events": 29249, "total_time": 320.0763912200928}, "batch.step": {"label": "batch.step", "average_duration": 0.0057430117186279255, "n_events": 29249, "total_time": 167.9773497581482}, "epoch_metrics.collect": {"label": "epoch_metrics.collect", "average_duration": 0.0024091925397015258, "n_events": 149, "total_time": 0.35896968841552734}, "reduce.compress": {"label": "reduce.compress", "average_duration": 0.000923480183500531, "n_events": 29249, "total_time": 27.01087188720703}, "reduce.decompress": {"label": "reduce.decompress", "average_duration": 0.0002097438561977079, "n_events": 29249, "total_time": 6.134798049926758}, "reduce.flat_pack": {"label": "reduce.flat_pack", "average_duration": 0.00030346728458604735, "n_events": 29249, "total_time": 8.8761146068573}, "reduce.norm": {"label": "reduce.norm", "average_duration": 0.00492339992715565, "n_events": 29249, "total_time": 144.0045244693756}, "reduce.reduce.vector": {"label": "reduce.reduce.vector", "average_duration": 0.00011551888393595254, "n_events": 29249, "total_time": 3.378811836242676}, "reduce.setgrad": {"label": "reduce.setgrad", "average_duration": 0.00346439037735782, "n_events": 29249, "total_time": 101.32995414733887}, "test.last": {"label": "test.last", "average_duration": 1.0101391485073423, "n_events": 149, "total_time": 150.510733127594}}