{"batch": {"label": "batch", "average_duration": 0.19546312001085034, "n_events": 193, "total_time": 37.724382162094116}, "batch.accumulate": {"label": "batch.accumulate", "average_duration": 0.0029430919223361546, "n_events": 18, "total_time": 0.05297565460205078}, "batch.backward": {"label": "batch.backward", "average_duration": 0.02510072900841273, "n_events": 193, "total_time": 4.844440698623657}, "batch.evaluate": {"label": "batch.evaluate", "average_duration": 0.11857800162517963, "n_events": 193, "total_time": 22.885554313659668}, "batch.forward": {"label": "batch.forward", "average_duration": 0.023678411473882013, "n_events": 193, "total_time": 4.5699334144592285}, "batch.reduce": {"label": "batch.reduce", "average_duration": 0.011342485745747885, "n_events": 18, "total_time": 0.20416474342346191}, "batch.step": {"label": "batch.step", "average_duration": 0.00918585031143742, "n_events": 193, "total_time": 1.7728691101074219}, "epoch_metrics.collect": {"label": "epoch_metrics.collect", "average_duration": 0.0034360885620117188, "n_events": 1, "total_time": 0.0034360885620117188}, "reduce.compress": {"label": "reduce.compress", "average_duration": 0.0004024902979532878, "n_events": 18, "total_time": 0.00724482536315918}, "reduce.decompress": {"label": "reduce.decompress", "average_duration": 8.547306060791016e-05, "n_events": 18, "total_time": 0.0015385150909423828}, "reduce.flat_pack": {"label": "reduce.flat_pack", "average_duration": 0.000778251224093967, "n_events": 18, "total_time": 0.014008522033691406}, "reduce.norm": {"label": "reduce.norm", "average_duration": 0.0005247328016493055, "n_events": 18, "total_time": 0.0094451904296875}, "reduce.reduce.vector": {"label": "reduce.reduce.vector", "average_duration": 0.00013825628492567275, "n_events": 18, "total_time": 0.0024886131286621094}, "reduce.setgrad": {"label": "reduce.setgrad", "average_duration": 0.008864084879557291, "n_events": 18, "total_time": 0.15955352783203125}, "test.last": {"label": "test.last", "average_duration": 1.5130927562713623, "n_events": 1, "total_time": 1.5130927562713623}}