{"batch": {"label": "batch", "average_duration": 0.1950277528614578, "n_events": 193, "total_time": 37.64035630226135}, "batch.accumulate": {"label": "batch.accumulate", "average_duration": 0.002969662348429362, "n_events": 18, "total_time": 0.053453922271728516}, "batch.backward": {"label": "batch.backward", "average_duration": 0.12295888989700554, "n_events": 193, "total_time": 23.73106575012207}, "batch.evaluate": {"label": "batch.evaluate", "average_duration": 0.0006764738053237836, "n_events": 193, "total_time": 0.13055944442749023}, "batch.forward": {"label": "batch.forward", "average_duration": 0.04127606703209753, "n_events": 193, "total_time": 7.966280937194824}, "batch.reduce": {"label": "batch.reduce", "average_duration": 0.04349323113759359, "n_events": 18, "total_time": 0.7828781604766846}, "batch.step": {"label": "batch.step", "average_duration": 0.009019458849813037, "n_events": 193, "total_time": 1.740755558013916}, "epoch_metrics.collect": {"label": "epoch_metrics.collect", "average_duration": 0.030601978302001953, "n_events": 1, "total_time": 0.030601978302001953}, "reduce.compress": {"label": "reduce.compress", "average_duration": 0.00041343106163872615, "n_events": 18, "total_time": 0.00744175910949707}, "reduce.decompress": {"label": "reduce.decompress", "average_duration": 8.749961853027344e-05, "n_events": 18, "total_time": 0.0015749931335449219}, "reduce.flat_pack": {"label": "reduce.flat_pack", "average_duration": 0.0009403626124064127, "n_events": 18, "total_time": 0.01692652702331543}, "reduce.norm": {"label": "reduce.norm", "average_duration": 0.03265518612331814, "n_events": 18, "total_time": 0.5877933502197266}, "reduce.reduce.vector": {"label": "reduce.reduce.vector", "average_duration": 0.00019941065046522353, "n_events": 18, "total_time": 0.0035893917083740234}, "reduce.setgrad": {"label": "reduce.setgrad", "average_duration": 0.008722782135009766, "n_events": 18, "total_time": 0.15701007843017578}, "test.last": {"label": "test.last", "average_duration": 1.5132439136505127, "n_events": 1, "total_time": 1.5132439136505127}}