{"batch": {"label": "batch", "average_duration": 0.20631870504253166, "n_events": 484, "total_time": 99.85825324058533}, "batch.accumulate": {"label": "batch.accumulate", "average_duration": 0.0008837240786591837, "n_events": 484, "total_time": 0.4277224540710449}, "batch.backward": {"label": "batch.backward", "average_duration": 0.06472409362635337, "n_events": 484, "total_time": 31.32646131515503}, "batch.evaluate": {"label": "batch.evaluate", "average_duration": 0.0008972070433876731, "n_events": 484, "total_time": 0.4342482089996338}, "batch.forward": {"label": "batch.forward", "average_duration": 0.05460049199663903, "n_events": 484, "total_time": 26.42663812637329}, "batch.reduce": {"label": "batch.reduce", "average_duration": 0.08026132652582216, "n_events": 484, "total_time": 38.846482038497925}, "batch.step": {"label": "batch.step", "average_duration": 0.0032076352883961576, "n_events": 484, "total_time": 1.5524954795837402}, "epoch_metrics.collect": {"label": "epoch_metrics.collect", "average_duration": 0.005069315433502197, "n_events": 4, "total_time": 0.02027726173400879}, "reduce.allreduce": {"label": "reduce.allreduce", "average_duration": 0.07964294606989081, "n_events": 484, "total_time": 38.54718589782715}, "reduce.flat_pack": {"label": "reduce.flat_pack", "average_duration": 0.0004109991483451906, "n_events": 484, "total_time": 0.19892358779907227}, "test.last": {"label": "test.last", "average_duration": 1.175601601600647, "n_events": 4, "total_time": 4.702406406402588}}