{"batch": {"label": "batch", "average_duration": 0.08191998942652215, "n_events": 389, "total_time": 31.866875886917114}, "batch.accumulate": {"label": "batch.accumulate", "average_duration": 0.0009579533024838096, "n_events": 38, "total_time": 0.036402225494384766}, "batch.backward": {"label": "batch.backward", "average_duration": 0.06696618369428542, "n_events": 389, "total_time": 26.049845457077026}, "batch.evaluate": {"label": "batch.evaluate", "average_duration": 0.0011943771783980734, "n_events": 389, "total_time": 0.4646127223968506}, "batch.forward": {"label": "batch.forward", "average_duration": 0.006456869733364233, "n_events": 389, "total_time": 2.5117223262786865}, "batch.reduce": {"label": "batch.reduce", "average_duration": 0.007736745633577046, "n_events": 38, "total_time": 0.29399633407592773}, "batch.step": {"label": "batch.step", "average_duration": 0.003496271785549762, "n_events": 389, "total_time": 1.3600497245788574}, "epoch_metrics.collect": {"label": "epoch_metrics.collect", "average_duration": 0.001573801040649414, "n_events": 1, "total_time": 0.001573801040649414}, "reduce.compress": {"label": "reduce.compress", "average_duration": 0.0021018354516280325, "n_events": 38, "total_time": 0.07986974716186523}, "reduce.decompress": {"label": "reduce.decompress", "average_duration": 0.0002184478860152395, "n_events": 38, "total_time": 0.008301019668579102}, "reduce.flat_pack": {"label": "reduce.flat_pack", "average_duration": 0.0006867270720632453, "n_events": 38, "total_time": 0.02609562873840332}, "reduce.norm": {"label": "reduce.norm", "average_duration": 0.000654408806248715, "n_events": 38, "total_time": 0.024867534637451172}, "reduce.reduce.vector": {"label": "reduce.reduce.vector", "average_duration": 0.0009857667119879472, "n_events": 38, "total_time": 0.03745913505554199}, "reduce.setgrad": {"label": "reduce.setgrad", "average_duration": 0.0028136529420551503, "n_events": 38, "total_time": 0.1069188117980957}, "test.last": {"label": "test.last", "average_duration": 2.3599703311920166, "n_events": 1, "total_time": 2.3599703311920166}}