{"batch": {"label": "batch", "average_duration": 0.24150673318500362, "n_events": 484, "total_time": 116.88925886154175}, "batch.accumulate": {"label": "batch.accumulate", "average_duration": 0.001960189874507179, "n_events": 484, "total_time": 0.9487318992614746}, "batch.backward": {"label": "batch.backward", "average_duration": 0.12417873075185729, "n_events": 484, "total_time": 60.102505683898926}, "batch.evaluate": {"label": "batch.evaluate", "average_duration": 0.0007511628560783449, "n_events": 484, "total_time": 0.36356282234191895}, "batch.forward": {"label": "batch.forward", "average_duration": 0.060240133734774, "n_events": 484, "total_time": 29.156224727630615}, "batch.reduce": {"label": "batch.reduce", "average_duration": 0.04195998621381019, "n_events": 484, "total_time": 20.30863332748413}, "batch.step": {"label": "batch.step", "average_duration": 0.008555438892900452, "n_events": 484, "total_time": 4.140832424163818}, "epoch_metrics.collect": {"label": "epoch_metrics.collect", "average_duration": 0.004577815532684326, "n_events": 4, "total_time": 0.018311262130737305}, "reduce.compress": {"label": "reduce.compress", "average_duration": 0.003272401399848875, "n_events": 484, "total_time": 1.5838422775268555}, "reduce.decompress": {"label": "reduce.decompress", "average_duration": 0.0003730300044225267, "n_events": 484, "total_time": 0.18054652214050293}, "reduce.flat_pack": {"label": "reduce.flat_pack", "average_duration": 0.0008348728999618656, "n_events": 484, "total_time": 0.40407848358154297}, "reduce.norm": {"label": "reduce.norm", "average_duration": 0.0010083490166782347, "n_events": 484, "total_time": 0.4880409240722656}, "reduce.reduce.vector": {"label": "reduce.reduce.vector", "average_duration": 0.029450152038542694, "n_events": 484, "total_time": 14.253873586654663}, "reduce.setgrad": {"label": "reduce.setgrad", "average_duration": 0.006630223152066066, "n_events": 484, "total_time": 3.2090280055999756}, "test.last": {"label": "test.last", "average_duration": 1.4124783277511597, "n_events": 4, "total_time": 5.649913311004639}}