{"batch": {"label": "batch", "average_duration": 0.08720314254363377, "n_events": 96, "total_time": 8.371501684188843}, "batch.accumulate": {"label": "batch.accumulate", "average_duration": 0.0011002769072850545, "n_events": 96, "total_time": 0.10562658309936523}, "batch.backward": {"label": "batch.backward", "average_duration": 0.006290694077809651, "n_events": 96, "total_time": 0.6039066314697266}, "batch.evaluate": {"label": "batch.evaluate", "average_duration": 0.058428761859734855, "n_events": 96, "total_time": 5.609161138534546}, "batch.forward": {"label": "batch.forward", "average_duration": 0.005778769652048747, "n_events": 96, "total_time": 0.5547618865966797}, "batch.reduce": {"label": "batch.reduce", "average_duration": 0.009320440391699472, "n_events": 96, "total_time": 0.8947622776031494}, "batch.step": {"label": "batch.step", "average_duration": 0.003153416017691294, "n_events": 96, "total_time": 0.30272793769836426}, "reduce.compress": {"label": "reduce.compress", "average_duration": 0.000397282342116038, "n_events": 96, "total_time": 0.03813910484313965}, "reduce.decompress": {"label": "reduce.decompress", "average_duration": 8.909155925114949e-05, "n_events": 96, "total_time": 0.008552789688110352}, "reduce.flat_pack": {"label": "reduce.flat_pack", "average_duration": 0.0003013486663500468, "n_events": 96, "total_time": 0.028929471969604492}, "reduce.norm": {"label": "reduce.norm", "average_duration": 0.004720158874988556, "n_events": 96, "total_time": 0.45313525199890137}, "reduce.reduce.vector": {"label": "reduce.reduce.vector", "average_duration": 0.00014096995194753012, "n_events": 96, "total_time": 0.01353311538696289}, "reduce.setgrad": {"label": "reduce.setgrad", "average_duration": 0.0032178709904352822, "n_events": 96, "total_time": 0.3089156150817871}, "reduce_times": [0.9900612831115723, 0.013762474060058594, 0.020305871963500977, 0.01016092300415039, 0.009974479675292969, 0.0072290897369384766, 0.010330915451049805, 0.008098125457763672, 0.007639169692993164, 0.007575035095214844, 0.009302139282226562, 0.008027791976928711, 0.009930610656738281, 0.008930444717407227, 0.009983539581298828, 0.009662866592407227, 0.009914398193359375, 0.015206336975097656, 0.011336565017700195, 0.009515047073364258, 0.008771896362304688, 0.00972747802734375, 0.008387565612792969, 0.010007619857788086, 0.009273052215576172, 0.010460615158081055, 0.008780479431152344, 0.009679079055786133, 0.004866361618041992, 0.009304285049438477, 0.007628440856933594, 0.008791208267211914, 0.007555961608886719, 0.008437633514404297, 0.008721351623535156, 0.009296417236328125, 0.008146286010742188, 0.00935220718383789, 0.009530305862426758, 0.008269309997558594, 0.009191274642944336, 0.014506101608276367, 0.008775711059570312, 0.009467124938964844, 0.010093212127685547, 0.008936882019042969, 0.009079456329345703, 0.009269237518310547, 0.008409500122070312, 0.009207725524902344, 0.009302377700805664, 0.007941961288452148, 0.00782632827758789, 0.008880853652954102, 0.014852285385131836, 0.009576797485351562, 0.010718107223510742, 0.011200189590454102, 0.0064580440521240234, 0.007779836654663086, 0.011226892471313477, 0.007557868957519531, 0.008617639541625977, 0.008080005645751953, 0.006181240081787109, 0.00902104377746582, 0.011394500732421875, 0.00794839859008789, 0.009399175643920898, 0.009881973266601562, 0.012234926223754883, 0.012313604354858398, 0.007706880569458008, 0.009065866470336914, 0.01301884651184082, 0.01104879379272461, 0.007197856903076172, 0.008403301239013672, 0.012683629989624023, 0.009377717971801758, 0.00855112075805664, 0.008496761322021484, 0.008534431457519531, 0.00936269760131836, 0.007639884948730469, 0.010277748107910156, 0.008002758026123047, 0.010088920593261719, 0.008612394332885742, 0.0069882869720458984, 0.008239984512329102, 0.007395267486572266, 0.007988929748535156, 0.006766080856323242, 0.008023262023925781, 0.005907773971557617, 0.008179426193237305]}