{"batch": {"label": "batch", "average_duration": 0.13665153812771, "n_events": 484, "total_time": 66.13934445381165}, "batch.accumulate": {"label": "batch.accumulate", "average_duration": 0.0006817293561194554, "n_events": 484, "total_time": 0.3299570083618164}, "batch.backward": {"label": "batch.backward", "average_duration": 0.06411365142538528, "n_events": 484, "total_time": 31.031007289886475}, "batch.evaluate": {"label": "batch.evaluate", "average_duration": 0.0005064251994298509, "n_events": 484, "total_time": 0.24510979652404785}, "batch.forward": {"label": "batch.forward", "average_duration": 0.05459373401216239, "n_events": 484, "total_time": 26.423367261886597}, "batch.reduce": {"label": "batch.reduce", "average_duration": 0.012324591806112242, "n_events": 484, "total_time": 5.965102434158325}, "batch.step": {"label": "batch.step", "average_duration": 0.0030879994069249175, "n_events": 484, "total_time": 1.4945917129516602}, "epoch_metrics.collect": {"label": "epoch_metrics.collect", "average_duration": 0.00656282901763916, "n_events": 4, "total_time": 0.02625131607055664}, "reduce.allocate_memory": {"label": "reduce.allocate_memory", "average_duration": 0.00021530774014055237, "n_events": 484, "total_time": 0.10420894622802734}, "reduce.compute.p": {"label": "reduce.compute.p", "average_duration": 0.0004776026591781742, "n_events": 484, "total_time": 0.23115968704223633}, "reduce.compute.q": {"label": "reduce.compute.q", "average_duration": 0.0006680503364436882, "n_events": 484, "total_time": 0.3233363628387451}, "reduce.normalize.p": {"label": "reduce.normalize.p", "average_duration": 0.0013421921690633474, "n_events": 484, "total_time": 0.6496210098266602}, "reduce.outerprod": {"label": "reduce.outerprod", "average_duration": 0.0010487491434270685, "n_events": 484, "total_time": 0.5075945854187012}, "reduce.p": {"label": "reduce.p", "average_duration": 0.0027827009681827765, "n_events": 484, "total_time": 1.3468272686004639}, "reduce.prepare.q": {"label": "reduce.prepare.q", "average_duration": 0.00021887465942004494, "n_events": 484, "total_time": 0.10593533515930176}, "reduce.q": {"label": "reduce.q", "average_duration": 0.0013742284341291947, "n_events": 484, "total_time": 0.6651265621185303}, "reduce.rank1.all_reduce": {"label": "reduce.rank1.all_reduce", "average_duration": 0.0011054513868221567, "n_events": 484, "total_time": 0.5350384712219238}, "reduce.rank1.pack": {"label": "reduce.rank1.pack", "average_duration": 0.00020846650620137366, "n_events": 484, "total_time": 0.10089778900146484}, "reduce.rank1.unpack": {"label": "reduce.rank1.unpack", "average_duration": 0.0007542470269951938, "n_events": 484, "total_time": 0.36505556106567383}, "test.last": {"label": "test.last", "average_duration": 1.192464292049408, "n_events": 4, "total_time": 4.769857168197632}}