{"batch": {"label": "batch", "average_duration": 0.10856632099929575, "n_events": 29249, "total_time": 3175.4563229084015}, "batch.accumulate": {"label": "batch.accumulate", "average_duration": 0.0020170377101191963, "n_events": 29249, "total_time": 58.99633598327637}, "batch.backward": {"label": "batch.backward", "average_duration": 0.007793568917602843, "n_events": 29249, "total_time": 227.95409727096558}, "batch.evaluate": {"label": "batch.evaluate", "average_duration": 0.014736798177307832, "n_events": 29249, "total_time": 431.0366098880768}, "batch.forward": {"label": "batch.forward", "average_duration": 0.007856192061088322, "n_events": 29249, "total_time": 229.78576159477234}, "batch.reduce": {"label": "batch.reduce", "average_duration": 0.008749725977666701, "n_events": 29249, "total_time": 255.92073512077332}, "batch.step": {"label": "batch.step", "average_duration": 0.011784318785507817, "n_events": 29249, "total_time": 344.6795401573181}, "epoch_metrics.collect": {"label": "epoch_metrics.collect", "average_duration": 0.00486372621267434, "n_events": 149, "total_time": 0.7246952056884766}, "reduce.allreduce": {"label": "reduce.allreduce", "average_duration": 0.00801869890311546, "n_events": 29249, "total_time": 234.53892421722412}, "reduce.flat_pack": {"label": "reduce.flat_pack", "average_duration": 0.0005715574222595868, "n_events": 29249, "total_time": 16.717483043670654}, "test.last": {"label": "test.last", "average_duration": 1.0120507166689674, "n_events": 149, "total_time": 150.79555678367615}}