{"batch": {"label": "batch", "average_duration": 0.10901378565533328, "n_events": 29249, "total_time": 3188.544216632843}, "batch.accumulate": {"label": "batch.accumulate", "average_duration": 0.001195542624622024, "n_events": 29249, "total_time": 34.96842622756958}, "batch.auxiliary.backward": {"label": "batch.auxiliary.backward", "average_duration": 0.009920230388331607, "n_events": 29249, "total_time": 290.15681862831116}, "batch.auxiliary.evaluate": {"label": "batch.auxiliary.evaluate", "average_duration": 0.0006408517782682191, "n_events": 29249, "total_time": 18.74427366256714}, "batch.auxiliary.forward": {"label": "batch.auxiliary.forward", "average_duration": 0.0064217757353795205, "n_events": 29249, "total_time": 187.8305184841156}, "batch.backward": {"label": "batch.backward", "average_duration": 0.019721181760539705, "n_events": 29249, "total_time": 576.8248453140259}, "batch.evaluate": {"label": "batch.evaluate", "average_duration": 0.0005892303369893731, "n_events": 29249, "total_time": 17.234398126602173}, "batch.forward": {"label": "batch.forward", "average_duration": 0.011431349294239192, "n_events": 29249, "total_time": 334.35553550720215}, "batch.reduce": {"label": "batch.reduce", "average_duration": 0.04449921353029844, "n_events": 29249, "total_time": 1301.557496547699}, "batch.step": {"label": "batch.step", "average_duration": 0.009742797209693288, "n_events": 29249, "total_time": 284.96707558631897}, "epoch_metrics.collect": {"label": "epoch_metrics.collect", "average_duration": 0.00356692595769895, "n_events": 149, "total_time": 0.5314719676971436}, "reduce.allreduce": {"label": "reduce.allreduce", "average_duration": 0.043726498736100766, "n_events": 29249, "total_time": 1278.9563615322113}, "reduce.flat_pack": {"label": "reduce.flat_pack", "average_duration": 0.0006471094161923138, "n_events": 29249, "total_time": 18.927303314208984}, "test.last": {"label": "test.last", "average_duration": 1.051889430756537, "n_events": 149, "total_time": 156.731525182724}}