{"batch": {"label": "batch", "average_duration": 0.2310175154734002, "n_events": 29249, "total_time": 6757.031310081482}, "batch.accumulate": {"label": "batch.accumulate", "average_duration": 0.0022828789335091284, "n_events": 29249, "total_time": 66.7719259262085}, "batch.backward": {"label": "batch.backward", "average_duration": 0.14450497675188187, "n_events": 29249, "total_time": 4226.626065015793}, "batch.evaluate": {"label": "batch.evaluate", "average_duration": 0.0004195385930672593, "n_events": 29249, "total_time": 12.271084308624268}, "batch.forward": {"label": "batch.forward", "average_duration": 0.0673104487564581, "n_events": 29249, "total_time": 1968.7633156776428}, "batch.reduce": {"label": "batch.reduce", "average_duration": 0.011892376543049152, "n_events": 29249, "total_time": 347.84012150764465}, "batch.step": {"label": "batch.step", "average_duration": 0.0018035188455362231, "n_events": 29249, "total_time": 52.75112271308899}, "epoch_metrics.collect": {"label": "epoch_metrics.collect", "average_duration": 0.01041239860073832, "n_events": 149, "total_time": 1.5514473915100098}, "reduce.compress": {"label": "reduce.compress", "average_duration": 0.0002637726086225871, "n_events": 29249, "total_time": 7.715085029602051}, "reduce.decompress": {"label": "reduce.decompress", "average_duration": 4.107344272405764e-05, "n_events": 29249, "total_time": 1.201357126235962}, "reduce.flat_pack": {"label": "reduce.flat_pack", "average_duration": 0.001089753222313085, "n_events": 29249, "total_time": 31.874191999435425}, "reduce.norm": {"label": "reduce.norm", "average_duration": 0.0028303957029490877, "n_events": 29249, "total_time": 82.78624391555786}, "reduce.reduce.vector": {"label": "reduce.reduce.vector", "average_duration": 0.00018397030159853972, "n_events": 29249, "total_time": 5.3809473514556885}, "reduce.setgrad": {"label": "reduce.setgrad", "average_duration": 0.006681451757054699, "n_events": 29249, "total_time": 195.4257824420929}, "test.last": {"label": "test.last", "average_duration": 2.4946556571346, "n_events": 149, "total_time": 371.7036929130554}}