{"batch": {"label": "batch", "average_duration": 0.18550190030762345, "n_events": 389, "total_time": 72.16023921966553}, "batch.accumulate": {"label": "batch.accumulate", "average_duration": 0.002633640640660336, "n_events": 38, "total_time": 0.10007834434509277}, "batch.backward": {"label": "batch.backward", "average_duration": 0.1247382108840354, "n_events": 389, "total_time": 48.52316403388977}, "batch.evaluate": {"label": "batch.evaluate", "average_duration": 0.0005631483612452804, "n_events": 389, "total_time": 0.21906471252441406}, "batch.forward": {"label": "batch.forward", "average_duration": 0.04166027022511303, "n_events": 389, "total_time": 16.20584511756897}, "batch.reduce": {"label": "batch.reduce", "average_duration": 0.01403892667669999, "n_events": 38, "total_time": 0.5334792137145996}, "batch.step": {"label": "batch.step", "average_duration": 0.008706311027311115, "n_events": 389, "total_time": 3.3867549896240234}, "epoch_metrics.collect": {"label": "epoch_metrics.collect", "average_duration": 0.0013022422790527344, "n_events": 1, "total_time": 0.0013022422790527344}, "reduce.allreduce": {"label": "reduce.allreduce", "average_duration": 0.013026551196449682, "n_events": 38, "total_time": 0.4950089454650879}, "reduce.flat_pack": {"label": "reduce.flat_pack", "average_duration": 0.0008971565648129111, "n_events": 38, "total_time": 0.034091949462890625}, "test.last": {"label": "test.last", "average_duration": 2.6604645252227783, "n_events": 1, "total_time": 2.6604645252227783}}