{"batch": {"label": "batch", "average_duration": 0.146467924118042, "n_events": 96, "total_time": 14.060920715332031}, "batch.accumulate": {"label": "batch.accumulate", "average_duration": 0.0021065150698026023, "n_events": 96, "total_time": 0.2022254467010498}, "batch.backward": {"label": "batch.backward", "average_duration": 0.08177552123864491, "n_events": 96, "total_time": 7.850450038909912}, "batch.evaluate": {"label": "batch.evaluate", "average_duration": 0.0004998544851938883, "n_events": 96, "total_time": 0.04798603057861328}, "batch.forward": {"label": "batch.forward", "average_duration": 0.035732291638851166, "n_events": 96, "total_time": 3.430299997329712}, "batch.reduce": {"label": "batch.reduce", "average_duration": 0.014784649014472961, "n_events": 96, "total_time": 1.4193263053894043}, "batch.step": {"label": "batch.step", "average_duration": 0.0079307754834493, "n_events": 96, "total_time": 0.7613544464111328}, "reduce.compress": {"label": "reduce.compress", "average_duration": 0.00031735748052597046, "n_events": 96, "total_time": 0.030466318130493164}, "reduce.decompress": {"label": "reduce.decompress", "average_duration": 7.87004828453064e-05, "n_events": 96, "total_time": 0.007555246353149414}, "reduce.flat_pack": {"label": "reduce.flat_pack", "average_duration": 0.0008429661393165588, "n_events": 96, "total_time": 0.08092474937438965}, "reduce.norm": {"label": "reduce.norm", "average_duration": 0.005619073907534282, "n_events": 96, "total_time": 0.539431095123291}, "reduce.reduce.vector": {"label": "reduce.reduce.vector", "average_duration": 0.0010639677445093791, "n_events": 96, "total_time": 0.10214090347290039}, "reduce.setgrad": {"label": "reduce.setgrad", "average_duration": 0.00649938980738322, "n_events": 96, "total_time": 0.6239414215087891}}