{"batch": {"label": "batch", "average_duration": 0.34337239018801985, "n_events": 290, "total_time": 99.57799315452576}, "batch.accumulate": {"label": "batch.accumulate", "average_duration": 0.0028190347883436414, "n_events": 18, "total_time": 0.05074262619018555}, "batch.backward": {"label": "batch.backward", "average_duration": 0.12236323356628417, "n_events": 290, "total_time": 35.48533773422241}, "batch.evaluate": {"label": "batch.evaluate", "average_duration": 0.0007537003221182988, "n_events": 290, "total_time": 0.21857309341430664}, "batch.forward": {"label": "batch.forward", "average_duration": 0.04113922365780535, "n_events": 290, "total_time": 11.93037486076355}, "batch.reduce": {"label": "batch.reduce", "average_duration": 2.435876316494412, "n_events": 18, "total_time": 43.845773696899414}, "batch.step": {"label": "batch.step", "average_duration": 0.008374318583258267, "n_events": 290, "total_time": 2.4285523891448975}, "epoch_metrics.collect": {"label": "epoch_metrics.collect", "average_duration": 1.759618878364563, "n_events": 2, "total_time": 3.519237756729126}, "reduce.compress": {"label": "reduce.compress", "average_duration": 0.025254130363464355, "n_events": 18, "total_time": 0.4545743465423584}, "reduce.decompress": {"label": "reduce.decompress", "average_duration": 0.0015168719821506077, "n_events": 18, "total_time": 0.027303695678710938}, "reduce.flat_pack": {"label": "reduce.flat_pack", "average_duration": 0.0010351075066460504, "n_events": 18, "total_time": 0.018631935119628906}, "reduce.norm": {"label": "reduce.norm", "average_duration": 2.39949009153578, "n_events": 18, "total_time": 43.19082164764404}, "reduce.setgrad": {"label": "reduce.setgrad", "average_duration": 0.008246196640862359, "n_events": 18, "total_time": 0.14843153953552246}, "test.last": {"label": "test.last", "average_duration": 2.191571831703186, "n_events": 2, "total_time": 4.383143663406372}}