{"batch": {"label": "batch", "average_duration": 0.08017898529999015, "n_events": 387, "total_time": 31.02926731109619}, "batch.accumulate": {"label": "batch.accumulate", "average_duration": 0.0011312166849772136, "n_events": 18, "total_time": 0.020361900329589844}, "batch.backward": {"label": "batch.backward", "average_duration": 0.00625280077143233, "n_events": 387, "total_time": 2.4198338985443115}, "batch.evaluate": {"label": "batch.evaluate", "average_duration": 0.05868865414799338, "n_events": 387, "total_time": 22.712509155273438}, "batch.forward": {"label": "batch.forward", "average_duration": 0.005755722676752765, "n_events": 387, "total_time": 2.2274646759033203}, "batch.reduce": {"label": "batch.reduce", "average_duration": 0.060872673988342285, "n_events": 18, "total_time": 1.0957081317901611}, "batch.step": {"label": "batch.step", "average_duration": 0.003232871531208048, "n_events": 387, "total_time": 1.2511212825775146}, "epoch_metrics.collect": {"label": "epoch_metrics.collect", "average_duration": 0.028497775395711262, "n_events": 3, "total_time": 0.08549332618713379}, "reduce.compress": {"label": "reduce.compress", "average_duration": 0.0011017719904581706, "n_events": 18, "total_time": 0.01983189582824707}, "reduce.decompress": {"label": "reduce.decompress", "average_duration": 0.0002446174621582031, "n_events": 18, "total_time": 0.004403114318847656}, "reduce.flat_pack": {"label": "reduce.flat_pack", "average_duration": 0.0003363026512993707, "n_events": 18, "total_time": 0.006053447723388672}, "reduce.norm": {"label": "reduce.norm", "average_duration": 0.055437684059143066, "n_events": 18, "total_time": 0.9978783130645752}, "reduce.reduce.vector": {"label": "reduce.reduce.vector", "average_duration": 0.0001329183578491211, "n_events": 18, "total_time": 0.0023925304412841797}, "reduce.setgrad": {"label": "reduce.setgrad", "average_duration": 0.003279222382439507, "n_events": 18, "total_time": 0.05902600288391113}, "test.last": {"label": "test.last", "average_duration": 1.387365738550822, "n_events": 3, "total_time": 4.162097215652466}}