{"batch": {"label": "batch", "average_duration": 0.08078253115178387, "n_events": 387, "total_time": 31.262839555740356}, "batch.accumulate": {"label": "batch.accumulate", "average_duration": 0.0010758903291490343, "n_events": 18, "total_time": 0.019366025924682617}, "batch.backward": {"label": "batch.backward", "average_duration": 0.06542235997912188, "n_events": 387, "total_time": 25.318453311920166}, "batch.evaluate": {"label": "batch.evaluate", "average_duration": 0.001226247743118641, "n_events": 387, "total_time": 0.47455787658691406}, "batch.forward": {"label": "batch.forward", "average_duration": 0.006409702991022312, "n_events": 387, "total_time": 2.4805550575256348}, "batch.reduce": {"label": "batch.reduce", "average_duration": 0.018225047323438857, "n_events": 18, "total_time": 0.3280508518218994}, "batch.step": {"label": "batch.step", "average_duration": 0.0037063997845317043, "n_events": 387, "total_time": 1.4343767166137695}, "epoch_metrics.collect": {"label": "epoch_metrics.collect", "average_duration": 0.01062631607055664, "n_events": 3, "total_time": 0.03187894821166992}, "reduce.compress": {"label": "reduce.compress", "average_duration": 0.005141589376661513, "n_events": 18, "total_time": 0.09254860877990723}, "reduce.decompress": {"label": "reduce.decompress", "average_duration": 0.001011596785651313, "n_events": 18, "total_time": 0.018208742141723633}, "reduce.flat_pack": {"label": "reduce.flat_pack", "average_duration": 0.0008197095659044054, "n_events": 18, "total_time": 0.014754772186279297}, "reduce.norm": {"label": "reduce.norm", "average_duration": 0.007430725627475315, "n_events": 18, "total_time": 0.13375306129455566}, "reduce.reduce.vector": {"label": "reduce.reduce.vector", "average_duration": 0.0004983743031819662, "n_events": 18, "total_time": 0.00897073745727539}, "reduce.setgrad": {"label": "reduce.setgrad", "average_duration": 0.0029564566082424587, "n_events": 18, "total_time": 0.05321621894836426}, "test.last": {"label": "test.last", "average_duration": 1.3874300320943196, "n_events": 3, "total_time": 4.162290096282959}}