{"batch": {"label": "batch", "average_duration": 0.0815998117129008, "n_events": 96, "total_time": 7.833581924438477}, "batch.accumulate": {"label": "batch.accumulate", "average_duration": 0.0010639602939287822, "n_events": 96, "total_time": 0.10214018821716309}, "batch.backward": {"label": "batch.backward", "average_duration": 0.006327236692110698, "n_events": 96, "total_time": 0.607414722442627}, "batch.evaluate": {"label": "batch.evaluate", "average_duration": 0.05855918178955714, "n_events": 96, "total_time": 5.621681451797485}, "batch.forward": {"label": "batch.forward", "average_duration": 0.005612403154373169, "n_events": 96, "total_time": 0.5387907028198242}, "batch.reduce": {"label": "batch.reduce", "average_duration": 0.003822358946005503, "n_events": 96, "total_time": 0.3669464588165283}, "batch.step": {"label": "batch.step", "average_duration": 0.003188957770665487, "n_events": 96, "total_time": 0.3061399459838867}, "reduce.allreduce": {"label": "reduce.allreduce", "average_duration": 0.0034022976954778037, "n_events": 96, "total_time": 0.32662057876586914}, "reduce.flat_pack": {"label": "reduce.flat_pack", "average_duration": 0.0003140668074289958, "n_events": 96, "total_time": 0.030150413513183594}}