{"batch": {"label": "batch", "average_duration": 0.3274454055738843, "n_events": 484, "total_time": 158.48357629776}, "batch.accumulate": {"label": "batch.accumulate", "average_duration": 0.002411531515357908, "n_events": 484, "total_time": 1.1671812534332275}, "batch.backward": {"label": "batch.backward", "average_duration": 0.1238760017166453, "n_events": 484, "total_time": 59.95598483085632}, "batch.evaluate": {"label": "batch.evaluate", "average_duration": 0.0007668477444609335, "n_events": 484, "total_time": 0.3711543083190918}, "batch.forward": {"label": "batch.forward", "average_duration": 0.06010522576403027, "n_events": 484, "total_time": 29.09092926979065}, "batch.reduce": {"label": "batch.reduce", "average_duration": 0.12783993669777863, "n_events": 484, "total_time": 61.87452936172485}, "batch.step": {"label": "batch.step", "average_duration": 0.00854911439674945, "n_events": 484, "total_time": 4.137771368026733}, "epoch_metrics.collect": {"label": "epoch_metrics.collect", "average_duration": 0.004258930683135986, "n_events": 4, "total_time": 0.017035722732543945}, "reduce.allreduce": {"label": "reduce.allreduce", "average_duration": 0.12654241254507018, "n_events": 484, "total_time": 61.246527671813965}, "reduce.flat_pack": {"label": "reduce.flat_pack", "average_duration": 0.0010543889250637086, "n_events": 484, "total_time": 0.510324239730835}, "test.last": {"label": "test.last", "average_duration": 1.4067418575286865, "n_events": 4, "total_time": 5.626967430114746}}