{"batch": {"label": "batch", "average_duration": 0.053994366440301374, "n_events": 29249, "total_time": 1579.2812240123749}, "batch.accumulate": {"label": "batch.accumulate", "average_duration": 0.0010921889490345825, "n_events": 29249, "total_time": 31.9454345703125}, "batch.backward": {"label": "batch.backward", "average_duration": 0.00774012518693673, "n_events": 29249, "total_time": 226.3909215927124}, "batch.evaluate": {"label": "batch.evaluate", "average_duration": 0.018085325643373857, "n_events": 29249, "total_time": 528.977689743042}, "batch.forward": {"label": "batch.forward", "average_duration": 0.0047254733719121955, "n_events": 29249, "total_time": 138.21537065505981}, "batch.reduce": {"label": "batch.reduce", "average_duration": 0.01308497090906831, "n_events": 29249, "total_time": 382.722314119339}, "batch.step": {"label": "batch.step", "average_duration": 0.006102855464177945, "n_events": 29249, "total_time": 178.50241947174072}, "epoch_metrics.collect": {"label": "epoch_metrics.collect", "average_duration": 0.004410316480086154, "n_events": 149, "total_time": 0.6571371555328369}, "reduce.allocate_memory": {"label": "reduce.allocate_memory", "average_duration": 0.00038726165390914555, "n_events": 29249, "total_time": 11.327016115188599}, "reduce.compute.p": {"label": "reduce.compute.p", "average_duration": 0.0005181387488163575, "n_events": 29249, "total_time": 15.155040264129639}, "reduce.compute.q": {"label": "reduce.compute.q", "average_duration": 0.0004046832301840097, "n_events": 29249, "total_time": 11.8365797996521}, "reduce.normalize.p": {"label": "reduce.normalize.p", "average_duration": 0.004998177242073639, "n_events": 29249, "total_time": 146.19168615341187}, "reduce.outerprod": {"label": "reduce.outerprod", "average_duration": 0.001189451869106557, "n_events": 29249, "total_time": 34.79027771949768}, "reduce.p": {"label": "reduce.p", "average_duration": 8.96295313835307e-05, "n_events": 29249, "total_time": 2.6215741634368896}, "reduce.prepare.q": {"label": "reduce.prepare.q", "average_duration": 0.000305388881763298, "n_events": 29249, "total_time": 8.932319402694702}, "reduce.q": {"label": "reduce.q", "average_duration": 0.00014607283334543922, "n_events": 29249, "total_time": 4.272484302520752}, "reduce.rank1.all_reduce": {"label": "reduce.rank1.all_reduce", "average_duration": 7.858541774857353e-05, "n_events": 29249, "total_time": 2.2985448837280273}, "reduce.rank1.pack": {"label": "reduce.rank1.pack", "average_duration": 0.000262860057822594, "n_events": 29249, "total_time": 7.688393831253052}, "reduce.rank1.unpack": {"label": "reduce.rank1.unpack", "average_duration": 0.0011261738224141052, "n_events": 29249, "total_time": 32.93945813179016}, "test.last": {"label": "test.last", "average_duration": 1.0171470882108546, "n_events": 149, "total_time": 151.55491614341736}}