{"batch": {"label": "batch", "average_duration": 0.057833683046912644, "n_events": 29249, "total_time": 1691.577395439148}, "batch.accumulate": {"label": "batch.accumulate", "average_duration": 0.001045859423681114, "n_events": 29249, "total_time": 30.5903422832489}, "batch.backward": {"label": "batch.backward", "average_duration": 0.019874275295162752, "n_events": 29249, "total_time": 581.3026781082153}, "batch.evaluate": {"label": "batch.evaluate", "average_duration": 0.0007088366946732596, "n_events": 29249, "total_time": 20.73276448249817}, "batch.forward": {"label": "batch.forward", "average_duration": 0.011387161631605199, "n_events": 29249, "total_time": 333.06309056282043}, "batch.reduce": {"label": "batch.reduce", "average_duration": 0.01578623772710852, "n_events": 29249, "total_time": 461.73166728019714}, "batch.step": {"label": "batch.step", "average_duration": 0.005769407310226301, "n_events": 29249, "total_time": 168.74939441680908}, "epoch_metrics.collect": {"label": "epoch_metrics.collect", "average_duration": 0.005442598522109474, "n_events": 149, "total_time": 0.8109471797943115}, "reduce.allocate_memory": {"label": "reduce.allocate_memory", "average_duration": 0.00037051242471144763, "n_events": 29249, "total_time": 10.837117910385132}, "reduce.compute.p": {"label": "reduce.compute.p", "average_duration": 0.0010455733197559237, "n_events": 29249, "total_time": 30.581974029541016}, "reduce.compute.q": {"label": "reduce.compute.q", "average_duration": 0.0006288058892523653, "n_events": 29249, "total_time": 18.39194345474243}, "reduce.normalize.p": {"label": "reduce.normalize.p", "average_duration": 0.004844079364397215, "n_events": 29249, "total_time": 141.68447732925415}, "reduce.outerprod": {"label": "reduce.outerprod", "average_duration": 0.0015766419216344987, "n_events": 29249, "total_time": 46.11519956588745}, "reduce.p": {"label": "reduce.p", "average_duration": 0.0014987253540377115, "n_events": 29249, "total_time": 43.83621788024902}, "reduce.prepare.q": {"label": "reduce.prepare.q", "average_duration": 0.00031610112984350243, "n_events": 29249, "total_time": 9.245641946792603}, "reduce.q": {"label": "reduce.q", "average_duration": 0.000677670163820371, "n_events": 29249, "total_time": 19.82117462158203}, "reduce.rank1.all_reduce": {"label": "reduce.rank1.all_reduce", "average_duration": 9.657772648105859e-05, "n_events": 29249, "total_time": 2.8248019218444824}, "reduce.rank1.pack": {"label": "reduce.rank1.pack", "average_duration": 0.00027969514509727496, "n_events": 29249, "total_time": 8.180803298950195}, "reduce.rank1.unpack": {"label": "reduce.rank1.unpack", "average_duration": 0.0010514399052367275, "n_events": 29249, "total_time": 30.753565788269043}, "test.last": {"label": "test.last", "average_duration": 1.0556068468413897, "n_events": 149, "total_time": 157.28542017936707}}