{"batch": {"label": "batch", "average_duration": 0.05856644210214187, "n_events": 29249, "total_time": 1713.0098650455475}, "batch.accumulate": {"label": "batch.accumulate", "average_duration": 0.001185306643106138, "n_events": 29249, "total_time": 34.669034004211426}, "batch.backward": {"label": "batch.backward", "average_duration": 0.01994811343700035, "n_events": 29249, "total_time": 583.4623699188232}, "batch.evaluate": {"label": "batch.evaluate", "average_duration": 0.000803453110642684, "n_events": 29249, "total_time": 23.500200033187866}, "batch.forward": {"label": "batch.forward", "average_duration": 0.011418509065173598, "n_events": 29249, "total_time": 333.9799716472626}, "batch.reduce": {"label": "batch.reduce", "average_duration": 0.015356416608367058, "n_events": 29249, "total_time": 449.15982937812805}, "batch.step": {"label": "batch.step", "average_duration": 0.006415824596036328, "n_events": 29249, "total_time": 187.65645360946655}, "epoch_metrics.collect": {"label": "epoch_metrics.collect", "average_duration": 0.0025411180201792877, "n_events": 149, "total_time": 0.37862658500671387}, "reduce.compress": {"label": "reduce.compress", "average_duration": 0.005119963798234718, "n_events": 29249, "total_time": 149.75382113456726}, "reduce.decompress": {"label": "reduce.decompress", "average_duration": 0.0004464696136644679, "n_events": 29249, "total_time": 13.058789730072021}, "reduce.flat_pack": {"label": "reduce.flat_pack", "average_duration": 0.0007744782145987079, "n_events": 29249, "total_time": 22.652713298797607}, "reduce.norm": {"label": "reduce.norm", "average_duration": 0.0007520231769742662, "n_events": 29249, "total_time": 21.995925903320312}, "reduce.reduce.vector": {"label": "reduce.reduce.vector", "average_duration": 0.0041718012312749846, "n_events": 29249, "total_time": 122.02101421356201}, "reduce.setgrad": {"label": "reduce.setgrad", "average_duration": 0.003843753781048529, "n_events": 29249, "total_time": 112.42595434188843}, "test.last": {"label": "test.last", "average_duration": 1.0661849575554765, "n_events": 149, "total_time": 158.861558675766}}