{"batch": {"label": "batch", "average_duration": 0.05512066219047732, "n_events": 29249, "total_time": 1612.2242484092712}, "batch.accumulate": {"label": "batch.accumulate", "average_duration": 0.0009873691161574126, "n_events": 29249, "total_time": 28.87955927848816}, "batch.backward": {"label": "batch.backward", "average_duration": 0.007637090620055045, "n_events": 29249, "total_time": 223.37726354599}, "batch.evaluate": {"label": "batch.evaluate", "average_duration": 0.01848989370325789, "n_events": 29249, "total_time": 540.81090092659}, "batch.forward": {"label": "batch.forward", "average_duration": 0.004418523304523324, "n_events": 29249, "total_time": 129.23738813400269}, "batch.reduce": {"label": "batch.reduce", "average_duration": 0.015182753555460617, "n_events": 29249, "total_time": 444.0803587436676}, "batch.step": {"label": "batch.step", "average_duration": 0.005610191653726806, "n_events": 29249, "total_time": 164.09249567985535}, "epoch_metrics.collect": {"label": "epoch_metrics.collect", "average_duration": 0.007777649284209181, "n_events": 149, "total_time": 1.158869743347168}, "reduce.compress": {"label": "reduce.compress", "average_duration": 0.0003591052584902617, "n_events": 29249, "total_time": 10.503469705581665}, "reduce.decompress": {"label": "reduce.decompress", "average_duration": 7.437809483080368e-05, "n_events": 29249, "total_time": 2.1754848957061768}, "reduce.flat_pack": {"label": "reduce.flat_pack", "average_duration": 0.0003232424791223832, "n_events": 29249, "total_time": 9.454519271850586}, "reduce.norm": {"label": "reduce.norm", "average_duration": 0.011049156445895119, "n_events": 29249, "total_time": 323.1767768859863}, "reduce.reduce.vector": {"label": "reduce.reduce.vector", "average_duration": 0.00011756088457424142, "n_events": 29249, "total_time": 3.4385383129119873}, "reduce.setgrad": {"label": "reduce.setgrad", "average_duration": 0.00306349382827969, "n_events": 29249, "total_time": 89.60413098335266}, "test.last": {"label": "test.last", "average_duration": 1.0302709941095953, "n_events": 149, "total_time": 153.5103781223297}}