{"batch": {"label": "batch", "average_duration": 0.36315812109267875, "n_events": 584, "total_time": 212.0843427181244}, "batch.accumulate": {"label": "batch.accumulate", "average_duration": 0.002730375842044228, "n_events": 38, "total_time": 0.10375428199768066}, "batch.backward": {"label": "batch.backward", "average_duration": 0.1225770307730322, "n_events": 584, "total_time": 71.5849859714508}, "batch.evaluate": {"label": "batch.evaluate", "average_duration": 0.000603778313284051, "n_events": 584, "total_time": 0.35260653495788574}, "batch.forward": {"label": "batch.forward", "average_duration": 0.04117091469568749, "n_events": 584, "total_time": 24.043814182281494}, "batch.reduce": {"label": "batch.reduce", "average_duration": 2.6047463417053223, "n_events": 38, "total_time": 98.98036098480225}, "batch.step": {"label": "batch.step", "average_duration": 0.008154973591843697, "n_events": 584, "total_time": 4.762504577636719}, "epoch_metrics.collect": {"label": "epoch_metrics.collect", "average_duration": 0.01282501220703125, "n_events": 2, "total_time": 0.0256500244140625}, "reduce.allreduce": {"label": "reduce.allreduce", "average_duration": 2.603732943534851, "n_events": 38, "total_time": 98.94185185432434}, "reduce.flat_pack": {"label": "reduce.flat_pack", "average_duration": 0.0008819354207892167, "n_events": 38, "total_time": 0.033513545989990234}, "test.last": {"label": "test.last", "average_duration": 5.631109595298767, "n_events": 2, "total_time": 11.262219190597534}}