{"batch": {"label": "batch", "average_duration": 0.1410735070245738, "n_events": 389, "total_time": 54.877594232559204}, "batch.accumulate": {"label": "batch.accumulate", "average_duration": 0.0021519054177487726, "n_events": 389, "total_time": 0.8370912075042725}, "batch.backward": {"label": "batch.backward", "average_duration": 0.0821693562603242, "n_events": 389, "total_time": 31.963879585266113}, "batch.evaluate": {"label": "batch.evaluate", "average_duration": 0.0005011031437655647, "n_events": 389, "total_time": 0.1949291229248047}, "batch.forward": {"label": "batch.forward", "average_duration": 0.03584097957856244, "n_events": 389, "total_time": 13.942141056060791}, "batch.reduce": {"label": "batch.reduce", "average_duration": 0.008571772465056197, "n_events": 389, "total_time": 3.3344194889068604}, "batch.step": {"label": "batch.step", "average_duration": 0.008103105893171845, "n_events": 389, "total_time": 3.1521081924438477}, "reduce.compress": {"label": "reduce.compress", "average_duration": 0.00032363697924773306, "n_events": 389, "total_time": 0.12589478492736816}, "reduce.decompress": {"label": "reduce.decompress", "average_duration": 7.077599552419314e-05, "n_events": 389, "total_time": 0.027531862258911133}, "reduce.flat_pack": {"label": "reduce.flat_pack", "average_duration": 0.0008460886987132094, "n_events": 389, "total_time": 0.3291285037994385}, "reduce.norm": {"label": "reduce.norm", "average_duration": 7.391404983010574e-05, "n_events": 389, "total_time": 0.028752565383911133}, "reduce.reduce.vector": {"label": "reduce.reduce.vector", "average_duration": 9.83154865647343e-06, "n_events": 389, "total_time": 0.003824472427368164}, "reduce.setgrad": {"label": "reduce.setgrad", "average_duration": 0.006930859965346466, "n_events": 389, "total_time": 2.6961045265197754}}