{"batch": {"label": "batch", "average_duration": 0.18607593198771316, "n_events": 387, "total_time": 72.011385679245}, "batch.accumulate": {"label": "batch.accumulate", "average_duration": 0.00302682982550727, "n_events": 18, "total_time": 0.05448293685913086}, "batch.backward": {"label": "batch.backward", "average_duration": 0.02434964143028555, "n_events": 387, "total_time": 9.423311233520508}, "batch.evaluate": {"label": "batch.evaluate", "average_duration": 0.11498846995430091, "n_events": 387, "total_time": 44.50053787231445}, "batch.forward": {"label": "batch.forward", "average_duration": 0.02400974340217058, "n_events": 387, "total_time": 9.291770696640015}, "batch.reduce": {"label": "batch.reduce", "average_duration": 0.09962651464674208, "n_events": 18, "total_time": 1.7932772636413574}, "batch.step": {"label": "batch.step", "average_duration": 0.009142820225205532, "n_events": 387, "total_time": 3.538271427154541}, "epoch_metrics.collect": {"label": "epoch_metrics.collect", "average_duration": 0.05813121795654297, "n_events": 3, "total_time": 0.1743936538696289}, "reduce.compress": {"label": "reduce.compress", "average_duration": 0.0011067390441894531, "n_events": 18, "total_time": 0.019921302795410156}, "reduce.decompress": {"label": "reduce.decompress", "average_duration": 0.00024500158098008897, "n_events": 18, "total_time": 0.0044100284576416016}, "reduce.flat_pack": {"label": "reduce.flat_pack", "average_duration": 0.0008197360568576389, "n_events": 18, "total_time": 0.0147552490234375}, "reduce.norm": {"label": "reduce.norm", "average_duration": 0.08737974696689182, "n_events": 18, "total_time": 1.5728354454040527}, "reduce.reduce.vector": {"label": "reduce.reduce.vector", "average_duration": 0.0001357661353217231, "n_events": 18, "total_time": 0.0024437904357910156}, "reduce.setgrad": {"label": "reduce.setgrad", "average_duration": 0.009584267934163412, "n_events": 18, "total_time": 0.1725168228149414}, "test.last": {"label": "test.last", "average_duration": 1.5058248043060303, "n_events": 3, "total_time": 4.517474412918091}}