{"batch": {"label": "batch", "average_duration": 0.08710447698831558, "n_events": 96, "total_time": 8.362029790878296}, "batch.accumulate": {"label": "batch.accumulate", "average_duration": 0.0009738753239313761, "n_events": 96, "total_time": 0.09349203109741211}, "batch.backward": {"label": "batch.backward", "average_duration": 0.0663351242740949, "n_events": 96, "total_time": 6.36817193031311}, "batch.evaluate": {"label": "batch.evaluate", "average_duration": 0.0012556711832682292, "n_events": 96, "total_time": 0.12054443359375}, "batch.forward": {"label": "batch.forward", "average_duration": 0.006420540312925975, "n_events": 96, "total_time": 0.6163718700408936}, "batch.reduce": {"label": "batch.reduce", "average_duration": 0.00623735785484314, "n_events": 96, "total_time": 0.5987863540649414}, "batch.step": {"label": "batch.step", "average_duration": 0.00292287270228068, "n_events": 96, "total_time": 0.2805957794189453}, "reduce.compress": {"label": "reduce.compress", "average_duration": 0.0009053175648053488, "n_events": 96, "total_time": 0.08691048622131348}, "reduce.decompress": {"label": "reduce.decompress", "average_duration": 0.0001977980136871338, "n_events": 96, "total_time": 0.018988609313964844}, "reduce.flat_pack": {"label": "reduce.flat_pack", "average_duration": 0.0006777693827946981, "n_events": 96, "total_time": 0.06506586074829102}, "reduce.norm": {"label": "reduce.norm", "average_duration": 0.0007558688521385193, "n_events": 96, "total_time": 0.07256340980529785}, "reduce.reduce.vector": {"label": "reduce.reduce.vector", "average_duration": 0.00013774881760279337, "n_events": 96, "total_time": 0.013223886489868164}, "reduce.setgrad": {"label": "reduce.setgrad", "average_duration": 0.0029882912834485373, "n_events": 96, "total_time": 0.28687596321105957}}