{"batch": {"label": "batch", "average_duration": 0.02951289083539825, "n_events": 194, "total_time": 5.725500822067261}, "batch.accumulate": {"label": "batch.accumulate", "average_duration": 0.0007648848995719989, "n_events": 194, "total_time": 0.14838767051696777}, "batch.backward": {"label": "batch.backward", "average_duration": 0.01265580137980353, "n_events": 194, "total_time": 2.4552254676818848}, "batch.evaluate": {"label": "batch.evaluate", "average_duration": 0.0009815840377021081, "n_events": 194, "total_time": 0.19042730331420898}, "batch.forward": {"label": "batch.forward", "average_duration": 0.005564362732405515, "n_events": 194, "total_time": 1.07948637008667}, "batch.reduce": {"label": "batch.reduce", "average_duration": 0.0054560051750890985, "n_events": 194, "total_time": 1.0584650039672852}, "batch.step": {"label": "batch.step", "average_duration": 0.0026317515324071512, "n_events": 194, "total_time": 0.5105597972869873}, "reduce.compress": {"label": "reduce.compress", "average_duration": 0.00035881627466260774, "n_events": 194, "total_time": 0.0696103572845459}, "reduce.decompress": {"label": "reduce.decompress", "average_duration": 8.057810596584045e-05, "n_events": 194, "total_time": 0.015632152557373047}, "reduce.flat_pack": {"label": "reduce.flat_pack", "average_duration": 0.0008239475722165452, "n_events": 194, "total_time": 0.15984582901000977}, "reduce.norm": {"label": "reduce.norm", "average_duration": 0.0010981916152324872, "n_events": 194, "total_time": 0.21304917335510254}, "reduce.reduce.vector": {"label": "reduce.reduce.vector", "average_duration": 0.0003723188773872926, "n_events": 194, "total_time": 0.07222986221313477}, "reduce.setgrad": {"label": "reduce.setgrad", "average_duration": 0.0022729340287827955, "n_events": 194, "total_time": 0.4409492015838623}}