{"batch": {"label": "batch", "average_duration": 0.1332171337663635, "n_events": 484, "total_time": 64.47709274291992}, "batch.accumulate": {"label": "batch.accumulate", "average_duration": 0.0007342873526013587, "n_events": 484, "total_time": 0.3553950786590576}, "batch.backward": {"label": "batch.backward", "average_duration": 0.06485242685995811, "n_events": 484, "total_time": 31.388574600219727}, "batch.evaluate": {"label": "batch.evaluate", "average_duration": 0.0007569647032367296, "n_events": 484, "total_time": 0.36637091636657715}, "batch.forward": {"label": "batch.forward", "average_duration": 0.05522108669123374, "n_events": 484, "total_time": 26.72700595855713}, "batch.reduce": {"label": "batch.reduce", "average_duration": 0.006982862456770968, "n_events": 484, "total_time": 3.3797054290771484}, "batch.step": {"label": "batch.step", "average_duration": 0.002966055200119649, "n_events": 484, "total_time": 1.4355707168579102}, "epoch_metrics.collect": {"label": "epoch_metrics.collect", "average_duration": 0.004333555698394775, "n_events": 4, "total_time": 0.0173342227935791}, "reduce.compress": {"label": "reduce.compress", "average_duration": 0.0016923640385146969, "n_events": 484, "total_time": 0.8191041946411133}, "reduce.decompress": {"label": "reduce.decompress", "average_duration": 0.0001903668908048267, "n_events": 484, "total_time": 0.09213757514953613}, "reduce.flat_pack": {"label": "reduce.flat_pack", "average_duration": 0.0004000634201302016, "n_events": 484, "total_time": 0.19363069534301758}, "reduce.norm": {"label": "reduce.norm", "average_duration": 0.0009459193087806387, "n_events": 484, "total_time": 0.4578249454498291}, "reduce.reduce.vector": {"label": "reduce.reduce.vector", "average_duration": 0.0008864905223373539, "n_events": 484, "total_time": 0.4290614128112793}, "reduce.setgrad": {"label": "reduce.setgrad", "average_duration": 0.002396904732570175, "n_events": 484, "total_time": 1.1601018905639648}, "test.last": {"label": "test.last", "average_duration": 1.1709340810775757, "n_events": 4, "total_time": 4.683736324310303}}