{"batch": {"label": "batch", "average_duration": 0.06685074717657208, "n_events": 29249, "total_time": 1955.3175041675568}, "batch.accumulate": {"label": "batch.accumulate", "average_duration": 0.0009733396797710992, "n_events": 29249, "total_time": 28.469212293624878}, "batch.backward": {"label": "batch.backward", "average_duration": 0.02214646092430865, "n_events": 29249, "total_time": 647.7618355751038}, "batch.evaluate": {"label": "batch.evaluate", "average_duration": 0.0004893135929104406, "n_events": 29249, "total_time": 14.311933279037476}, "batch.forward": {"label": "batch.forward", "average_duration": 0.01133450433418785, "n_events": 29249, "total_time": 331.5229172706604}, "batch.reduce": {"label": "batch.reduce", "average_duration": 0.02818352654675646, "n_events": 29249, "total_time": 824.3399679660797}, "batch.step": {"label": "batch.step", "average_duration": 0.0023964154031110496, "n_events": 29249, "total_time": 70.09275412559509}, "epoch_metrics.collect": {"label": "epoch_metrics.collect", "average_duration": 0.0018029917006524617, "n_events": 149, "total_time": 0.2686457633972168}, "reduce.compress": {"label": "reduce.compress", "average_duration": 0.017108845912092524, "n_events": 29249, "total_time": 500.4166340827942}, "reduce.decompress": {"label": "reduce.decompress", "average_duration": 0.0021154508251928503, "n_events": 29249, "total_time": 61.874821186065674}, "reduce.flat_pack": {"label": "reduce.flat_pack", "average_duration": 0.000625446379182685, "n_events": 29249, "total_time": 18.293681144714355}, "reduce.norm": {"label": "reduce.norm", "average_duration": 0.0006576439813367851, "n_events": 29249, "total_time": 19.23542881011963}, "reduce.reduce.vector": {"label": "reduce.reduce.vector", "average_duration": 0.004546626872977883, "n_events": 29249, "total_time": 132.9842894077301}, "reduce.setgrad": {"label": "reduce.setgrad", "average_duration": 0.0029313007482418938, "n_events": 29249, "total_time": 85.73761558532715}, "test.last": {"label": "test.last", "average_duration": 0.9303341423905136, "n_events": 149, "total_time": 138.61978721618652}}