{"batch": {"label": "batch", "average_duration": 0.08253117758652259, "n_events": 290, "total_time": 23.934041500091553}, "batch.accumulate": {"label": "batch.accumulate", "average_duration": 0.001195828119913737, "n_events": 18, "total_time": 0.021524906158447266}, "batch.backward": {"label": "batch.backward", "average_duration": 0.0662402005031191, "n_events": 290, "total_time": 19.20965814590454}, "batch.evaluate": {"label": "batch.evaluate", "average_duration": 0.0012307734325014313, "n_events": 290, "total_time": 0.35692429542541504}, "batch.forward": {"label": "batch.forward", "average_duration": 0.006535650943887645, "n_events": 290, "total_time": 1.895338773727417}, "batch.reduce": {"label": "batch.reduce", "average_duration": 0.01788051923116048, "n_events": 18, "total_time": 0.32184934616088867}, "batch.step": {"label": "batch.step", "average_duration": 0.004075690795635355, "n_events": 290, "total_time": 1.181950330734253}, "epoch_metrics.collect": {"label": "epoch_metrics.collect", "average_duration": 0.006690382957458496, "n_events": 2, "total_time": 0.013380765914916992}, "reduce.compress": {"label": "reduce.compress", "average_duration": 0.005151192347208659, "n_events": 18, "total_time": 0.09272146224975586}, "reduce.decompress": {"label": "reduce.decompress", "average_duration": 0.001018948025173611, "n_events": 18, "total_time": 0.018341064453125}, "reduce.flat_pack": {"label": "reduce.flat_pack", "average_duration": 0.0007512304517957899, "n_events": 18, "total_time": 0.013522148132324219}, "reduce.norm": {"label": "reduce.norm", "average_duration": 0.006718171967400445, "n_events": 18, "total_time": 0.12092709541320801}, "reduce.reduce.vector": {"label": "reduce.reduce.vector", "average_duration": 0.0005003478791978625, "n_events": 18, "total_time": 0.009006261825561523}, "reduce.setgrad": {"label": "reduce.setgrad", "average_duration": 0.0034042861726548937, "n_events": 18, "total_time": 0.061277151107788086}, "test.last": {"label": "test.last", "average_duration": 1.3528438806533813, "n_events": 2, "total_time": 2.7056877613067627}, "reduce_times": [0.013106822967529297, 0.012403011322021484, 0.011925935745239258, 0.012052536010742188, 0.011806488037109375, 0.011264801025390625, 0.042418718338012695, 0.014460325241088867, 0.01199030876159668, 0.012064456939697266, 0.011803388595581055, 0.0118865966796875, 0.08856368064880371, 0.011782407760620117, 0.011703729629516602, 0.011555910110473633, 0.011647701263427734, 0.011548995971679688, 0.010970354080200195]}