{"batch": {"label": "batch", "average_duration": 0.08206620874076054, "n_events": 290, "total_time": 23.799200534820557}, "batch.accumulate": {"label": "batch.accumulate", "average_duration": 0.0011463297737969293, "n_events": 18, "total_time": 0.020633935928344727}, "batch.backward": {"label": "batch.backward", "average_duration": 0.006759767696775239, "n_events": 290, "total_time": 1.9603326320648193}, "batch.evaluate": {"label": "batch.evaluate", "average_duration": 0.06022819650584254, "n_events": 290, "total_time": 17.466176986694336}, "batch.forward": {"label": "batch.forward", "average_duration": 0.005802503125420932, "n_events": 290, "total_time": 1.6827259063720703}, "batch.reduce": {"label": "batch.reduce", "average_duration": 0.04042775101131863, "n_events": 18, "total_time": 0.7276995182037354}, "batch.step": {"label": "batch.step", "average_duration": 0.003346661041522848, "n_events": 290, "total_time": 0.970531702041626}, "epoch_metrics.collect": {"label": "epoch_metrics.collect", "average_duration": 0.0024067163467407227, "n_events": 2, "total_time": 0.004813432693481445}, "reduce.compress": {"label": "reduce.compress", "average_duration": 0.0010596646202935113, "n_events": 18, "total_time": 0.019073963165283203}, "reduce.decompress": {"label": "reduce.decompress", "average_duration": 0.000235597292582194, "n_events": 18, "total_time": 0.004240751266479492}, "reduce.flat_pack": {"label": "reduce.flat_pack", "average_duration": 0.0003204213248358832, "n_events": 18, "total_time": 0.0057675838470458984}, "reduce.norm": {"label": "reduce.norm", "average_duration": 0.03517165448930529, "n_events": 18, "total_time": 0.6330897808074951}, "reduce.reduce.vector": {"label": "reduce.reduce.vector", "average_duration": 0.00013461377885606553, "n_events": 18, "total_time": 0.0024230480194091797}, "reduce.setgrad": {"label": "reduce.setgrad", "average_duration": 0.0031813250647650827, "n_events": 18, "total_time": 0.057263851165771484}, "test.last": {"label": "test.last", "average_duration": 1.3528151512145996, "n_events": 2, "total_time": 2.705630302429199}, "reduce_times": [0.08503365516662598, 0.05066704750061035, 0.029925823211669922, 0.0390322208404541, 0.04085373878479004, 0.04401087760925293, 0.0065784454345703125, 0.0634615421295166, 0.04516482353210449, 0.06621861457824707, 0.05471181869506836, 0.0373837947845459, 0.006825685501098633, 0.03499650955200195, 0.04681992530822754, 0.036490678787231445, 0.04563713073730469, 0.0494837760925293, 0.02943706512451172]}