{"batch": {"label": "batch", "average_duration": 0.08195581765010439, "n_events": 290, "total_time": 23.767187118530273}, "batch.accumulate": {"label": "batch.accumulate", "average_duration": 0.0011035601298014324, "n_events": 18, "total_time": 0.01986408233642578}, "batch.backward": {"label": "batch.backward", "average_duration": 0.006336964409926842, "n_events": 290, "total_time": 1.8377196788787842}, "batch.evaluate": {"label": "batch.evaluate", "average_duration": 0.0589817581505611, "n_events": 290, "total_time": 17.10470986366272}, "batch.forward": {"label": "batch.forward", "average_duration": 0.005771707666331324, "n_events": 290, "total_time": 1.673795223236084}, "batch.reduce": {"label": "batch.reduce", "average_duration": 0.06555359893374973, "n_events": 18, "total_time": 1.1799647808074951}, "batch.step": {"label": "batch.step", "average_duration": 0.003265844542404701, "n_events": 290, "total_time": 0.9470949172973633}, "epoch_metrics.collect": {"label": "epoch_metrics.collect", "average_duration": 0.029842734336853027, "n_events": 2, "total_time": 0.059685468673706055}, "reduce.compress": {"label": "reduce.compress", "average_duration": 0.0011003282335069445, "n_events": 18, "total_time": 0.019805908203125}, "reduce.decompress": {"label": "reduce.decompress", "average_duration": 0.00024455123477511935, "n_events": 18, "total_time": 0.0044019222259521484}, "reduce.flat_pack": {"label": "reduce.flat_pack", "average_duration": 0.0003205272886488173, "n_events": 18, "total_time": 0.005769491195678711}, "reduce.norm": {"label": "reduce.norm", "average_duration": 0.06032280127207438, "n_events": 18, "total_time": 1.0858104228973389}, "reduce.reduce.vector": {"label": "reduce.reduce.vector", "average_duration": 0.00013919671376546225, "n_events": 18, "total_time": 0.0025055408477783203}, "reduce.setgrad": {"label": "reduce.setgrad", "average_duration": 0.0031012561586168078, "n_events": 18, "total_time": 0.05582261085510254}, "test.last": {"label": "test.last", "average_duration": 1.3527723550796509, "n_events": 2, "total_time": 2.7055447101593018}, "reduce_times": [0.09941315650939941, 0.0712425708770752, 0.0757753849029541, 0.060729265213012695, 0.07003974914550781, 0.07468795776367188, 0.04634714126586914, 0.09218168258666992, 0.0528719425201416, 0.09537005424499512, 0.07561516761779785, 0.05933022499084473, 0.016611337661743164, 0.07935595512390137, 0.06909728050231934, 0.05433320999145508, 0.06516194343566895, 0.0641016960144043, 0.05711221694946289]}