{"batch": {"label": "batch", "average_duration": 0.08151368946992149, "n_events": 387, "total_time": 31.54579782485962}, "batch.accumulate": {"label": "batch.accumulate", "average_duration": 0.001120660040113661, "n_events": 18, "total_time": 0.0201718807220459}, "batch.backward": {"label": "batch.backward", "average_duration": 0.006432805566516649, "n_events": 387, "total_time": 2.4894957542419434}, "batch.evaluate": {"label": "batch.evaluate", "average_duration": 0.059685185898182, "n_events": 387, "total_time": 23.098166942596436}, "batch.forward": {"label": "batch.forward", "average_duration": 0.00570927725897895, "n_events": 387, "total_time": 2.2094902992248535}, "batch.reduce": {"label": "batch.reduce", "average_duration": 0.06527439753214519, "n_events": 18, "total_time": 1.1749391555786133}, "batch.step": {"label": "batch.step", "average_duration": 0.0032042631499219, "n_events": 387, "total_time": 1.2400498390197754}, "epoch_metrics.collect": {"label": "epoch_metrics.collect", "average_duration": 0.02131334940592448, "n_events": 3, "total_time": 0.06394004821777344}, "reduce.compress": {"label": "reduce.compress", "average_duration": 0.0011061959796481663, "n_events": 18, "total_time": 0.019911527633666992}, "reduce.decompress": {"label": "reduce.decompress", "average_duration": 0.00022782219780815972, "n_events": 18, "total_time": 0.004100799560546875}, "reduce.flat_pack": {"label": "reduce.flat_pack", "average_duration": 0.00032455391354031034, "n_events": 18, "total_time": 0.005841970443725586}, "reduce.norm": {"label": "reduce.norm", "average_duration": 0.05989187293582492, "n_events": 18, "total_time": 1.0780537128448486}, "reduce.reduce.vector": {"label": "reduce.reduce.vector", "average_duration": 0.00013366010453965928, "n_events": 18, "total_time": 0.002405881881713867}, "reduce.setgrad": {"label": "reduce.setgrad", "average_duration": 0.0032560957802666556, "n_events": 18, "total_time": 0.058609724044799805}, "test.last": {"label": "test.last", "average_duration": 1.350022315979004, "n_events": 3, "total_time": 4.050066947937012}, "reduce_times": [0.12605643272399902, 0.045857906341552734, 0.06551480293273926, 0.05432558059692383, 0.0067174434661865234, 0.06806230545043945, 0.06848669052124023, 0.07477855682373047, 0.07846260070800781, 0.046369314193725586, 0.07898402214050293, 0.07852458953857422, 0.061391353607177734, 0.07277679443359375, 0.06526827812194824, 0.08240103721618652, 0.08099889755249023, 0.07843875885009766, 0.0675802230834961]}