{"batch": {"label": "batch", "average_duration": 0.0815931629456907, "n_events": 387, "total_time": 31.5765540599823}, "batch.accumulate": {"label": "batch.accumulate", "average_duration": 0.0011496676339043512, "n_events": 18, "total_time": 0.02069401741027832}, "batch.backward": {"label": "batch.backward", "average_duration": 0.006328088676590636, "n_events": 387, "total_time": 2.448970317840576}, "batch.evaluate": {"label": "batch.evaluate", "average_duration": 0.06071981287125777, "n_events": 387, "total_time": 23.498567581176758}, "batch.forward": {"label": "batch.forward", "average_duration": 0.005668245236694967, "n_events": 387, "total_time": 2.193610906600952}, "batch.reduce": {"label": "batch.reduce", "average_duration": 0.044755273395114474, "n_events": 18, "total_time": 0.8055949211120605}, "batch.step": {"label": "batch.step", "average_duration": 0.003347700572445103, "n_events": 387, "total_time": 1.2955601215362549}, "epoch_metrics.collect": {"label": "epoch_metrics.collect", "average_duration": 0.0011396408081054688, "n_events": 3, "total_time": 0.0034189224243164062}, "reduce.compress": {"label": "reduce.compress", "average_duration": 0.0010675721698337132, "n_events": 18, "total_time": 0.019216299057006836}, "reduce.decompress": {"label": "reduce.decompress", "average_duration": 0.00022624598609076606, "n_events": 18, "total_time": 0.004072427749633789}, "reduce.flat_pack": {"label": "reduce.flat_pack", "average_duration": 0.00034818384382459853, "n_events": 18, "total_time": 0.0062673091888427734}, "reduce.norm": {"label": "reduce.norm", "average_duration": 0.0395914183722602, "n_events": 18, "total_time": 0.7126455307006836}, "reduce.reduce.vector": {"label": "reduce.reduce.vector", "average_duration": 0.00013261371188693575, "n_events": 18, "total_time": 0.0023870468139648438}, "reduce.setgrad": {"label": "reduce.setgrad", "average_duration": 0.0030571089850531686, "n_events": 18, "total_time": 0.05502796173095703}, "test.last": {"label": "test.last", "average_duration": 1.3500280380249023, "n_events": 3, "total_time": 4.050084114074707}, "reduce_times": [0.10194277763366699, 0.041132211685180664, 0.005440711975097656, 0.05168724060058594, 0.010029077529907227, 0.04787850379943848, 0.05449533462524414, 0.05057191848754883, 0.05049729347229004, 0.02961254119873047, 0.04646635055541992, 0.05159139633178711, 0.05254554748535156, 0.056632041931152344, 0.006465911865234375, 0.06451129913330078, 0.0706331729888916, 0.0556485652923584, 0.059755802154541016]}