{"batch": {"label": "batch", "average_duration": 0.13665394448051768, "n_events": 484, "total_time": 66.14050912857056}, "batch.accumulate": {"label": "batch.accumulate", "average_duration": 0.0007193940730134317, "n_events": 484, "total_time": 0.348186731338501}, "batch.backward": {"label": "batch.backward", "average_duration": 0.06479636598224482, "n_events": 484, "total_time": 31.361441135406494}, "batch.evaluate": {"label": "batch.evaluate", "average_duration": 0.0005210130667883502, "n_events": 484, "total_time": 0.2521703243255615}, "batch.forward": {"label": "batch.forward", "average_duration": 0.055190628225153145, "n_events": 484, "total_time": 26.71226406097412}, "batch.reduce": {"label": "batch.reduce", "average_duration": 0.010962830102148135, "n_events": 484, "total_time": 5.306009769439697}, "batch.step": {"label": "batch.step", "average_duration": 0.0030881210792163185, "n_events": 484, "total_time": 1.4946506023406982}, "epoch_metrics.collect": {"label": "epoch_metrics.collect", "average_duration": 0.004257321357727051, "n_events": 4, "total_time": 0.017029285430908203}, "reduce.allocate_memory": {"label": "reduce.allocate_memory", "average_duration": 0.0002283498275378519, "n_events": 484, "total_time": 0.11052131652832031}, "reduce.compute.p": {"label": "reduce.compute.p", "average_duration": 0.00047656622799960047, "n_events": 484, "total_time": 0.23065805435180664}, "reduce.compute.q": {"label": "reduce.compute.q", "average_duration": 0.0006710547061005899, "n_events": 484, "total_time": 0.32479047775268555}, "reduce.normalize.p": {"label": "reduce.normalize.p", "average_duration": 0.0013706462442382309, "n_events": 484, "total_time": 0.6633927822113037}, "reduce.outerprod": {"label": "reduce.outerprod", "average_duration": 0.0010326785489547352, "n_events": 484, "total_time": 0.4998164176940918}, "reduce.p": {"label": "reduce.p", "average_duration": 0.0013698502020402389, "n_events": 484, "total_time": 0.6630074977874756}, "reduce.prepare.q": {"label": "reduce.prepare.q", "average_duration": 0.00023768312674908598, "n_events": 484, "total_time": 0.11503863334655762}, "reduce.q": {"label": "reduce.q", "average_duration": 0.001326219602064653, "n_events": 484, "total_time": 0.641890287399292}, "reduce.rank1.all_reduce": {"label": "reduce.rank1.all_reduce", "average_duration": 0.0011572335377212398, "n_events": 484, "total_time": 0.5601010322570801}, "reduce.rank1.pack": {"label": "reduce.rank1.pack", "average_duration": 0.00020526214079423383, "n_events": 484, "total_time": 0.09934687614440918}, "reduce.rank1.unpack": {"label": "reduce.rank1.unpack", "average_duration": 0.0007494037801569158, "n_events": 484, "total_time": 0.36271142959594727}, "test.last": {"label": "test.last", "average_duration": 1.19241863489151, "n_events": 4, "total_time": 4.76967453956604}}