{"batch": {"label": "batch", "average_duration": 0.09041954684503299, "n_events": 194, "total_time": 17.5413920879364}, "batch.accumulate": {"label": "batch.accumulate", "average_duration": 0.000935445126798964, "n_events": 194, "total_time": 0.18147635459899902}, "batch.backward": {"label": "batch.backward", "average_duration": 0.0645460517136092, "n_events": 194, "total_time": 12.521934032440186}, "batch.evaluate": {"label": "batch.evaluate", "average_duration": 0.0011083600447349942, "n_events": 194, "total_time": 0.21502184867858887}, "batch.forward": {"label": "batch.forward", "average_duration": 0.006298765693743204, "n_events": 194, "total_time": 1.2219605445861816}, "batch.reduce": {"label": "batch.reduce", "average_duration": 0.011791520511981138, "n_events": 194, "total_time": 2.287554979324341}, "batch.step": {"label": "batch.step", "average_duration": 0.0028776446568597224, "n_events": 194, "total_time": 0.5582630634307861}, "reduce.compress": {"label": "reduce.compress", "average_duration": 0.006491631576695393, "n_events": 194, "total_time": 1.2593765258789062}, "reduce.decompress": {"label": "reduce.decompress", "average_duration": 0.0009994826365991966, "n_events": 194, "total_time": 0.19389963150024414}, "reduce.flat_pack": {"label": "reduce.flat_pack", "average_duration": 0.0006578558499051124, "n_events": 194, "total_time": 0.1276240348815918}, "reduce.norm": {"label": "reduce.norm", "average_duration": 0.0006167605980155394, "n_events": 194, "total_time": 0.11965155601501465}, "reduce.setgrad": {"label": "reduce.setgrad", "average_duration": 0.0027897874104607966, "n_events": 194, "total_time": 0.5412187576293945}}