{"batch": {"label": "batch", "average_duration": 0.08161139610695513, "n_events": 584, "total_time": 47.66105532646179}, "batch.accumulate": {"label": "batch.accumulate", "average_duration": 0.0009591140245136462, "n_events": 38, "total_time": 0.036446332931518555}, "batch.backward": {"label": "batch.backward", "average_duration": 0.06698728791654926, "n_events": 584, "total_time": 39.12057614326477}, "batch.evaluate": {"label": "batch.evaluate", "average_duration": 0.0011517572892855291, "n_events": 584, "total_time": 0.672626256942749}, "batch.forward": {"label": "batch.forward", "average_duration": 0.0064547135405344505, "n_events": 584, "total_time": 3.769552707672119}, "batch.reduce": {"label": "batch.reduce", "average_duration": 0.007089765448319285, "n_events": 38, "total_time": 0.2694110870361328}, "batch.step": {"label": "batch.step", "average_duration": 0.003576763280450481, "n_events": 584, "total_time": 2.088829755783081}, "epoch_metrics.collect": {"label": "epoch_metrics.collect", "average_duration": 0.0013170242309570312, "n_events": 2, "total_time": 0.0026340484619140625}, "reduce.allreduce": {"label": "reduce.allreduce", "average_duration": 0.006220497583088122, "n_events": 38, "total_time": 0.23637890815734863}, "reduce.flat_pack": {"label": "reduce.flat_pack", "average_duration": 0.0007549775274176346, "n_events": 38, "total_time": 0.028689146041870117}, "test.last": {"label": "test.last", "average_duration": 2.353945732116699, "n_events": 2, "total_time": 4.707891464233398}}