{"batch": {"label": "batch", "average_duration": 0.22348390817601455, "n_events": 29249, "total_time": 6536.68083024025}, "batch.accumulate": {"label": "batch.accumulate", "average_duration": 0.0025953163874823937, "n_events": 5849, "total_time": 15.180005550384521}, "batch.backward": {"label": "batch.backward", "average_duration": 0.143665192192357, "n_events": 29249, "total_time": 4202.06320643425}, "batch.evaluate": {"label": "batch.evaluate", "average_duration": 0.00044509748209561683, "n_events": 29249, "total_time": 13.018656253814697}, "batch.forward": {"label": "batch.forward", "average_duration": 0.06722162963141784, "n_events": 29249, "total_time": 1966.1654450893402}, "batch.reduce": {"label": "batch.reduce", "average_duration": 0.013405414947507157, "n_events": 5849, "total_time": 78.40827202796936}, "batch.step": {"label": "batch.step", "average_duration": 0.00588302394826904, "n_events": 29249, "total_time": 172.07256746292114}, "epoch_metrics.collect": {"label": "epoch_metrics.collect", "average_duration": 0.008589034112507865, "n_events": 149, "total_time": 1.2797660827636719}, "reduce.compress": {"label": "reduce.compress", "average_duration": 0.0007916316555634301, "n_events": 5849, "total_time": 4.630253553390503}, "reduce.decompress": {"label": "reduce.decompress", "average_duration": 0.00016807853553942848, "n_events": 5849, "total_time": 0.9830913543701172}, "reduce.flat_pack": {"label": "reduce.flat_pack", "average_duration": 0.0011665561012089364, "n_events": 5849, "total_time": 6.823186635971069}, "reduce.norm": {"label": "reduce.norm", "average_duration": 0.002689225385486213, "n_events": 5849, "total_time": 15.729279279708862}, "reduce.reduce.vector": {"label": "reduce.reduce.vector", "average_duration": 0.00012903972494640928, "n_events": 5849, "total_time": 0.7547533512115479}, "reduce.setgrad": {"label": "reduce.setgrad", "average_duration": 0.0077682407233710575, "n_events": 5849, "total_time": 45.436439990997314}, "test.last": {"label": "test.last", "average_duration": 2.5015116009936236, "n_events": 149, "total_time": 372.7252285480499}}