{"batch": {"label": "batch", "average_duration": 0.04044175891412572, "n_events": 29249, "total_time": 1182.8810064792633}, "batch.accumulate": {"label": "batch.accumulate", "average_duration": 0.0010679104446773755, "n_events": 5849, "total_time": 6.246208190917969}, "batch.backward": {"label": "batch.backward", "average_duration": 0.022543933070489713, "n_events": 29249, "total_time": 659.3874983787537}, "batch.evaluate": {"label": "batch.evaluate", "average_duration": 0.0006557539543040476, "n_events": 29249, "total_time": 19.180147409439087}, "batch.forward": {"label": "batch.forward", "average_duration": 0.011387923390744115, "n_events": 29249, "total_time": 333.08537125587463}, "batch.reduce": {"label": "batch.reduce", "average_duration": 0.00641803408019623, "n_events": 5849, "total_time": 37.53908133506775}, "batch.step": {"label": "batch.step", "average_duration": 0.0028447367488072424, "n_events": 29249, "total_time": 83.20570516586304}, "epoch_metrics.collect": {"label": "epoch_metrics.collect", "average_duration": 0.008314859147039836, "n_events": 149, "total_time": 1.2389140129089355}, "reduce.compress": {"label": "reduce.compress", "average_duration": 0.000448704499590191, "n_events": 5849, "total_time": 2.6244726181030273}, "reduce.decompress": {"label": "reduce.decompress", "average_duration": 8.956781512224729e-05, "n_events": 5849, "total_time": 0.5238821506500244}, "reduce.flat_pack": {"label": "reduce.flat_pack", "average_duration": 0.0007539120346567614, "n_events": 5849, "total_time": 4.4096314907073975}, "reduce.norm": {"label": "reduce.norm", "average_duration": 0.0007754548591800298, "n_events": 5849, "total_time": 4.535635471343994}, "reduce.reduce.vector": {"label": "reduce.reduce.vector", "average_duration": 0.00021540680427309958, "n_events": 5849, "total_time": 1.2599143981933594}, "reduce.setgrad": {"label": "reduce.setgrad", "average_duration": 0.0034012395839524852, "n_events": 5849, "total_time": 19.893850326538086}, "test.last": {"label": "test.last", "average_duration": 0.931703935533562, "n_events": 149, "total_time": 138.82388639450073}}