{"batch": {"label": "batch", "average_duration": 0.18345937704175247, "n_events": 193, "total_time": 35.40765976905823}, "batch.accumulate": {"label": "batch.accumulate", "average_duration": 0.003033876419067383, "n_events": 18, "total_time": 0.05460977554321289}, "batch.backward": {"label": "batch.backward", "average_duration": 0.024449631340145446, "n_events": 193, "total_time": 4.718778848648071}, "batch.evaluate": {"label": "batch.evaluate", "average_duration": 0.11485020978463129, "n_events": 193, "total_time": 22.166090488433838}, "batch.forward": {"label": "batch.forward", "average_duration": 0.024573365641381458, "n_events": 193, "total_time": 4.742659568786621}, "batch.reduce": {"label": "batch.reduce", "average_duration": 0.010560274124145508, "n_events": 18, "total_time": 0.19008493423461914}, "batch.step": {"label": "batch.step", "average_duration": 0.009554588732941781, "n_events": 193, "total_time": 1.8440356254577637}, "epoch_metrics.collect": {"label": "epoch_metrics.collect", "average_duration": 0.035655975341796875, "n_events": 1, "total_time": 0.035655975341796875}, "reduce.allreduce": {"label": "reduce.allreduce", "average_duration": 0.009663290447658963, "n_events": 18, "total_time": 0.17393922805786133}, "reduce.flat_pack": {"label": "reduce.flat_pack", "average_duration": 0.0007652971479627821, "n_events": 18, "total_time": 0.013775348663330078}, "test.last": {"label": "test.last", "average_duration": 1.4598135948181152, "n_events": 1, "total_time": 1.4598135948181152}, "reduce_times": [0.010641813278198242, 0.010364770889282227, 0.010442018508911133, 0.010280609130859375, 0.01092839241027832, 0.01232457160949707, 0.01054072380065918, 0.010459423065185547, 0.01049041748046875, 0.01047205924987793, 0.010005712509155273, 0.010258913040161133, 0.00998234748840332, 0.009908914566040039, 0.010152339935302734, 0.01118016242980957, 0.010500431060791016, 0.011162996292114258, 0.010630130767822266]}