{"batch": {"label": "batch", "average_duration": 0.08181766401300776, "n_events": 193, "total_time": 15.790809154510498}, "batch.accumulate": {"label": "batch.accumulate", "average_duration": 0.0011040767033894856, "n_events": 18, "total_time": 0.019873380661010742}, "batch.backward": {"label": "batch.backward", "average_duration": 0.006160351896533077, "n_events": 193, "total_time": 1.1889479160308838}, "batch.evaluate": {"label": "batch.evaluate", "average_duration": 0.059660697848068, "n_events": 193, "total_time": 11.514514684677124}, "batch.forward": {"label": "batch.forward", "average_duration": 0.005630202861647532, "n_events": 193, "total_time": 1.0866291522979736}, "batch.reduce": {"label": "batch.reduce", "average_duration": 0.03701950444115533, "n_events": 18, "total_time": 0.6663510799407959}, "batch.step": {"label": "batch.step", "average_duration": 0.0031433550187343145, "n_events": 193, "total_time": 0.6066675186157227}, "epoch_metrics.collect": {"label": "epoch_metrics.collect", "average_duration": 0.003857851028442383, "n_events": 1, "total_time": 0.003857851028442383}, "reduce.compress": {"label": "reduce.compress", "average_duration": 0.0004394849141438802, "n_events": 18, "total_time": 0.007910728454589844}, "reduce.decompress": {"label": "reduce.decompress", "average_duration": 8.700953589545356e-05, "n_events": 18, "total_time": 0.001566171646118164}, "reduce.flat_pack": {"label": "reduce.flat_pack", "average_duration": 0.00030987792544894747, "n_events": 18, "total_time": 0.005577802658081055}, "reduce.norm": {"label": "reduce.norm", "average_duration": 0.03252304924858941, "n_events": 18, "total_time": 0.5854148864746094}, "reduce.reduce.vector": {"label": "reduce.reduce.vector", "average_duration": 0.00015109115176730685, "n_events": 18, "total_time": 0.0027196407318115234}, "reduce.setgrad": {"label": "reduce.setgrad", "average_duration": 0.0032162401411268446, "n_events": 18, "total_time": 0.0578923225402832}, "test.last": {"label": "test.last", "average_duration": 1.3496155738830566, "n_events": 1, "total_time": 1.3496155738830566}, "reduce_times": [0.12594938278198242, 0.01018214225769043, 0.04876232147216797, 0.03847146034240723, 0.04536628723144531, 0.048398733139038086, 0.044263601303100586, 0.035977840423583984, 0.04178595542907715, 0.005722999572753906, 0.03826093673706055, 0.03896665573120117, 0.04143381118774414, 0.03899669647216797, 0.0352940559387207, 0.03918051719665527, 0.040404558181762695, 0.042241573333740234, 0.032640933990478516]}