{"batch": {"label": "batch", "average_duration": 0.08185627423419854, "n_events": 193, "total_time": 15.798260927200317}, "batch.accumulate": {"label": "batch.accumulate", "average_duration": 0.0011094941033257379, "n_events": 18, "total_time": 0.01997089385986328}, "batch.backward": {"label": "batch.backward", "average_duration": 0.00651553257759371, "n_events": 193, "total_time": 1.257497787475586}, "batch.evaluate": {"label": "batch.evaluate", "average_duration": 0.060413416185527265, "n_events": 193, "total_time": 11.659789323806763}, "batch.forward": {"label": "batch.forward", "average_duration": 0.005488075740596791, "n_events": 193, "total_time": 1.0591986179351807}, "batch.reduce": {"label": "batch.reduce", "average_duration": 0.02748029761844211, "n_events": 18, "total_time": 0.494645357131958}, "batch.step": {"label": "batch.step", "average_duration": 0.003201399442445429, "n_events": 193, "total_time": 0.6178700923919678}, "epoch_metrics.collect": {"label": "epoch_metrics.collect", "average_duration": 0.008105039596557617, "n_events": 1, "total_time": 0.008105039596557617}, "reduce.compress": {"label": "reduce.compress", "average_duration": 0.0004253917270236545, "n_events": 18, "total_time": 0.007657051086425781}, "reduce.decompress": {"label": "reduce.decompress", "average_duration": 8.581744299994575e-05, "n_events": 18, "total_time": 0.0015447139739990234}, "reduce.flat_pack": {"label": "reduce.flat_pack", "average_duration": 0.0002999040815565321, "n_events": 18, "total_time": 0.005398273468017578}, "reduce.norm": {"label": "reduce.norm", "average_duration": 0.023202591472201876, "n_events": 18, "total_time": 0.4176466464996338}, "reduce.reduce.vector": {"label": "reduce.reduce.vector", "average_duration": 0.00014502472347683378, "n_events": 18, "total_time": 0.002610445022583008}, "reduce.setgrad": {"label": "reduce.setgrad", "average_duration": 0.003035306930541992, "n_events": 18, "total_time": 0.05463552474975586}, "test.last": {"label": "test.last", "average_duration": 1.3497405052185059, "n_events": 1, "total_time": 1.3497405052185059}, "reduce_times": [0.11020064353942871, 0.02611398696899414, 0.0324094295501709, 0.029864072799682617, 0.033563852310180664, 0.03322792053222656, 0.037822723388671875, 0.02410435676574707, 0.033014774322509766, 0.016652822494506836, 0.026237010955810547, 0.022113561630249023, 0.028162240982055664, 0.03214287757873535, 0.02090167999267578, 0.02690577507019043, 0.030977964401245117, 0.021290302276611328, 0.019140005111694336]}