{"batch": {"label": "batch", "average_duration": 0.0822322681032378, "n_events": 290, "total_time": 23.847357749938965}, "batch.accumulate": {"label": "batch.accumulate", "average_duration": 0.0011064476437038845, "n_events": 18, "total_time": 0.019916057586669922}, "batch.backward": {"label": "batch.backward", "average_duration": 0.006557193295709018, "n_events": 290, "total_time": 1.9015860557556152}, "batch.evaluate": {"label": "batch.evaluate", "average_duration": 0.05882830373172102, "n_events": 290, "total_time": 17.060208082199097}, "batch.forward": {"label": "batch.forward", "average_duration": 0.005821448358996161, "n_events": 290, "total_time": 1.6882200241088867}, "batch.reduce": {"label": "batch.reduce", "average_duration": 0.06763558917575413, "n_events": 18, "total_time": 1.2174406051635742}, "batch.step": {"label": "batch.step", "average_duration": 0.0032311201095581053, "n_events": 290, "total_time": 0.9370248317718506}, "epoch_metrics.collect": {"label": "epoch_metrics.collect", "average_duration": 0.024012327194213867, "n_events": 2, "total_time": 0.048024654388427734}, "reduce.compress": {"label": "reduce.compress", "average_duration": 0.0004493660396999783, "n_events": 18, "total_time": 0.00808858871459961}, "reduce.decompress": {"label": "reduce.decompress", "average_duration": 9.181764390733506e-05, "n_events": 18, "total_time": 0.0016527175903320312}, "reduce.flat_pack": {"label": "reduce.flat_pack", "average_duration": 0.00031446086035834416, "n_events": 18, "total_time": 0.005660295486450195}, "reduce.norm": {"label": "reduce.norm", "average_duration": 0.0632377995385064, "n_events": 18, "total_time": 1.1382803916931152}, "reduce.reduce.vector": {"label": "reduce.reduce.vector", "average_duration": 0.00016054842207166884, "n_events": 18, "total_time": 0.002889871597290039}, "reduce.setgrad": {"label": "reduce.setgrad", "average_duration": 0.003070871035257975, "n_events": 18, "total_time": 0.055275678634643555}, "test.last": {"label": "test.last", "average_duration": 1.3580936193466187, "n_events": 2, "total_time": 2.7161872386932373}, "reduce_times": [0.14106512069702148, 0.0689384937286377, 0.07113933563232422, 0.07149076461791992, 0.07768654823303223, 0.06356239318847656, 0.0749516487121582, 0.06673789024353027, 0.06254267692565918, 0.07163190841674805, 0.0742945671081543, 0.06227540969848633, 0.023859262466430664, 0.07492470741271973, 0.05413198471069336, 0.06926131248474121, 0.08269190788269043, 0.07300925254821777, 0.0743105411529541]}