{"batch": {"label": "batch", "average_duration": 0.0823899088234737, "n_events": 290, "total_time": 23.893073558807373}, "batch.accumulate": {"label": "batch.accumulate", "average_duration": 0.0011357466379801433, "n_events": 18, "total_time": 0.020443439483642578}, "batch.backward": {"label": "batch.backward", "average_duration": 0.0062844835478683995, "n_events": 290, "total_time": 1.822500228881836}, "batch.evaluate": {"label": "batch.evaluate", "average_duration": 0.060265348697530814, "n_events": 290, "total_time": 17.476951122283936}, "batch.forward": {"label": "batch.forward", "average_duration": 0.005595079783735604, "n_events": 290, "total_time": 1.6225731372833252}, "batch.reduce": {"label": "batch.reduce", "average_duration": 0.056383980645073786, "n_events": 18, "total_time": 1.0149116516113281}, "batch.step": {"label": "batch.step", "average_duration": 0.0031029125739788187, "n_events": 290, "total_time": 0.8998446464538574}, "epoch_metrics.collect": {"label": "epoch_metrics.collect", "average_duration": 0.012945413589477539, "n_events": 2, "total_time": 0.025890827178955078}, "reduce.compress": {"label": "reduce.compress", "average_duration": 0.00047197606828477647, "n_events": 18, "total_time": 0.008495569229125977}, "reduce.decompress": {"label": "reduce.decompress", "average_duration": 9.36322742038303e-05, "n_events": 18, "total_time": 0.0016853809356689453}, "reduce.flat_pack": {"label": "reduce.flat_pack", "average_duration": 0.00033015675014919706, "n_events": 18, "total_time": 0.005942821502685547}, "reduce.norm": {"label": "reduce.norm", "average_duration": 0.05161053604549832, "n_events": 18, "total_time": 0.9289896488189697}, "reduce.reduce.vector": {"label": "reduce.reduce.vector", "average_duration": 0.00016164779663085938, "n_events": 18, "total_time": 0.0029096603393554688}, "reduce.setgrad": {"label": "reduce.setgrad", "average_duration": 0.003396802478366428, "n_events": 18, "total_time": 0.0611424446105957}, "test.last": {"label": "test.last", "average_duration": 1.3582029342651367, "n_events": 2, "total_time": 2.7164058685302734}, "reduce_times": [0.17148494720458984, 0.0645761489868164, 0.06472969055175781, 0.06618595123291016, 0.06780052185058594, 0.058527469635009766, 0.047553300857543945, 0.05523872375488281, 0.05033540725708008, 0.060678720474243164, 0.05993318557739258, 0.0504155158996582, 0.010274648666381836, 0.05680537223815918, 0.05145120620727539, 0.06473755836486816, 0.06304192543029785, 0.05979299545288086, 0.06283330917358398]}