{"batch": {"label": "batch", "average_duration": 1.102297524815982, "n_events": 194, "total_time": 213.84571981430054}, "batch.accumulate": {"label": "batch.accumulate", "average_duration": 0.0033051316271123198, "n_events": 194, "total_time": 0.64119553565979}, "batch.backward": {"label": "batch.backward", "average_duration": 0.6742471284473065, "n_events": 194, "total_time": 130.80394291877747}, "batch.evaluate": {"label": "batch.evaluate", "average_duration": 0.0008069448864337095, "n_events": 194, "total_time": 0.15654730796813965}, "batch.forward": {"label": "batch.forward", "average_duration": 0.31464699125781503, "n_events": 194, "total_time": 61.04151630401611}, "batch.reduce": {"label": "batch.reduce", "average_duration": 0.08879328634321075, "n_events": 194, "total_time": 17.225897550582886}, "batch.step": {"label": "batch.step", "average_duration": 0.010473114928019415, "n_events": 194, "total_time": 2.0317842960357666}, "reduce.allreduce": {"label": "reduce.allreduce", "average_duration": 0.0866463712810241, "n_events": 194, "total_time": 16.809396028518677}, "reduce.flat_pack": {"label": "reduce.flat_pack", "average_duration": 0.0019573907262271212, "n_events": 194, "total_time": 0.3797338008880615}, "reduce_times": [0.08897733688354492, 0.08859586715698242, 0.08771514892578125, 0.09130001068115234, 0.08787846565246582, 0.08599448204040527, 0.08667230606079102, 0.08894729614257812, 0.08943390846252441, 0.0853586196899414, 0.08866429328918457, 0.08753228187561035, 0.0897071361541748, 0.08637571334838867, 0.08992338180541992, 0.08829498291015625, 0.08969736099243164, 0.08728861808776855, 0.08759856224060059, 0.0883636474609375, 0.0879051685333252, 0.08736419677734375, 0.0895681381225586, 0.08603644371032715, 0.08915376663208008, 0.08661007881164551, 0.08908295631408691, 0.08684635162353516, 0.0887608528137207, 0.0875542163848877, 0.08800458908081055, 0.08426833152770996, 0.08667302131652832, 0.08472371101379395, 0.08777236938476562, 0.09167051315307617, 0.08966851234436035, 0.08967828750610352, 0.08584451675415039, 0.08636760711669922, 0.08667778968811035, 0.08904147148132324, 0.08845829963684082, 0.09027361869812012, 0.09046506881713867, 0.08704900741577148, 0.08556723594665527, 0.09161591529846191, 0.08592772483825684, 0.08598756790161133, 0.08640170097351074, 0.09007668495178223, 0.08828186988830566, 0.08899378776550293, 0.09004712104797363, 0.08801746368408203, 0.08986401557922363, 0.08825564384460449, 0.09365725517272949, 0.085693359375, 0.08954930305480957, 0.23692607879638672, 0.09194588661193848, 0.08989667892456055, 0.08507871627807617, 0.0855710506439209, 0.08882832527160645, 0.08765864372253418, 0.08570981025695801, 0.08850812911987305, 0.09001374244689941, 0.08980154991149902, 0.09021353721618652, 0.08674383163452148, 0.09685945510864258, 0.08811306953430176, 0.09290409088134766, 0.09243607521057129, 0.08797264099121094, 0.08924174308776855, 0.08515095710754395, 0.09277653694152832, 0.08800387382507324, 0.08860111236572266, 0.08808708190917969, 0.09062767028808594, 0.09012985229492188, 0.0844578742980957, 0.08750247955322266, 0.0864858627319336, 0.08913135528564453, 0.09243941307067871, 0.08538103103637695, 0.09072375297546387, 0.08885693550109863, 0.08984899520874023, 0.08745956420898438, 0.08663439750671387, 0.09160947799682617, 0.08565616607666016, 0.08815979957580566, 0.08616995811462402, 0.08822107315063477, 0.09187579154968262, 0.08639359474182129, 0.08774518966674805, 0.08662939071655273, 0.08530926704406738, 0.087982177734375, 0.08584308624267578, 0.08775687217712402, 0.08629107475280762, 0.09002375602722168, 0.08851885795593262, 0.08777022361755371, 0.08912801742553711, 0.0846567153930664, 0.088470458984375, 0.08522582054138184, 0.08636903762817383, 0.08904862403869629, 0.08564496040344238, 0.08726906776428223, 0.08732342720031738, 0.08572912216186523, 0.08884596824645996, 0.0862419605255127, 0.08793306350708008, 0.08524346351623535, 0.08585977554321289, 0.09027814865112305, 0.08777260780334473, 0.08533740043640137, 0.0872957706451416, 0.08630490303039551, 0.0895528793334961, 0.08870649337768555, 0.08629226684570312, 0.09004664421081543, 0.08950519561767578, 0.08523440361022949, 0.08766460418701172, 0.08558130264282227, 0.08809828758239746, 0.08530497550964355, 0.08584403991699219, 0.08713531494140625, 0.08693289756774902, 0.08794307708740234, 0.08775854110717773, 0.08857846260070801, 0.0888676643371582, 0.08742904663085938, 0.08730649948120117, 0.08579540252685547, 0.09211897850036621, 0.08813238143920898, 0.08702635765075684, 0.08890175819396973, 0.0858917236328125, 0.08879876136779785, 0.08903121948242188, 0.0849611759185791, 0.08987092971801758, 0.08441376686096191, 0.08818173408508301, 0.08602547645568848, 0.08756804466247559, 0.09136629104614258, 0.08829021453857422, 0.0944983959197998, 0.09259152412414551, 0.08628010749816895, 0.08907604217529297, 0.0866701602935791, 0.08644247055053711, 0.0888679027557373, 0.08920764923095703, 0.08960914611816406, 0.0879361629486084, 0.08707380294799805, 0.08811521530151367, 0.08487176895141602, 0.08678889274597168, 0.08836603164672852, 0.08582210540771484, 0.08651018142700195, 0.08560872077941895, 0.08645772933959961, 0.08614468574523926, 0.08858942985534668, 0.09095048904418945, 0.08611631393432617, 0.08919525146484375, 0.08649706840515137]}