{"batch": {"label": "batch", "average_duration": 0.08160117576862204, "n_events": 290, "total_time": 23.66434097290039}, "batch.accumulate": {"label": "batch.accumulate", "average_duration": 0.0011220640606350368, "n_events": 18, "total_time": 0.020197153091430664}, "batch.backward": {"label": "batch.backward", "average_duration": 0.06564642478679789, "n_events": 290, "total_time": 19.037463188171387}, "batch.evaluate": {"label": "batch.evaluate", "average_duration": 0.001237549452946104, "n_events": 290, "total_time": 0.3588893413543701}, "batch.forward": {"label": "batch.forward", "average_duration": 0.006445933210438695, "n_events": 290, "total_time": 1.8693206310272217}, "batch.reduce": {"label": "batch.reduce", "average_duration": 0.02087537447611491, "n_events": 18, "total_time": 0.37575674057006836}, "batch.step": {"label": "batch.step", "average_duration": 0.003765020699336611, "n_events": 290, "total_time": 1.0918560028076172}, "epoch_metrics.collect": {"label": "epoch_metrics.collect", "average_duration": 0.01463472843170166, "n_events": 2, "total_time": 0.02926945686340332}, "reduce.compress": {"label": "reduce.compress", "average_duration": 0.005153218905131022, "n_events": 18, "total_time": 0.0927579402923584}, "reduce.decompress": {"label": "reduce.decompress", "average_duration": 0.0010101132922702366, "n_events": 18, "total_time": 0.018182039260864258}, "reduce.flat_pack": {"label": "reduce.flat_pack", "average_duration": 0.0007197194629245334, "n_events": 18, "total_time": 0.012954950332641602}, "reduce.norm": {"label": "reduce.norm", "average_duration": 0.010189519988165962, "n_events": 18, "total_time": 0.1834113597869873}, "reduce.reduce.vector": {"label": "reduce.reduce.vector", "average_duration": 0.0005004803339640299, "n_events": 18, "total_time": 0.009008646011352539}, "reduce.setgrad": {"label": "reduce.setgrad", "average_duration": 0.0029531849755181205, "n_events": 18, "total_time": 0.05315732955932617}, "test.last": {"label": "test.last", "average_duration": 1.3911173343658447, "n_events": 2, "total_time": 2.7822346687316895}}