{"batch": {"label": "batch", "average_duration": 0.08136304000328327, "n_events": 290, "total_time": 23.59528160095215}, "batch.accumulate": {"label": "batch.accumulate", "average_duration": 0.0012072457207573785, "n_events": 18, "total_time": 0.021730422973632812}, "batch.backward": {"label": "batch.backward", "average_duration": 0.006487748540680984, "n_events": 290, "total_time": 1.8814470767974854}, "batch.evaluate": {"label": "batch.evaluate", "average_duration": 0.05865923700661495, "n_events": 290, "total_time": 17.011178731918335}, "batch.forward": {"label": "batch.forward", "average_duration": 0.0057081321190143456, "n_events": 290, "total_time": 1.6553583145141602}, "batch.reduce": {"label": "batch.reduce", "average_duration": 0.05720521344078912, "n_events": 18, "total_time": 1.029693841934204}, "batch.step": {"label": "batch.step", "average_duration": 0.003230892378708412, "n_events": 290, "total_time": 0.9369587898254395}, "epoch_metrics.collect": {"label": "epoch_metrics.collect", "average_duration": 0.029958486557006836, "n_events": 2, "total_time": 0.05991697311401367}, "reduce.compress": {"label": "reduce.compress", "average_duration": 0.0010803275638156468, "n_events": 18, "total_time": 0.01944589614868164}, "reduce.decompress": {"label": "reduce.decompress", "average_duration": 0.0002420081032647027, "n_events": 18, "total_time": 0.0043561458587646484}, "reduce.flat_pack": {"label": "reduce.flat_pack", "average_duration": 0.00035508473714192707, "n_events": 18, "total_time": 0.0063915252685546875}, "reduce.norm": {"label": "reduce.norm", "average_duration": 0.05182156297895643, "n_events": 18, "total_time": 0.9327881336212158}, "reduce.reduce.vector": {"label": "reduce.reduce.vector", "average_duration": 0.00013481246100531684, "n_events": 18, "total_time": 0.002426624298095703}, "reduce.setgrad": {"label": "reduce.setgrad", "average_duration": 0.003235763973659939, "n_events": 18, "total_time": 0.058243751525878906}, "test.last": {"label": "test.last", "average_duration": 1.3909991979599, "n_events": 2, "total_time": 2.7819983959198}}