{"batch": {"label": "batch", "average_duration": 0.3725326380778834, "n_events": 194, "total_time": 72.27133178710938}, "batch.accumulate": {"label": "batch.accumulate", "average_duration": 0.0013768955604317261, "n_events": 194, "total_time": 0.2671177387237549}, "batch.backward": {"label": "batch.backward", "average_duration": 0.10068678610103647, "n_events": 194, "total_time": 19.533236503601074}, "batch.evaluate": {"label": "batch.evaluate", "average_duration": 0.0007077787340301828, "n_events": 194, "total_time": 0.13730907440185547}, "batch.forward": {"label": "batch.forward", "average_duration": 0.05223436085219236, "n_events": 194, "total_time": 10.133466005325317}, "batch.reduce": {"label": "batch.reduce", "average_duration": 0.20976004403891021, "n_events": 194, "total_time": 40.693448543548584}, "batch.step": {"label": "batch.step", "average_duration": 0.004702284164035443, "n_events": 194, "total_time": 0.912243127822876}, "reduce.allreduce": {"label": "reduce.allreduce", "average_duration": 0.20849616134289614, "n_events": 194, "total_time": 40.44825530052185}, "reduce.flat_pack": {"label": "reduce.flat_pack", "average_duration": 0.0010777674999433693, "n_events": 194, "total_time": 0.20908689498901367}, "reduce_times": [0.09217381477355957, 0.061102867126464844, 0.05321645736694336, 0.055533647537231445, 0.057610273361206055, 0.0552065372467041, 0.05470466613769531, 0.05379819869995117, 0.05510210990905762, 0.055605173110961914, 0.16405415534973145, 0.21350502967834473, 0.21652865409851074, 0.21760869026184082, 0.2178356647491455, 0.2173149585723877, 0.21783065795898438, 0.2175436019897461, 0.21788263320922852, 0.21822547912597656, 0.21773529052734375, 0.21749305725097656, 0.21918511390686035, 0.2172849178314209, 0.21702003479003906, 0.21710920333862305, 0.21750640869140625, 0.21748971939086914, 0.21808552742004395, 0.2175607681274414, 0.2176055908203125, 0.21767067909240723, 0.21758556365966797, 0.21816515922546387, 0.21709465980529785, 0.21700596809387207, 0.21421051025390625, 0.21787142753601074, 0.21723580360412598, 0.21733617782592773, 0.21724915504455566, 0.2179269790649414, 0.21694445610046387, 0.21772313117980957, 0.21819806098937988, 0.2173306941986084, 0.21716570854187012, 0.21839070320129395, 0.21756792068481445, 0.2178208827972412, 0.21821045875549316, 0.21791648864746094, 0.2180166244506836, 0.2174065113067627, 0.21674418449401855, 0.21787691116333008, 0.2177267074584961, 0.2176196575164795, 0.21738862991333008, 0.21769976615905762, 0.21756482124328613, 0.2178206443786621, 0.21719646453857422, 0.21721601486206055, 0.21814441680908203, 0.21762561798095703, 0.21787405014038086, 0.21735310554504395, 0.21775507926940918, 0.2172870635986328, 0.2179572582244873, 0.21706819534301758, 0.21767020225524902, 0.21723318099975586, 0.2175600528717041, 0.21704626083374023, 0.2175610065460205, 0.21709823608398438, 0.2176222801208496, 0.21686291694641113, 0.2180633544921875, 0.21766376495361328, 0.21906280517578125, 0.2173001766204834, 0.21900153160095215, 0.21683263778686523, 0.21738600730895996, 0.21729826927185059, 0.21750235557556152, 0.2183842658996582, 0.2172551155090332, 0.2173478603363037, 0.2173917293548584, 0.21763014793395996, 0.2178199291229248, 0.21701908111572266, 0.21710944175720215, 0.2172558307647705, 0.21753406524658203, 0.21750330924987793, 0.21724748611450195, 0.21800947189331055, 0.21682119369506836, 0.21709442138671875, 0.21765971183776855, 0.21708369255065918, 0.21730637550354004, 0.2176811695098877, 0.21743178367614746, 0.21834707260131836, 0.21747183799743652, 0.21707868576049805, 0.21757149696350098, 0.21808743476867676, 0.2172408103942871, 0.21720266342163086, 0.21828079223632812, 0.21713018417358398, 0.21851372718811035, 0.21712207794189453, 0.21732711791992188, 0.21798133850097656, 0.21876931190490723, 0.21749114990234375, 0.21830081939697266, 0.2175428867340088, 0.21748852729797363, 0.21767783164978027, 0.21674871444702148, 0.21756935119628906, 0.21784257888793945, 0.21678400039672852, 0.21742725372314453, 0.21779656410217285, 0.21685242652893066, 0.21713614463806152, 0.21697592735290527, 0.21788835525512695, 0.21752381324768066, 0.21718907356262207, 0.21779847145080566, 0.21781086921691895, 0.3074502944946289, 0.128004789352417, 0.21758627891540527, 0.21856975555419922, 0.21800661087036133, 0.2175447940826416, 0.21805429458618164, 0.21766972541809082, 0.2149033546447754, 0.21764898300170898, 0.2174975872039795, 0.21712327003479004, 0.2180614471435547, 0.2178969383239746, 0.2181103229522705, 0.21972131729125977, 0.2172398567199707, 0.21839332580566406, 0.21821379661560059, 0.21745061874389648, 0.21799850463867188, 0.21670198440551758, 0.2177562713623047, 0.21853184700012207, 0.21712398529052734, 0.21750116348266602, 0.2176206111907959, 0.21618103981018066, 0.21796321868896484, 0.21785640716552734, 0.2171943187713623, 0.21833348274230957, 0.21791934967041016, 0.21789884567260742, 0.21787738800048828, 0.33036327362060547, 0.10338616371154785, 0.21695542335510254, 0.21788787841796875, 0.2174227237701416, 0.21784019470214844, 0.21704983711242676, 0.21791863441467285, 0.21737170219421387, 0.21764230728149414, 0.21654295921325684, 0.21742892265319824, 0.282423734664917, 0.15321612358093262, 0.21685791015625, 0.21792054176330566, 0.21829438209533691, 0.21775221824645996]}