{"batch": {"label": "batch", "average_duration": 0.09282324486172076, "n_events": 194, "total_time": 18.007709503173828}, "batch.accumulate": {"label": "batch.accumulate", "average_duration": 0.0009096197246276226, "n_events": 194, "total_time": 0.1764662265777588}, "batch.backward": {"label": "batch.backward", "average_duration": 0.06659593901683375, "n_events": 194, "total_time": 12.919612169265747}, "batch.evaluate": {"label": "batch.evaluate", "average_duration": 0.0011466348294130306, "n_events": 194, "total_time": 0.22244715690612793}, "batch.forward": {"label": "batch.forward", "average_duration": 0.006435793699677458, "n_events": 194, "total_time": 1.2485439777374268}, "batch.reduce": {"label": "batch.reduce", "average_duration": 0.011838702811408289, "n_events": 194, "total_time": 2.296708345413208}, "batch.step": {"label": "batch.step", "average_duration": 0.0029419906360586895, "n_events": 194, "total_time": 0.5707461833953857}, "reduce.compress": {"label": "reduce.compress", "average_duration": 0.005593465775558629, "n_events": 194, "total_time": 1.085132360458374}, "reduce.decompress": {"label": "reduce.decompress", "average_duration": 0.0010122245120019028, "n_events": 194, "total_time": 0.19637155532836914}, "reduce.flat_pack": {"label": "reduce.flat_pack", "average_duration": 0.0006575953100145477, "n_events": 194, "total_time": 0.12757349014282227}, "reduce.norm": {"label": "reduce.norm", "average_duration": 0.0005865109335515917, "n_events": 194, "total_time": 0.11378312110900879}, "reduce.reduce.vector": {"label": "reduce.reduce.vector", "average_duration": 0.00097181133388244, "n_events": 194, "total_time": 0.18853139877319336}, "reduce.setgrad": {"label": "reduce.setgrad", "average_duration": 0.002759165370587221, "n_events": 194, "total_time": 0.5352780818939209}}