{"batch": {"label": "batch", "average_duration": 0.14049948751926422, "n_events": 96, "total_time": 13.487950801849365}, "batch.accumulate": {"label": "batch.accumulate", "average_duration": 0.0009598334630330404, "n_events": 18, "total_time": 0.017277002334594727}, "batch.backward": {"label": "batch.backward", "average_duration": 0.06482027471065521, "n_events": 96, "total_time": 6.2227463722229}, "batch.evaluate": {"label": "batch.evaluate", "average_duration": 0.001212125023206075, "n_events": 96, "total_time": 0.1163640022277832}, "batch.forward": {"label": "batch.forward", "average_duration": 0.006320782005786896, "n_events": 96, "total_time": 0.606795072555542}, "batch.reduce": {"label": "batch.reduce", "average_duration": 0.2551509804195828, "n_events": 18, "total_time": 4.59271764755249}, "batch.step": {"label": "batch.step", "average_duration": 0.003700127204259237, "n_events": 96, "total_time": 0.3552122116088867}, "reduce.compress": {"label": "reduce.compress", "average_duration": 0.00040331151750352647, "n_events": 18, "total_time": 0.0072596073150634766}, "reduce.decompress": {"label": "reduce.decompress", "average_duration": 9.432103898790147e-05, "n_events": 18, "total_time": 0.0016977787017822266}, "reduce.flat_pack": {"label": "reduce.flat_pack", "average_duration": 0.0007682906256781684, "n_events": 18, "total_time": 0.013829231262207031}, "reduce.norm": {"label": "reduce.norm", "average_duration": 0.2439281013276842, "n_events": 18, "total_time": 4.390705823898315}, "reduce.reduce.vector": {"label": "reduce.reduce.vector", "average_duration": 0.006277759869893392, "n_events": 18, "total_time": 0.11299967765808105}, "reduce.setgrad": {"label": "reduce.setgrad", "average_duration": 0.002974616156684028, "n_events": 18, "total_time": 0.0535430908203125}}