{"batch": {"label": "batch", "average_duration": 0.1863180568359927, "n_events": 387, "total_time": 72.10508799552917}, "batch.accumulate": {"label": "batch.accumulate", "average_duration": 0.003140687942504883, "n_events": 18, "total_time": 0.05653238296508789}, "batch.backward": {"label": "batch.backward", "average_duration": 0.02429403815158578, "n_events": 387, "total_time": 9.401792764663696}, "batch.evaluate": {"label": "batch.evaluate", "average_duration": 0.11803053515826085, "n_events": 387, "total_time": 45.67781710624695}, "batch.forward": {"label": "batch.forward", "average_duration": 0.023885097922588812, "n_events": 387, "total_time": 9.24353289604187}, "batch.reduce": {"label": "batch.reduce", "average_duration": 0.034587118360731334, "n_events": 18, "total_time": 0.6225681304931641}, "batch.step": {"label": "batch.step", "average_duration": 0.009421809391149871, "n_events": 387, "total_time": 3.646240234375}, "epoch_metrics.collect": {"label": "epoch_metrics.collect", "average_duration": 0.0064240296681722, "n_events": 3, "total_time": 0.0192720890045166}, "reduce.compress": {"label": "reduce.compress", "average_duration": 0.0010415050718519422, "n_events": 18, "total_time": 0.01874709129333496}, "reduce.decompress": {"label": "reduce.decompress", "average_duration": 0.00022594134012858072, "n_events": 18, "total_time": 0.004066944122314453}, "reduce.flat_pack": {"label": "reduce.flat_pack", "average_duration": 0.0007536543740166558, "n_events": 18, "total_time": 0.013565778732299805}, "reduce.norm": {"label": "reduce.norm", "average_duration": 0.023146907488505047, "n_events": 18, "total_time": 0.4166443347930908}, "reduce.reduce.vector": {"label": "reduce.reduce.vector", "average_duration": 0.00012822945912679037, "n_events": 18, "total_time": 0.0023081302642822266}, "reduce.setgrad": {"label": "reduce.setgrad", "average_duration": 0.008961028522915311, "n_events": 18, "total_time": 0.16129851341247559}, "test.last": {"label": "test.last", "average_duration": 1.501646359761556, "n_events": 3, "total_time": 4.504939079284668}, "reduce_times": [0.13730430603027344, 0.025530099868774414, 0.011876821517944336, 0.05808448791503906, 0.012485742568969727, 0.08595800399780273, 0.033373117446899414, 0.031187057495117188, 0.026226520538330078, 0.013019084930419922, 0.07523751258850098, 0.01621222496032715, 0.03153705596923828, 0.04230856895446777, 0.012538433074951172, 0.05941009521484375, 0.028901100158691406, 0.028310298919677734, 0.030371904373168945]}