{"batch": {"label": "batch", "average_duration": 0.1866303475944263, "n_events": 387, "total_time": 72.22594451904297}, "batch.accumulate": {"label": "batch.accumulate", "average_duration": 0.0031616687774658203, "n_events": 18, "total_time": 0.056910037994384766}, "batch.backward": {"label": "batch.backward", "average_duration": 0.12395056581620406, "n_events": 387, "total_time": 47.96886897087097}, "batch.evaluate": {"label": "batch.evaluate", "average_duration": 0.0007586824185472434, "n_events": 387, "total_time": 0.2936100959777832}, "batch.forward": {"label": "batch.forward", "average_duration": 0.04154295637934091, "n_events": 387, "total_time": 16.07712411880493}, "batch.reduce": {"label": "batch.reduce", "average_duration": 0.03208699491288927, "n_events": 18, "total_time": 0.5775659084320068}, "batch.step": {"label": "batch.step", "average_duration": 0.009897543786416066, "n_events": 387, "total_time": 3.8303494453430176}, "epoch_metrics.collect": {"label": "epoch_metrics.collect", "average_duration": 0.0012860298156738281, "n_events": 3, "total_time": 0.0038580894470214844}, "reduce.compress": {"label": "reduce.compress", "average_duration": 0.007954557736714682, "n_events": 18, "total_time": 0.14318203926086426}, "reduce.decompress": {"label": "reduce.decompress", "average_duration": 0.001528514756096734, "n_events": 18, "total_time": 0.02751326560974121}, "reduce.flat_pack": {"label": "reduce.flat_pack", "average_duration": 0.000991397433810764, "n_events": 18, "total_time": 0.01784515380859375}, "reduce.norm": {"label": "reduce.norm", "average_duration": 0.011069205072191026, "n_events": 18, "total_time": 0.19924569129943848}, "reduce.reduce.vector": {"label": "reduce.reduce.vector", "average_duration": 0.0007151895099216037, "n_events": 18, "total_time": 0.012873411178588867}, "reduce.setgrad": {"label": "reduce.setgrad", "average_duration": 0.009483350647820367, "n_events": 18, "total_time": 0.1707003116607666}, "test.last": {"label": "test.last", "average_duration": 1.5017170111338298, "n_events": 3, "total_time": 4.505151033401489}, "reduce_times": [0.022419214248657227, 0.021518468856811523, 0.03994894027709961, 0.021901607513427734, 0.07346677780151367, 0.021327972412109375, 0.021236419677734375, 0.021411895751953125, 0.021228790283203125, 0.07258796691894531, 0.021390438079833984, 0.02117776870727539, 0.02122807502746582, 0.02169036865234375, 0.09060811996459961, 0.02192234992980957, 0.021616697311401367, 0.021594762802124023, 0.02170848846435547]}