{"batch": {"label": "batch", "average_duration": 1.5414175510406494, "n_events": 95, "total_time": 146.4346673488617}, "batch.accumulate": {"label": "batch.accumulate", "average_duration": 0.003039575877942537, "n_events": 95, "total_time": 0.288759708404541}, "batch.backward": {"label": "batch.backward", "average_duration": 0.7546688054737292, "n_events": 95, "total_time": 71.69353652000427}, "batch.evaluate": {"label": "batch.evaluate", "average_duration": 0.0005778764423571135, "n_events": 95, "total_time": 0.05489826202392578}, "batch.forward": {"label": "batch.forward", "average_duration": 0.2520176937705592, "n_events": 95, "total_time": 23.941680908203125}, "batch.reduce": {"label": "batch.reduce", "average_duration": 0.5146975718046489, "n_events": 95, "total_time": 48.89626932144165}, "batch.step": {"label": "batch.step", "average_duration": 0.012220013769049394, "n_events": 95, "total_time": 1.1609013080596924}, "epoch_metrics.collect": {"label": "epoch_metrics.collect", "average_duration": 0.0014088153839111328, "n_events": 1, "total_time": 0.0014088153839111328}, "reduce.compress": {"label": "reduce.compress", "average_duration": 0.02180415203696803, "n_events": 95, "total_time": 2.071394443511963}, "reduce.decompress": {"label": "reduce.decompress", "average_duration": 0.003005896116557874, "n_events": 95, "total_time": 0.28556013107299805}, "reduce.flat_pack": {"label": "reduce.flat_pack", "average_duration": 0.0019387420855070416, "n_events": 95, "total_time": 0.18418049812316895}, "reduce.norm": {"label": "reduce.norm", "average_duration": 0.4717206327538741, "n_events": 95, "total_time": 44.81346011161804}, "reduce.reduce.vector": {"label": "reduce.reduce.vector", "average_duration": 0.007765501423885947, "n_events": 95, "total_time": 0.737722635269165}, "reduce.setgrad": {"label": "reduce.setgrad", "average_duration": 0.008186132029483192, "n_events": 95, "total_time": 0.7776825428009033}, "test.last": {"label": "test.last", "average_duration": 2.3584537506103516, "n_events": 1, "total_time": 2.3584537506103516}}