{"batch": {"label": "batch", "average_duration": 0.1972345261229682, "n_events": 194, "total_time": 38.263498067855835}, "batch.accumulate": {"label": "batch.accumulate", "average_duration": 0.002730432244920239, "n_events": 194, "total_time": 0.5297038555145264}, "batch.backward": {"label": "batch.backward", "average_duration": 0.12179219722747803, "n_events": 194, "total_time": 23.627686262130737}, "batch.evaluate": {"label": "batch.evaluate", "average_duration": 0.0006008578329971156, "n_events": 194, "total_time": 0.11656641960144043}, "batch.forward": {"label": "batch.forward", "average_duration": 0.040988527622419536, "n_events": 194, "total_time": 7.95177435874939}, "batch.reduce": {"label": "batch.reduce", "average_duration": 0.01438731508156688, "n_events": 194, "total_time": 2.7911391258239746}, "batch.step": {"label": "batch.step", "average_duration": 0.008732387700031713, "n_events": 194, "total_time": 1.6940832138061523}, "reduce.allreduce": {"label": "reduce.allreduce", "average_duration": 0.013423554676095234, "n_events": 194, "total_time": 2.6041696071624756}, "reduce.flat_pack": {"label": "reduce.flat_pack", "average_duration": 0.000857621124110271, "n_events": 194, "total_time": 0.16637849807739258}}