{"batch": {"label": "batch", "average_duration": 0.04743742487965219, "n_events": 29249, "total_time": 1387.497240304947}, "batch.accumulate": {"label": "batch.accumulate", "average_duration": 0.0011246553253624564, "n_events": 29249, "total_time": 32.89504361152649}, "batch.backward": {"label": "batch.backward", "average_duration": 0.022466415527347922, "n_events": 29249, "total_time": 657.1201877593994}, "batch.evaluate": {"label": "batch.evaluate", "average_duration": 0.0007254282117211932, "n_events": 29249, "total_time": 21.21804976463318}, "batch.forward": {"label": "batch.forward", "average_duration": 0.011384187093078264, "n_events": 29249, "total_time": 332.97608828544617}, "batch.reduce": {"label": "batch.reduce", "average_duration": 0.007286213741102293, "n_events": 29249, "total_time": 213.11446571350098}, "batch.step": {"label": "batch.step", "average_duration": 0.0028745211953036605, "n_events": 29249, "total_time": 84.07687044143677}, "epoch_metrics.collect": {"label": "epoch_metrics.collect", "average_duration": 0.010956631410841975, "n_events": 149, "total_time": 1.632538080215454}, "reduce.compress": {"label": "reduce.compress", "average_duration": 0.0010544848550490475, "n_events": 29249, "total_time": 30.84262752532959}, "reduce.decompress": {"label": "reduce.decompress", "average_duration": 0.00022024661480877117, "n_events": 29249, "total_time": 6.441993236541748}, "reduce.flat_pack": {"label": "reduce.flat_pack", "average_duration": 0.0007942877099788627, "n_events": 29249, "total_time": 23.232121229171753}, "reduce.norm": {"label": "reduce.norm", "average_duration": 0.0005372711693414432, "n_events": 29249, "total_time": 15.714644432067871}, "reduce.reduce.vector": {"label": "reduce.reduce.vector", "average_duration": 0.00015724546917728156, "n_events": 29249, "total_time": 4.599272727966309}, "reduce.setgrad": {"label": "reduce.setgrad", "average_duration": 0.003674084665249619, "n_events": 29249, "total_time": 107.46330237388611}, "test.last": {"label": "test.last", "average_duration": 0.9287207990684765, "n_events": 149, "total_time": 138.379399061203}}