{"batch": {"label": "batch", "average_duration": 0.20620142171780267, "n_events": 96, "total_time": 19.795336484909058}, "batch.accumulate": {"label": "batch.accumulate", "average_duration": 0.0028783480326334634, "n_events": 18, "total_time": 0.051810264587402344}, "batch.backward": {"label": "batch.backward", "average_duration": 0.024391854802767437, "n_events": 96, "total_time": 2.341618061065674}, "batch.evaluate": {"label": "batch.evaluate", "average_duration": 0.11768437176942825, "n_events": 96, "total_time": 11.297699689865112}, "batch.forward": {"label": "batch.forward", "average_duration": 0.022779447336991627, "n_events": 96, "total_time": 2.1868269443511963}, "batch.reduce": {"label": "batch.reduce", "average_duration": 0.03143235047658285, "n_events": 18, "total_time": 0.5657823085784912}, "batch.step": {"label": "batch.step", "average_duration": 0.008743718266487122, "n_events": 96, "total_time": 0.8393969535827637}, "reduce.compress": {"label": "reduce.compress", "average_duration": 0.00040471553802490234, "n_events": 18, "total_time": 0.007284879684448242}, "reduce.decompress": {"label": "reduce.decompress", "average_duration": 8.326106601291233e-05, "n_events": 18, "total_time": 0.0014986991882324219}, "reduce.flat_pack": {"label": "reduce.flat_pack", "average_duration": 0.000750422477722168, "n_events": 18, "total_time": 0.013507604598999023}, "reduce.norm": {"label": "reduce.norm", "average_duration": 0.020947390132480197, "n_events": 18, "total_time": 0.37705302238464355}, "reduce.reduce.vector": {"label": "reduce.reduce.vector", "average_duration": 0.00013845496707492403, "n_events": 18, "total_time": 0.002492189407348633}, "reduce.setgrad": {"label": "reduce.setgrad", "average_duration": 0.008557968669467501, "n_events": 18, "total_time": 0.15404343605041504}}