{"batch": {"label": "batch", "average_duration": 0.20471531401077905, "n_events": 96, "total_time": 19.65267014503479}, "batch.accumulate": {"label": "batch.accumulate", "average_duration": 0.0029424164030287, "n_events": 18, "total_time": 0.0529634952545166}, "batch.backward": {"label": "batch.backward", "average_duration": 0.12255565573771794, "n_events": 96, "total_time": 11.765342950820923}, "batch.evaluate": {"label": "batch.evaluate", "average_duration": 0.0008531287312507629, "n_events": 96, "total_time": 0.08190035820007324}, "batch.forward": {"label": "batch.forward", "average_duration": 0.04115403940280279, "n_events": 96, "total_time": 3.9507877826690674}, "batch.reduce": {"label": "batch.reduce", "average_duration": 0.03116897741953532, "n_events": 18, "total_time": 0.5610415935516357}, "batch.step": {"label": "batch.step", "average_duration": 0.008974909782409668, "n_events": 96, "total_time": 0.8615913391113281}, "reduce.compress": {"label": "reduce.compress", "average_duration": 0.0003948873943752713, "n_events": 18, "total_time": 0.007107973098754883}, "reduce.decompress": {"label": "reduce.decompress", "average_duration": 8.485052320692275e-05, "n_events": 18, "total_time": 0.0015273094177246094}, "reduce.flat_pack": {"label": "reduce.flat_pack", "average_duration": 0.0009719795650906033, "n_events": 18, "total_time": 0.01749563217163086}, "reduce.norm": {"label": "reduce.norm", "average_duration": 0.02035163508521186, "n_events": 18, "total_time": 0.3663294315338135}, "reduce.reduce.vector": {"label": "reduce.reduce.vector", "average_duration": 0.00022215313381618925, "n_events": 18, "total_time": 0.003998756408691406}, "reduce.setgrad": {"label": "reduce.setgrad", "average_duration": 0.008652077780829536, "n_events": 18, "total_time": 0.15573740005493164}}