{"batch": {"label": "batch", "average_duration": 0.20600454757610956, "n_events": 96, "total_time": 19.77643656730652}, "batch.accumulate": {"label": "batch.accumulate", "average_duration": 0.002937952677408854, "n_events": 18, "total_time": 0.052883148193359375}, "batch.backward": {"label": "batch.backward", "average_duration": 0.029166442652543385, "n_events": 96, "total_time": 2.799978494644165}, "batch.evaluate": {"label": "batch.evaluate", "average_duration": 0.11044707397619884, "n_events": 96, "total_time": 10.602919101715088}, "batch.forward": {"label": "batch.forward", "average_duration": 0.02311338484287262, "n_events": 96, "total_time": 2.2188849449157715}, "batch.reduce": {"label": "batch.reduce", "average_duration": 0.041192332903544106, "n_events": 18, "total_time": 0.741461992263794}, "batch.step": {"label": "batch.step", "average_duration": 0.008886454006036123, "n_events": 96, "total_time": 0.8530995845794678}, "reduce.compress": {"label": "reduce.compress", "average_duration": 0.0004152854283650716, "n_events": 18, "total_time": 0.007475137710571289}, "reduce.decompress": {"label": "reduce.decompress", "average_duration": 8.80824195014106e-05, "n_events": 18, "total_time": 0.0015854835510253906}, "reduce.flat_pack": {"label": "reduce.flat_pack", "average_duration": 0.0007972982194688586, "n_events": 18, "total_time": 0.014351367950439453}, "reduce.norm": {"label": "reduce.norm", "average_duration": 0.02975167168511285, "n_events": 18, "total_time": 0.5355300903320312}, "reduce.reduce.vector": {"label": "reduce.reduce.vector", "average_duration": 0.00014375315772162544, "n_events": 18, "total_time": 0.002587556838989258}, "reduce.setgrad": {"label": "reduce.setgrad", "average_duration": 0.00943095154232449, "n_events": 18, "total_time": 0.16975712776184082}}