{"batch": {"label": "batch", "average_duration": 1.0678687243881622, "n_events": 193, "total_time": 206.09866380691528}, "batch.accumulate": {"label": "batch.accumulate", "average_duration": 0.002846568359612183, "n_events": 193, "total_time": 0.5493876934051514}, "batch.backward": {"label": "batch.backward", "average_duration": 0.7460202417225418, "n_events": 193, "total_time": 143.98190665245056}, "batch.evaluate": {"label": "batch.evaluate", "average_duration": 0.0005395338325302836, "n_events": 193, "total_time": 0.10413002967834473}, "batch.forward": {"label": "batch.forward", "average_duration": 0.2691234405794292, "n_events": 193, "total_time": 51.940824031829834}, "batch.reduce": {"label": "batch.reduce", "average_duration": 0.032764570700689916, "n_events": 193, "total_time": 6.323562145233154}, "batch.step": {"label": "batch.step", "average_duration": 0.012200250526783998, "n_events": 193, "total_time": 2.3546483516693115}, "epoch_metrics.collect": {"label": "epoch_metrics.collect", "average_duration": 0.004541158676147461, "n_events": 1, "total_time": 0.004541158676147461}, "reduce.compress": {"label": "reduce.compress", "average_duration": 0.0003425605556507802, "n_events": 193, "total_time": 0.06611418724060059}, "reduce.decompress": {"label": "reduce.decompress", "average_duration": 8.216052475370891e-05, "n_events": 193, "total_time": 0.01585698127746582}, "reduce.flat_pack": {"label": "reduce.flat_pack", "average_duration": 0.0019264320017760282, "n_events": 193, "total_time": 0.37180137634277344}, "reduce.norm": {"label": "reduce.norm", "average_duration": 0.021983016957890802, "n_events": 193, "total_time": 4.242722272872925}, "reduce.reduce.vector": {"label": "reduce.reduce.vector", "average_duration": 0.00020686085360037849, "n_events": 193, "total_time": 0.03992414474487305}, "reduce.setgrad": {"label": "reduce.setgrad", "average_duration": 0.007844383852469489, "n_events": 193, "total_time": 1.5139660835266113}, "test.last": {"label": "test.last", "average_duration": 5.135619640350342, "n_events": 1, "total_time": 5.135619640350342}}