{"batch": {"label": "batch", "average_duration": 0.47907090187072754, "n_events": 193, "total_time": 92.46068406105042}, "batch.accumulate": {"label": "batch.accumulate", "average_duration": 0.0012682509545835188, "n_events": 193, "total_time": 0.24477243423461914}, "batch.backward": {"label": "batch.backward", "average_duration": 0.3826822147468211, "n_events": 193, "total_time": 73.85766744613647}, "batch.evaluate": {"label": "batch.evaluate", "average_duration": 0.0005377981946876012, "n_events": 193, "total_time": 0.10379505157470703}, "batch.forward": {"label": "batch.forward", "average_duration": 0.04806810710096606, "n_events": 193, "total_time": 9.27714467048645}, "batch.reduce": {"label": "batch.reduce", "average_duration": 0.039058390059001705, "n_events": 193, "total_time": 7.538269281387329}, "batch.step": {"label": "batch.step", "average_duration": 0.005773087239636041, "n_events": 193, "total_time": 1.1142058372497559}, "epoch_metrics.collect": {"label": "epoch_metrics.collect", "average_duration": 0.0011544227600097656, "n_events": 1, "total_time": 0.0011544227600097656}, "reduce.compress": {"label": "reduce.compress", "average_duration": 0.00033291386816785743, "n_events": 193, "total_time": 0.06425237655639648}, "reduce.decompress": {"label": "reduce.decompress", "average_duration": 7.862377660879817e-05, "n_events": 193, "total_time": 0.015174388885498047}, "reduce.flat_pack": {"label": "reduce.flat_pack", "average_duration": 0.0010840139240798556, "n_events": 193, "total_time": 0.2092146873474121}, "reduce.norm": {"label": "reduce.norm", "average_duration": 0.03384370260288061, "n_events": 193, "total_time": 6.531834602355957}, "reduce.reduce.vector": {"label": "reduce.reduce.vector", "average_duration": 0.00017484729154122308, "n_events": 193, "total_time": 0.033745527267456055}, "reduce.setgrad": {"label": "reduce.setgrad", "average_duration": 0.0031698973067683877, "n_events": 193, "total_time": 0.6117901802062988}, "test.last": {"label": "test.last", "average_duration": 1.1604421138763428, "n_events": 1, "total_time": 1.1604421138763428}}