{"batch": {"label": "batch", "average_duration": 0.08994425584872563, "n_events": 96, "total_time": 8.634648561477661}, "batch.accumulate": {"label": "batch.accumulate", "average_duration": 0.0010949745774269104, "n_events": 96, "total_time": 0.1051175594329834}, "batch.backward": {"label": "batch.backward", "average_duration": 0.006270652016003926, "n_events": 96, "total_time": 0.601982593536377}, "batch.evaluate": {"label": "batch.evaluate", "average_duration": 0.05753271530071894, "n_events": 96, "total_time": 5.5231406688690186}, "batch.forward": {"label": "batch.forward", "average_duration": 0.0057951658964157104, "n_events": 96, "total_time": 0.5563359260559082}, "batch.reduce": {"label": "batch.reduce", "average_duration": 0.01282778630654017, "n_events": 96, "total_time": 1.2314674854278564}, "batch.step": {"label": "batch.step", "average_duration": 0.003254068394502004, "n_events": 96, "total_time": 0.3123905658721924}, "reduce.compress": {"label": "reduce.compress", "average_duration": 0.0010393882791201274, "n_events": 96, "total_time": 0.09978127479553223}, "reduce.decompress": {"label": "reduce.decompress", "average_duration": 0.0002338811755180359, "n_events": 96, "total_time": 0.022452592849731445}, "reduce.flat_pack": {"label": "reduce.flat_pack", "average_duration": 0.000318509836991628, "n_events": 96, "total_time": 0.03057694435119629}, "reduce.norm": {"label": "reduce.norm", "average_duration": 0.007487175365289052, "n_events": 96, "total_time": 0.718768835067749}, "reduce.reduce.vector": {"label": "reduce.reduce.vector", "average_duration": 0.0001308197776476542, "n_events": 96, "total_time": 0.012558698654174805}, "reduce.setgrad": {"label": "reduce.setgrad", "average_duration": 0.0033321653803189597, "n_events": 96, "total_time": 0.3198878765106201}}