{"batch": {"label": "batch", "average_duration": 0.08961283167203267, "n_events": 96, "total_time": 8.602831840515137}, "batch.accumulate": {"label": "batch.accumulate", "average_duration": 0.0010537132620811462, "n_events": 96, "total_time": 0.10115647315979004}, "batch.backward": {"label": "batch.backward", "average_duration": 0.006133159001668294, "n_events": 96, "total_time": 0.5887832641601562}, "batch.evaluate": {"label": "batch.evaluate", "average_duration": 0.05899236351251602, "n_events": 96, "total_time": 5.663266897201538}, "batch.forward": {"label": "batch.forward", "average_duration": 0.005612917244434357, "n_events": 96, "total_time": 0.5388400554656982}, "batch.reduce": {"label": "batch.reduce", "average_duration": 0.011482064922650656, "n_events": 96, "total_time": 1.102278232574463}, "batch.step": {"label": "batch.step", "average_duration": 0.0031970366835594177, "n_events": 96, "total_time": 0.3069155216217041}, "reduce.compress": {"label": "reduce.compress", "average_duration": 0.0010086223483085632, "n_events": 96, "total_time": 0.09682774543762207}, "reduce.decompress": {"label": "reduce.decompress", "average_duration": 0.00021910170714060465, "n_events": 96, "total_time": 0.021033763885498047}, "reduce.flat_pack": {"label": "reduce.flat_pack", "average_duration": 0.0003033230702082316, "n_events": 96, "total_time": 0.029119014739990234}, "reduce.norm": {"label": "reduce.norm", "average_duration": 0.0065413837631543474, "n_events": 96, "total_time": 0.6279728412628174}, "reduce.reduce.vector": {"label": "reduce.reduce.vector", "average_duration": 0.00012646367152531943, "n_events": 96, "total_time": 0.012140512466430664}, "reduce.setgrad": {"label": "reduce.setgrad", "average_duration": 0.0030061950286229453, "n_events": 96, "total_time": 0.28859472274780273}}