{"batch": {"label": "batch", "average_duration": 0.08983148634433746, "n_events": 96, "total_time": 8.623822689056396}, "batch.accumulate": {"label": "batch.accumulate", "average_duration": 0.0010965541005134583, "n_events": 96, "total_time": 0.10526919364929199}, "batch.backward": {"label": "batch.backward", "average_duration": 0.006720103323459625, "n_events": 96, "total_time": 0.645129919052124}, "batch.evaluate": {"label": "batch.evaluate", "average_duration": 0.05903722594181696, "n_events": 96, "total_time": 5.667573690414429}, "batch.forward": {"label": "batch.forward", "average_duration": 0.005668183167775472, "n_events": 96, "total_time": 0.5441455841064453}, "batch.reduce": {"label": "batch.reduce", "average_duration": 0.010888489584128061, "n_events": 96, "total_time": 1.045295000076294}, "batch.step": {"label": "batch.step", "average_duration": 0.003247499465942383, "n_events": 96, "total_time": 0.31175994873046875}, "reduce.compress": {"label": "reduce.compress", "average_duration": 0.0009865139921506245, "n_events": 96, "total_time": 0.09470534324645996}, "reduce.decompress": {"label": "reduce.decompress", "average_duration": 0.00022662431001663208, "n_events": 96, "total_time": 0.02175593376159668}, "reduce.flat_pack": {"label": "reduce.flat_pack", "average_duration": 0.00030330071846644085, "n_events": 96, "total_time": 0.02911686897277832}, "reduce.norm": {"label": "reduce.norm", "average_duration": 0.005839320520559947, "n_events": 96, "total_time": 0.5605747699737549}, "reduce.reduce.vector": {"label": "reduce.reduce.vector", "average_duration": 0.0001280208428700765, "n_events": 96, "total_time": 0.012290000915527344}, "reduce.setgrad": {"label": "reduce.setgrad", "average_duration": 0.003126641114552816, "n_events": 96, "total_time": 0.3001575469970703}}