{"batch": {"label": "batch", "average_duration": 0.3023929631813167, "n_events": 29249, "total_time": 8844.691780090332}, "batch.accumulate": {"label": "batch.accumulate", "average_duration": 0.0028377833368513393, "n_events": 29249, "total_time": 83.00232481956482}, "batch.backward": {"label": "batch.backward", "average_duration": 0.1444376043517095, "n_events": 29249, "total_time": 4224.655489683151}, "batch.evaluate": {"label": "batch.evaluate", "average_duration": 0.0006710393493442626, "n_events": 29249, "total_time": 19.627229928970337}, "batch.forward": {"label": "batch.forward", "average_duration": 0.0669486291339497, "n_events": 29249, "total_time": 1958.1804535388947}, "batch.reduce": {"label": "batch.reduce", "average_duration": 0.06417532340331486, "n_events": 29249, "total_time": 1877.0640342235565}, "batch.step": {"label": "batch.step", "average_duration": 0.015770224775957114, "n_events": 29249, "total_time": 461.2633044719696}, "epoch_metrics.collect": {"label": "epoch_metrics.collect", "average_duration": 0.001826534335245222, "n_events": 149, "total_time": 0.2721536159515381}, "reduce.compress": {"label": "reduce.compress", "average_duration": 0.024717140680313308, "n_events": 29249, "total_time": 722.9516477584839}, "reduce.decompress": {"label": "reduce.decompress", "average_duration": 0.0033897364981998, "n_events": 29249, "total_time": 99.14640283584595}, "reduce.flat_pack": {"label": "reduce.flat_pack", "average_duration": 0.001243949209532333, "n_events": 29249, "total_time": 36.384270429611206}, "reduce.norm": {"label": "reduce.norm", "average_duration": 0.0009652505658981906, "n_events": 29249, "total_time": 28.232613801956177}, "reduce.reduce.vector": {"label": "reduce.reduce.vector", "average_duration": 0.02462365352670133, "n_events": 29249, "total_time": 720.2172420024872}, "reduce.setgrad": {"label": "reduce.setgrad", "average_duration": 0.009020432125275316, "n_events": 29249, "total_time": 263.83861923217773}, "test.last": {"label": "test.last", "average_duration": 2.6225507563392587, "n_events": 149, "total_time": 390.76006269454956}}