{"batch": {"label": "batch", "average_duration": 0.30101900695918943, "n_events": 29249, "total_time": 8804.504934549332}, "batch.accumulate": {"label": "batch.accumulate", "average_duration": 0.002653989161282361, "n_events": 29249, "total_time": 77.62652897834778}, "batch.backward": {"label": "batch.backward", "average_duration": 0.02279348788968461, "n_events": 29249, "total_time": 666.6867272853851}, "batch.evaluate": {"label": "batch.evaluate", "average_duration": 0.1768043221781456, "n_events": 29249, "total_time": 5171.34961938858}, "batch.forward": {"label": "batch.forward", "average_duration": 0.012510448949977456, "n_events": 29249, "total_time": 365.9181213378906}, "batch.reduce": {"label": "batch.reduce", "average_duration": 0.0309941212806283, "n_events": 29249, "total_time": 906.5470533370972}, "batch.step": {"label": "batch.step", "average_duration": 0.04822793207093913, "n_events": 29249, "total_time": 1410.6187851428986}, "epoch_metrics.collect": {"label": "epoch_metrics.collect", "average_duration": 0.013855826934712046, "n_events": 149, "total_time": 2.0645182132720947}, "reduce.compress": {"label": "reduce.compress", "average_duration": 0.0007679478898570576, "n_events": 29249, "total_time": 22.461707830429077}, "reduce.decompress": {"label": "reduce.decompress", "average_duration": 0.00018062070355977298, "n_events": 29249, "total_time": 5.2829749584198}, "reduce.flat_pack": {"label": "reduce.flat_pack", "average_duration": 0.0005923451600985599, "n_events": 29249, "total_time": 17.32550358772278}, "reduce.norm": {"label": "reduce.norm", "average_duration": 0.021358612953216553, "n_events": 29249, "total_time": 624.718070268631}, "reduce.reduce.vector": {"label": "reduce.reduce.vector", "average_duration": 9.94892958971312e-05, "n_events": 29249, "total_time": 2.9099624156951904}, "reduce.setgrad": {"label": "reduce.setgrad", "average_duration": 0.007799949820108742, "n_events": 29249, "total_time": 228.1407322883606}, "test.last": {"label": "test.last", "average_duration": 2.5330444454346726, "n_events": 149, "total_time": 377.42362236976624}}