{"batch": {"label": "batch", "average_duration": 0.2798910801075707, "n_events": 484, "total_time": 135.4672827720642}, "batch.accumulate": {"label": "batch.accumulate", "average_duration": 0.0019579549466282866, "n_events": 484, "total_time": 0.9476501941680908}, "batch.backward": {"label": "batch.backward", "average_duration": 0.12303192654917063, "n_events": 484, "total_time": 59.547452449798584}, "batch.evaluate": {"label": "batch.evaluate", "average_duration": 0.0005530857842815809, "n_events": 484, "total_time": 0.26769351959228516}, "batch.forward": {"label": "batch.forward", "average_duration": 0.05993520671671087, "n_events": 484, "total_time": 29.00864005088806}, "batch.reduce": {"label": "batch.reduce", "average_duration": 0.08172299054043353, "n_events": 484, "total_time": 39.553927421569824}, "batch.step": {"label": "batch.step", "average_duration": 0.009182161043498142, "n_events": 484, "total_time": 4.444165945053101}, "epoch_metrics.collect": {"label": "epoch_metrics.collect", "average_duration": 0.04326122999191284, "n_events": 4, "total_time": 0.17304491996765137}, "reduce.compress": {"label": "reduce.compress", "average_duration": 0.0377708737515221, "n_events": 484, "total_time": 18.281102895736694}, "reduce.decompress": {"label": "reduce.decompress", "average_duration": 0.0015875293203621856, "n_events": 484, "total_time": 0.7683641910552979}, "reduce.flat_pack": {"label": "reduce.flat_pack", "average_duration": 0.0007477392835065353, "n_events": 484, "total_time": 0.3619058132171631}, "reduce.norm": {"label": "reduce.norm", "average_duration": 0.0031338516345694044, "n_events": 484, "total_time": 1.5167841911315918}, "reduce.reduce.vector": {"label": "reduce.reduce.vector", "average_duration": 0.031250948255712334, "n_events": 484, "total_time": 15.12545895576477}, "reduce.setgrad": {"label": "reduce.setgrad", "average_duration": 0.006786803568690276, "n_events": 484, "total_time": 3.2848129272460938}, "test.last": {"label": "test.last", "average_duration": 1.521968960762024, "n_events": 4, "total_time": 6.087875843048096}}