{"batch": {"label": "batch", "average_duration": 0.08293098118638745, "n_events": 193, "total_time": 16.00567936897278}, "batch.accumulate": {"label": "batch.accumulate", "average_duration": 0.0010079145431518555, "n_events": 18, "total_time": 0.0181424617767334}, "batch.backward": {"label": "batch.backward", "average_duration": 0.06696680543336225, "n_events": 193, "total_time": 12.924593448638916}, "batch.evaluate": {"label": "batch.evaluate", "average_duration": 0.0011850737537127084, "n_events": 193, "total_time": 0.22871923446655273}, "batch.forward": {"label": "batch.forward", "average_duration": 0.006547958739680947, "n_events": 193, "total_time": 1.2637560367584229}, "batch.reduce": {"label": "batch.reduce", "average_duration": 0.014022721184624566, "n_events": 18, "total_time": 0.2524089813232422}, "batch.step": {"label": "batch.step", "average_duration": 0.0034821095244254472, "n_events": 193, "total_time": 0.6720471382141113}, "epoch_metrics.collect": {"label": "epoch_metrics.collect", "average_duration": 0.0011491775512695312, "n_events": 1, "total_time": 0.0011491775512695312}, "reduce.compress": {"label": "reduce.compress", "average_duration": 0.005118012428283691, "n_events": 18, "total_time": 0.09212422370910645}, "reduce.decompress": {"label": "reduce.decompress", "average_duration": 0.0010159677929348415, "n_events": 18, "total_time": 0.01828742027282715}, "reduce.flat_pack": {"label": "reduce.flat_pack", "average_duration": 0.0006822215186225043, "n_events": 18, "total_time": 0.012279987335205078}, "reduce.norm": {"label": "reduce.norm", "average_duration": 0.0033956898583306205, "n_events": 18, "total_time": 0.06112241744995117}, "reduce.reduce.vector": {"label": "reduce.reduce.vector", "average_duration": 0.000499725341796875, "n_events": 18, "total_time": 0.00899505615234375}, "reduce.setgrad": {"label": "reduce.setgrad", "average_duration": 0.0030004713270399305, "n_events": 18, "total_time": 0.05400848388671875}, "test.last": {"label": "test.last", "average_duration": 1.3370647430419922, "n_events": 1, "total_time": 1.3370647430419922}}