{"batch": {"label": "batch", "average_duration": 0.5582229892412821, "n_events": 96, "total_time": 53.589406967163086}, "batch.accumulate": {"label": "batch.accumulate", "average_duration": 0.0013418197631835938, "n_events": 96, "total_time": 0.128814697265625}, "batch.backward": {"label": "batch.backward", "average_duration": 0.38152910272280377, "n_events": 96, "total_time": 36.62679386138916}, "batch.evaluate": {"label": "batch.evaluate", "average_duration": 0.0007418195406595866, "n_events": 96, "total_time": 0.07121467590332031}, "batch.forward": {"label": "batch.forward", "average_duration": 0.046396990617116295, "n_events": 96, "total_time": 4.454111099243164}, "batch.reduce": {"label": "batch.reduce", "average_duration": 0.12018656730651855, "n_events": 96, "total_time": 11.537910461425781}, "batch.step": {"label": "batch.step", "average_duration": 0.0059508482615153, "n_events": 96, "total_time": 0.5712814331054688}, "reduce.allreduce": {"label": "reduce.allreduce", "average_duration": 0.1188039481639862, "n_events": 96, "total_time": 11.405179023742676}, "reduce.flat_pack": {"label": "reduce.flat_pack", "average_duration": 0.0011862764755884807, "n_events": 96, "total_time": 0.11388254165649414}}