{"batch": {"label": "batch", "average_duration": 0.3726852640663226, "n_events": 194, "total_time": 72.30094122886658}, "batch.accumulate": {"label": "batch.accumulate", "average_duration": 0.0014024346145157963, "n_events": 194, "total_time": 0.27207231521606445}, "batch.backward": {"label": "batch.backward", "average_duration": 0.10035303818810846, "n_events": 194, "total_time": 19.468489408493042}, "batch.evaluate": {"label": "batch.evaluate", "average_duration": 0.0011638992840481788, "n_events": 194, "total_time": 0.22579646110534668}, "batch.forward": {"label": "batch.forward", "average_duration": 0.051872968673706055, "n_events": 194, "total_time": 10.063355922698975}, "batch.reduce": {"label": "batch.reduce", "average_duration": 0.20937104692164155, "n_events": 194, "total_time": 40.61798310279846}, "batch.step": {"label": "batch.step", "average_duration": 0.004906810436052145, "n_events": 194, "total_time": 0.9519212245941162}, "reduce.allreduce": {"label": "reduce.allreduce", "average_duration": 0.2079758902185971, "n_events": 194, "total_time": 40.34732270240784}, "reduce.flat_pack": {"label": "reduce.flat_pack", "average_duration": 0.0011690437179250816, "n_events": 194, "total_time": 0.22679448127746582}, "reduce_times": [0.06407761573791504, 0.056368112564086914, 0.05682229995727539, 0.05573701858520508, 0.06078004837036133, 0.06137990951538086, 0.060773611068725586, 0.054656028747558594, 0.05321502685546875, 0.05556321144104004, 0.15006375312805176, 0.21586823463439941, 0.21659564971923828, 0.21834588050842285, 0.2184000015258789, 0.29904794692993164, 0.13832426071166992, 0.2199540138244629, 0.21826624870300293, 0.2184431552886963, 0.21634769439697266, 0.21794795989990234, 0.4047887325286865, 0.05182766914367676, 0.40529537200927734, 0.05347776412963867, 0.170640230178833, 0.2167494297027588, 0.2182772159576416, 0.21825909614562988, 0.21778583526611328, 0.21567320823669434, 0.21550703048706055, 0.2509727478027344, 0.18170690536499023, 0.21798276901245117, 0.217911958694458, 0.21840715408325195, 0.21776270866394043, 0.21721982955932617, 0.394805908203125, 0.05552029609680176, 0.20305871963500977, 0.21381735801696777, 0.21535778045654297, 0.21533751487731934, 0.2155437469482422, 0.35687756538391113, 0.11061215400695801, 0.18331265449523926, 0.21547746658325195, 0.2182323932647705, 0.21796274185180664, 0.23730182647705078, 0.20967960357666016, 0.2040109634399414, 0.23062825202941895, 0.20111489295959473, 0.21464085578918457, 0.21608662605285645, 0.21455931663513184, 0.2146015167236328, 0.21798133850097656, 0.21758580207824707, 0.21754670143127441, 0.21802902221679688, 0.2496635913848877, 0.18587708473205566, 0.2170398235321045, 0.21717333793640137, 0.21811604499816895, 0.21788334846496582, 0.21805024147033691, 0.24033904075622559, 0.1963648796081543, 0.21785974502563477, 0.21908950805664062, 0.21308422088623047, 0.21630311012268066, 0.21404719352722168, 0.21434712409973145, 0.21779870986938477, 0.2179574966430664, 0.21757841110229492, 0.21441364288330078, 0.2180168628692627, 0.2142021656036377, 0.2156383991241455, 0.21776103973388672, 0.21785855293273926, 0.21771597862243652, 0.21493172645568848, 0.21602177619934082, 0.2152564525604248, 0.21422624588012695, 0.21486544609069824, 0.21514129638671875, 0.21545195579528809, 0.21460294723510742, 0.2153940200805664, 0.21590662002563477, 0.21913957595825195, 0.2247788906097412, 0.20616626739501953, 0.21822261810302734, 0.2180948257446289, 0.21427130699157715, 0.29682254791259766, 0.13285374641418457, 0.21475434303283691, 0.21732163429260254, 0.21783208847045898, 0.21367383003234863, 0.21851277351379395, 0.2175133228302002, 0.21538257598876953, 0.21825170516967773, 0.21767926216125488, 0.217940092086792, 0.2694230079650879, 0.1666889190673828, 0.21755719184875488, 0.21763300895690918, 0.21815752983093262, 0.21778392791748047, 0.21794700622558594, 0.21817755699157715, 0.21889233589172363, 0.2181410789489746, 0.2176666259765625, 0.21800684928894043, 0.21744823455810547, 0.2182455062866211, 0.21772241592407227, 0.21804308891296387, 0.21609187126159668, 0.21699309349060059, 0.21831154823303223, 0.2170698642730713, 0.25994229316711426, 0.17642593383789062, 0.21797704696655273, 0.2175607681274414, 0.21816563606262207, 0.21836423873901367, 0.2175910472869873, 0.2176821231842041, 0.21673297882080078, 0.2175273895263672, 0.3918008804321289, 0.053114891052246094, 0.20944976806640625, 0.3234291076660156, 0.28537702560424805, 0.05533289909362793, 0.20852255821228027, 0.2159404754638672, 0.21798300743103027, 0.2180929183959961, 0.21764039993286133, 0.21803855895996094, 0.2178359031677246, 0.2144019603729248, 0.21457958221435547, 0.21817374229431152, 0.3940308094024658, 0.05630087852478027, 0.20207691192626953, 0.21841764450073242, 0.27384257316589355, 0.16190433502197266, 0.21674108505249023, 0.21725106239318848, 0.21782350540161133, 0.22006821632385254, 0.21547770500183105, 0.2177119255065918, 0.27086949348449707, 0.18033218383789062, 0.2297523021697998, 0.3786742687225342, 0.060334205627441406, 0.4276888370513916, 0.055348873138427734, 0.16205382347106934, 0.1941356658935547, 0.21819019317626953, 0.21643877029418945, 0.21773171424865723, 0.21766138076782227, 0.21464991569519043, 0.21759867668151855, 0.42933130264282227, 0.05713152885437012, 0.16671133041381836]}