{"batch": {"label": "batch", "average_duration": 0.1067432106089407, "n_events": 29249, "total_time": 3122.1321671009064}, "batch.accumulate": {"label": "batch.accumulate", "average_duration": 0.0018338673159364449, "n_events": 29249, "total_time": 53.63878512382507}, "batch.backward": {"label": "batch.backward", "average_duration": 0.00785506936056055, "n_events": 29249, "total_time": 229.75292372703552}, "batch.evaluate": {"label": "batch.evaluate", "average_duration": 0.014869395058486575, "n_events": 29249, "total_time": 434.9149360656738}, "batch.forward": {"label": "batch.forward", "average_duration": 0.007658138320467941, "n_events": 29249, "total_time": 223.99288773536682}, "batch.reduce": {"label": "batch.reduce", "average_duration": 0.007835110508155373, "n_events": 29249, "total_time": 229.1691472530365}, "batch.step": {"label": "batch.step", "average_duration": 0.011315966097529051, "n_events": 29249, "total_time": 330.9806923866272}, "epoch_metrics.collect": {"label": "epoch_metrics.collect", "average_duration": 0.0041505266355988165, "n_events": 149, "total_time": 0.6184284687042236}, "reduce.allreduce": {"label": "reduce.allreduce", "average_duration": 0.007141860889660574, "n_events": 29249, "total_time": 208.89228916168213}, "reduce.flat_pack": {"label": "reduce.flat_pack", "average_duration": 0.0005388707070274187, "n_events": 29249, "total_time": 15.76142930984497}, "test.last": {"label": "test.last", "average_duration": 1.0549416798073172, "n_events": 149, "total_time": 157.18631029129028}}