{"batch": {"label": "batch", "average_duration": 0.13281124928766044, "n_events": 484, "total_time": 64.28064465522766}, "batch.accumulate": {"label": "batch.accumulate", "average_duration": 0.0006960300374622187, "n_events": 484, "total_time": 0.33687853813171387}, "batch.backward": {"label": "batch.backward", "average_duration": 0.06430455328019197, "n_events": 484, "total_time": 31.123403787612915}, "batch.evaluate": {"label": "batch.evaluate", "average_duration": 0.0004945515601102971, "n_events": 484, "total_time": 0.2393629550933838}, "batch.forward": {"label": "batch.forward", "average_duration": 0.05480936982414939, "n_events": 484, "total_time": 26.527734994888306}, "batch.reduce": {"label": "batch.reduce", "average_duration": 0.008246408513754853, "n_events": 484, "total_time": 3.9912617206573486}, "batch.step": {"label": "batch.step", "average_duration": 0.0028990019451488147, "n_events": 484, "total_time": 1.4031169414520264}, "epoch_metrics.collect": {"label": "epoch_metrics.collect", "average_duration": 0.006550490856170654, "n_events": 4, "total_time": 0.026201963424682617}, "reduce.compress": {"label": "reduce.compress", "average_duration": 0.0014260071368256877, "n_events": 484, "total_time": 0.6901874542236328}, "reduce.decompress": {"label": "reduce.decompress", "average_duration": 0.0001767952580097293, "n_events": 484, "total_time": 0.08556890487670898}, "reduce.flat_pack": {"label": "reduce.flat_pack", "average_duration": 0.0003483453072792242, "n_events": 484, "total_time": 0.16859912872314453}, "reduce.norm": {"label": "reduce.norm", "average_duration": 0.0025676203168128148, "n_events": 484, "total_time": 1.2427282333374023}, "reduce.reduce.vector": {"label": "reduce.reduce.vector", "average_duration": 0.0009286782958290794, "n_events": 484, "total_time": 0.4494802951812744}, "reduce.setgrad": {"label": "reduce.setgrad", "average_duration": 0.0023942047899419613, "n_events": 484, "total_time": 1.1587951183319092}, "test.last": {"label": "test.last", "average_duration": 1.183935821056366, "n_events": 4, "total_time": 4.735743284225464}}