{"batch": {"label": "batch", "average_duration": 0.08137640041282318, "n_events": 387, "total_time": 31.492666959762573}, "batch.accumulate": {"label": "batch.accumulate", "average_duration": 0.0010722213321261937, "n_events": 18, "total_time": 0.019299983978271484}, "batch.backward": {"label": "batch.backward", "average_duration": 0.0660273086192996, "n_events": 387, "total_time": 25.552568435668945}, "batch.evaluate": {"label": "batch.evaluate", "average_duration": 0.0012064054030780644, "n_events": 387, "total_time": 0.46687889099121094}, "batch.forward": {"label": "batch.forward", "average_duration": 0.006450010516538793, "n_events": 387, "total_time": 2.4961540699005127}, "batch.reduce": {"label": "batch.reduce", "average_duration": 0.016220927238464355, "n_events": 18, "total_time": 0.2919766902923584}, "batch.step": {"label": "batch.step", "average_duration": 0.003797144236798742, "n_events": 387, "total_time": 1.4694948196411133}, "epoch_metrics.collect": {"label": "epoch_metrics.collect", "average_duration": 0.014514843622843424, "n_events": 3, "total_time": 0.04354453086853027}, "reduce.allreduce": {"label": "reduce.allreduce", "average_duration": 0.015235993597242568, "n_events": 18, "total_time": 0.2742478847503662}, "reduce.flat_pack": {"label": "reduce.flat_pack", "average_duration": 0.000846968756781684, "n_events": 18, "total_time": 0.015245437622070312}, "test.last": {"label": "test.last", "average_duration": 1.3880390326182048, "n_events": 3, "total_time": 4.164117097854614}}