{"batch": {"label": "batch", "average_duration": 0.07755587575355549, "n_events": 387, "total_time": 30.014123916625977}, "batch.accumulate": {"label": "batch.accumulate", "average_duration": 0.0011658271153767903, "n_events": 18, "total_time": 0.020984888076782227}, "batch.backward": {"label": "batch.backward", "average_duration": 0.006523033137161295, "n_events": 387, "total_time": 2.524413824081421}, "batch.evaluate": {"label": "batch.evaluate", "average_duration": 0.05891504398612089, "n_events": 387, "total_time": 22.800122022628784}, "batch.forward": {"label": "batch.forward", "average_duration": 0.005658885305242021, "n_events": 387, "total_time": 2.189988613128662}, "batch.reduce": {"label": "batch.reduce", "average_duration": 0.003981020715501573, "n_events": 18, "total_time": 0.07165837287902832}, "batch.step": {"label": "batch.step", "average_duration": 0.0031648119598704097, "n_events": 387, "total_time": 1.2247822284698486}, "epoch_metrics.collect": {"label": "epoch_metrics.collect", "average_duration": 0.03763397534688314, "n_events": 3, "total_time": 0.11290192604064941}, "reduce.allreduce": {"label": "reduce.allreduce", "average_duration": 0.00350748168097602, "n_events": 18, "total_time": 0.06313467025756836}, "reduce.flat_pack": {"label": "reduce.flat_pack", "average_duration": 0.00034998522864447697, "n_events": 18, "total_time": 0.006299734115600586}, "test.last": {"label": "test.last", "average_duration": 1.3879729111989338, "n_events": 3, "total_time": 4.163918733596802}}