{"batch": {"label": "batch", "average_duration": 0.02879660917748171, "n_events": 974, "total_time": 28.047897338867188}, "batch.accumulate": {"label": "batch.accumulate", "average_duration": 0.0007387098590451344, "n_events": 974, "total_time": 0.7195034027099609}, "batch.backward": {"label": "batch.backward", "average_duration": 0.012791539854092765, "n_events": 974, "total_time": 12.458959817886353}, "batch.evaluate": {"label": "batch.evaluate", "average_duration": 0.0009600053822480188, "n_events": 974, "total_time": 0.9350452423095703}, "batch.forward": {"label": "batch.forward", "average_duration": 0.005544233615883077, "n_events": 974, "total_time": 5.400083541870117}, "batch.reduce": {"label": "batch.reduce", "average_duration": 0.004671149919654799, "n_events": 974, "total_time": 4.549700021743774}, "batch.step": {"label": "batch.step", "average_duration": 0.002734045473212334, "n_events": 974, "total_time": 2.6629602909088135}, "epoch_metrics.collect": {"label": "epoch_metrics.collect", "average_duration": 0.0060517191886901855, "n_events": 4, "total_time": 0.024206876754760742}, "reduce.compress": {"label": "reduce.compress", "average_duration": 0.00033812234044319794, "n_events": 974, "total_time": 0.3293311595916748}, "reduce.decompress": {"label": "reduce.decompress", "average_duration": 7.217351416053224e-05, "n_events": 974, "total_time": 0.0702970027923584}, "reduce.flat_pack": {"label": "reduce.flat_pack", "average_duration": 0.0007661299539052975, "n_events": 974, "total_time": 0.7462105751037598}, "reduce.norm": {"label": "reduce.norm", "average_duration": 0.00033508507378047494, "n_events": 974, "total_time": 0.3263728618621826}, "reduce.reduce.vector": {"label": "reduce.reduce.vector", "average_duration": 0.00013671298291404143, "n_events": 974, "total_time": 0.13315844535827637}, "reduce.setgrad": {"label": "reduce.setgrad", "average_duration": 0.0024050293027497904, "n_events": 974, "total_time": 2.342498540878296}, "test.last": {"label": "test.last", "average_duration": 0.7325947880744934, "n_events": 4, "total_time": 2.9303791522979736}}