{"batch": {"label": "batch", "average_duration": 0.3351642046092956, "n_events": 484, "total_time": 162.21947503089905}, "batch.accumulate": {"label": "batch.accumulate", "average_duration": 0.0028900784894454576, "n_events": 484, "total_time": 1.3987979888916016}, "batch.backward": {"label": "batch.backward", "average_duration": 0.12430239314875327, "n_events": 484, "total_time": 60.16235828399658}, "batch.evaluate": {"label": "batch.evaluate", "average_duration": 0.0006224586943949549, "n_events": 484, "total_time": 0.3012700080871582}, "batch.forward": {"label": "batch.forward", "average_duration": 0.05990261923183094, "n_events": 484, "total_time": 28.992867708206177}, "batch.reduce": {"label": "batch.reduce", "average_duration": 0.1341876742268397, "n_events": 484, "total_time": 64.9468343257904}, "batch.step": {"label": "batch.step", "average_duration": 0.009623990571203311, "n_events": 484, "total_time": 4.658011436462402}, "epoch_metrics.collect": {"label": "epoch_metrics.collect", "average_duration": 0.005384981632232666, "n_events": 4, "total_time": 0.021539926528930664}, "reduce.allreduce": {"label": "reduce.allreduce", "average_duration": 0.13305492588311188, "n_events": 484, "total_time": 64.39858412742615}, "reduce.flat_pack": {"label": "reduce.flat_pack", "average_duration": 0.0009112348241254318, "n_events": 484, "total_time": 0.441037654876709}, "test.last": {"label": "test.last", "average_duration": 1.403045117855072, "n_events": 4, "total_time": 5.612180471420288}}