{"batch": {"label": "batch", "average_duration": 0.13226022671178445, "n_events": 194, "total_time": 25.65848398208618}, "batch.accumulate": {"label": "batch.accumulate", "average_duration": 0.0009673018204538446, "n_events": 38, "total_time": 0.036757469177246094}, "batch.backward": {"label": "batch.backward", "average_duration": 0.06483374797191817, "n_events": 194, "total_time": 12.577747106552124}, "batch.evaluate": {"label": "batch.evaluate", "average_duration": 0.0012192775293723825, "n_events": 194, "total_time": 0.2365398406982422}, "batch.forward": {"label": "batch.forward", "average_duration": 0.0062899577248956735, "n_events": 194, "total_time": 1.2202517986297607}, "batch.reduce": {"label": "batch.reduce", "average_duration": 0.26205327008899887, "n_events": 38, "total_time": 9.958024263381958}, "batch.step": {"label": "batch.step", "average_duration": 0.0032821549582727175, "n_events": 194, "total_time": 0.6367380619049072}, "reduce.compress": {"label": "reduce.compress", "average_duration": 0.01591341119063528, "n_events": 38, "total_time": 0.6047096252441406}, "reduce.decompress": {"label": "reduce.decompress", "average_duration": 0.0009960375334087171, "n_events": 38, "total_time": 0.03784942626953125}, "reduce.flat_pack": {"label": "reduce.flat_pack", "average_duration": 0.0006396205801712839, "n_events": 38, "total_time": 0.02430558204650879}, "reduce.norm": {"label": "reduce.norm", "average_duration": 0.24132086728748522, "n_events": 38, "total_time": 9.170192956924438}, "reduce.setgrad": {"label": "reduce.setgrad", "average_duration": 0.0028957944167287727, "n_events": 38, "total_time": 0.11004018783569336}}