{"batch": {"label": "batch", "average_duration": 0.08256360665156244, "n_events": 387, "total_time": 31.952115774154663}, "batch.accumulate": {"label": "batch.accumulate", "average_duration": 0.0011626084645589192, "n_events": 18, "total_time": 0.020926952362060547}, "batch.backward": {"label": "batch.backward", "average_duration": 0.006314922672833583, "n_events": 387, "total_time": 2.4438750743865967}, "batch.evaluate": {"label": "batch.evaluate", "average_duration": 0.0611086741898411, "n_events": 387, "total_time": 23.649056911468506}, "batch.forward": {"label": "batch.forward", "average_duration": 0.00557745457927694, "n_events": 387, "total_time": 2.158474922180176}, "batch.reduce": {"label": "batch.reduce", "average_duration": 0.0594714085261027, "n_events": 18, "total_time": 1.0704853534698486}, "batch.step": {"label": "batch.step", "average_duration": 0.003256428765388114, "n_events": 387, "total_time": 1.2602379322052002}, "epoch_metrics.collect": {"label": "epoch_metrics.collect", "average_duration": 0.011560599009195963, "n_events": 3, "total_time": 0.03468179702758789}, "reduce.compress": {"label": "reduce.compress", "average_duration": 0.0004611545138888889, "n_events": 18, "total_time": 0.00830078125}, "reduce.decompress": {"label": "reduce.decompress", "average_duration": 9.119510650634766e-05, "n_events": 18, "total_time": 0.0016415119171142578}, "reduce.flat_pack": {"label": "reduce.flat_pack", "average_duration": 0.00031379858652750653, "n_events": 18, "total_time": 0.005648374557495117}, "reduce.norm": {"label": "reduce.norm", "average_duration": 0.05505416128370497, "n_events": 18, "total_time": 0.9909749031066895}, "reduce.reduce.vector": {"label": "reduce.reduce.vector", "average_duration": 0.0001548396216498481, "n_events": 18, "total_time": 0.0027871131896972656}, "reduce.setgrad": {"label": "reduce.setgrad", "average_duration": 0.0030785534116956922, "n_events": 18, "total_time": 0.05541396141052246}, "test.last": {"label": "test.last", "average_duration": 1.3539173603057861, "n_events": 3, "total_time": 4.061752080917358}, "reduce_times": [0.17667388916015625, 0.05537891387939453, 0.06225085258483887, 0.06368041038513184, 0.03820371627807617, 0.05072808265686035, 0.06441473960876465, 0.04347062110900879, 0.05533003807067871, 0.03786611557006836, 0.07647323608398438, 0.04824090003967285, 0.06994104385375977, 0.06847882270812988, 0.05149364471435547, 0.05627608299255371, 0.0821983814239502, 0.07956075668334961, 0.06649899482727051]}