{"batch": {"label": "batch", "average_duration": 0.0908113494515419, "n_events": 96, "total_time": 8.717889547348022}, "batch.accumulate": {"label": "batch.accumulate", "average_duration": 0.0012002289295196533, "n_events": 96, "total_time": 0.11522197723388672}, "batch.backward": {"label": "batch.backward", "average_duration": 0.006751189629236857, "n_events": 96, "total_time": 0.6481142044067383}, "batch.evaluate": {"label": "batch.evaluate", "average_duration": 0.058531008660793304, "n_events": 96, "total_time": 5.618976831436157}, "batch.forward": {"label": "batch.forward", "average_duration": 0.005769267678260803, "n_events": 96, "total_time": 0.5538496971130371}, "batch.reduce": {"label": "batch.reduce", "average_duration": 0.011887053648630777, "n_events": 96, "total_time": 1.1411571502685547}, "batch.step": {"label": "batch.step", "average_duration": 0.003458018104235331, "n_events": 96, "total_time": 0.3319697380065918}, "reduce.compress": {"label": "reduce.compress", "average_duration": 0.0010405927896499634, "n_events": 96, "total_time": 0.09989690780639648}, "reduce.decompress": {"label": "reduce.decompress", "average_duration": 0.0002404525876045227, "n_events": 96, "total_time": 0.02308344841003418}, "reduce.flat_pack": {"label": "reduce.flat_pack", "average_duration": 0.000309772789478302, "n_events": 96, "total_time": 0.029738187789916992}, "reduce.norm": {"label": "reduce.norm", "average_duration": 0.0065130069851875305, "n_events": 96, "total_time": 0.6252486705780029}, "reduce.reduce.vector": {"label": "reduce.reduce.vector", "average_duration": 0.0001334001620610555, "n_events": 96, "total_time": 0.012806415557861328}, "reduce.setgrad": {"label": "reduce.setgrad", "average_duration": 0.003357773025830587, "n_events": 96, "total_time": 0.32234621047973633}, "reduce_times": [0.1037440299987793, 0.02014636993408203, 0.013419628143310547, 0.012336969375610352, 0.013427972793579102, 0.013796329498291016, 0.012308120727539062, 0.005446672439575195, 0.013553619384765625, 0.013642072677612305, 0.012594223022460938, 0.0053713321685791016, 0.01308298110961914, 0.012991189956665039, 0.015787363052368164, 0.005328655242919922, 0.013504505157470703, 0.012514352798461914, 0.012142419815063477, 0.005747795104980469, 0.012639760971069336, 0.013400077819824219, 0.013669490814208984, 0.005525827407836914, 0.012392759323120117, 0.014223337173461914, 0.012000083923339844, 0.005593299865722656, 0.012154817581176758, 0.01161813735961914, 0.011212825775146484, 0.012206792831420898, 0.011986732482910156, 0.014961957931518555, 0.012310504913330078, 0.006732940673828125, 0.013473987579345703, 0.012445211410522461, 0.012414693832397461, 0.01163792610168457, 0.011987686157226562, 0.011303424835205078, 0.0113983154296875, 0.011454105377197266, 0.011995553970336914, 0.011504650115966797, 0.011976003646850586, 0.012565851211547852, 0.011884927749633789, 0.0135650634765625, 0.01206064224243164, 0.02573561668395996, 0.012657642364501953, 0.010775566101074219, 0.010843992233276367, 0.01586771011352539, 0.012370109558105469, 0.012684345245361328, 0.012372016906738281, 0.012076854705810547, 0.01201009750366211, 0.011870145797729492, 0.012128591537475586, 0.011712789535522461, 0.011106252670288086, 0.012502670288085938, 0.005371809005737305, 0.011665582656860352, 0.012359142303466797, 0.009857416152954102, 0.012937784194946289, 0.009380340576171875, 0.012408256530761719, 0.011861562728881836, 0.011640310287475586, 0.011441469192504883, 0.01084589958190918, 0.011955022811889648, 0.01110529899597168, 0.01160120964050293, 0.011950969696044922, 0.012195110321044922, 0.01342916488647461, 0.012171745300292969, 0.013242006301879883, 0.012240409851074219, 0.012088537216186523, 0.011914968490600586, 0.012900114059448242, 0.012720108032226562, 0.009816408157348633, 0.01050710678100586, 0.010602712631225586, 0.009918689727783203, 0.01128387451171875, 0.010890483856201172, 0.010699272155761719]}