{"batch": {"label": "batch", "average_duration": 0.09104124208291371, "n_events": 96, "total_time": 8.739959239959717}, "batch.accumulate": {"label": "batch.accumulate", "average_duration": 0.0011225541432698567, "n_events": 96, "total_time": 0.10776519775390625}, "batch.backward": {"label": "batch.backward", "average_duration": 0.06418728331724803, "n_events": 96, "total_time": 6.1619791984558105}, "batch.evaluate": {"label": "batch.evaluate", "average_duration": 0.0010980069637298584, "n_events": 96, "total_time": 0.1054086685180664}, "batch.forward": {"label": "batch.forward", "average_duration": 0.006351848443349202, "n_events": 96, "total_time": 0.6097774505615234}, "batch.reduce": {"label": "batch.reduce", "average_duration": 0.01172171781460444, "n_events": 96, "total_time": 1.1252849102020264}, "batch.step": {"label": "batch.step", "average_duration": 0.0032854899764060974, "n_events": 96, "total_time": 0.31540703773498535}, "reduce.compress": {"label": "reduce.compress", "average_duration": 0.005109059313933055, "n_events": 96, "total_time": 0.49046969413757324}, "reduce.decompress": {"label": "reduce.decompress", "average_duration": 0.0010005061825116475, "n_events": 96, "total_time": 0.09604859352111816}, "reduce.flat_pack": {"label": "reduce.flat_pack", "average_duration": 0.0006594434380531311, "n_events": 96, "total_time": 0.06330657005310059}, "reduce.norm": {"label": "reduce.norm", "average_duration": 0.0008475234111150106, "n_events": 96, "total_time": 0.08136224746704102}, "reduce.reduce.vector": {"label": "reduce.reduce.vector", "average_duration": 0.0004945198694864908, "n_events": 96, "total_time": 0.047473907470703125}, "reduce.setgrad": {"label": "reduce.setgrad", "average_duration": 0.0033219034473101297, "n_events": 96, "total_time": 0.31890273094177246}, "reduce_times": [0.017455577850341797, 0.01205754280090332, 0.011847496032714844, 0.011969804763793945, 0.01162099838256836, 0.01229095458984375, 0.011364936828613281, 0.013437747955322266, 0.011955976486206055, 0.012149810791015625, 0.011251449584960938, 0.013213396072387695, 0.011801958084106445, 0.011785745620727539, 0.011298418045043945, 0.011924505233764648, 0.011720657348632812, 0.01173710823059082, 0.011264801025390625, 0.011341571807861328, 0.012165307998657227, 0.011347770690917969, 0.011266946792602539, 0.011762857437133789, 0.011737585067749023, 0.011898517608642578, 0.011280298233032227, 0.012085437774658203, 0.011644601821899414, 0.01146841049194336, 0.011799097061157227, 0.011515378952026367, 0.011644124984741211, 0.01168203353881836, 0.011803627014160156, 0.011764764785766602, 0.011888980865478516, 0.011599302291870117, 0.011766672134399414, 0.011615753173828125, 0.011642932891845703, 0.011629343032836914, 0.011945486068725586, 0.011571168899536133, 0.011804819107055664, 0.011596441268920898, 0.011664152145385742, 0.01178121566772461, 0.011730194091796875, 0.011513471603393555, 0.01309347152709961, 0.011884927749633789, 0.011757135391235352, 0.011605262756347656, 0.013112068176269531, 0.011353254318237305, 0.011812210083007812, 0.011490583419799805, 0.01170492172241211, 0.011586427688598633, 0.011475324630737305, 0.01154184341430664, 0.011583089828491211, 0.011600732803344727, 0.01166987419128418, 0.01116323471069336, 0.014593839645385742, 0.011804819107055664, 0.011725187301635742, 0.012527942657470703, 0.01157069206237793, 0.011164665222167969, 0.011695623397827148, 0.01107931137084961, 0.011697530746459961, 0.011455297470092773, 0.011550664901733398, 0.011642932891845703, 0.01133108139038086, 0.011393070220947266, 0.011714458465576172, 0.011521100997924805, 0.011768579483032227, 0.011499881744384766, 0.011675119400024414, 0.011689424514770508, 0.011505365371704102, 0.011363744735717773, 0.012256383895874023, 0.013460874557495117, 0.01105356216430664, 0.010896444320678711, 0.010865211486816406, 0.010862588882446289, 0.010818004608154297, 0.010936260223388672, 0.01107931137084961]}