{"batch": {"label": "batch", "average_duration": 0.09085628141959508, "n_events": 96, "total_time": 8.722203016281128}, "batch.accumulate": {"label": "batch.accumulate", "average_duration": 0.001076499621073405, "n_events": 96, "total_time": 0.10334396362304688}, "batch.backward": {"label": "batch.backward", "average_duration": 0.00618897130091985, "n_events": 96, "total_time": 0.5941412448883057}, "batch.evaluate": {"label": "batch.evaluate", "average_duration": 0.05759770671526591, "n_events": 96, "total_time": 5.529379844665527}, "batch.forward": {"label": "batch.forward", "average_duration": 0.0057454705238342285, "n_events": 96, "total_time": 0.5515651702880859}, "batch.reduce": {"label": "batch.reduce", "average_duration": 0.01398727297782898, "n_events": 96, "total_time": 1.342778205871582}, "batch.step": {"label": "batch.step", "average_duration": 0.0031957998871803284, "n_events": 96, "total_time": 0.3067967891693115}, "reduce.compress": {"label": "reduce.compress", "average_duration": 0.0009737287958463033, "n_events": 96, "total_time": 0.09347796440124512}, "reduce.decompress": {"label": "reduce.decompress", "average_duration": 0.00022758791844050089, "n_events": 96, "total_time": 0.021848440170288086}, "reduce.flat_pack": {"label": "reduce.flat_pack", "average_duration": 0.0002948567271232605, "n_events": 96, "total_time": 0.028306245803833008}, "reduce.norm": {"label": "reduce.norm", "average_duration": 0.009012125432491302, "n_events": 96, "total_time": 0.865164041519165}, "reduce.reduce.vector": {"label": "reduce.reduce.vector", "average_duration": 0.00012806057929992676, "n_events": 96, "total_time": 0.012293815612792969}, "reduce.setgrad": {"label": "reduce.setgrad", "average_duration": 0.003071484466393789, "n_events": 96, "total_time": 0.2948625087738037}, "reduce_times": [0.09669160842895508, 0.025101184844970703, 0.015502452850341797, 0.014740943908691406, 0.014951467514038086, 0.014678001403808594, 0.013214826583862305, 0.018083572387695312, 0.015283584594726562, 0.015683412551879883, 0.011600971221923828, 0.01623678207397461, 0.014015913009643555, 0.014406919479370117, 0.01428365707397461, 0.01602458953857422, 0.015533208847045898, 0.013790607452392578, 0.012904644012451172, 0.01567816734313965, 0.014534950256347656, 0.013512134552001953, 0.01303720474243164, 0.014340400695800781, 0.014938831329345703, 0.015010356903076172, 0.01234579086303711, 0.015607357025146484, 0.014088630676269531, 0.013977527618408203, 0.01390528678894043, 0.014558792114257812, 0.014372825622558594, 0.016286849975585938, 0.013675928115844727, 0.013576269149780273, 0.014258384704589844, 0.0134735107421875, 0.013460397720336914, 0.013860225677490234, 0.014113187789916992, 0.013380050659179688, 0.013098955154418945, 0.014123678207397461, 0.013540506362915039, 0.013424873352050781, 0.014312505722045898, 0.014583587646484375, 0.013713836669921875, 0.014569520950317383, 0.014017820358276367, 0.026370525360107422, 0.016885757446289062, 0.012943506240844727, 0.012441396713256836, 0.016818761825561523, 0.01251363754272461, 0.013224601745605469, 0.013324737548828125, 0.012851953506469727, 0.013290166854858398, 0.012981414794921875, 0.013695478439331055, 0.01411747932434082, 0.014261484146118164, 0.011678934097290039, 0.01682877540588379, 0.011924505233764648, 0.013788223266601562, 0.010942935943603516, 0.013890743255615234, 0.01220846176147461, 0.015215873718261719, 0.012965917587280273, 0.013347387313842773, 0.013885021209716797, 0.012947797775268555, 0.014155387878417969, 0.013400077819824219, 0.006996631622314453, 0.012683629989624023, 0.014345884323120117, 0.014797449111938477, 0.014997243881225586, 0.013654708862304688, 0.013690948486328125, 0.01383209228515625, 0.013091802597045898, 0.011929988861083984, 0.01416778564453125, 0.010852336883544922, 0.011220216751098633, 0.010952949523925781, 0.010875463485717773, 0.011151790618896484, 0.010756254196166992, 0.01246500015258789]}