{"batch": {"label": "batch", "average_duration": 0.08214826501649002, "n_events": 290, "total_time": 23.822996854782104}, "batch.accumulate": {"label": "batch.accumulate", "average_duration": 0.0011652972963121203, "n_events": 18, "total_time": 0.020975351333618164}, "batch.backward": {"label": "batch.backward", "average_duration": 0.006477970912538726, "n_events": 290, "total_time": 1.8786115646362305}, "batch.evaluate": {"label": "batch.evaluate", "average_duration": 0.06063180709707326, "n_events": 290, "total_time": 17.583224058151245}, "batch.forward": {"label": "batch.forward", "average_duration": 0.00579636261380952, "n_events": 290, "total_time": 1.6809451580047607}, "batch.reduce": {"label": "batch.reduce", "average_duration": 0.03983475102318658, "n_events": 18, "total_time": 0.7170255184173584}, "batch.step": {"label": "batch.step", "average_duration": 0.0032933498251027076, "n_events": 290, "total_time": 0.9550714492797852}, "epoch_metrics.collect": {"label": "epoch_metrics.collect", "average_duration": 0.007927417755126953, "n_events": 2, "total_time": 0.015854835510253906}, "reduce.compress": {"label": "reduce.compress", "average_duration": 0.000446425543891059, "n_events": 18, "total_time": 0.008035659790039062}, "reduce.decompress": {"label": "reduce.decompress", "average_duration": 8.813540140787761e-05, "n_events": 18, "total_time": 0.0015864372253417969}, "reduce.flat_pack": {"label": "reduce.flat_pack", "average_duration": 0.00033220979902479384, "n_events": 18, "total_time": 0.005979776382446289}, "reduce.norm": {"label": "reduce.norm", "average_duration": 0.035351965162489146, "n_events": 18, "total_time": 0.6363353729248047}, "reduce.reduce.vector": {"label": "reduce.reduce.vector", "average_duration": 0.00015197859870062934, "n_events": 18, "total_time": 0.002735614776611328}, "reduce.setgrad": {"label": "reduce.setgrad", "average_duration": 0.003157933553059896, "n_events": 18, "total_time": 0.056842803955078125}, "test.last": {"label": "test.last", "average_duration": 1.358170986175537, "n_events": 2, "total_time": 2.716341972351074}, "reduce_times": [0.08513379096984863, 0.03974747657775879, 0.033838510513305664, 0.04557991027832031, 0.0479583740234375, 0.038739919662475586, 0.005578517913818359, 0.038602590560913086, 0.03932332992553711, 0.047919511795043945, 0.045966148376464844, 0.036383628845214844, 0.012427806854248047, 0.04326176643371582, 0.03276801109313965, 0.048419952392578125, 0.0593564510345459, 0.05010175704956055, 0.05105185508728027]}