{"batch": {"label": "batch", "average_duration": 0.0824141157084498, "n_events": 290, "total_time": 23.90009355545044}, "batch.accumulate": {"label": "batch.accumulate", "average_duration": 0.0012089014053344727, "n_events": 18, "total_time": 0.021760225296020508}, "batch.backward": {"label": "batch.backward", "average_duration": 0.06659503476373081, "n_events": 290, "total_time": 19.312560081481934}, "batch.evaluate": {"label": "batch.evaluate", "average_duration": 0.0012935835739661908, "n_events": 290, "total_time": 0.3751392364501953}, "batch.forward": {"label": "batch.forward", "average_duration": 0.0064587009364160996, "n_events": 290, "total_time": 1.873023271560669}, "batch.reduce": {"label": "batch.reduce", "average_duration": 0.013940122392442491, "n_events": 18, "total_time": 0.25092220306396484}, "batch.step": {"label": "batch.step", "average_duration": 0.0040080251364872374, "n_events": 290, "total_time": 1.1623272895812988}, "epoch_metrics.collect": {"label": "epoch_metrics.collect", "average_duration": 0.004885077476501465, "n_events": 2, "total_time": 0.00977015495300293}, "reduce.compress": {"label": "reduce.compress", "average_duration": 0.0021134879853990343, "n_events": 18, "total_time": 0.03804278373718262}, "reduce.decompress": {"label": "reduce.decompress", "average_duration": 0.00022419293721516928, "n_events": 18, "total_time": 0.004035472869873047}, "reduce.flat_pack": {"label": "reduce.flat_pack", "average_duration": 0.000914560423956977, "n_events": 18, "total_time": 0.016462087631225586}, "reduce.norm": {"label": "reduce.norm", "average_duration": 0.0062613752153184675, "n_events": 18, "total_time": 0.11270475387573242}, "reduce.reduce.vector": {"label": "reduce.reduce.vector", "average_duration": 0.0005224148432413737, "n_events": 18, "total_time": 0.009403467178344727}, "reduce.setgrad": {"label": "reduce.setgrad", "average_duration": 0.0035730070537990993, "n_events": 18, "total_time": 0.06431412696838379}, "test.last": {"label": "test.last", "average_duration": 1.3581291437149048, "n_events": 2, "total_time": 2.7162582874298096}, "reduce_times": [0.009020090103149414, 0.00892949104309082, 0.008643150329589844, 0.008134841918945312, 0.008179187774658203, 0.0074427127838134766, 0.0704801082611084, 0.007909059524536133, 0.008048057556152344, 0.007729768753051758, 0.00806879997253418, 0.0077631473541259766, 0.05179715156555176, 0.008174657821655273, 0.007814645767211914, 0.008431196212768555, 0.007782697677612305, 0.008231878280639648, 0.007361650466918945]}