{"batch": {"label": "batch", "average_duration": 0.34284106945169385, "n_events": 290, "total_time": 99.42391014099121}, "batch.accumulate": {"label": "batch.accumulate", "average_duration": 0.002681679195827908, "n_events": 18, "total_time": 0.048270225524902344}, "batch.backward": {"label": "batch.backward", "average_duration": 0.12228670777945683, "n_events": 290, "total_time": 35.46314525604248}, "batch.evaluate": {"label": "batch.evaluate", "average_duration": 0.0007149507259500438, "n_events": 290, "total_time": 0.2073357105255127}, "batch.forward": {"label": "batch.forward", "average_duration": 0.041136425939099545, "n_events": 290, "total_time": 11.929563522338867}, "batch.reduce": {"label": "batch.reduce", "average_duration": 2.4079851309458413, "n_events": 18, "total_time": 43.34373235702515}, "batch.step": {"label": "batch.step", "average_duration": 0.008829891270604627, "n_events": 290, "total_time": 2.560668468475342}, "epoch_metrics.collect": {"label": "epoch_metrics.collect", "average_duration": 1.7352538108825684, "n_events": 2, "total_time": 3.4705076217651367}, "reduce.compress": {"label": "reduce.compress", "average_duration": 0.0032867325676812064, "n_events": 18, "total_time": 0.05916118621826172}, "reduce.decompress": {"label": "reduce.decompress", "average_duration": 0.0002937449349297418, "n_events": 18, "total_time": 0.0052874088287353516}, "reduce.flat_pack": {"label": "reduce.flat_pack", "average_duration": 0.000992629263136122, "n_events": 18, "total_time": 0.017867326736450195}, "reduce.norm": {"label": "reduce.norm", "average_duration": 2.3848314020368786, "n_events": 18, "total_time": 42.92696523666382}, "reduce.reduce.vector": {"label": "reduce.reduce.vector", "average_duration": 0.009739081064860025, "n_events": 18, "total_time": 0.17530345916748047}, "reduce.setgrad": {"label": "reduce.setgrad", "average_duration": 0.008502801259358725, "n_events": 18, "total_time": 0.15305042266845703}, "test.last": {"label": "test.last", "average_duration": 2.2245218753814697, "n_events": 2, "total_time": 4.4490437507629395}}