{"batch": {"label": "batch", "average_duration": 0.37753121306498844, "n_events": 96, "total_time": 36.24299645423889}, "batch.accumulate": {"label": "batch.accumulate", "average_duration": 0.002721932199266222, "n_events": 18, "total_time": 0.04899477958679199}, "batch.backward": {"label": "batch.backward", "average_duration": 0.12215730051199596, "n_events": 96, "total_time": 11.727100849151611}, "batch.evaluate": {"label": "batch.evaluate", "average_duration": 0.0007883533835411072, "n_events": 96, "total_time": 0.07568192481994629}, "batch.forward": {"label": "batch.forward", "average_duration": 0.04103019336859385, "n_events": 96, "total_time": 3.9388985633850098}, "batch.reduce": {"label": "batch.reduce", "average_duration": 0.8744713730282254, "n_events": 18, "total_time": 15.740484714508057}, "batch.step": {"label": "batch.step", "average_duration": 0.009593918919563293, "n_events": 96, "total_time": 0.9210162162780762}, "reduce.compress": {"label": "reduce.compress", "average_duration": 0.0004372596740722656, "n_events": 18, "total_time": 0.007870674133300781}, "reduce.decompress": {"label": "reduce.decompress", "average_duration": 9.475813971625434e-05, "n_events": 18, "total_time": 0.0017056465148925781}, "reduce.flat_pack": {"label": "reduce.flat_pack", "average_duration": 0.0009495947096082899, "n_events": 18, "total_time": 0.01709270477294922}, "reduce.norm": {"label": "reduce.norm", "average_duration": 0.857687963379754, "n_events": 18, "total_time": 15.438383340835571}, "reduce.reduce.vector": {"label": "reduce.reduce.vector", "average_duration": 0.0061873992284138995, "n_events": 18, "total_time": 0.1113731861114502}, "reduce.setgrad": {"label": "reduce.setgrad", "average_duration": 0.008603228463066949, "n_events": 18, "total_time": 0.15485811233520508}}