{"batch": {"label": "batch", "average_duration": 0.20551523814598718, "n_events": 96, "total_time": 19.72946286201477}, "batch.accumulate": {"label": "batch.accumulate", "average_duration": 0.0030056370629204642, "n_events": 18, "total_time": 0.05410146713256836}, "batch.backward": {"label": "batch.backward", "average_duration": 0.027816275755564373, "n_events": 96, "total_time": 2.6703624725341797}, "batch.evaluate": {"label": "batch.evaluate", "average_duration": 0.11183067411184311, "n_events": 96, "total_time": 10.735744714736938}, "batch.forward": {"label": "batch.forward", "average_duration": 0.026357653240362804, "n_events": 96, "total_time": 2.530334711074829}, "batch.reduce": {"label": "batch.reduce", "average_duration": 0.01131439208984375, "n_events": 18, "total_time": 0.2036590576171875}, "batch.step": {"label": "batch.step", "average_duration": 0.009637835125128428, "n_events": 96, "total_time": 0.9252321720123291}, "reduce.compress": {"label": "reduce.compress", "average_duration": 0.00040151013268364803, "n_events": 18, "total_time": 0.007227182388305664}, "reduce.decompress": {"label": "reduce.decompress", "average_duration": 8.343325720893012e-05, "n_events": 18, "total_time": 0.0015017986297607422}, "reduce.flat_pack": {"label": "reduce.flat_pack", "average_duration": 0.0007429387834337023, "n_events": 18, "total_time": 0.01337289810180664}, "reduce.norm": {"label": "reduce.norm", "average_duration": 0.0005169047249688043, "n_events": 18, "total_time": 0.009304285049438477}, "reduce.reduce.vector": {"label": "reduce.reduce.vector", "average_duration": 0.00013905101352267794, "n_events": 18, "total_time": 0.002502918243408203}, "reduce.setgrad": {"label": "reduce.setgrad", "average_duration": 0.008877648247612847, "n_events": 18, "total_time": 0.15979766845703125}}