{"batch": {"label": "batch", "average_duration": 0.05600246004236797, "n_events": 29249, "total_time": 1638.0159537792206}, "batch.accumulate": {"label": "batch.accumulate", "average_duration": 0.0011110541522920655, "n_events": 29249, "total_time": 32.497222900390625}, "batch.backward": {"label": "batch.backward", "average_duration": 0.02247267963743694, "n_events": 29249, "total_time": 657.3034067153931}, "batch.evaluate": {"label": "batch.evaluate", "average_duration": 0.0007683057663416168, "n_events": 29249, "total_time": 22.472175359725952}, "batch.forward": {"label": "batch.forward", "average_duration": 0.011343962645146772, "n_events": 29249, "total_time": 331.79956340789795}, "batch.reduce": {"label": "batch.reduce", "average_duration": 0.01784024644849272, "n_events": 29249, "total_time": 521.8093683719635}, "batch.step": {"label": "batch.step", "average_duration": 0.000934907988917665, "n_events": 29249, "total_time": 27.345123767852783}, "epoch_metrics.collect": {"label": "epoch_metrics.collect", "average_duration": 0.002042335151825975, "n_events": 149, "total_time": 0.3043079376220703}, "reduce.allreduce": {"label": "reduce.allreduce", "average_duration": 0.016895610551156893, "n_events": 29249, "total_time": 494.17971301078796}, "reduce.flat_pack": {"label": "reduce.flat_pack", "average_duration": 0.0008541827136795559, "n_events": 29249, "total_time": 24.98399019241333}, "test.last": {"label": "test.last", "average_duration": 0.9231803049177132, "n_events": 149, "total_time": 137.55386543273926}}