{"batch": {"label": "batch", "average_duration": 0.13759209695926383, "n_events": 484, "total_time": 66.59457492828369}, "batch.accumulate": {"label": "batch.accumulate", "average_duration": 0.000675666430764947, "n_events": 484, "total_time": 0.3270225524902344}, "batch.backward": {"label": "batch.backward", "average_duration": 0.06254452910305054, "n_events": 484, "total_time": 30.271552085876465}, "batch.evaluate": {"label": "batch.evaluate", "average_duration": 0.000503506542237337, "n_events": 484, "total_time": 0.2436971664428711}, "batch.forward": {"label": "batch.forward", "average_duration": 0.05324138245306724, "n_events": 484, "total_time": 25.768829107284546}, "batch.reduce": {"label": "batch.reduce", "average_duration": 0.016307759383493218, "n_events": 484, "total_time": 7.892955541610718}, "batch.step": {"label": "batch.step", "average_duration": 0.002964874929633022, "n_events": 484, "total_time": 1.4349994659423828}, "epoch_metrics.collect": {"label": "epoch_metrics.collect", "average_duration": 0.006939828395843506, "n_events": 4, "total_time": 0.027759313583374023}, "reduce.allocate_memory": {"label": "reduce.allocate_memory", "average_duration": 0.0002353048521625109, "n_events": 484, "total_time": 0.11388754844665527}, "reduce.compute.p": {"label": "reduce.compute.p", "average_duration": 0.0005013563416220925, "n_events": 484, "total_time": 0.24265646934509277}, "reduce.compute.q": {"label": "reduce.compute.q", "average_duration": 0.0006963595871097786, "n_events": 484, "total_time": 0.3370380401611328}, "reduce.normalize.p": {"label": "reduce.normalize.p", "average_duration": 0.001375579144343857, "n_events": 484, "total_time": 0.6657803058624268}, "reduce.outerprod": {"label": "reduce.outerprod", "average_duration": 0.0010760190073123648, "n_events": 484, "total_time": 0.5207931995391846}, "reduce.p": {"label": "reduce.p", "average_duration": 0.006113444970658988, "n_events": 484, "total_time": 2.95890736579895}, "reduce.prepare.q": {"label": "reduce.prepare.q", "average_duration": 0.00023421374234286222, "n_events": 484, "total_time": 0.11335945129394531}, "reduce.q": {"label": "reduce.q", "average_duration": 0.0015206740907401093, "n_events": 484, "total_time": 0.7360062599182129}, "reduce.rank1.all_reduce": {"label": "reduce.rank1.all_reduce", "average_duration": 0.0013272062806058522, "n_events": 484, "total_time": 0.6423678398132324}, "reduce.rank1.pack": {"label": "reduce.rank1.pack", "average_duration": 0.00020287352159988783, "n_events": 484, "total_time": 0.0981907844543457}, "reduce.rank1.unpack": {"label": "reduce.rank1.unpack", "average_duration": 0.0007986692357654414, "n_events": 484, "total_time": 0.38655591011047363}, "test.last": {"label": "test.last", "average_duration": 1.1794601082801819, "n_events": 4, "total_time": 4.7178404331207275}}