{"batch": {"label": "batch", "average_duration": 0.3726198796144466, "n_events": 194, "total_time": 72.28825664520264}, "batch.accumulate": {"label": "batch.accumulate", "average_duration": 0.0010299854671832213, "n_events": 194, "total_time": 0.19981718063354492}, "batch.backward": {"label": "batch.backward", "average_duration": 0.034659951388989134, "n_events": 389, "total_time": 13.482721090316772}, "batch.evaluate": {"label": "batch.evaluate", "average_duration": 0.001016619272893989, "n_events": 389, "total_time": 0.3954648971557617}, "batch.forward": {"label": "batch.forward", "average_duration": 0.006205565518769017, "n_events": 389, "total_time": 2.4139649868011475}, "batch.reduce": {"label": "batch.reduce", "average_duration": 0.2780978409285398, "n_events": 194, "total_time": 53.95098114013672}, "batch.step": {"label": "batch.step", "average_duration": 0.0032701467730335354, "n_events": 194, "total_time": 0.6344084739685059}, "reduce.allreduce": {"label": "reduce.allreduce", "average_duration": 0.2771930350470789, "n_events": 194, "total_time": 53.7754487991333}, "reduce.flat_pack": {"label": "reduce.flat_pack", "average_duration": 0.0007089106078000413, "n_events": 194, "total_time": 0.137528657913208}, "reduce_times": [0.058447837829589844, 0.15961480140686035, 0.14185428619384766, 0.13830780982971191, 0.13498544692993164, 0.13876843452453613, 0.13375020027160645, 0.13646483421325684, 0.13304924964904785, 0.14150619506835938, 0.1343517303466797, 0.4092884063720703, 0.16041040420532227, 0.29895496368408203, 0.2764313220977783, 0.28709888458251953, 0.28714466094970703, 0.49077820777893066, 0.13289690017700195, 0.23749279975891113, 0.28748178482055664, 0.28739213943481445, 0.2873516082763672, 0.28698205947875977, 0.2873220443725586, 0.28757214546203613, 0.28752756118774414, 0.28714442253112793, 0.2987096309661865, 0.27527284622192383, 0.28777384757995605, 0.2866849899291992, 0.2871997356414795, 0.28683972358703613, 0.3027956485748291, 0.2617454528808594, 0.3061974048614502, 0.25792717933654785, 0.2874755859375, 0.282787561416626, 0.2867300510406494, 0.4687631130218506, 0.13344264030456543, 0.2538635730743408, 0.28755998611450195, 0.3157064914703369, 0.25510430335998535, 0.28266334533691406, 0.2876777648925781, 0.2838587760925293, 0.2879493236541748, 0.2762017250061035, 0.3016374111175537, 0.2657759189605713, 0.2860755920410156, 0.2808821201324463, 0.2854907512664795, 0.2808232307434082, 0.2860720157623291, 0.2802741527557373, 0.5029497146606445, 0.12525653839111328, 0.22453761100769043, 0.2800478935241699, 0.2868380546569824, 0.28061842918395996, 0.28646063804626465, 0.4135160446166992, 0.16593170166015625, 0.2747676372528076, 0.28963184356689453, 0.28606629371643066, 0.28694772720336914, 0.28704142570495605, 0.2874119281768799, 0.28632307052612305, 0.2868967056274414, 0.28711652755737305, 0.2881174087524414, 0.28572511672973633, 0.28816890716552734, 0.2872891426086426, 0.2870361804962158, 0.28713250160217285, 0.2878274917602539, 0.287583589553833, 0.28726983070373535, 0.28703784942626953, 0.28747987747192383, 0.2871432304382324, 0.2873673439025879, 0.28425121307373047, 0.28658461570739746, 0.28388333320617676, 0.34316301345825195, 0.22795677185058594, 0.28730034828186035, 0.28410792350769043, 0.28694772720336914, 0.2835204601287842, 0.28739333152770996, 0.28301525115966797, 0.2876131534576416, 0.4246678352355957, 0.15819907188415527, 0.2719857692718506, 0.28743553161621094, 0.2839164733886719, 0.28617167472839355, 0.275346040725708, 0.2874140739440918, 0.28791332244873047, 0.2872786521911621, 0.2873096466064453, 0.28738927841186523, 0.30294227600097656, 0.2717154026031494, 0.2876124382019043, 0.2874565124511719, 0.2876741886138916, 0.2872750759124756, 0.2881603240966797, 0.2876870632171631, 0.44993114471435547, 0.13570570945739746, 0.27692151069641113, 0.2878711223602295, 0.28720879554748535, 0.2874135971069336, 0.28386425971984863, 0.27686262130737305, 0.283679723739624, 0.2970123291015625, 0.27484631538391113, 0.2874009609222412, 0.27755165100097656, 0.28326892852783203, 0.28755760192871094, 0.2882509231567383, 0.28267884254455566, 0.3198397159576416, 0.4549558162689209, 0.13482403755187988, 0.22950315475463867, 0.28252506256103516, 0.2816336154937744, 0.2812066078186035, 0.2815988063812256, 0.2818915843963623, 0.2821023464202881, 0.2816641330718994, 0.2772650718688965, 0.35631442070007324, 0.20679545402526855, 0.2869226932525635, 0.3202683925628662, 0.25427770614624023, 0.2881598472595215, 0.2873532772064209, 0.3153996467590332, 0.4286975860595703, 0.1296696662902832, 0.2751731872558594, 0.2873647212982178, 0.28748059272766113, 0.293043851852417, 0.2811563014984131, 0.2875969409942627, 0.2861764430999756, 0.2875828742980957, 0.28615260124206543, 0.2868044376373291, 0.2878553867340088, 0.28650903701782227, 0.2869422435760498, 0.28780627250671387, 0.2872960567474365, 0.2872934341430664, 0.28745222091674805, 0.28730082511901855, 0.28792381286621094, 0.28675007820129395, 0.2880866527557373, 0.27721333503723145, 0.27785563468933105, 0.2872281074523926, 0.2877371311187744, 0.28737616539001465, 0.275876522064209, 0.28749799728393555, 0.2829625606536865, 0.2877533435821533, 0.2876088619232178, 0.28818225860595703, 0.28833532333374023]}