{"batch": {"label": "batch", "average_duration": 0.25800099877116617, "n_events": 974, "total_time": 251.29297280311584}, "batch.accumulate": {"label": "batch.accumulate", "average_duration": 0.0026642184482707624, "n_events": 974, "total_time": 2.5949487686157227}, "batch.backward": {"label": "batch.backward", "average_duration": 0.14290520787483857, "n_events": 974, "total_time": 139.18967247009277}, "batch.evaluate": {"label": "batch.evaluate", "average_duration": 0.0007337872742137869, "n_events": 974, "total_time": 0.7147088050842285}, "batch.forward": {"label": "batch.forward", "average_duration": 0.06623511931245087, "n_events": 974, "total_time": 64.51300621032715}, "batch.reduce": {"label": "batch.reduce", "average_duration": 0.02413373757191997, "n_events": 974, "total_time": 23.50626039505005}, "batch.step": {"label": "batch.step", "average_duration": 0.014290989302022257, "n_events": 974, "total_time": 13.919423580169678}, "epoch_metrics.collect": {"label": "epoch_metrics.collect", "average_duration": 0.003996372222900391, "n_events": 4, "total_time": 0.015985488891601562}, "reduce.allocate_memory": {"label": "reduce.allocate_memory", "average_duration": 0.0009741176080409995, "n_events": 974, "total_time": 0.9487905502319336}, "reduce.compute.p": {"label": "reduce.compute.p", "average_duration": 0.0008983484773420455, "n_events": 974, "total_time": 0.8749914169311523}, "reduce.compute.q": {"label": "reduce.compute.q", "average_duration": 0.00106218903950842, "n_events": 974, "total_time": 1.0345721244812012}, "reduce.normalize.p": {"label": "reduce.normalize.p", "average_duration": 0.005890803660210643, "n_events": 974, "total_time": 5.737642765045166}, "reduce.outerprod": {"label": "reduce.outerprod", "average_duration": 0.0038610334513858114, "n_events": 974, "total_time": 3.7606465816497803}, "reduce.p": {"label": "reduce.p", "average_duration": 0.00021194652855029096, "n_events": 974, "total_time": 0.2064359188079834}, "reduce.prepare.q": {"label": "reduce.prepare.q", "average_duration": 0.0007914818777440755, "n_events": 974, "total_time": 0.7709033489227295}, "reduce.q": {"label": "reduce.q", "average_duration": 0.00012441117171144584, "n_events": 974, "total_time": 0.12117648124694824}, "reduce.rank1.all_reduce": {"label": "reduce.rank1.all_reduce", "average_duration": 0.00011644862760508575, "n_events": 974, "total_time": 0.11342096328735352}, "reduce.rank1.pack": {"label": "reduce.rank1.pack", "average_duration": 0.0004239380971606997, "n_events": 974, "total_time": 0.4129157066345215}, "reduce.rank1.unpack": {"label": "reduce.rank1.unpack", "average_duration": 0.002298322791191587, "n_events": 974, "total_time": 2.2385663986206055}, "test.last": {"label": "test.last", "average_duration": 2.9265241622924805, "n_events": 4, "total_time": 11.706096649169922}}