{"batch": {"label": "batch", "average_duration": 0.08282528218534804, "n_events": 194, "total_time": 16.06810474395752}, "batch.accumulate": {"label": "batch.accumulate", "average_duration": 0.000989757086101331, "n_events": 38, "total_time": 0.037610769271850586}, "batch.backward": {"label": "batch.backward", "average_duration": 0.0669531133986011, "n_events": 194, "total_time": 12.988903999328613}, "batch.evaluate": {"label": "batch.evaluate", "average_duration": 0.0011848346474244422, "n_events": 194, "total_time": 0.2298579216003418}, "batch.forward": {"label": "batch.forward", "average_duration": 0.006455009745568344, "n_events": 194, "total_time": 1.2522718906402588}, "batch.reduce": {"label": "batch.reduce", "average_duration": 0.007137932275470935, "n_events": 38, "total_time": 0.2712414264678955}, "batch.step": {"label": "batch.step", "average_duration": 0.003593260479956558, "n_events": 194, "total_time": 0.6970925331115723}, "reduce.allreduce": {"label": "reduce.allreduce", "average_duration": 0.0063145474383705545, "n_events": 38, "total_time": 0.23995280265808105}, "reduce.flat_pack": {"label": "reduce.flat_pack", "average_duration": 0.000711252814845035, "n_events": 38, "total_time": 0.027027606964111328}}