{"batch": {"label": "batch", "average_duration": 0.2774081737541955, "n_events": 484, "total_time": 134.26555609703064}, "batch.accumulate": {"label": "batch.accumulate", "average_duration": 0.0021019154343723265, "n_events": 484, "total_time": 1.017327070236206}, "batch.backward": {"label": "batch.backward", "average_duration": 0.12267646513694574, "n_events": 484, "total_time": 59.37540912628174}, "batch.evaluate": {"label": "batch.evaluate", "average_duration": 0.0006170676759451874, "n_events": 484, "total_time": 0.2986607551574707}, "batch.forward": {"label": "batch.forward", "average_duration": 0.060175115411931816, "n_events": 484, "total_time": 29.124755859375}, "batch.reduce": {"label": "batch.reduce", "average_duration": 0.0792186220815359, "n_events": 484, "total_time": 38.34181308746338}, "batch.step": {"label": "batch.step", "average_duration": 0.009005318495852888, "n_events": 484, "total_time": 4.358574151992798}, "epoch_metrics.collect": {"label": "epoch_metrics.collect", "average_duration": 0.006066441535949707, "n_events": 4, "total_time": 0.024265766143798828}, "reduce.compress": {"label": "reduce.compress", "average_duration": 0.036350807375159146, "n_events": 484, "total_time": 17.593790769577026}, "reduce.decompress": {"label": "reduce.decompress", "average_duration": 0.00160946974084397, "n_events": 484, "total_time": 0.7789833545684814}, "reduce.flat_pack": {"label": "reduce.flat_pack", "average_duration": 0.0007746623567313202, "n_events": 484, "total_time": 0.374936580657959}, "reduce.norm": {"label": "reduce.norm", "average_duration": 0.0031446873649092744, "n_events": 484, "total_time": 1.5220286846160889}, "reduce.reduce.vector": {"label": "reduce.reduce.vector", "average_duration": 0.0298863289770016, "n_events": 484, "total_time": 14.464983224868774}, "reduce.setgrad": {"label": "reduce.setgrad", "average_duration": 0.006979039877899422, "n_events": 484, "total_time": 3.3778553009033203}, "test.last": {"label": "test.last", "average_duration": 1.4165469408035278, "n_events": 4, "total_time": 5.666187763214111}}