{"batch": {"label": "batch", "average_duration": 0.2637481691900954, "n_events": 974, "total_time": 256.89071679115295}, "batch.accumulate": {"label": "batch.accumulate", "average_duration": 0.0029523977263996976, "n_events": 974, "total_time": 2.8756353855133057}, "batch.backward": {"label": "batch.backward", "average_duration": 0.1427683039612349, "n_events": 974, "total_time": 139.0563280582428}, "batch.evaluate": {"label": "batch.evaluate", "average_duration": 0.0007256538716185019, "n_events": 974, "total_time": 0.7067868709564209}, "batch.forward": {"label": "batch.forward", "average_duration": 0.06594981403076673, "n_events": 974, "total_time": 64.2351188659668}, "batch.reduce": {"label": "batch.reduce", "average_duration": 0.02793809618548446, "n_events": 974, "total_time": 27.211705684661865}, "batch.step": {"label": "batch.step", "average_duration": 0.01575600709268934, "n_events": 974, "total_time": 15.346350908279419}, "epoch_metrics.collect": {"label": "epoch_metrics.collect", "average_duration": 0.0018033385276794434, "n_events": 4, "total_time": 0.0072133541107177734}, "reduce.allreduce": {"label": "reduce.allreduce", "average_duration": 0.026556454644800456, "n_events": 974, "total_time": 25.865986824035645}, "reduce.flat_pack": {"label": "reduce.flat_pack", "average_duration": 0.0012884565936956073, "n_events": 974, "total_time": 1.2549567222595215}, "test.last": {"label": "test.last", "average_duration": 2.8925331234931946, "n_events": 4, "total_time": 11.570132493972778}}