{"batch": {"label": "batch", "average_duration": 0.19440500686566034, "n_events": 96, "total_time": 18.662880659103394}, "batch.accumulate": {"label": "batch.accumulate", "average_duration": 0.002944648265838623, "n_events": 96, "total_time": 0.2826862335205078}, "batch.backward": {"label": "batch.backward", "average_duration": 0.023585652311642964, "n_events": 96, "total_time": 2.2642226219177246}, "batch.evaluate": {"label": "batch.evaluate", "average_duration": 0.11291526754697163, "n_events": 96, "total_time": 10.839865684509277}, "batch.forward": {"label": "batch.forward", "average_duration": 0.02634411056836446, "n_events": 96, "total_time": 2.5290346145629883}, "batch.reduce": {"label": "batch.reduce", "average_duration": 0.010644488036632538, "n_events": 96, "total_time": 1.0218708515167236}, "batch.step": {"label": "batch.step", "average_duration": 0.009120153884092966, "n_events": 96, "total_time": 0.8755347728729248}, "reduce.allreduce": {"label": "reduce.allreduce", "average_duration": 0.009783377250035604, "n_events": 96, "total_time": 0.939204216003418}, "reduce.flat_pack": {"label": "reduce.flat_pack", "average_duration": 0.000749051570892334, "n_events": 96, "total_time": 0.07190895080566406}}