{"batch": {"label": "batch", "average_duration": 0.19777055829763412, "n_events": 96, "total_time": 18.985973596572876}, "batch.accumulate": {"label": "batch.accumulate", "average_duration": 0.0028204520543416343, "n_events": 96, "total_time": 0.2707633972167969}, "batch.backward": {"label": "batch.backward", "average_duration": 0.12257761011521022, "n_events": 96, "total_time": 11.76745057106018}, "batch.evaluate": {"label": "batch.evaluate", "average_duration": 0.000654528538386027, "n_events": 96, "total_time": 0.0628347396850586}, "batch.forward": {"label": "batch.forward", "average_duration": 0.04112389932076136, "n_events": 96, "total_time": 3.947894334793091}, "batch.reduce": {"label": "batch.reduce", "average_duration": 0.01406449576218923, "n_events": 96, "total_time": 1.350191593170166}, "batch.step": {"label": "batch.step", "average_duration": 0.008529414733250936, "n_events": 96, "total_time": 0.8188238143920898}, "reduce.allreduce": {"label": "reduce.allreduce", "average_duration": 0.013046277066071829, "n_events": 96, "total_time": 1.2524425983428955}, "reduce.flat_pack": {"label": "reduce.flat_pack", "average_duration": 0.0009081512689590454, "n_events": 96, "total_time": 0.08718252182006836}}