{"batch": {"label": "batch", "average_duration": 0.039195546517311323, "n_events": 29249, "total_time": 1146.4305400848389}, "batch.accumulate": {"label": "batch.accumulate", "average_duration": 0.000994561369139685, "n_events": 1169, "total_time": 1.162642240524292}, "batch.backward": {"label": "batch.backward", "average_duration": 0.022391709438849442, "n_events": 29249, "total_time": 654.9351093769073}, "batch.evaluate": {"label": "batch.evaluate", "average_duration": 0.0006287470284174754, "n_events": 29249, "total_time": 18.39022183418274}, "batch.forward": {"label": "batch.forward", "average_duration": 0.01144085378254608, "n_events": 29249, "total_time": 334.6335322856903}, "batch.reduce": {"label": "batch.reduce", "average_duration": 0.015526844355874432, "n_events": 1169, "total_time": 18.150881052017212}, "batch.step": {"label": "batch.step", "average_duration": 0.002668141625861583, "n_events": 29249, "total_time": 78.04047441482544}, "epoch_metrics.collect": {"label": "epoch_metrics.collect", "average_duration": 0.003413424395874843, "n_events": 149, "total_time": 0.5086002349853516}, "reduce.compress": {"label": "reduce.compress", "average_duration": 0.004540130763710616, "n_events": 1169, "total_time": 5.30741286277771}, "reduce.decompress": {"label": "reduce.decompress", "average_duration": 0.00044543932807863625, "n_events": 1169, "total_time": 0.5207185745239258}, "reduce.flat_pack": {"label": "reduce.flat_pack", "average_duration": 0.0007560210313625679, "n_events": 1169, "total_time": 0.8837885856628418}, "reduce.norm": {"label": "reduce.norm", "average_duration": 0.0016225220506470666, "n_events": 1169, "total_time": 1.896728277206421}, "reduce.reduce.vector": {"label": "reduce.reduce.vector", "average_duration": 0.004631133646512256, "n_events": 1169, "total_time": 5.413795232772827}, "reduce.setgrad": {"label": "reduce.setgrad", "average_duration": 0.0032947552928157707, "n_events": 1169, "total_time": 3.8515689373016357}, "test.last": {"label": "test.last", "average_duration": 0.9234299051681621, "n_events": 149, "total_time": 137.59105587005615}}