{"batch": {"label": "batch", "average_duration": 0.12794694818299393, "n_events": 290, "total_time": 37.10461497306824}, "batch.accumulate": {"label": "batch.accumulate", "average_duration": 0.001045505205790202, "n_events": 18, "total_time": 0.018819093704223633}, "batch.backward": {"label": "batch.backward", "average_duration": 0.0652002581234636, "n_events": 290, "total_time": 18.908074855804443}, "batch.evaluate": {"label": "batch.evaluate", "average_duration": 0.0011904987795599575, "n_events": 290, "total_time": 0.3452446460723877}, "batch.forward": {"label": "batch.forward", "average_duration": 0.006442763065469676, "n_events": 290, "total_time": 1.868401288986206}, "batch.reduce": {"label": "batch.reduce", "average_duration": 0.6865164571338229, "n_events": 18, "total_time": 12.357296228408813}, "batch.step": {"label": "batch.step", "average_duration": 0.0036264452440985316, "n_events": 290, "total_time": 1.0516691207885742}, "epoch_metrics.collect": {"label": "epoch_metrics.collect", "average_duration": 0.5250231027603149, "n_events": 2, "total_time": 1.0500462055206299}, "reduce.compress": {"label": "reduce.compress", "average_duration": 0.000442398918999566, "n_events": 18, "total_time": 0.007963180541992188}, "reduce.decompress": {"label": "reduce.decompress", "average_duration": 9.250640869140625e-05, "n_events": 18, "total_time": 0.0016651153564453125}, "reduce.flat_pack": {"label": "reduce.flat_pack", "average_duration": 0.0007061296039157443, "n_events": 18, "total_time": 0.012710332870483398}, "reduce.norm": {"label": "reduce.norm", "average_duration": 0.6753925217522515, "n_events": 18, "total_time": 12.157065391540527}, "reduce.reduce.vector": {"label": "reduce.reduce.vector", "average_duration": 0.006180127461751302, "n_events": 18, "total_time": 0.11124229431152344}, "reduce.setgrad": {"label": "reduce.setgrad", "average_duration": 0.0029876232147216797, "n_events": 18, "total_time": 0.053777217864990234}, "test.last": {"label": "test.last", "average_duration": 1.827168345451355, "n_events": 2, "total_time": 3.65433669090271}}