{"batch": {"label": "batch", "average_duration": 0.13036083255758016, "n_events": 389, "total_time": 50.71036386489868}, "batch.accumulate": {"label": "batch.accumulate", "average_duration": 0.0010000216333489668, "n_events": 38, "total_time": 0.03800082206726074}, "batch.backward": {"label": "batch.backward", "average_duration": 0.06497605478242614, "n_events": 389, "total_time": 25.27568531036377}, "batch.evaluate": {"label": "batch.evaluate", "average_duration": 0.001216645718846652, "n_events": 389, "total_time": 0.47327518463134766}, "batch.forward": {"label": "batch.forward", "average_duration": 0.006308778699075655, "n_events": 389, "total_time": 2.4541149139404297}, "batch.reduce": {"label": "batch.reduce", "average_duration": 0.49062873815235336, "n_events": 38, "total_time": 18.64389204978943}, "batch.step": {"label": "batch.step", "average_duration": 0.003452473250636711, "n_events": 389, "total_time": 1.3430120944976807}, "epoch_metrics.collect": {"label": "epoch_metrics.collect", "average_duration": 0.02260422706604004, "n_events": 1, "total_time": 0.02260422706604004}, "reduce.compress": {"label": "reduce.compress", "average_duration": 0.002396094171624435, "n_events": 38, "total_time": 0.09105157852172852}, "reduce.decompress": {"label": "reduce.decompress", "average_duration": 0.0002162832962839227, "n_events": 38, "total_time": 0.008218765258789062}, "reduce.flat_pack": {"label": "reduce.flat_pack", "average_duration": 0.0006936161141646536, "n_events": 38, "total_time": 0.026357412338256836}, "reduce.norm": {"label": "reduce.norm", "average_duration": 0.483508448851736, "n_events": 38, "total_time": 18.373321056365967}, "reduce.setgrad": {"label": "reduce.setgrad", "average_duration": 0.0030910466846666837, "n_events": 38, "total_time": 0.11745977401733398}, "test.last": {"label": "test.last", "average_duration": 3.3973100185394287, "n_events": 1, "total_time": 3.3973100185394287}}