{"batch": {"label": "batch", "average_duration": 0.08147601597728411, "n_events": 779, "total_time": 63.46981644630432}, "batch.accumulate": {"label": "batch.accumulate", "average_duration": 0.000951428162424188, "n_events": 38, "total_time": 0.03615427017211914}, "batch.backward": {"label": "batch.backward", "average_duration": 0.0670490981066487, "n_events": 779, "total_time": 52.231247425079346}, "batch.evaluate": {"label": "batch.evaluate", "average_duration": 0.0011903606116083069, "n_events": 779, "total_time": 0.9272909164428711}, "batch.forward": {"label": "batch.forward", "average_duration": 0.006463395768778927, "n_events": 779, "total_time": 5.034985303878784}, "batch.reduce": {"label": "batch.reduce", "average_duration": 0.007664322853088379, "n_events": 38, "total_time": 0.2912442684173584}, "batch.step": {"label": "batch.step", "average_duration": 0.0034183118401504143, "n_events": 779, "total_time": 2.662864923477173}, "epoch_metrics.collect": {"label": "epoch_metrics.collect", "average_duration": 0.0016981760660807292, "n_events": 3, "total_time": 0.0050945281982421875}, "reduce.compress": {"label": "reduce.compress", "average_duration": 0.0021017162423384817, "n_events": 38, "total_time": 0.0798652172088623}, "reduce.decompress": {"label": "reduce.decompress", "average_duration": 0.00022085089432565788, "n_events": 38, "total_time": 0.008392333984375}, "reduce.flat_pack": {"label": "reduce.flat_pack", "average_duration": 0.0006706400921470241, "n_events": 38, "total_time": 0.025484323501586914}, "reduce.norm": {"label": "reduce.norm", "average_duration": 0.0005946598554912366, "n_events": 38, "total_time": 0.022597074508666992}, "reduce.reduce.vector": {"label": "reduce.reduce.vector", "average_duration": 0.0009873540777909128, "n_events": 38, "total_time": 0.03751945495605469}, "reduce.setgrad": {"label": "reduce.setgrad", "average_duration": 0.0028024911880493164, "n_events": 38, "total_time": 0.10649466514587402}, "test.last": {"label": "test.last", "average_duration": 2.3540895779927573, "n_events": 3, "total_time": 7.0622687339782715}}