{"batch": {"label": "batch", "average_duration": 0.19625519961118698, "n_events": 96, "total_time": 18.84049916267395}, "batch.accumulate": {"label": "batch.accumulate", "average_duration": 0.0027821560700734458, "n_events": 96, "total_time": 0.2670869827270508}, "batch.backward": {"label": "batch.backward", "average_duration": 0.1236645703514417, "n_events": 96, "total_time": 11.871798753738403}, "batch.evaluate": {"label": "batch.evaluate", "average_duration": 0.0008280401428540548, "n_events": 96, "total_time": 0.07949185371398926}, "batch.forward": {"label": "batch.forward", "average_duration": 0.041243900855382286, "n_events": 96, "total_time": 3.959414482116699}, "batch.reduce": {"label": "batch.reduce", "average_duration": 0.01165590931971868, "n_events": 96, "total_time": 1.1189672946929932}, "batch.step": {"label": "batch.step", "average_duration": 0.008218616247177124, "n_events": 96, "total_time": 0.7889871597290039}, "reduce.allreduce": {"label": "reduce.allreduce", "average_duration": 0.010576069355010986, "n_events": 96, "total_time": 1.0153026580810547}, "reduce.flat_pack": {"label": "reduce.flat_pack", "average_duration": 0.0009711285432179769, "n_events": 96, "total_time": 0.09322834014892578}}