{"batch": {"label": "batch", "average_duration": 0.08270750796958191, "n_events": 584, "total_time": 48.30118465423584}, "batch.accumulate": {"label": "batch.accumulate", "average_duration": 0.0009431650764063784, "n_events": 38, "total_time": 0.03584027290344238}, "batch.backward": {"label": "batch.backward", "average_duration": 0.06691555821732299, "n_events": 584, "total_time": 39.078685998916626}, "batch.evaluate": {"label": "batch.evaluate", "average_duration": 0.001138828796883152, "n_events": 584, "total_time": 0.6650760173797607}, "batch.forward": {"label": "batch.forward", "average_duration": 0.00644862610999852, "n_events": 584, "total_time": 3.7659976482391357}, "batch.reduce": {"label": "batch.reduce", "average_duration": 0.005750825530604312, "n_events": 38, "total_time": 0.21853137016296387}, "batch.step": {"label": "batch.step", "average_duration": 0.0034008160845874105, "n_events": 584, "total_time": 1.9860765933990479}, "epoch_metrics.collect": {"label": "epoch_metrics.collect", "average_duration": 0.008449792861938477, "n_events": 2, "total_time": 0.016899585723876953}, "reduce.compress": {"label": "reduce.compress", "average_duration": 0.0009047232176128187, "n_events": 38, "total_time": 0.03437948226928711}, "reduce.decompress": {"label": "reduce.decompress", "average_duration": 0.0002033961446661698, "n_events": 38, "total_time": 0.007729053497314453}, "reduce.flat_pack": {"label": "reduce.flat_pack", "average_duration": 0.0006517485568397923, "n_events": 38, "total_time": 0.02476644515991211}, "reduce.norm": {"label": "reduce.norm", "average_duration": 0.00037560964885510897, "n_events": 38, "total_time": 0.01427316665649414}, "reduce.reduce.vector": {"label": "reduce.reduce.vector", "average_duration": 0.00011947907899555408, "n_events": 38, "total_time": 0.004540205001831055}, "reduce.setgrad": {"label": "reduce.setgrad", "average_duration": 0.002862942846197831, "n_events": 38, "total_time": 0.10879182815551758}, "test.last": {"label": "test.last", "average_duration": 2.35979688167572, "n_events": 2, "total_time": 4.71959376335144}}