{"batch": {"label": "batch", "average_duration": 0.19584242173427127, "n_events": 193, "total_time": 37.797587394714355}, "batch.accumulate": {"label": "batch.accumulate", "average_duration": 0.0030022727118598092, "n_events": 18, "total_time": 0.05404090881347656}, "batch.backward": {"label": "batch.backward", "average_duration": 0.02484853774154742, "n_events": 193, "total_time": 4.795767784118652}, "batch.evaluate": {"label": "batch.evaluate", "average_duration": 0.11571879955153391, "n_events": 193, "total_time": 22.333728313446045}, "batch.forward": {"label": "batch.forward", "average_duration": 0.02350787671736485, "n_events": 193, "total_time": 4.537020206451416}, "batch.reduce": {"label": "batch.reduce", "average_duration": 0.05371538798014323, "n_events": 18, "total_time": 0.9668769836425781}, "batch.step": {"label": "batch.step", "average_duration": 0.008957556492306408, "n_events": 193, "total_time": 1.7288084030151367}, "epoch_metrics.collect": {"label": "epoch_metrics.collect", "average_duration": 0.008481264114379883, "n_events": 1, "total_time": 0.008481264114379883}, "reduce.compress": {"label": "reduce.compress", "average_duration": 0.00042431884341769747, "n_events": 18, "total_time": 0.007637739181518555}, "reduce.decompress": {"label": "reduce.decompress", "average_duration": 8.482403225368923e-05, "n_events": 18, "total_time": 0.0015268325805664062}, "reduce.flat_pack": {"label": "reduce.flat_pack", "average_duration": 0.0007551246219211154, "n_events": 18, "total_time": 0.013592243194580078}, "reduce.norm": {"label": "reduce.norm", "average_duration": 0.04246493180592855, "n_events": 18, "total_time": 0.7643687725067139}, "reduce.reduce.vector": {"label": "reduce.reduce.vector", "average_duration": 0.00014638900756835938, "n_events": 18, "total_time": 0.0026350021362304688}, "reduce.setgrad": {"label": "reduce.setgrad", "average_duration": 0.009284509552849663, "n_events": 18, "total_time": 0.16712117195129395}, "test.last": {"label": "test.last", "average_duration": 1.46805739402771, "n_events": 1, "total_time": 1.46805739402771}, "reduce_times": [1.7944798469543457, 0.04217171669006348, 0.06841087341308594, 0.03850531578063965, 0.03567981719970703, 0.0329892635345459, 0.037995338439941406, 0.09358024597167969, 0.07092547416687012, 0.01209259033203125, 0.06496596336364746, 0.08024263381958008, 0.06953597068786621, 0.0733029842376709, 0.03492927551269531, 0.04313778877258301, 0.061206817626953125, 0.06801104545593262, 0.03919386863708496]}