{"batch": {"label": "batch", "average_duration": 0.19560109642503176, "n_events": 193, "total_time": 37.75101161003113}, "batch.accumulate": {"label": "batch.accumulate", "average_duration": 0.003127786848280165, "n_events": 18, "total_time": 0.05630016326904297}, "batch.backward": {"label": "batch.backward", "average_duration": 0.12313130111891989, "n_events": 193, "total_time": 23.764341115951538}, "batch.evaluate": {"label": "batch.evaluate", "average_duration": 0.0007280315142221401, "n_events": 193, "total_time": 0.14051008224487305}, "batch.forward": {"label": "batch.forward", "average_duration": 0.0413260101654369, "n_events": 193, "total_time": 7.975919961929321}, "batch.reduce": {"label": "batch.reduce", "average_duration": 0.01778878106011285, "n_events": 18, "total_time": 0.32019805908203125}, "batch.step": {"label": "batch.step", "average_duration": 0.01056258666082985, "n_events": 193, "total_time": 2.038579225540161}, "epoch_metrics.collect": {"label": "epoch_metrics.collect", "average_duration": 0.012859344482421875, "n_events": 1, "total_time": 0.012859344482421875}, "reduce.compress": {"label": "reduce.compress", "average_duration": 0.0004139873716566298, "n_events": 18, "total_time": 0.007451772689819336}, "reduce.decompress": {"label": "reduce.decompress", "average_duration": 8.841355641682942e-05, "n_events": 18, "total_time": 0.0015914440155029297}, "reduce.flat_pack": {"label": "reduce.flat_pack", "average_duration": 0.0009300973680284289, "n_events": 18, "total_time": 0.01674175262451172}, "reduce.norm": {"label": "reduce.norm", "average_duration": 0.006163358688354492, "n_events": 18, "total_time": 0.11094045639038086}, "reduce.reduce.vector": {"label": "reduce.reduce.vector", "average_duration": 0.00016376707288953994, "n_events": 18, "total_time": 0.0029478073120117188}, "reduce.setgrad": {"label": "reduce.setgrad", "average_duration": 0.009561697642008463, "n_events": 18, "total_time": 0.17211055755615234}, "test.last": {"label": "test.last", "average_duration": 1.4680917263031006, "n_events": 1, "total_time": 1.4680917263031006}, "reduce_times": [1.619096279144287, 0.012330770492553711, 0.01210331916809082, 0.01220703125, 0.01265263557434082, 0.012559175491333008, 0.012415647506713867, 0.012253761291503906, 0.012128353118896484, 0.0959622859954834, 0.011996269226074219, 0.011765718460083008, 0.01181173324584961, 0.011995077133178711, 0.016987323760986328, 0.014824867248535156, 0.011753082275390625, 0.011766433715820312, 0.022684574127197266]}