{"batch": {"label": "batch", "average_duration": 0.1960397520213547, "n_events": 193, "total_time": 37.83567214012146}, "batch.accumulate": {"label": "batch.accumulate", "average_duration": 0.002995649973551432, "n_events": 18, "total_time": 0.05392169952392578}, "batch.backward": {"label": "batch.backward", "average_duration": 0.024698441510373446, "n_events": 193, "total_time": 4.766799211502075}, "batch.evaluate": {"label": "batch.evaluate", "average_duration": 0.11385001543272344, "n_events": 193, "total_time": 21.973052978515625}, "batch.forward": {"label": "batch.forward", "average_duration": 0.02452417729432101, "n_events": 193, "total_time": 4.733166217803955}, "batch.reduce": {"label": "batch.reduce", "average_duration": 0.06181699699825711, "n_events": 18, "total_time": 1.112705945968628}, "batch.step": {"label": "batch.step", "average_duration": 0.00922465447934798, "n_events": 193, "total_time": 1.7803583145141602}, "epoch_metrics.collect": {"label": "epoch_metrics.collect", "average_duration": 0.0020723342895507812, "n_events": 1, "total_time": 0.0020723342895507812}, "reduce.compress": {"label": "reduce.compress", "average_duration": 0.00042045116424560547, "n_events": 18, "total_time": 0.0075681209564208984}, "reduce.decompress": {"label": "reduce.decompress", "average_duration": 8.765856424967448e-05, "n_events": 18, "total_time": 0.0015778541564941406}, "reduce.flat_pack": {"label": "reduce.flat_pack", "average_duration": 0.0007711516486273871, "n_events": 18, "total_time": 0.013880729675292969}, "reduce.norm": {"label": "reduce.norm", "average_duration": 0.050940765274895564, "n_events": 18, "total_time": 0.9169337749481201}, "reduce.reduce.vector": {"label": "reduce.reduce.vector", "average_duration": 0.00014653470781114366, "n_events": 18, "total_time": 0.002637624740600586}, "reduce.setgrad": {"label": "reduce.setgrad", "average_duration": 0.008899437056647407, "n_events": 18, "total_time": 0.16018986701965332}, "test.last": {"label": "test.last", "average_duration": 1.4680843353271484, "n_events": 1, "total_time": 1.4680843353271484}, "reduce_times": [1.76662015914917, 0.057755231857299805, 0.06646108627319336, 0.021935224533081055, 0.03284001350402832, 0.037714481353759766, 0.051811933517456055, 0.09844231605529785, 0.08780217170715332, 0.08984923362731934, 0.0687246322631836, 0.08707332611083984, 0.07700347900390625, 0.08791065216064453, 0.029444217681884766, 0.04010772705078125, 0.06252026557922363, 0.07359719276428223, 0.04171276092529297]}