{"batch": {"label": "batch", "average_duration": 0.08969804396231969, "n_events": 96, "total_time": 8.61101222038269}, "batch.accumulate": {"label": "batch.accumulate", "average_duration": 0.0009772951404253642, "n_events": 96, "total_time": 0.09382033348083496}, "batch.backward": {"label": "batch.backward", "average_duration": 0.06400620937347412, "n_events": 96, "total_time": 6.144596099853516}, "batch.evaluate": {"label": "batch.evaluate", "average_duration": 0.0011827449003855388, "n_events": 96, "total_time": 0.11354351043701172}, "batch.forward": {"label": "batch.forward", "average_duration": 0.006313296655813853, "n_events": 96, "total_time": 0.6060764789581299}, "batch.reduce": {"label": "batch.reduce", "average_duration": 0.011206890145937601, "n_events": 96, "total_time": 1.0758614540100098}, "batch.step": {"label": "batch.step", "average_duration": 0.0029917011658350625, "n_events": 96, "total_time": 0.287203311920166}, "reduce.compress": {"label": "reduce.compress", "average_duration": 0.0055548374851544695, "n_events": 96, "total_time": 0.5332643985748291}, "reduce.decompress": {"label": "reduce.decompress", "average_duration": 0.0009970217943191528, "n_events": 96, "total_time": 0.09571409225463867}, "reduce.flat_pack": {"label": "reduce.flat_pack", "average_duration": 0.0006659328937530518, "n_events": 96, "total_time": 0.06392955780029297}, "reduce.norm": {"label": "reduce.norm", "average_duration": 0.0007844418287277222, "n_events": 96, "total_time": 0.07530641555786133}, "reduce.setgrad": {"label": "reduce.setgrad", "average_duration": 0.002960351606210073, "n_events": 96, "total_time": 0.284193754196167}}