{"batch": {"label": "batch", "average_duration": 0.09099323799212773, "n_events": 96, "total_time": 8.735350847244263}, "batch.accumulate": {"label": "batch.accumulate", "average_duration": 0.0010671615600585938, "n_events": 18, "total_time": 0.019208908081054688}, "batch.backward": {"label": "batch.backward", "average_duration": 0.00651069978872935, "n_events": 96, "total_time": 0.6250271797180176}, "batch.evaluate": {"label": "batch.evaluate", "average_duration": 0.060711078345775604, "n_events": 96, "total_time": 5.828263521194458}, "batch.forward": {"label": "batch.forward", "average_duration": 0.005421683192253113, "n_events": 96, "total_time": 0.5204815864562988}, "batch.reduce": {"label": "batch.reduce", "average_duration": 0.010045992003546821, "n_events": 18, "total_time": 0.18082785606384277}, "batch.step": {"label": "batch.step", "average_duration": 0.003108928600947062, "n_events": 96, "total_time": 0.29845714569091797}, "reduce.compress": {"label": "reduce.compress", "average_duration": 0.0009497139188978407, "n_events": 18, "total_time": 0.017094850540161133}, "reduce.decompress": {"label": "reduce.decompress", "average_duration": 0.0002147621578640408, "n_events": 18, "total_time": 0.0038657188415527344}, "reduce.flat_pack": {"label": "reduce.flat_pack", "average_duration": 0.00030370553334554035, "n_events": 18, "total_time": 0.0054666996002197266}, "reduce.norm": {"label": "reduce.norm", "average_duration": 0.004832333988613552, "n_events": 18, "total_time": 0.08698201179504395}, "reduce.reduce.vector": {"label": "reduce.reduce.vector", "average_duration": 0.00012507703569200303, "n_events": 18, "total_time": 0.0022513866424560547}, "reduce.setgrad": {"label": "reduce.setgrad", "average_duration": 0.0031206210454305014, "n_events": 18, "total_time": 0.05617117881774902}}