{"batch": {"label": "batch", "average_duration": 0.09082125624020894, "n_events": 96, "total_time": 8.718840599060059}, "batch.accumulate": {"label": "batch.accumulate", "average_duration": 0.0010626978344387477, "n_events": 18, "total_time": 0.01912856101989746}, "batch.backward": {"label": "batch.backward", "average_duration": 0.006419350703557332, "n_events": 96, "total_time": 0.6162576675415039}, "batch.evaluate": {"label": "batch.evaluate", "average_duration": 0.0583371048172315, "n_events": 96, "total_time": 5.600362062454224}, "batch.forward": {"label": "batch.forward", "average_duration": 0.005514398217201233, "n_events": 96, "total_time": 0.5293822288513184}, "batch.reduce": {"label": "batch.reduce", "average_duration": 0.022542145517137315, "n_events": 18, "total_time": 0.4057586193084717}, "batch.step": {"label": "batch.step", "average_duration": 0.0030952120820681253, "n_events": 96, "total_time": 0.29714035987854004}, "reduce.compress": {"label": "reduce.compress", "average_duration": 0.0009773439831203884, "n_events": 18, "total_time": 0.017592191696166992}, "reduce.decompress": {"label": "reduce.decompress", "average_duration": 0.00021637810601128472, "n_events": 18, "total_time": 0.003894805908203125}, "reduce.flat_pack": {"label": "reduce.flat_pack", "average_duration": 0.0003215206993950738, "n_events": 18, "total_time": 0.005787372589111328}, "reduce.norm": {"label": "reduce.norm", "average_duration": 0.017044742902119953, "n_events": 18, "total_time": 0.3068053722381592}, "reduce.reduce.vector": {"label": "reduce.reduce.vector", "average_duration": 0.00012481212615966797, "n_events": 18, "total_time": 0.0022466182708740234}, "reduce.setgrad": {"label": "reduce.setgrad", "average_duration": 0.003339370091756185, "n_events": 18, "total_time": 0.06010866165161133}}