{"batch": {"label": "batch", "average_duration": 0.1893389274676641, "n_events": 96, "total_time": 18.176537036895752}, "batch.accumulate": {"label": "batch.accumulate", "average_duration": 0.003134051958719889, "n_events": 18, "total_time": 0.05641293525695801}, "batch.backward": {"label": "batch.backward", "average_duration": 0.02484645942846934, "n_events": 96, "total_time": 2.3852601051330566}, "batch.evaluate": {"label": "batch.evaluate", "average_duration": 0.11469086756308873, "n_events": 96, "total_time": 11.010323286056519}, "batch.forward": {"label": "batch.forward", "average_duration": 0.02414112041393916, "n_events": 96, "total_time": 2.317547559738159}, "batch.reduce": {"label": "batch.reduce", "average_duration": 0.030695226457383897, "n_events": 18, "total_time": 0.5525140762329102}, "batch.step": {"label": "batch.step", "average_duration": 0.009228885173797607, "n_events": 96, "total_time": 0.8859729766845703}, "reduce.compress": {"label": "reduce.compress", "average_duration": 0.00043518013424343534, "n_events": 18, "total_time": 0.007833242416381836}, "reduce.decompress": {"label": "reduce.decompress", "average_duration": 9.274482727050781e-05, "n_events": 18, "total_time": 0.0016694068908691406}, "reduce.flat_pack": {"label": "reduce.flat_pack", "average_duration": 0.0007680654525756836, "n_events": 18, "total_time": 0.013825178146362305}, "reduce.norm": {"label": "reduce.norm", "average_duration": 0.019186231825086806, "n_events": 18, "total_time": 0.3453521728515625}, "reduce.reduce.vector": {"label": "reduce.reduce.vector", "average_duration": 0.00015086597866482206, "n_events": 18, "total_time": 0.002715587615966797}, "reduce.setgrad": {"label": "reduce.setgrad", "average_duration": 0.009705583254496256, "n_events": 18, "total_time": 0.17470049858093262}, "reduce_times": [0.17008662223815918, 0.027075767517089844, 0.02603435516357422, 0.03761577606201172, 0.0357823371887207, 0.04838681221008301, 0.019517183303833008, 0.026413440704345703, 0.019328594207763672, 0.029842853546142578, 0.02189469337463379, 0.019437074661254883, 0.02596592903137207, 0.03405928611755371, 0.02973651885986328, 0.054593801498413086, 0.042780160903930664, 0.029482126235961914, 0.024567365646362305]}