{"batch": {"label": "batch", "average_duration": 0.1499346588268753, "n_events": 484, "total_time": 72.56837487220764}, "batch.accumulate": {"label": "batch.accumulate", "average_duration": 0.0007160054750678953, "n_events": 484, "total_time": 0.34654664993286133}, "batch.backward": {"label": "batch.backward", "average_duration": 0.06421440396427124, "n_events": 484, "total_time": 31.079771518707275}, "batch.evaluate": {"label": "batch.evaluate", "average_duration": 0.0005629446880876525, "n_events": 484, "total_time": 0.27246522903442383}, "batch.forward": {"label": "batch.forward", "average_duration": 0.05476095164117734, "n_events": 484, "total_time": 26.504300594329834}, "batch.reduce": {"label": "batch.reduce", "average_duration": 0.025097465712176865, "n_events": 484, "total_time": 12.147173404693604}, "batch.step": {"label": "batch.step", "average_duration": 0.0030941184887216112, "n_events": 484, "total_time": 1.4975533485412598}, "epoch_metrics.collect": {"label": "epoch_metrics.collect", "average_duration": 0.004402041435241699, "n_events": 4, "total_time": 0.017608165740966797}, "reduce.compress": {"label": "reduce.compress", "average_duration": 0.00209354763188638, "n_events": 484, "total_time": 1.0132770538330078}, "reduce.decompress": {"label": "reduce.decompress", "average_duration": 0.00030129852373737934, "n_events": 484, "total_time": 0.1458284854888916}, "reduce.flat_pack": {"label": "reduce.flat_pack", "average_duration": 0.00036723209806710234, "n_events": 484, "total_time": 0.17774033546447754}, "reduce.norm": {"label": "reduce.norm", "average_duration": 0.001266345504886848, "n_events": 484, "total_time": 0.6129112243652344}, "reduce.reduce.vector": {"label": "reduce.reduce.vector", "average_duration": 0.01823403372252283, "n_events": 484, "total_time": 8.82527232170105}, "reduce.setgrad": {"label": "reduce.setgrad", "average_duration": 0.002472000181182357, "n_events": 484, "total_time": 1.1964480876922607}, "test.last": {"label": "test.last", "average_duration": 1.1591447591781616, "n_events": 4, "total_time": 4.6365790367126465}}