{"batch": {"label": "batch", "average_duration": 0.18515405572693924, "n_events": 290, "total_time": 53.69467616081238}, "batch.accumulate": {"label": "batch.accumulate", "average_duration": 0.0028426647186279297, "n_events": 18, "total_time": 0.051167964935302734}, "batch.backward": {"label": "batch.backward", "average_duration": 0.12396451440350763, "n_events": 290, "total_time": 35.94970917701721}, "batch.evaluate": {"label": "batch.evaluate", "average_duration": 0.000748640093310126, "n_events": 290, "total_time": 0.21710562705993652}, "batch.forward": {"label": "batch.forward", "average_duration": 0.04150908979876288, "n_events": 290, "total_time": 12.037636041641235}, "batch.reduce": {"label": "batch.reduce", "average_duration": 0.033674385812547475, "n_events": 18, "total_time": 0.6061389446258545}, "batch.step": {"label": "batch.step", "average_duration": 0.008402174094627643, "n_events": 290, "total_time": 2.4366304874420166}, "epoch_metrics.collect": {"label": "epoch_metrics.collect", "average_duration": 0.003044724464416504, "n_events": 2, "total_time": 0.006089448928833008}, "reduce.compress": {"label": "reduce.compress", "average_duration": 0.007898661825391982, "n_events": 18, "total_time": 0.14217591285705566}, "reduce.decompress": {"label": "reduce.decompress", "average_duration": 0.0015237993664211696, "n_events": 18, "total_time": 0.027428388595581055}, "reduce.flat_pack": {"label": "reduce.flat_pack", "average_duration": 0.00099386109246148, "n_events": 18, "total_time": 0.01788949966430664}, "reduce.norm": {"label": "reduce.norm", "average_duration": 0.013710604773627387, "n_events": 18, "total_time": 0.24679088592529297}, "reduce.reduce.vector": {"label": "reduce.reduce.vector", "average_duration": 0.0007163948482937283, "n_events": 18, "total_time": 0.01289510726928711}, "reduce.setgrad": {"label": "reduce.setgrad", "average_duration": 0.008516550064086914, "n_events": 18, "total_time": 0.15329790115356445}, "test.last": {"label": "test.last", "average_duration": 1.4562407732009888, "n_events": 2, "total_time": 2.9124815464019775}}