{"batch": {"label": "batch", "average_duration": 0.1874731992853099, "n_events": 290, "total_time": 54.36722779273987}, "batch.accumulate": {"label": "batch.accumulate", "average_duration": 0.003143482738071018, "n_events": 18, "total_time": 0.05658268928527832}, "batch.backward": {"label": "batch.backward", "average_duration": 0.12390733340690877, "n_events": 290, "total_time": 35.93312668800354}, "batch.evaluate": {"label": "batch.evaluate", "average_duration": 0.0007585953021871632, "n_events": 290, "total_time": 0.21999263763427734}, "batch.forward": {"label": "batch.forward", "average_duration": 0.041505365536130705, "n_events": 290, "total_time": 12.036556005477905}, "batch.reduce": {"label": "batch.reduce", "average_duration": 0.03137004375457764, "n_events": 18, "total_time": 0.5646607875823975}, "batch.step": {"label": "batch.step", "average_duration": 0.010059705273858433, "n_events": 290, "total_time": 2.9173145294189453}, "epoch_metrics.collect": {"label": "epoch_metrics.collect", "average_duration": 0.0031654834747314453, "n_events": 2, "total_time": 0.006330966949462891}, "reduce.compress": {"label": "reduce.compress", "average_duration": 0.007937577035692003, "n_events": 18, "total_time": 0.14287638664245605}, "reduce.decompress": {"label": "reduce.decompress", "average_duration": 0.0015253755781385633, "n_events": 18, "total_time": 0.02745676040649414}, "reduce.flat_pack": {"label": "reduce.flat_pack", "average_duration": 0.0010112921396891277, "n_events": 18, "total_time": 0.018203258514404297}, "reduce.norm": {"label": "reduce.norm", "average_duration": 0.01041004392835829, "n_events": 18, "total_time": 0.18738079071044922}, "reduce.reduce.vector": {"label": "reduce.reduce.vector", "average_duration": 0.0007155338923136393, "n_events": 18, "total_time": 0.012879610061645508}, "reduce.setgrad": {"label": "reduce.setgrad", "average_duration": 0.009441826078626845, "n_events": 18, "total_time": 0.1699528694152832}, "test.last": {"label": "test.last", "average_duration": 1.4894402027130127, "n_events": 2, "total_time": 2.9788804054260254}, "reduce_times": [0.022952556610107422, 0.021643877029418945, 0.04140496253967285, 0.02144908905029297, 0.021372079849243164, 0.02127861976623535, 0.09294629096984863, 0.021322250366210938, 0.021388769149780273, 0.021439552307128906, 0.02129960060119629, 0.021547555923461914, 0.09017610549926758, 0.021382570266723633, 0.021322250366210938, 0.04088020324707031, 0.021299123764038086, 0.021260976791381836, 0.021246910095214844]}