{"batch": {"label": "batch", "average_duration": 0.18756928854975208, "n_events": 290, "total_time": 54.3950936794281}, "batch.accumulate": {"label": "batch.accumulate", "average_duration": 0.0031836165322197806, "n_events": 18, "total_time": 0.057305097579956055}, "batch.backward": {"label": "batch.backward", "average_duration": 0.02534177467740815, "n_events": 290, "total_time": 7.349114656448364}, "batch.evaluate": {"label": "batch.evaluate", "average_duration": 0.11702543620405526, "n_events": 290, "total_time": 33.937376499176025}, "batch.forward": {"label": "batch.forward", "average_duration": 0.023764482037774447, "n_events": 290, "total_time": 6.89169979095459}, "batch.reduce": {"label": "batch.reduce", "average_duration": 0.0406447516547309, "n_events": 18, "total_time": 0.7316055297851562}, "batch.step": {"label": "batch.step", "average_duration": 0.00939091156268942, "n_events": 290, "total_time": 2.7233643531799316}, "epoch_metrics.collect": {"label": "epoch_metrics.collect", "average_duration": 0.00490117073059082, "n_events": 2, "total_time": 0.00980234146118164}, "reduce.compress": {"label": "reduce.compress", "average_duration": 0.0010354651345147027, "n_events": 18, "total_time": 0.01863837242126465}, "reduce.decompress": {"label": "reduce.decompress", "average_duration": 0.00023382239871554903, "n_events": 18, "total_time": 0.004208803176879883}, "reduce.flat_pack": {"label": "reduce.flat_pack", "average_duration": 0.0007474952273898654, "n_events": 18, "total_time": 0.013454914093017578}, "reduce.norm": {"label": "reduce.norm", "average_duration": 0.0291570954852634, "n_events": 18, "total_time": 0.5248277187347412}, "reduce.reduce.vector": {"label": "reduce.reduce.vector", "average_duration": 0.000128785769144694, "n_events": 18, "total_time": 0.002318143844604492}, "reduce.setgrad": {"label": "reduce.setgrad", "average_duration": 0.009019507302178277, "n_events": 18, "total_time": 0.16235113143920898}, "test.last": {"label": "test.last", "average_duration": 1.4892834424972534, "n_events": 2, "total_time": 2.978566884994507}, "reduce_times": [0.23892807960510254, 0.025519132614135742, 0.03885531425476074, 0.03553462028503418, 0.03380918502807617, 0.020995140075683594, 0.03990769386291504, 0.07165932655334473, 0.08498001098632812, 0.02659296989440918, 0.02907419204711914, 0.025391101837158203, 0.012695550918579102, 0.05907249450683594, 0.06980419158935547, 0.04485297203063965, 0.06433963775634766, 0.022191762924194336, 0.026330232620239258]}