{"batch": {"label": "batch", "average_duration": 0.15000264063354365, "n_events": 484, "total_time": 72.60127806663513}, "batch.accumulate": {"label": "batch.accumulate", "average_duration": 0.000721132952319689, "n_events": 484, "total_time": 0.3490283489227295}, "batch.backward": {"label": "batch.backward", "average_duration": 0.06357184963778031, "n_events": 484, "total_time": 30.76877522468567}, "batch.evaluate": {"label": "batch.evaluate", "average_duration": 0.0005192914284950445, "n_events": 484, "total_time": 0.25133705139160156}, "batch.forward": {"label": "batch.forward", "average_duration": 0.054153364551954034, "n_events": 484, "total_time": 26.210228443145752}, "batch.reduce": {"label": "batch.reduce", "average_duration": 0.026617256570453485, "n_events": 484, "total_time": 12.882752180099487}, "batch.step": {"label": "batch.step", "average_duration": 0.0030208702914970966, "n_events": 484, "total_time": 1.4621012210845947}, "epoch_metrics.collect": {"label": "epoch_metrics.collect", "average_duration": 0.003727436065673828, "n_events": 4, "total_time": 0.014909744262695312}, "reduce.compress": {"label": "reduce.compress", "average_duration": 0.0020925131711092863, "n_events": 484, "total_time": 1.0127763748168945}, "reduce.decompress": {"label": "reduce.decompress", "average_duration": 0.0002782931012555587, "n_events": 484, "total_time": 0.13469386100769043}, "reduce.flat_pack": {"label": "reduce.flat_pack", "average_duration": 0.00035154770228488385, "n_events": 484, "total_time": 0.1701490879058838}, "reduce.norm": {"label": "reduce.norm", "average_duration": 0.0028688370688887666, "n_events": 484, "total_time": 1.388517141342163}, "reduce.reduce.vector": {"label": "reduce.reduce.vector", "average_duration": 0.018285153818524573, "n_events": 484, "total_time": 8.850014448165894}, "reduce.setgrad": {"label": "reduce.setgrad", "average_duration": 0.002409020731271791, "n_events": 484, "total_time": 1.1659660339355469}, "test.last": {"label": "test.last", "average_duration": 1.1704724431037903, "n_events": 4, "total_time": 4.681889772415161}}