{"batch": {"label": "batch", "average_duration": 0.1956844453366927, "n_events": 193, "total_time": 37.76709794998169}, "batch.accumulate": {"label": "batch.accumulate", "average_duration": 0.0030123922559950086, "n_events": 18, "total_time": 0.054223060607910156}, "batch.backward": {"label": "batch.backward", "average_duration": 0.024931456758568324, "n_events": 193, "total_time": 4.8117711544036865}, "batch.evaluate": {"label": "batch.evaluate", "average_duration": 0.11378224896643446, "n_events": 193, "total_time": 21.95997405052185}, "batch.forward": {"label": "batch.forward", "average_duration": 0.02453470847767252, "n_events": 193, "total_time": 4.735198736190796}, "batch.reduce": {"label": "batch.reduce", "average_duration": 0.054024696350097656, "n_events": 18, "total_time": 0.9724445343017578}, "batch.step": {"label": "batch.step", "average_duration": 0.009147022672267776, "n_events": 193, "total_time": 1.7653753757476807}, "epoch_metrics.collect": {"label": "epoch_metrics.collect", "average_duration": 0.0012819766998291016, "n_events": 1, "total_time": 0.0012819766998291016}, "reduce.compress": {"label": "reduce.compress", "average_duration": 0.00044229295518663194, "n_events": 18, "total_time": 0.007961273193359375}, "reduce.decompress": {"label": "reduce.decompress", "average_duration": 9.28905275132921e-05, "n_events": 18, "total_time": 0.0016720294952392578}, "reduce.flat_pack": {"label": "reduce.flat_pack", "average_duration": 0.0008091661665174696, "n_events": 18, "total_time": 0.014564990997314453}, "reduce.norm": {"label": "reduce.norm", "average_duration": 0.04213163587782118, "n_events": 18, "total_time": 0.7583694458007812}, "reduce.reduce.vector": {"label": "reduce.reduce.vector", "average_duration": 0.00015101167890760634, "n_events": 18, "total_time": 0.002718210220336914}, "reduce.setgrad": {"label": "reduce.setgrad", "average_duration": 0.009828262858920626, "n_events": 18, "total_time": 0.1769087314605713}, "test.last": {"label": "test.last", "average_duration": 1.513033390045166, "n_events": 1, "total_time": 1.513033390045166}}