{"batch": {"label": "batch", "average_duration": 0.19575816979680036, "n_events": 193, "total_time": 37.78132677078247}, "batch.accumulate": {"label": "batch.accumulate", "average_duration": 0.0028866264555189344, "n_events": 18, "total_time": 0.05195927619934082}, "batch.backward": {"label": "batch.backward", "average_duration": 0.025111279957035045, "n_events": 193, "total_time": 4.846477031707764}, "batch.evaluate": {"label": "batch.evaluate", "average_duration": 0.11677219212981703, "n_events": 193, "total_time": 22.537033081054688}, "batch.forward": {"label": "batch.forward", "average_duration": 0.023187624975807307, "n_events": 193, "total_time": 4.4752116203308105}, "batch.reduce": {"label": "batch.reduce", "average_duration": 0.04415558444129096, "n_events": 18, "total_time": 0.7948005199432373}, "batch.step": {"label": "batch.step", "average_duration": 0.008986763385911062, "n_events": 193, "total_time": 1.734445333480835}, "epoch_metrics.collect": {"label": "epoch_metrics.collect", "average_duration": 0.013427495956420898, "n_events": 1, "total_time": 0.013427495956420898}, "reduce.compress": {"label": "reduce.compress", "average_duration": 0.00042123264736599394, "n_events": 18, "total_time": 0.007582187652587891}, "reduce.decompress": {"label": "reduce.decompress", "average_duration": 8.622805277506511e-05, "n_events": 18, "total_time": 0.0015521049499511719}, "reduce.flat_pack": {"label": "reduce.flat_pack", "average_duration": 0.0007697211371527778, "n_events": 18, "total_time": 0.01385498046875}, "reduce.norm": {"label": "reduce.norm", "average_duration": 0.03352032767401801, "n_events": 18, "total_time": 0.6033658981323242}, "reduce.reduce.vector": {"label": "reduce.reduce.vector", "average_duration": 0.00014486577775743272, "n_events": 18, "total_time": 0.002607583999633789}, "reduce.setgrad": {"label": "reduce.setgrad", "average_duration": 0.008678158124287924, "n_events": 18, "total_time": 0.15620684623718262}, "test.last": {"label": "test.last", "average_duration": 1.513115644454956, "n_events": 1, "total_time": 1.513115644454956}}