{"batch": {"label": "batch", "average_duration": 0.08806183657695338, "n_events": 194, "total_time": 17.083996295928955}, "batch.accumulate": {"label": "batch.accumulate", "average_duration": 0.0009299762470206034, "n_events": 194, "total_time": 0.18041539192199707}, "batch.backward": {"label": "batch.backward", "average_duration": 0.06670092798999905, "n_events": 194, "total_time": 12.939980030059814}, "batch.evaluate": {"label": "batch.evaluate", "average_duration": 0.0011619648982569115, "n_events": 194, "total_time": 0.22542119026184082}, "batch.forward": {"label": "batch.forward", "average_duration": 0.006442389537378685, "n_events": 194, "total_time": 1.2498235702514648}, "batch.reduce": {"label": "batch.reduce", "average_duration": 0.0069291333562320045, "n_events": 194, "total_time": 1.3442518711090088}, "batch.step": {"label": "batch.step", "average_duration": 0.0029389268344210597, "n_events": 194, "total_time": 0.5701518058776855}, "reduce.allreduce": {"label": "reduce.allreduce", "average_duration": 0.006178096397635863, "n_events": 194, "total_time": 1.1985507011413574}, "reduce.flat_pack": {"label": "reduce.flat_pack", "average_duration": 0.0006519150488155405, "n_events": 194, "total_time": 0.12647151947021484}}