{"batch": {"label": "batch", "average_duration": 1.102330145147658, "n_events": 194, "total_time": 213.85204815864563}, "batch.accumulate": {"label": "batch.accumulate", "average_duration": 0.0027373156596704855, "n_events": 194, "total_time": 0.5310392379760742}, "batch.backward": {"label": "batch.backward", "average_duration": 0.12311221701320461, "n_events": 389, "total_time": 47.8906524181366}, "batch.evaluate": {"label": "batch.evaluate", "average_duration": 0.000710207882761036, "n_events": 389, "total_time": 0.27627086639404297}, "batch.forward": {"label": "batch.forward", "average_duration": 0.05982526163821968, "n_events": 389, "total_time": 23.272026777267456}, "batch.reduce": {"label": "batch.reduce", "average_duration": 0.6977927328385028, "n_events": 194, "total_time": 135.37179017066956}, "batch.step": {"label": "batch.step", "average_duration": 0.009029719018444573, "n_events": 194, "total_time": 1.751765489578247}, "reduce.allreduce": {"label": "reduce.allreduce", "average_duration": 0.6966957456057834, "n_events": 194, "total_time": 135.15897464752197}, "reduce.flat_pack": {"label": "reduce.flat_pack", "average_duration": 0.0008988503328303701, "n_events": 194, "total_time": 0.1743769645690918}, "reduce_times": [0.5753443241119385, 0.6885275840759277, 0.6737606525421143, 0.6778922080993652, 0.6732087135314941, 0.677619218826294, 0.6782548427581787, 0.6822853088378906, 0.6803936958312988, 0.684478759765625, 0.6729409694671631, 0.6860711574554443, 0.6912238597869873, 0.6871254444122314, 0.6894693374633789, 0.6894571781158447, 0.6883244514465332, 0.6854112148284912, 0.6793475151062012, 0.6856551170349121, 0.681725025177002, 0.6827564239501953, 0.6860044002532959, 0.681372880935669, 0.681638240814209, 0.6835601329803467, 0.6922547817230225, 0.685312032699585, 0.6851961612701416, 0.6828100681304932, 0.6827466487884521, 0.6780250072479248, 0.6734709739685059, 0.68332839012146, 0.6827352046966553, 0.6913242340087891, 0.6872982978820801, 0.685800313949585, 0.684891939163208, 0.6913151741027832, 0.6893682479858398, 0.6878805160522461, 0.6993038654327393, 0.6968727111816406, 0.6967988014221191, 0.6904940605163574, 0.6883010864257812, 0.6929306983947754, 0.6894340515136719, 0.6924176216125488, 0.693265438079834, 0.6875252723693848, 0.6925630569458008, 0.693627119064331, 0.6928749084472656, 0.695410966873169, 0.6913459300994873, 0.6894450187683105, 0.6967546939849854, 0.6915509700775146, 0.6907811164855957, 0.873499870300293, 0.688338041305542, 0.6933586597442627, 0.693028450012207, 0.6945390701293945, 0.702446460723877, 0.6922101974487305, 0.6943826675415039, 0.6972172260284424, 0.6986360549926758, 0.6984164714813232, 0.6992189884185791, 0.692915678024292, 0.7039985656738281, 0.7011032104492188, 0.7025816440582275, 0.7038688659667969, 0.6941452026367188, 0.6962313652038574, 0.6863143444061279, 0.7006735801696777, 0.69427490234375, 0.69706130027771, 0.6994054317474365, 0.6934540271759033, 0.6981205940246582, 0.6967434883117676, 0.6952183246612549, 0.6960699558258057, 0.7045128345489502, 0.7023231983184814, 0.6921370029449463, 0.7025356292724609, 0.7010965347290039, 0.6996216773986816, 0.6994757652282715, 0.6944615840911865, 0.7041280269622803, 0.6998660564422607, 0.7016720771789551, 0.6956408023834229, 0.6958780288696289, 0.7066419124603271, 0.6968505382537842, 0.7006189823150635, 0.6978790760040283, 0.702059268951416, 0.702282190322876, 0.7018964290618896, 0.7013225555419922, 0.6984162330627441, 0.7041008472442627, 0.6998419761657715, 0.6944012641906738, 0.7080836296081543, 0.7000036239624023, 0.7068400382995605, 0.6981711387634277, 0.7003254890441895, 0.7063040733337402, 0.7098913192749023, 0.7058498859405518, 0.7068643569946289, 0.7055480480194092, 0.7043662071228027, 0.6962110996246338, 0.706073522567749, 0.7007696628570557, 0.7052066326141357, 0.7098426818847656, 0.7033824920654297, 0.7036411762237549, 0.7101843357086182, 0.7077028751373291, 0.7040939331054688, 0.7108418941497803, 0.7005453109741211, 0.7105305194854736, 0.7167744636535645, 0.7067258358001709, 0.7073225975036621, 0.6975255012512207, 0.7068047523498535, 0.7043519020080566, 0.7033581733703613, 0.7063229084014893, 0.6931476593017578, 0.701099157333374, 0.7023682594299316, 0.7016112804412842, 0.7018203735351562, 0.701716423034668, 0.7010684013366699, 0.7007980346679688, 0.7034776210784912, 0.701420783996582, 0.6984758377075195, 0.7012805938720703, 0.6914999485015869, 0.7047533988952637, 0.6996951103210449, 0.705822229385376, 0.7111163139343262, 0.6944186687469482, 0.7042379379272461, 0.7042074203491211, 0.698833703994751, 0.7084188461303711, 0.7043359279632568, 0.7077031135559082, 0.7080047130584717, 0.705207347869873, 0.7051317691802979, 0.704481840133667, 0.6988086700439453, 0.7022528648376465, 0.6995444297790527, 0.7043278217315674, 0.7026634216308594, 0.6973237991333008, 0.7072634696960449, 0.704887866973877, 0.6985089778900146, 0.70401930809021, 0.7061870098114014, 0.7013077735900879, 0.7020018100738525, 0.7110939025878906, 0.706944465637207, 0.7103841304779053, 0.706106424331665, 0.6946356296539307, 0.7046878337860107, 0.7011349201202393]}