{"batch": {"label": "batch", "average_duration": 0.20449806253115335, "n_events": 96, "total_time": 19.631814002990723}, "batch.accumulate": {"label": "batch.accumulate", "average_duration": 0.0029963677128156028, "n_events": 96, "total_time": 0.28765130043029785}, "batch.backward": {"label": "batch.backward", "average_duration": 0.02407989650964737, "n_events": 96, "total_time": 2.3116700649261475}, "batch.evaluate": {"label": "batch.evaluate", "average_duration": 0.11582879722118378, "n_events": 96, "total_time": 11.119564533233643}, "batch.forward": {"label": "batch.forward", "average_duration": 0.023088619112968445, "n_events": 96, "total_time": 2.2165074348449707}, "batch.reduce": {"label": "batch.reduce", "average_duration": 0.021436519920825958, "n_events": 96, "total_time": 2.057905912399292}, "batch.step": {"label": "batch.step", "average_duration": 0.008857828875382742, "n_events": 96, "total_time": 0.8503515720367432}, "reduce.compress": {"label": "reduce.compress", "average_duration": 0.0004239405194918315, "n_events": 96, "total_time": 0.04069828987121582}, "reduce.decompress": {"label": "reduce.decompress", "average_duration": 8.518248796463013e-05, "n_events": 96, "total_time": 0.008177518844604492}, "reduce.flat_pack": {"label": "reduce.flat_pack", "average_duration": 0.0007459546128908793, "n_events": 96, "total_time": 0.07161164283752441}, "reduce.norm": {"label": "reduce.norm", "average_duration": 0.01050048569838206, "n_events": 96, "total_time": 1.0080466270446777}, "reduce.reduce.vector": {"label": "reduce.reduce.vector", "average_duration": 0.00013767431179682413, "n_events": 96, "total_time": 0.013216733932495117}, "reduce.setgrad": {"label": "reduce.setgrad", "average_duration": 0.009272565444310507, "n_events": 96, "total_time": 0.8901662826538086}, "reduce_times": [0.4657001495361328, 0.055242061614990234, 0.018200397491455078, 0.02138376235961914, 0.017078399658203125, 0.018403053283691406, 0.01874995231628418, 0.021832942962646484, 0.017625093460083008, 0.018320798873901367, 0.01851820945739746, 0.02125859260559082, 0.017545461654663086, 0.01768183708190918, 0.016059160232543945, 0.02109384536743164, 0.017116546630859375, 0.016607284545898438, 0.019159555435180664, 0.018585205078125, 0.018726110458374023, 0.017834186553955078, 0.017836809158325195, 0.018944501876831055, 0.020094871520996094, 0.011589765548706055, 0.020729780197143555, 0.019330978393554688, 0.03479766845703125, 0.020248889923095703, 0.020361900329589844, 0.01931023597717285, 0.037078142166137695, 0.019457340240478516, 0.01827073097229004, 0.018636226654052734, 0.03294682502746582, 0.019083023071289062, 0.018212318420410156, 0.019109725952148438, 0.03253960609436035, 0.019219160079956055, 0.018504858016967773, 0.019384145736694336, 0.03189444541931152, 0.018463850021362305, 0.019277334213256836, 0.018340587615966797, 0.031385183334350586, 0.01891160011291504, 0.01843881607055664, 0.019330739974975586, 0.030198097229003906, 0.017831802368164062, 0.017761707305908203, 0.017967700958251953, 0.030765056610107422, 0.017913818359375, 0.018534183502197266, 0.017373085021972656, 0.03169584274291992, 0.01815342903137207, 0.01877880096435547, 0.01916956901550293, 0.031145334243774414, 0.019423961639404297, 0.019545316696166992, 0.020008087158203125, 0.032943010330200195, 0.01801586151123047, 0.018265724182128906, 0.018521547317504883, 0.03252458572387695, 0.018357515335083008, 0.018384695053100586, 0.020726919174194336, 0.032550811767578125, 0.01877140998840332, 0.019484281539916992, 0.02064657211303711, 0.032195329666137695, 0.02048635482788086, 0.02013850212097168, 0.01827859878540039, 0.034414052963256836, 0.018206119537353516, 0.01735997200012207, 0.018001794815063477, 0.033120155334472656, 0.019813060760498047, 0.018446922302246094, 0.01822662353515625, 0.018285512924194336, 0.019526958465576172, 0.020174741744995117, 0.0181729793548584, 0.018846988677978516]}