{"batch": {"label": "batch", "average_duration": 0.3728748584531017, "n_events": 194, "total_time": 72.33772253990173}, "batch.accumulate": {"label": "batch.accumulate", "average_duration": 0.0013380726588141057, "n_events": 194, "total_time": 0.2595860958099365}, "batch.backward": {"label": "batch.backward", "average_duration": 0.09714241126148972, "n_events": 194, "total_time": 18.845627784729004}, "batch.evaluate": {"label": "batch.evaluate", "average_duration": 0.0008632030683694427, "n_events": 194, "total_time": 0.16746139526367188}, "batch.forward": {"label": "batch.forward", "average_duration": 0.05850555847600563, "n_events": 194, "total_time": 11.350078344345093}, "batch.reduce": {"label": "batch.reduce", "average_duration": 0.20667665152205633, "n_events": 194, "total_time": 40.09527039527893}, "batch.step": {"label": "batch.step", "average_duration": 0.00478919510988845, "n_events": 194, "total_time": 0.9291038513183594}, "reduce.allreduce": {"label": "reduce.allreduce", "average_duration": 0.20538604751075665, "n_events": 194, "total_time": 39.84489321708679}, "reduce.flat_pack": {"label": "reduce.flat_pack", "average_duration": 0.0010918735228862958, "n_events": 194, "total_time": 0.2118234634399414}, "reduce_times": [0.06727385520935059, 0.0605008602142334, 0.05755329132080078, 0.06632494926452637, 0.059415340423583984, 0.05765843391418457, 0.06716513633728027, 0.06465387344360352, 0.06423068046569824, 0.06072998046875, 0.07494735717773438, 0.20238471031188965, 0.20327448844909668, 0.2509911060333252, 0.15492844581604004, 0.211256742477417, 0.2161865234375, 0.21821975708007812, 0.21286463737487793, 0.21432113647460938, 0.21248722076416016, 0.21596527099609375, 0.21268987655639648, 0.4011092185974121, 0.0669870376586914, 0.1821591854095459, 0.20441484451293945, 0.21283483505249023, 0.4300222396850586, 0.0647430419921875, 0.14762473106384277, 0.2147965431213379, 0.21558785438537598, 0.2153627872467041, 0.21265339851379395, 0.21563386917114258, 0.21239686012268066, 0.35230541229248047, 0.08800745010375977, 0.201674222946167, 0.21270442008972168, 0.21590757369995117, 0.21162962913513184, 0.21498632431030273, 0.2155930995941162, 0.3449208736419678, 0.08804988861083984, 0.2130436897277832, 0.21562480926513672, 0.21503448486328125, 0.21582388877868652, 0.21253705024719238, 0.21602749824523926, 0.2548201084136963, 0.1752338409423828, 0.21460509300231934, 0.21533417701721191, 0.2347102165222168, 0.19528508186340332, 0.38741445541381836, 0.061623334884643555, 0.19196081161499023, 0.21455812454223633, 0.218031644821167, 0.21188712120056152, 0.21428942680358887, 0.4406752586364746, 0.06358456611633301, 0.1389174461364746, 0.21525907516479492, 0.21256041526794434, 0.2183077335357666, 0.2126157283782959, 0.21608757972717285, 0.22148585319519043, 0.2079777717590332, 0.21483612060546875, 0.2155301570892334, 0.2149827480316162, 0.21504998207092285, 0.214738130569458, 0.215254545211792, 0.21410226821899414, 0.21474123001098633, 0.21558260917663574, 0.2164320945739746, 0.21477842330932617, 0.28591132164001465, 0.14527034759521484, 0.21309256553649902, 0.2528953552246094, 0.17735910415649414, 0.21623015403747559, 0.21524691581726074, 0.21505951881408691, 0.21540260314941406, 0.21514654159545898, 0.21586084365844727, 0.21512985229492188, 0.2411792278289795, 0.38951539993286133, 0.06415534019470215, 0.16492891311645508, 0.20874309539794922, 0.21518993377685547, 0.21448850631713867, 0.2153615951538086, 0.2151508331298828, 0.23638439178466797, 0.19365811347961426, 0.2158033847808838, 0.21457123756408691, 0.21547651290893555, 0.21528148651123047, 0.21458864212036133, 0.2155909538269043, 0.21495747566223145, 0.4242730140686035, 0.06742167472839355, 0.29186201095581055, 0.08601617813110352, 0.32486653327941895, 0.28582286834716797, 0.06667137145996094, 0.17867231369018555, 0.20522308349609375, 0.21340060234069824, 0.21549773216247559, 0.21421217918395996, 0.21494102478027344, 0.21425962448120117, 0.21601128578186035, 0.21166253089904785, 0.21314311027526855, 0.21477246284484863, 0.21321535110473633, 0.2150726318359375, 0.2111668586730957, 0.2154982089996338, 0.2133188247680664, 0.21583271026611328, 0.21564936637878418, 0.21555018424987793, 0.21560931205749512, 0.21615290641784668, 0.2143564224243164, 0.21617722511291504, 0.2149043083190918, 0.2155776023864746, 0.2153153419494629, 0.21439790725708008, 0.2147672176361084, 0.21471405029296875, 0.21518588066101074, 0.2137458324432373, 0.21163582801818848, 0.21507644653320312, 0.21494650840759277, 0.2153160572052002, 0.2150893211364746, 0.21533584594726562, 0.21468162536621094, 0.21425676345825195, 0.2158803939819336, 0.21566414833068848, 0.21570062637329102, 0.21461725234985352, 0.21573686599731445, 0.22908306121826172, 0.20157217979431152, 0.2343137264251709, 0.19521427154541016, 0.21557378768920898, 0.34604573249816895, 0.09527897834777832, 0.2067716121673584, 0.20911312103271484, 0.21533894538879395, 0.21485614776611328, 0.21515369415283203, 0.3393847942352295, 0.10232973098754883, 0.2046670913696289, 0.3294403553009033, 0.1078038215637207, 0.20792126655578613, 0.21361207962036133, 0.21584272384643555, 0.41425299644470215, 0.06500601768493652, 0.1770474910736084, 0.23772835731506348, 0.1893174648284912, 0.2084653377532959, 0.21543025970458984]}