{"batch": {"label": "batch", "average_duration": 0.08036832263072331, "n_events": 96, "total_time": 7.7153589725494385}, "batch.accumulate": {"label": "batch.accumulate", "average_duration": 0.0011163022783067492, "n_events": 18, "total_time": 0.020093441009521484}, "batch.backward": {"label": "batch.backward", "average_duration": 0.005970363815625508, "n_events": 96, "total_time": 0.5731549263000488}, "batch.evaluate": {"label": "batch.evaluate", "average_duration": 0.06156178812185923, "n_events": 96, "total_time": 5.909931659698486}, "batch.forward": {"label": "batch.forward", "average_duration": 0.005620849629243215, "n_events": 96, "total_time": 0.5396015644073486}, "batch.reduce": {"label": "batch.reduce", "average_duration": 0.0037557284037272134, "n_events": 18, "total_time": 0.06760311126708984}, "batch.step": {"label": "batch.step", "average_duration": 0.003144599497318268, "n_events": 96, "total_time": 0.3018815517425537}, "reduce.allreduce": {"label": "reduce.allreduce", "average_duration": 0.003316813045077854, "n_events": 18, "total_time": 0.05970263481140137}, "reduce.flat_pack": {"label": "reduce.flat_pack", "average_duration": 0.00031443436940511066, "n_events": 18, "total_time": 0.005659818649291992}}