{"batch": {"label": "batch", "average_duration": 0.0799044668674469, "n_events": 96, "total_time": 7.670828819274902}, "batch.accumulate": {"label": "batch.accumulate", "average_duration": 0.0012264781528049046, "n_events": 18, "total_time": 0.02207660675048828}, "batch.backward": {"label": "batch.backward", "average_duration": 0.006386769314606984, "n_events": 96, "total_time": 0.6131298542022705}, "batch.evaluate": {"label": "batch.evaluate", "average_duration": 0.06013875951369604, "n_events": 96, "total_time": 5.773320913314819}, "batch.forward": {"label": "batch.forward", "average_duration": 0.0057106514771779375, "n_events": 96, "total_time": 0.548222541809082}, "batch.reduce": {"label": "batch.reduce", "average_duration": 0.004029194513956706, "n_events": 18, "total_time": 0.0725255012512207}, "batch.step": {"label": "batch.step", "average_duration": 0.003364729384581248, "n_events": 96, "total_time": 0.3230140209197998}, "reduce.allreduce": {"label": "reduce.allreduce", "average_duration": 0.0035640928480360243, "n_events": 18, "total_time": 0.06415367126464844}, "reduce.flat_pack": {"label": "reduce.flat_pack", "average_duration": 0.00033726957109239366, "n_events": 18, "total_time": 0.006070852279663086}}