{"batch": {"label": "batch", "average_duration": 0.08133642623821895, "n_events": 96, "total_time": 7.8082969188690186}, "batch.accumulate": {"label": "batch.accumulate", "average_duration": 0.001057373152838813, "n_events": 18, "total_time": 0.019032716751098633}, "batch.backward": {"label": "batch.backward", "average_duration": 0.06569917003313701, "n_events": 96, "total_time": 6.307120323181152}, "batch.evaluate": {"label": "batch.evaluate", "average_duration": 0.001262145737806956, "n_events": 96, "total_time": 0.12116599082946777}, "batch.forward": {"label": "batch.forward", "average_duration": 0.006410268445809682, "n_events": 96, "total_time": 0.6153857707977295}, "batch.reduce": {"label": "batch.reduce", "average_duration": 0.004945198694864909, "n_events": 18, "total_time": 0.08901357650756836}, "batch.step": {"label": "batch.step", "average_duration": 0.0036485219995180764, "n_events": 96, "total_time": 0.35025811195373535}, "reduce.allreduce": {"label": "reduce.allreduce", "average_duration": 0.004137052430046929, "n_events": 18, "total_time": 0.07446694374084473}, "reduce.flat_pack": {"label": "reduce.flat_pack", "average_duration": 0.0006843407948811849, "n_events": 18, "total_time": 0.012318134307861328}}