{"batch": {"label": "batch", "average_duration": 0.1473232014320197, "n_events": 389, "total_time": 57.308725357055664}, "batch.accumulate": {"label": "batch.accumulate", "average_duration": 0.002716278968556068, "n_events": 389, "total_time": 1.0566325187683105}, "batch.backward": {"label": "batch.backward", "average_duration": 0.08232905993424834, "n_events": 389, "total_time": 32.02600431442261}, "batch.evaluate": {"label": "batch.evaluate", "average_duration": 0.0009317183555857994, "n_events": 389, "total_time": 0.362438440322876}, "batch.forward": {"label": "batch.forward", "average_duration": 0.035997436714662684, "n_events": 389, "total_time": 14.003002882003784}, "batch.reduce": {"label": "batch.reduce", "average_duration": 0.010125409668086427, "n_events": 389, "total_time": 3.93878436088562}, "batch.step": {"label": "batch.step", "average_duration": 0.010171129035459386, "n_events": 389, "total_time": 3.956569194793701}, "reduce.allreduce": {"label": "reduce.allreduce", "average_duration": 0.008745677060517064, "n_events": 389, "total_time": 3.4020683765411377}, "reduce.flat_pack": {"label": "reduce.flat_pack", "average_duration": 0.0012783048085504448, "n_events": 389, "total_time": 0.49726057052612305}}