{"batch": {"label": "batch", "average_duration": 0.050428781587978345, "n_events": 29249, "total_time": 1474.9914326667786}, "batch.accumulate": {"label": "batch.accumulate", "average_duration": 0.001170985046348114, "n_events": 29249, "total_time": 34.250141620635986}, "batch.backward": {"label": "batch.backward", "average_duration": 0.007714378963784644, "n_events": 29249, "total_time": 225.63787031173706}, "batch.evaluate": {"label": "batch.evaluate", "average_duration": 0.018032834282809558, "n_events": 29249, "total_time": 527.4423699378967}, "batch.forward": {"label": "batch.forward", "average_duration": 0.004911245111767184, "n_events": 29249, "total_time": 143.64900827407837}, "batch.reduce": {"label": "batch.reduce", "average_duration": 0.009137700629391635, "n_events": 29249, "total_time": 267.2686057090759}, "batch.step": {"label": "batch.step", "average_duration": 0.006213305289857249, "n_events": 29249, "total_time": 181.73296642303467}, "epoch_metrics.collect": {"label": "epoch_metrics.collect", "average_duration": 0.001743497464480816, "n_events": 149, "total_time": 0.2597811222076416}, "reduce.compress": {"label": "reduce.compress", "average_duration": 0.00040697687902818675, "n_events": 29249, "total_time": 11.903666734695435}, "reduce.decompress": {"label": "reduce.decompress", "average_duration": 8.307362773315801e-05, "n_events": 29249, "total_time": 2.4298205375671387}, "reduce.flat_pack": {"label": "reduce.flat_pack", "average_duration": 0.0003229424853117683, "n_events": 29249, "total_time": 9.445744752883911}, "reduce.norm": {"label": "reduce.norm", "average_duration": 0.0033284780848653523, "n_events": 29249, "total_time": 97.35465550422668}, "reduce.reduce.vector": {"label": "reduce.reduce.vector", "average_duration": 0.00013186737689699994, "n_events": 29249, "total_time": 3.8569889068603516}, "reduce.setgrad": {"label": "reduce.setgrad", "average_duration": 0.0038753541344320463, "n_events": 29249, "total_time": 113.35023307800293}, "test.last": {"label": "test.last", "average_duration": 1.0244400853278652, "n_events": 149, "total_time": 152.64157271385193}}