{"batch": {"label": "batch", "average_duration": 0.0501060043629583, "n_events": 29249, "total_time": 1465.5505216121674}, "batch.accumulate": {"label": "batch.accumulate", "average_duration": 0.0010582427782231329, "n_events": 29249, "total_time": 30.952543020248413}, "batch.backward": {"label": "batch.backward", "average_duration": 0.019926810917509835, "n_events": 29249, "total_time": 582.8392925262451}, "batch.evaluate": {"label": "batch.evaluate", "average_duration": 0.0007126642792093403, "n_events": 29249, "total_time": 20.844717502593994}, "batch.forward": {"label": "batch.forward", "average_duration": 0.011437161436912043, "n_events": 29249, "total_time": 334.52553486824036}, "batch.reduce": {"label": "batch.reduce", "average_duration": 0.007870830044004138, "n_events": 29249, "total_time": 230.21390795707703}, "batch.step": {"label": "batch.step", "average_duration": 0.0059022780438643925, "n_events": 29249, "total_time": 172.63573050498962}, "epoch_metrics.collect": {"label": "epoch_metrics.collect", "average_duration": 0.012032598457080405, "n_events": 149, "total_time": 1.7928571701049805}, "reduce.compress": {"label": "reduce.compress", "average_duration": 0.0004054831457511393, "n_events": 29249, "total_time": 11.859976530075073}, "reduce.decompress": {"label": "reduce.decompress", "average_duration": 8.256667136917759e-05, "n_events": 29249, "total_time": 2.414992570877075}, "reduce.flat_pack": {"label": "reduce.flat_pack", "average_duration": 0.0007048375896154019, "n_events": 29249, "total_time": 20.61579465866089}, "reduce.norm": {"label": "reduce.norm", "average_duration": 0.00213305508117561, "n_events": 29249, "total_time": 62.38972806930542}, "reduce.reduce.vector": {"label": "reduce.reduce.vector", "average_duration": 0.00024357826396980353, "n_events": 29249, "total_time": 7.124420642852783}, "reduce.setgrad": {"label": "reduce.setgrad", "average_duration": 0.0034660470233403243, "n_events": 29249, "total_time": 101.37840938568115}, "test.last": {"label": "test.last", "average_duration": 1.0794687831161807, "n_events": 149, "total_time": 160.8408486843109}}