{"batch": {"label": "batch", "average_duration": 0.35891380742804646, "n_events": 584, "total_time": 209.60566353797913}, "batch.accumulate": {"label": "batch.accumulate", "average_duration": 0.0027548513914409435, "n_events": 38, "total_time": 0.10468435287475586}, "batch.backward": {"label": "batch.backward", "average_duration": 0.12225605853616375, "n_events": 584, "total_time": 71.39753818511963}, "batch.evaluate": {"label": "batch.evaluate", "average_duration": 0.0005705123894835172, "n_events": 584, "total_time": 0.333179235458374}, "batch.forward": {"label": "batch.forward", "average_duration": 0.04110231505681391, "n_events": 584, "total_time": 24.00375199317932}, "batch.reduce": {"label": "batch.reduce", "average_duration": 2.6260709072414197, "n_events": 38, "total_time": 99.79069447517395}, "batch.step": {"label": "batch.step", "average_duration": 0.008182795080420089, "n_events": 584, "total_time": 4.778752326965332}, "epoch_metrics.collect": {"label": "epoch_metrics.collect", "average_duration": 0.02452874183654785, "n_events": 2, "total_time": 0.0490574836730957}, "reduce.compress": {"label": "reduce.compress", "average_duration": 0.0023656016901919714, "n_events": 38, "total_time": 0.08989286422729492}, "reduce.decompress": {"label": "reduce.decompress", "average_duration": 0.0002117407949347245, "n_events": 38, "total_time": 0.008046150207519531}, "reduce.flat_pack": {"label": "reduce.flat_pack", "average_duration": 0.0009063105834157843, "n_events": 38, "total_time": 0.034439802169799805}, "reduce.norm": {"label": "reduce.norm", "average_duration": 2.614001983090451, "n_events": 38, "total_time": 99.33207535743713}, "reduce.setgrad": {"label": "reduce.setgrad", "average_duration": 0.008131171527661775, "n_events": 38, "total_time": 0.30898451805114746}, "test.last": {"label": "test.last", "average_duration": 4.1960002183914185, "n_events": 2, "total_time": 8.392000436782837}}