{"batch": {"label": "batch", "average_duration": 0.19853007301841816, "n_events": 194, "total_time": 38.51483416557312}, "batch.accumulate": {"label": "batch.accumulate", "average_duration": 0.0027380985083039276, "n_events": 194, "total_time": 0.5311911106109619}, "batch.backward": {"label": "batch.backward", "average_duration": 0.12209794939178781, "n_events": 194, "total_time": 23.687002182006836}, "batch.evaluate": {"label": "batch.evaluate", "average_duration": 0.0005851922575960454, "n_events": 194, "total_time": 0.11352729797363281}, "batch.forward": {"label": "batch.forward", "average_duration": 0.04101256365628587, "n_events": 194, "total_time": 7.956437349319458}, "batch.reduce": {"label": "batch.reduce", "average_duration": 0.015176458457081588, "n_events": 194, "total_time": 2.944232940673828}, "batch.step": {"label": "batch.step", "average_duration": 0.008827870654076645, "n_events": 194, "total_time": 1.7126069068908691}, "reduce.compress": {"label": "reduce.compress", "average_duration": 0.0032733187233049844, "n_events": 194, "total_time": 0.635023832321167}, "reduce.decompress": {"label": "reduce.decompress", "average_duration": 0.00028910464847210754, "n_events": 194, "total_time": 0.05608630180358887}, "reduce.flat_pack": {"label": "reduce.flat_pack", "average_duration": 0.000878866185847017, "n_events": 194, "total_time": 0.1705000400543213}, "reduce.norm": {"label": "reduce.norm", "average_duration": 0.0004556056150456065, "n_events": 194, "total_time": 0.08838748931884766}, "reduce.reduce.vector": {"label": "reduce.reduce.vector", "average_duration": 0.0015048009833109747, "n_events": 194, "total_time": 0.2919313907623291}, "reduce.setgrad": {"label": "reduce.setgrad", "average_duration": 0.008515698393595587, "n_events": 194, "total_time": 1.652045488357544}}