{"batch": {"label": "batch", "average_duration": 0.0868966206908226, "n_events": 96, "total_time": 8.34207558631897}, "batch.accumulate": {"label": "batch.accumulate", "average_duration": 0.001088656485080719, "n_events": 96, "total_time": 0.10451102256774902}, "batch.backward": {"label": "batch.backward", "average_duration": 0.00597590704758962, "n_events": 96, "total_time": 0.5736870765686035}, "batch.evaluate": {"label": "batch.evaluate", "average_duration": 0.05773118635018667, "n_events": 96, "total_time": 5.54219388961792}, "batch.forward": {"label": "batch.forward", "average_duration": 0.005655395487944285, "n_events": 96, "total_time": 0.5429179668426514}, "batch.reduce": {"label": "batch.reduce", "average_duration": 0.010173787673314413, "n_events": 96, "total_time": 0.9766836166381836}, "batch.step": {"label": "batch.step", "average_duration": 0.0031660000483194986, "n_events": 96, "total_time": 0.3039360046386719}, "reduce.compress": {"label": "reduce.compress", "average_duration": 0.000425909956296285, "n_events": 96, "total_time": 0.04088735580444336}, "reduce.decompress": {"label": "reduce.decompress", "average_duration": 9.001543124516805e-05, "n_events": 96, "total_time": 0.008641481399536133}, "reduce.flat_pack": {"label": "reduce.flat_pack", "average_duration": 0.0003172829747200012, "n_events": 96, "total_time": 0.030459165573120117}, "reduce.norm": {"label": "reduce.norm", "average_duration": 0.00559647132953008, "n_events": 96, "total_time": 0.5372612476348877}, "reduce.reduce.vector": {"label": "reduce.reduce.vector", "average_duration": 0.00014212230841318765, "n_events": 96, "total_time": 0.013643741607666016}, "reduce.setgrad": {"label": "reduce.setgrad", "average_duration": 0.0033298532168070474, "n_events": 96, "total_time": 0.31966590881347656}}