{"batch": {"label": "batch", "average_duration": 0.08690468470255534, "n_events": 96, "total_time": 8.342849731445312}, "batch.accumulate": {"label": "batch.accumulate", "average_duration": 0.0010265360275904338, "n_events": 96, "total_time": 0.09854745864868164}, "batch.backward": {"label": "batch.backward", "average_duration": 0.005948799351851146, "n_events": 96, "total_time": 0.57108473777771}, "batch.evaluate": {"label": "batch.evaluate", "average_duration": 0.05936755736668905, "n_events": 96, "total_time": 5.699285507202148}, "batch.forward": {"label": "batch.forward", "average_duration": 0.005442202091217041, "n_events": 96, "total_time": 0.5224514007568359}, "batch.reduce": {"label": "batch.reduce", "average_duration": 0.009145726760228476, "n_events": 96, "total_time": 0.8779897689819336}, "batch.step": {"label": "batch.step", "average_duration": 0.0030256633957227073, "n_events": 96, "total_time": 0.2904636859893799}, "reduce.compress": {"label": "reduce.compress", "average_duration": 0.0004015117883682251, "n_events": 96, "total_time": 0.03854513168334961}, "reduce.decompress": {"label": "reduce.decompress", "average_duration": 8.506824572881062e-05, "n_events": 96, "total_time": 0.00816655158996582}, "reduce.flat_pack": {"label": "reduce.flat_pack", "average_duration": 0.00028964877128601074, "n_events": 96, "total_time": 0.02780628204345703}, "reduce.norm": {"label": "reduce.norm", "average_duration": 0.005023668209711711, "n_events": 96, "total_time": 0.4822721481323242}, "reduce.reduce.vector": {"label": "reduce.reduce.vector", "average_duration": 0.00013561050097147623, "n_events": 96, "total_time": 0.013018608093261719}, "reduce.setgrad": {"label": "reduce.setgrad", "average_duration": 0.0029570509990056357, "n_events": 96, "total_time": 0.283876895904541}}