{"batch": {"label": "batch", "average_duration": 0.17295040374945017, "n_events": 484, "total_time": 83.70799541473389}, "batch.accumulate": {"label": "batch.accumulate", "average_duration": 0.0007246555375658776, "n_events": 484, "total_time": 0.35073328018188477}, "batch.backward": {"label": "batch.backward", "average_duration": 0.0636173284743443, "n_events": 484, "total_time": 30.79078698158264}, "batch.evaluate": {"label": "batch.evaluate", "average_duration": 0.0005408220054689517, "n_events": 484, "total_time": 0.26175785064697266}, "batch.forward": {"label": "batch.forward", "average_duration": 0.0541031503480328, "n_events": 484, "total_time": 26.185924768447876}, "batch.reduce": {"label": "batch.reduce", "average_duration": 0.04923915567476887, "n_events": 484, "total_time": 23.831751346588135}, "batch.step": {"label": "batch.step", "average_duration": 0.0032781002935299204, "n_events": 484, "total_time": 1.5866005420684814}, "epoch_metrics.collect": {"label": "epoch_metrics.collect", "average_duration": 0.005923569202423096, "n_events": 4, "total_time": 0.023694276809692383}, "reduce.compress": {"label": "reduce.compress", "average_duration": 0.02297443052953925, "n_events": 484, "total_time": 11.119624376296997}, "reduce.decompress": {"label": "reduce.decompress", "average_duration": 0.0010670945664082677, "n_events": 484, "total_time": 0.5164737701416016}, "reduce.flat_pack": {"label": "reduce.flat_pack", "average_duration": 0.0003573298454284668, "n_events": 484, "total_time": 0.17294764518737793}, "reduce.norm": {"label": "reduce.norm", "average_duration": 0.0027390900722219923, "n_events": 484, "total_time": 1.3257195949554443}, "reduce.reduce.vector": {"label": "reduce.reduce.vector", "average_duration": 0.01924961706823554, "n_events": 484, "total_time": 9.316814661026001}, "reduce.setgrad": {"label": "reduce.setgrad", "average_duration": 0.0024228357086496905, "n_events": 484, "total_time": 1.1726524829864502}, "test.last": {"label": "test.last", "average_duration": 1.1677745580673218, "n_events": 4, "total_time": 4.671098232269287}}