{"batch": {"label": "batch", "average_duration": 0.08267160256703694, "n_events": 96, "total_time": 7.936473846435547}, "batch.accumulate": {"label": "batch.accumulate", "average_duration": 0.0011034111181894939, "n_events": 96, "total_time": 0.1059274673461914}, "batch.backward": {"label": "batch.backward", "average_duration": 0.005827628076076508, "n_events": 96, "total_time": 0.5594522953033447}, "batch.evaluate": {"label": "batch.evaluate", "average_duration": 0.060379527509212494, "n_events": 96, "total_time": 5.796434640884399}, "batch.forward": {"label": "batch.forward", "average_duration": 0.005578873058160146, "n_events": 96, "total_time": 0.535571813583374}, "batch.reduce": {"label": "batch.reduce", "average_duration": 0.003571699062983195, "n_events": 96, "total_time": 0.3428831100463867}, "batch.step": {"label": "batch.step", "average_duration": 0.0032136067748069763, "n_events": 96, "total_time": 0.3085062503814697}, "reduce.allreduce": {"label": "reduce.allreduce", "average_duration": 0.0031781320770581565, "n_events": 96, "total_time": 0.305100679397583}, "reduce.flat_pack": {"label": "reduce.flat_pack", "average_duration": 0.0002939427892367045, "n_events": 96, "total_time": 0.028218507766723633}, "reduce_times": [0.005328178405761719, 0.0037436485290527344, 0.0036933422088623047, 0.0036177635192871094, 0.0037229061126708984, 0.003645658493041992, 0.0035927295684814453, 0.003693103790283203, 0.0035605430603027344, 0.0036084651947021484, 0.003550291061401367, 0.003573179244995117, 0.0035610198974609375, 0.0035576820373535156, 0.0035858154296875, 0.0035305023193359375, 0.003594636917114258, 0.003607034683227539, 0.0035741329193115234, 0.0036063194274902344, 0.0035691261291503906, 0.003557443618774414, 0.0035369396209716797, 0.003580808639526367, 0.0035851001739501953, 0.0035429000854492188, 0.0035042762756347656, 0.003627777099609375, 0.003554105758666992, 0.0035445690155029297, 0.003601551055908203, 0.0035691261291503906, 0.0035457611083984375, 0.00357818603515625, 0.0035610198974609375, 0.0035943984985351562, 0.0035245418548583984, 0.003549814224243164, 0.003591775894165039, 0.003528118133544922, 0.003561258316040039, 0.003578662872314453, 0.003503084182739258, 0.003571748733520508, 0.0035598278045654297, 0.0035753250122070312, 0.0035898685455322266, 0.0035920143127441406, 0.0035848617553710938, 0.0035152435302734375, 0.0035943984985351562, 0.003541707992553711, 0.003564119338989258, 0.003555774688720703, 0.0035681724548339844, 0.0035669803619384766, 0.003507375717163086, 0.003615140914916992, 0.00357818603515625, 0.0035390853881835938, 0.003549814224243164, 0.00359344482421875, 0.003576517105102539, 0.0036420822143554688, 0.0035614967346191406, 0.0035643577575683594, 0.0035779476165771484, 0.0035867691040039062, 0.0035398006439208984, 0.0035910606384277344, 0.003579854965209961, 0.003548860549926758, 0.003574848175048828, 0.0035758018493652344, 0.003575563430786133, 0.003598928451538086, 0.0035343170166015625, 0.003592252731323242, 0.0035431385040283203, 0.0035657882690429688, 0.003570556640625, 0.0035560131072998047, 0.0035827159881591797, 0.003545045852661133, 0.0036008358001708984, 0.003571033477783203, 0.003693819046020508, 0.0035202503204345703, 0.003567218780517578, 0.003515958786010742, 0.0035016536712646484, 0.0035200119018554688, 0.003493070602416992, 0.0035212039947509766, 0.0035424232482910156, 0.00351715087890625, 0.003462553024291992]}