{"batch": {"label": "batch", "average_duration": 0.0814690887928009, "n_events": 96, "total_time": 7.821032524108887}, "batch.accumulate": {"label": "batch.accumulate", "average_duration": 0.0010792190829912822, "n_events": 96, "total_time": 0.10360503196716309}, "batch.backward": {"label": "batch.backward", "average_duration": 0.006824421385924022, "n_events": 96, "total_time": 0.655144453048706}, "batch.evaluate": {"label": "batch.evaluate", "average_duration": 0.05787929892539978, "n_events": 96, "total_time": 5.556412696838379}, "batch.forward": {"label": "batch.forward", "average_duration": 0.005872180064519246, "n_events": 96, "total_time": 0.5637292861938477}, "batch.reduce": {"label": "batch.reduce", "average_duration": 0.0035740137100219727, "n_events": 96, "total_time": 0.3431053161621094}, "batch.step": {"label": "batch.step", "average_duration": 0.0031822224458058677, "n_events": 96, "total_time": 0.3054933547973633}, "reduce.allreduce": {"label": "reduce.allreduce", "average_duration": 0.0031707286834716797, "n_events": 96, "total_time": 0.30438995361328125}, "reduce.flat_pack": {"label": "reduce.flat_pack", "average_duration": 0.00029931962490081787, "n_events": 96, "total_time": 0.028734683990478516}, "reduce_times": [0.0039331912994384766, 0.0036935806274414062, 0.0036199092864990234, 0.003665447235107422, 0.0037000179290771484, 0.0036094188690185547, 0.003566741943359375, 0.003563404083251953, 0.003691434860229492, 0.0036385059356689453, 0.003558635711669922, 0.003560304641723633, 0.00356292724609375, 0.003604888916015625, 0.0036208629608154297, 0.0035898685455322266, 0.003610372543334961, 0.003615140914916992, 0.0036089420318603516, 0.0035181045532226562, 0.003577709197998047, 0.003596067428588867, 0.0035867691040039062, 0.003581523895263672, 0.0036118030548095703, 0.003551006317138672, 0.0036149024963378906, 0.003553152084350586, 0.0036025047302246094, 0.0035600662231445312, 0.0035982131958007812, 0.003572225570678711, 0.0035250186920166016, 0.003576040267944336, 0.003588438034057617, 0.003547191619873047, 0.0036215782165527344, 0.0035877227783203125, 0.0036046504974365234, 0.003582000732421875, 0.003554821014404297, 0.003505706787109375, 0.003563404083251953, 0.003568410873413086, 0.003548860549926758, 0.003565549850463867, 0.0036041736602783203, 0.003512859344482422, 0.0035958290100097656, 0.0035305023193359375, 0.0036249160766601562, 0.003564119338989258, 0.0036001205444335938, 0.0035588741302490234, 0.0035822391510009766, 0.0035905838012695312, 0.0035445690155029297, 0.0035707950592041016, 0.0036020278930664062, 0.0035953521728515625, 0.0035538673400878906, 0.0035054683685302734, 0.0036118030548095703, 0.0036072731018066406, 0.003572225570678711, 0.0035457611083984375, 0.0035715103149414062, 0.0035660266876220703, 0.0035445690155029297, 0.0035247802734375, 0.003589153289794922, 0.003535747528076172, 0.003557920455932617, 0.0035402774810791016, 0.0035207271575927734, 0.003548145294189453, 0.0035562515258789062, 0.003543376922607422, 0.0035393238067626953, 0.0035619735717773438, 0.0035774707794189453, 0.0035736560821533203, 0.003621339797973633, 0.003610849380493164, 0.0035784244537353516, 0.00353240966796875, 0.003620624542236328, 0.0035827159881591797, 0.0036056041717529297, 0.0035207271575927734, 0.0035102367401123047, 0.0035092830657958984, 0.003507375717163086, 0.003530263900756836, 0.003523111343383789, 0.0034754276275634766, 0.0035088062286376953]}