{"batch": {"label": "batch", "average_duration": 0.08183266470829646, "n_events": 96, "total_time": 7.85593581199646}, "batch.accumulate": {"label": "batch.accumulate", "average_duration": 0.0010920266310373943, "n_events": 96, "total_time": 0.10483455657958984}, "batch.backward": {"label": "batch.backward", "average_duration": 0.0063630615671475725, "n_events": 96, "total_time": 0.610853910446167}, "batch.evaluate": {"label": "batch.evaluate", "average_duration": 0.05893629044294357, "n_events": 96, "total_time": 5.657883882522583}, "batch.forward": {"label": "batch.forward", "average_duration": 0.005561913053194682, "n_events": 96, "total_time": 0.5339436531066895}, "batch.reduce": {"label": "batch.reduce", "average_duration": 0.003756575286388397, "n_events": 96, "total_time": 0.36063122749328613}, "batch.step": {"label": "batch.step", "average_duration": 0.0030751973390579224, "n_events": 96, "total_time": 0.29521894454956055}, "reduce.allreduce": {"label": "reduce.allreduce", "average_duration": 0.003356717526912689, "n_events": 96, "total_time": 0.32224488258361816}, "reduce.flat_pack": {"label": "reduce.flat_pack", "average_duration": 0.00029879560073216754, "n_events": 96, "total_time": 0.028684377670288086}, "reduce_times": [0.005576372146606445, 0.0038292407989501953, 0.006516456604003906, 0.003746509552001953, 0.003804445266723633, 0.0037658214569091797, 0.007424831390380859, 0.003748178482055664, 0.003740549087524414, 0.00377655029296875, 0.0036928653717041016, 0.0036864280700683594, 0.0036945343017578125, 0.0037207603454589844, 0.0036916732788085938, 0.0036814212799072266, 0.0037190914154052734, 0.0037186145782470703, 0.003703594207763672, 0.0036437511444091797, 0.0036728382110595703, 0.0036928653717041016, 0.003702878952026367, 0.003710508346557617, 0.0037140846252441406, 0.0036978721618652344, 0.003678560256958008, 0.0036993026733398438, 0.0037064552307128906, 0.003687620162963867, 0.003673553466796875, 0.0036773681640625, 0.003662586212158203, 0.0036122798919677734, 0.0036773681640625, 0.003675699234008789, 0.0036902427673339844, 0.003647327423095703, 0.003650665283203125, 0.003686666488647461, 0.0037009716033935547, 0.0036880970001220703, 0.003702878952026367, 0.003661632537841797, 0.0036270618438720703, 0.0036945343017578125, 0.0037217140197753906, 0.003657102584838867, 0.0037000179290771484, 0.0036873817443847656, 0.0036509037017822266, 0.0037202835083007812, 0.003703594207763672, 0.0036695003509521484, 0.003696441650390625, 0.003675699234008789, 0.0037279129028320312, 0.003655672073364258, 0.003690481185913086, 0.003693819046020508, 0.003702878952026367, 0.0037131309509277344, 0.003694295883178711, 0.0037703514099121094, 0.0037009716033935547, 0.0037097930908203125, 0.003698587417602539, 0.0036330223083496094, 0.003637075424194336, 0.003673076629638672, 0.0036940574645996094, 0.003681182861328125, 0.003680706024169922, 0.0037162303924560547, 0.0036420822143554688, 0.0036933422088623047, 0.003658294677734375, 0.0037221908569335938, 0.003628969192504883, 0.0036585330963134766, 0.003692626953125, 0.0036771297454833984, 0.0037107467651367188, 0.0037488937377929688, 0.003654003143310547, 0.0036766529083251953, 0.0037012100219726562, 0.003707408905029297, 0.003712892532348633, 0.0036013126373291016, 0.0036194324493408203, 0.0036563873291015625, 0.003683805465698242, 0.0036249160766601562, 0.003561735153198242, 0.003616809844970703, 0.0036287307739257812]}