{"batch": {"label": "batch", "average_duration": 0.08466743926207225, "n_events": 96, "total_time": 8.128074169158936}, "batch.accumulate": {"label": "batch.accumulate", "average_duration": 0.0011230210463205974, "n_events": 96, "total_time": 0.10781002044677734}, "batch.backward": {"label": "batch.backward", "average_duration": 0.06520731498797734, "n_events": 96, "total_time": 6.259902238845825}, "batch.evaluate": {"label": "batch.evaluate", "average_duration": 0.0011537820100784302, "n_events": 96, "total_time": 0.1107630729675293}, "batch.forward": {"label": "batch.forward", "average_duration": 0.0063638836145401, "n_events": 96, "total_time": 0.6109328269958496}, "batch.reduce": {"label": "batch.reduce", "average_duration": 0.004533196489016215, "n_events": 96, "total_time": 0.43518686294555664}, "batch.step": {"label": "batch.step", "average_duration": 0.0032076090574264526, "n_events": 96, "total_time": 0.30793046951293945}, "reduce.allreduce": {"label": "reduce.allreduce", "average_duration": 0.0036991958816846213, "n_events": 96, "total_time": 0.35512280464172363}, "reduce.flat_pack": {"label": "reduce.flat_pack", "average_duration": 0.0007209653655687968, "n_events": 96, "total_time": 0.06921267509460449}, "reduce_times": [0.007177114486694336, 0.0045244693756103516, 0.007283449172973633, 0.004545450210571289, 0.004736661911010742, 0.0046689510345458984, 0.00450444221496582, 0.0049359798431396484, 0.004683732986450195, 0.004710674285888672, 0.005197048187255859, 0.004748106002807617, 0.004594326019287109, 0.004706144332885742, 0.004342317581176758, 0.004448890686035156, 0.00446009635925293, 0.004697561264038086, 0.004286527633666992, 0.004616498947143555, 0.0042688846588134766, 0.004427909851074219, 0.004340171813964844, 0.004738330841064453, 0.004523515701293945, 0.004751682281494141, 0.0046539306640625, 0.004379749298095703, 0.004530191421508789, 0.004870414733886719, 0.004804372787475586, 0.004723787307739258, 0.004758119583129883, 0.004662275314331055, 0.004738569259643555, 0.004565238952636719, 0.004277467727661133, 0.004471302032470703, 0.004536151885986328, 0.004578351974487305, 0.00460362434387207, 0.00442194938659668, 0.004465818405151367, 0.00450587272644043, 0.0043048858642578125, 0.004437685012817383, 0.004420757293701172, 0.0046443939208984375, 0.004314422607421875, 0.004280805587768555, 0.004280567169189453, 0.004475593566894531, 0.0046079158782958984, 0.004250288009643555, 0.00457453727722168, 0.004730939865112305, 0.0045659542083740234, 0.004592180252075195, 0.0046613216400146484, 0.004705667495727539, 0.004599809646606445, 0.004671573638916016, 0.00465846061706543, 0.00451207160949707, 0.004292011260986328, 0.0047206878662109375, 0.004632472991943359, 0.0048978328704833984, 0.004620790481567383, 0.0047893524169921875, 0.004302263259887695, 0.004695415496826172, 0.004461526870727539, 0.004477977752685547, 0.00449824333190918, 0.0046155452728271484, 0.004435539245605469, 0.004445552825927734, 0.004454612731933594, 0.004605293273925781, 0.0043447017669677734, 0.0046117305755615234, 0.0046346187591552734, 0.004676342010498047, 0.004286527633666992, 0.0047969818115234375, 0.0046062469482421875, 0.004629611968994141, 0.004476308822631836, 0.0038144588470458984, 0.00379180908203125, 0.0038187503814697266, 0.0037915706634521484, 0.0037925243377685547, 0.0037980079650878906, 0.0038390159606933594, 0.003953695297241211]}