{"batch": {"label": "batch", "average_duration": 0.23352587284595605, "n_events": 29249, "total_time": 6830.398254871368}, "batch.accumulate": {"label": "batch.accumulate", "average_duration": 0.002481355761343762, "n_events": 29249, "total_time": 72.5771746635437}, "batch.backward": {"label": "batch.backward", "average_duration": 0.1435815706151649, "n_events": 29249, "total_time": 4199.617358922958}, "batch.evaluate": {"label": "batch.evaluate", "average_duration": 0.00044349547455325414, "n_events": 29249, "total_time": 12.97179913520813}, "batch.forward": {"label": "batch.forward", "average_duration": 0.06709564699303852, "n_events": 29249, "total_time": 1962.4805788993835}, "batch.reduce": {"label": "batch.reduce", "average_duration": 0.011040176537151912, "n_events": 29249, "total_time": 322.91412353515625}, "batch.step": {"label": "batch.step", "average_duration": 0.005786940038189929, "n_events": 29249, "total_time": 169.2622091770172}, "epoch_metrics.collect": {"label": "epoch_metrics.collect", "average_duration": 0.008576781957741551, "n_events": 149, "total_time": 1.2779405117034912}, "reduce.compress": {"label": "reduce.compress", "average_duration": 0.00030406010717835206, "n_events": 29249, "total_time": 8.89345407485962}, "reduce.decompress": {"label": "reduce.decompress", "average_duration": 6.549191836018967e-05, "n_events": 29249, "total_time": 1.9155731201171875}, "reduce.flat_pack": {"label": "reduce.flat_pack", "average_duration": 0.0011447210826076252, "n_events": 29249, "total_time": 33.48194694519043}, "reduce.norm": {"label": "reduce.norm", "average_duration": 0.0009086781792968533, "n_events": 29249, "total_time": 26.577928066253662}, "reduce.reduce.vector": {"label": "reduce.reduce.vector", "average_duration": 0.00013355900028464432, "n_events": 29249, "total_time": 3.9064671993255615}, "reduce.setgrad": {"label": "reduce.setgrad", "average_duration": 0.007768984888226702, "n_events": 29249, "total_time": 227.2350389957428}, "test.last": {"label": "test.last", "average_duration": 2.484708141160491, "n_events": 149, "total_time": 370.2215130329132}}