{"batch": {"label": "batch", "average_duration": 0.22531916041019534, "n_events": 484, "total_time": 109.05447363853455}, "batch.accumulate": {"label": "batch.accumulate", "average_duration": 0.0019362785599448464, "n_events": 484, "total_time": 0.9371588230133057}, "batch.backward": {"label": "batch.backward", "average_duration": 0.12331532101985837, "n_events": 484, "total_time": 59.68461537361145}, "batch.evaluate": {"label": "batch.evaluate", "average_duration": 0.000507476408619526, "n_events": 484, "total_time": 0.24561858177185059}, "batch.forward": {"label": "batch.forward", "average_duration": 0.05995725747967554, "n_events": 484, "total_time": 29.019312620162964}, "batch.reduce": {"label": "batch.reduce", "average_duration": 0.028026456675253622, "n_events": 484, "total_time": 13.564805030822754}, "batch.step": {"label": "batch.step", "average_duration": 0.008285437241073482, "n_events": 484, "total_time": 4.010151624679565}, "epoch_metrics.collect": {"label": "epoch_metrics.collect", "average_duration": 0.005150914192199707, "n_events": 4, "total_time": 0.020603656768798828}, "reduce.allocate_memory": {"label": "reduce.allocate_memory", "average_duration": 0.0007202758276758115, "n_events": 484, "total_time": 0.3486135005950928}, "reduce.compute.p": {"label": "reduce.compute.p", "average_duration": 0.001278610761500587, "n_events": 484, "total_time": 0.6188476085662842}, "reduce.compute.q": {"label": "reduce.compute.q", "average_duration": 0.0022670872940504846, "n_events": 484, "total_time": 1.0972702503204346}, "reduce.normalize.p": {"label": "reduce.normalize.p", "average_duration": 0.004808589939243537, "n_events": 484, "total_time": 2.327357530593872}, "reduce.outerprod": {"label": "reduce.outerprod", "average_duration": 0.003694165344080649, "n_events": 484, "total_time": 1.7879760265350342}, "reduce.p": {"label": "reduce.p", "average_duration": 0.0036790321681125105, "n_events": 484, "total_time": 1.780651569366455}, "reduce.prepare.q": {"label": "reduce.prepare.q", "average_duration": 0.0007390237051593371, "n_events": 484, "total_time": 0.35768747329711914}, "reduce.q": {"label": "reduce.q", "average_duration": 0.0016589090843831212, "n_events": 484, "total_time": 0.8029119968414307}, "reduce.rank1.all_reduce": {"label": "reduce.rank1.all_reduce", "average_duration": 0.0014698825591851856, "n_events": 484, "total_time": 0.7114231586456299}, "reduce.rank1.pack": {"label": "reduce.rank1.pack", "average_duration": 0.00038403863749228234, "n_events": 484, "total_time": 0.18587470054626465}, "reduce.rank1.unpack": {"label": "reduce.rank1.unpack", "average_duration": 0.001948601450801881, "n_events": 484, "total_time": 0.9431231021881104}, "test.last": {"label": "test.last", "average_duration": 1.4080619812011719, "n_events": 4, "total_time": 5.6322479248046875}}