{"batch": {"label": "batch", "average_duration": 0.0869432310825142, "n_events": 389, "total_time": 33.82091689109802}, "batch.accumulate": {"label": "batch.accumulate", "average_duration": 0.0011577612330184192, "n_events": 389, "total_time": 0.45036911964416504}, "batch.backward": {"label": "batch.backward", "average_duration": 0.0654603350131861, "n_events": 389, "total_time": 25.464070320129395}, "batch.evaluate": {"label": "batch.evaluate", "average_duration": 0.0014322300496628475, "n_events": 389, "total_time": 0.5571374893188477}, "batch.forward": {"label": "batch.forward", "average_duration": 0.006441146978069394, "n_events": 389, "total_time": 2.505606174468994}, "batch.reduce": {"label": "batch.reduce", "average_duration": 0.005933128469707421, "n_events": 389, "total_time": 2.3079869747161865}, "batch.step": {"label": "batch.step", "average_duration": 0.0031221452286433436, "n_events": 389, "total_time": 1.2145144939422607}, "reduce.compress": {"label": "reduce.compress", "average_duration": 0.0009238824133394923, "n_events": 389, "total_time": 0.3593902587890625}, "reduce.decompress": {"label": "reduce.decompress", "average_duration": 0.0002235992402221366, "n_events": 389, "total_time": 0.08698010444641113}, "reduce.flat_pack": {"label": "reduce.flat_pack", "average_duration": 0.0007548399633490947, "n_events": 389, "total_time": 0.29363274574279785}, "reduce.norm": {"label": "reduce.norm", "average_duration": 0.0001011752837114898, "n_events": 389, "total_time": 0.03935718536376953}, "reduce.reduce.vector": {"label": "reduce.reduce.vector", "average_duration": 1.3043764011412477e-05, "n_events": 389, "total_time": 0.005074024200439453}, "reduce.setgrad": {"label": "reduce.setgrad", "average_duration": 0.0033649766966125957, "n_events": 389, "total_time": 1.3089759349822998}}