{"batch": {"label": "batch", "average_duration": 0.20247619847456613, "n_events": 96, "total_time": 19.43771505355835}, "batch.accumulate": {"label": "batch.accumulate", "average_duration": 0.003623830775419871, "n_events": 96, "total_time": 0.3478877544403076}, "batch.backward": {"label": "batch.backward", "average_duration": 0.02851216991742452, "n_events": 96, "total_time": 2.737168312072754}, "batch.evaluate": {"label": "batch.evaluate", "average_duration": 0.1099993959069252, "n_events": 96, "total_time": 10.55994200706482}, "batch.forward": {"label": "batch.forward", "average_duration": 0.026600711047649384, "n_events": 96, "total_time": 2.553668260574341}, "batch.reduce": {"label": "batch.reduce", "average_duration": 0.011869157354036966, "n_events": 96, "total_time": 1.1394391059875488}, "batch.step": {"label": "batch.step", "average_duration": 0.01130277911822001, "n_events": 96, "total_time": 1.085066795349121}, "reduce.allreduce": {"label": "reduce.allreduce", "average_duration": 0.010864677528540293, "n_events": 96, "total_time": 1.0430090427398682}, "reduce.flat_pack": {"label": "reduce.flat_pack", "average_duration": 0.000870436429977417, "n_events": 96, "total_time": 0.08356189727783203}, "reduce_times": [0.05226254463195801, 0.016016244888305664, 0.019849061965942383, 0.017847299575805664, 0.018135786056518555, 0.018713951110839844, 0.01888561248779297, 0.017386674880981445, 0.018643617630004883, 0.01873326301574707, 0.017955541610717773, 0.015770673751831055, 0.02099609375, 0.017613887786865234, 0.017431974411010742, 0.01975393295288086, 0.019705533981323242, 0.019995927810668945, 0.00995945930480957, 0.009740591049194336, 0.00980687141418457, 0.009975910186767578, 0.01010894775390625, 0.010080099105834961, 0.009652853012084961, 0.009681463241577148, 0.010256290435791016, 0.009994745254516602, 0.009966135025024414, 0.009999275207519531, 0.010120868682861328, 0.009940624237060547, 0.009907960891723633, 0.009913206100463867, 0.00976419448852539, 0.009766340255737305, 0.009968280792236328, 0.009743452072143555, 0.009829282760620117, 0.009657621383666992, 0.009503602981567383, 0.00977778434753418, 0.010362863540649414, 0.010309934616088867, 0.010118961334228516, 0.010824918746948242, 0.013209819793701172, 0.010113000869750977, 0.010143041610717773, 0.01012730598449707, 0.010021448135375977, 0.010736227035522461, 0.01007223129272461, 0.014940500259399414, 0.009557008743286133, 0.01534581184387207, 0.020725250244140625, 0.009650230407714844, 0.009643077850341797, 0.015008211135864258, 0.020769357681274414, 0.009603023529052734, 0.00970458984375, 0.009757280349731445, 0.010749101638793945, 0.010882139205932617, 0.010893821716308594, 0.009643077850341797, 0.009725093841552734, 0.009600400924682617, 0.010093927383422852, 0.010034561157226562, 0.015290975570678711, 0.009641170501708984, 0.009664058685302734, 0.009552717208862305, 0.009621858596801758, 0.009602546691894531, 0.009786605834960938, 0.009546041488647461, 0.009643793106079102, 0.009685516357421875, 0.009685993194580078, 0.00966024398803711, 0.009624481201171875, 0.009552001953125, 0.009839057922363281, 0.009585380554199219, 0.009954452514648438, 0.009684085845947266, 0.009432077407836914, 0.009609699249267578, 0.009538650512695312, 0.009441852569580078, 0.009475231170654297, 0.009457111358642578, 0.009946346282958984]}