{"batch": {"label": "batch", "average_duration": 1.0533608826389655, "n_events": 389, "total_time": 409.7573833465576}, "batch.accumulate": {"label": "batch.accumulate", "average_duration": 0.002838379313216418, "n_events": 389, "total_time": 1.1041295528411865}, "batch.backward": {"label": "batch.backward", "average_duration": 0.7435844459386595, "n_events": 389, "total_time": 289.25434947013855}, "batch.evaluate": {"label": "batch.evaluate", "average_duration": 0.000514870131230293, "n_events": 389, "total_time": 0.20028448104858398}, "batch.forward": {"label": "batch.forward", "average_duration": 0.26971840919749596, "n_events": 389, "total_time": 104.92046117782593}, "batch.reduce": {"label": "batch.reduce", "average_duration": 0.020702575963076713, "n_events": 389, "total_time": 8.05330204963684}, "batch.step": {"label": "batch.step", "average_duration": 0.01218140217209843, "n_events": 389, "total_time": 4.738565444946289}, "epoch_metrics.collect": {"label": "epoch_metrics.collect", "average_duration": 0.0009887218475341797, "n_events": 1, "total_time": 0.0009887218475341797}, "reduce.allreduce": {"label": "reduce.allreduce", "average_duration": 0.01868356040326979, "n_events": 389, "total_time": 7.267904996871948}, "reduce.flat_pack": {"label": "reduce.flat_pack", "average_duration": 0.001914634189752809, "n_events": 389, "total_time": 0.7447926998138428}, "test.last": {"label": "test.last", "average_duration": 10.693740129470825, "n_events": 1, "total_time": 10.693740129470825}}