{"batch": {"label": "batch", "average_duration": 0.13269134937239088, "n_events": 484, "total_time": 64.22261309623718}, "batch.accumulate": {"label": "batch.accumulate", "average_duration": 0.0007412162694064053, "n_events": 484, "total_time": 0.3587486743927002}, "batch.backward": {"label": "batch.backward", "average_duration": 0.06482328659246776, "n_events": 484, "total_time": 31.374470710754395}, "batch.evaluate": {"label": "batch.evaluate", "average_duration": 0.0005247410663888474, "n_events": 484, "total_time": 0.25397467613220215}, "batch.forward": {"label": "batch.forward", "average_duration": 0.05521708037242416, "n_events": 484, "total_time": 26.725066900253296}, "batch.reduce": {"label": "batch.reduce", "average_duration": 0.006686253981156783, "n_events": 484, "total_time": 3.236146926879883}, "batch.step": {"label": "batch.step", "average_duration": 0.0033226619082048904, "n_events": 484, "total_time": 1.608168363571167}, "epoch_metrics.collect": {"label": "epoch_metrics.collect", "average_duration": 0.006629347801208496, "n_events": 4, "total_time": 0.026517391204833984}, "reduce.compress": {"label": "reduce.compress", "average_duration": 0.0014435102131741106, "n_events": 484, "total_time": 0.6986589431762695}, "reduce.decompress": {"label": "reduce.decompress", "average_duration": 0.0002121954910026109, "n_events": 484, "total_time": 0.10270261764526367}, "reduce.flat_pack": {"label": "reduce.flat_pack", "average_duration": 0.000354678670236887, "n_events": 484, "total_time": 0.17166447639465332}, "reduce.norm": {"label": "reduce.norm", "average_duration": 0.0010493801645010956, "n_events": 484, "total_time": 0.5078999996185303}, "reduce.reduce.vector": {"label": "reduce.reduce.vector", "average_duration": 0.000821641654022469, "n_events": 484, "total_time": 0.397674560546875}, "reduce.setgrad": {"label": "reduce.setgrad", "average_duration": 0.0023711348368116647, "n_events": 484, "total_time": 1.1476292610168457}, "test.last": {"label": "test.last", "average_duration": 1.1839167475700378, "n_events": 4, "total_time": 4.735666990280151}}