{"batch": {"label": "batch", "average_duration": 0.13185129234613466, "n_events": 484, "total_time": 63.816025495529175}, "batch.accumulate": {"label": "batch.accumulate", "average_duration": 0.0007390862654063327, "n_events": 484, "total_time": 0.35771775245666504}, "batch.backward": {"label": "batch.backward", "average_duration": 0.06308446442785341, "n_events": 484, "total_time": 30.532880783081055}, "batch.evaluate": {"label": "batch.evaluate", "average_duration": 0.0005501400340687145, "n_events": 484, "total_time": 0.2662677764892578}, "batch.forward": {"label": "batch.forward", "average_duration": 0.05363798239999566, "n_events": 484, "total_time": 25.9607834815979}, "batch.reduce": {"label": "batch.reduce", "average_duration": 0.009403343043051475, "n_events": 484, "total_time": 4.551218032836914}, "batch.step": {"label": "batch.step", "average_duration": 0.00306193247314327, "n_events": 484, "total_time": 1.4819753170013428}, "epoch_metrics.collect": {"label": "epoch_metrics.collect", "average_duration": 0.005476057529449463, "n_events": 4, "total_time": 0.02190423011779785}, "reduce.compress": {"label": "reduce.compress", "average_duration": 0.0003506570808158433, "n_events": 484, "total_time": 0.16971802711486816}, "reduce.decompress": {"label": "reduce.decompress", "average_duration": 9.123057373299086e-05, "n_events": 484, "total_time": 0.04415559768676758}, "reduce.flat_pack": {"label": "reduce.flat_pack", "average_duration": 0.00035413483942835786, "n_events": 484, "total_time": 0.1714012622833252}, "reduce.norm": {"label": "reduce.norm", "average_duration": 0.004814007558113288, "n_events": 484, "total_time": 2.329979658126831}, "reduce.reduce.vector": {"label": "reduce.reduce.vector", "average_duration": 0.0009304536275627199, "n_events": 484, "total_time": 0.45033955574035645}, "reduce.setgrad": {"label": "reduce.setgrad", "average_duration": 0.0024484657059031085, "n_events": 484, "total_time": 1.1850574016571045}, "test.last": {"label": "test.last", "average_duration": 1.1755027174949646, "n_events": 4, "total_time": 4.702010869979858}}