{"batch": {"label": "batch", "average_duration": 0.19507244229316711, "n_events": 96, "total_time": 18.726954460144043}, "batch.accumulate": {"label": "batch.accumulate", "average_duration": 0.0027280201514561972, "n_events": 96, "total_time": 0.2618899345397949}, "batch.backward": {"label": "batch.backward", "average_duration": 0.12358936419089635, "n_events": 96, "total_time": 11.86457896232605}, "batch.evaluate": {"label": "batch.evaluate", "average_duration": 0.0006973644097646078, "n_events": 96, "total_time": 0.06694698333740234}, "batch.forward": {"label": "batch.forward", "average_duration": 0.041425272822380066, "n_events": 96, "total_time": 3.9768261909484863}, "batch.reduce": {"label": "batch.reduce", "average_duration": 0.010374133785565695, "n_events": 96, "total_time": 0.9959168434143066}, "batch.step": {"label": "batch.step", "average_duration": 0.00834739456574122, "n_events": 96, "total_time": 0.8013498783111572}, "reduce.allreduce": {"label": "reduce.allreduce", "average_duration": 0.009338227411111196, "n_events": 96, "total_time": 0.8964698314666748}, "reduce.flat_pack": {"label": "reduce.flat_pack", "average_duration": 0.0009305874506632487, "n_events": 96, "total_time": 0.08933639526367188}}