{"batch": {"label": "batch", "average_duration": 0.22149121193581106, "n_events": 29249, "total_time": 6478.396457910538}, "batch.accumulate": {"label": "batch.accumulate", "average_duration": 0.0023541835575169303, "n_events": 291, "total_time": 0.6850674152374268}, "batch.backward": {"label": "batch.backward", "average_duration": 0.14451850814947148, "n_events": 29249, "total_time": 4227.021844863892}, "batch.evaluate": {"label": "batch.evaluate", "average_duration": 0.0004165299167233315, "n_events": 29249, "total_time": 12.183083534240723}, "batch.forward": {"label": "batch.forward", "average_duration": 0.06760422149606556, "n_events": 29249, "total_time": 1977.3558745384216}, "batch.reduce": {"label": "batch.reduce", "average_duration": 0.10517019832257143, "n_events": 291, "total_time": 30.604527711868286}, "batch.step": {"label": "batch.step", "average_duration": 0.0051007610805430224, "n_events": 29249, "total_time": 149.19216084480286}, "epoch_metrics.collect": {"label": "epoch_metrics.collect", "average_duration": 0.04413300552624184, "n_events": 149, "total_time": 6.575817823410034}, "reduce.allreduce": {"label": "reduce.allreduce", "average_duration": 0.1038756329579042, "n_events": 291, "total_time": 30.227809190750122}, "reduce.flat_pack": {"label": "reduce.flat_pack", "average_duration": 0.0011962598951411822, "n_events": 291, "total_time": 0.348111629486084}, "test.last": {"label": "test.last", "average_duration": 2.499121680355712, "n_events": 149, "total_time": 372.3691303730011}}