{"batch": {"label": "batch", "average_duration": 0.2114393592865999, "n_events": 484, "total_time": 102.33664989471436}, "batch.accumulate": {"label": "batch.accumulate", "average_duration": 0.001915111522044032, "n_events": 484, "total_time": 0.9269139766693115}, "batch.backward": {"label": "batch.backward", "average_duration": 0.12460947135263238, "n_events": 484, "total_time": 60.31098413467407}, "batch.evaluate": {"label": "batch.evaluate", "average_duration": 0.0005626220348452734, "n_events": 484, "total_time": 0.2723090648651123}, "batch.forward": {"label": "batch.forward", "average_duration": 0.06027538224685291, "n_events": 484, "total_time": 29.173285007476807}, "batch.reduce": {"label": "batch.reduce", "average_duration": 0.012236057726804875, "n_events": 484, "total_time": 5.92225193977356}, "batch.step": {"label": "batch.step", "average_duration": 0.008371202413700828, "n_events": 484, "total_time": 4.051661968231201}, "epoch_metrics.collect": {"label": "epoch_metrics.collect", "average_duration": 0.007157444953918457, "n_events": 4, "total_time": 0.028629779815673828}, "reduce.compress": {"label": "reduce.compress", "average_duration": 0.0014575153342948472, "n_events": 484, "total_time": 0.705437421798706}, "reduce.decompress": {"label": "reduce.decompress", "average_duration": 0.00019531998752562467, "n_events": 484, "total_time": 0.09453487396240234}, "reduce.flat_pack": {"label": "reduce.flat_pack", "average_duration": 0.0007573302127113027, "n_events": 484, "total_time": 0.3665478229522705}, "reduce.norm": {"label": "reduce.norm", "average_duration": 0.0015630096443428481, "n_events": 484, "total_time": 0.7564966678619385}, "reduce.reduce.vector": {"label": "reduce.reduce.vector", "average_duration": 0.000868434748373741, "n_events": 484, "total_time": 0.4203224182128906}, "reduce.setgrad": {"label": "reduce.setgrad", "average_duration": 0.006910891079705609, "n_events": 484, "total_time": 3.3448712825775146}, "test.last": {"label": "test.last", "average_duration": 1.420449137687683, "n_events": 4, "total_time": 5.681796550750732}}