{"batch": {"label": "batch", "average_duration": 0.38270760757942934, "n_events": 29249, "total_time": 11193.814814090729}, "batch.accumulate": {"label": "batch.accumulate", "average_duration": 0.002182907021152875, "n_events": 29249, "total_time": 63.84784746170044}, "batch.backward": {"label": "batch.backward", "average_duration": 0.1437853413152468, "n_events": 29249, "total_time": 4205.577448129654}, "batch.evaluate": {"label": "batch.evaluate", "average_duration": 0.00040979699854720513, "n_events": 29249, "total_time": 11.986152410507202}, "batch.forward": {"label": "batch.forward", "average_duration": 0.06583050918716044, "n_events": 29249, "total_time": 1925.4765632152557}, "batch.reduce": {"label": "batch.reduce", "average_duration": 0.1662867059218235, "n_events": 29249, "total_time": 4863.719861507416}, "batch.step": {"label": "batch.step", "average_duration": 0.0016182087731934428, "n_events": 29249, "total_time": 47.33098840713501}, "epoch_metrics.collect": {"label": "epoch_metrics.collect", "average_duration": 0.0015162317544821925, "n_events": 149, "total_time": 0.22591853141784668}, "reduce.combine": {"label": "reduce.combine", "average_duration": 0.00028157299402624224, "n_events": 29249, "total_time": 8.23572850227356}, "reduce.flat_pack": {"label": "reduce.flat_pack", "average_duration": 0.0010820658798971609, "n_events": 29249, "total_time": 31.64934492111206}, "reduce.gather": {"label": "reduce.gather", "average_duration": 0.004303426399219219, "n_events": 29249, "total_time": 125.87091875076294}, "reduce.set_memory": {"label": "reduce.set_memory", "average_duration": 0.0006248861782579097, "n_events": 29249, "total_time": 18.2772958278656}, "reduce.setgrad": {"label": "reduce.setgrad", "average_duration": 0.006453824233200176, "n_events": 29249, "total_time": 188.76790499687195}, "reduce.topk": {"label": "reduce.topk", "average_duration": 0.15255900027466707, "n_events": 29249, "total_time": 4462.198199033737}, "test.last": {"label": "test.last", "average_duration": 2.477465699983123, "n_events": 149, "total_time": 369.14238929748535}}