{"batch": {"label": "batch", "average_duration": 0.03863109719500982, "n_events": 29249, "total_time": 1129.920961856842}, "batch.accumulate": {"label": "batch.accumulate", "average_duration": 0.0010968336125010067, "n_events": 291, "total_time": 0.31917858123779297}, "batch.backward": {"label": "batch.backward", "average_duration": 0.0223334656115813, "n_events": 29249, "total_time": 653.2315356731415}, "batch.evaluate": {"label": "batch.evaluate", "average_duration": 0.0006074854286598415, "n_events": 29249, "total_time": 17.768341302871704}, "batch.forward": {"label": "batch.forward", "average_duration": 0.01144386730893803, "n_events": 29249, "total_time": 334.7216749191284}, "batch.reduce": {"label": "batch.reduce", "average_duration": 0.019371384197903664, "n_events": 291, "total_time": 5.637072801589966}, "batch.step": {"label": "batch.step", "average_duration": 0.0026550929670012048, "n_events": 29249, "total_time": 77.65881419181824}, "epoch_metrics.collect": {"label": "epoch_metrics.collect", "average_duration": 0.0021237942996441116, "n_events": 149, "total_time": 0.31644535064697266}, "reduce.allreduce": {"label": "reduce.allreduce", "average_duration": 0.018430754900797947, "n_events": 291, "total_time": 5.363349676132202}, "reduce.flat_pack": {"label": "reduce.flat_pack", "average_duration": 0.0008179985780486537, "n_events": 291, "total_time": 0.2380375862121582}, "test.last": {"label": "test.last", "average_duration": 0.9076091091104802, "n_events": 149, "total_time": 135.23375725746155}}