{"batch": {"label": "batch", "average_duration": 0.36248099681028384, "n_events": 194, "total_time": 70.32131338119507}, "batch.accumulate": {"label": "batch.accumulate", "average_duration": 0.0026529713680869655, "n_events": 38, "total_time": 0.10081291198730469}, "batch.backward": {"label": "batch.backward", "average_duration": 0.12244768978394184, "n_events": 194, "total_time": 23.754851818084717}, "batch.evaluate": {"label": "batch.evaluate", "average_duration": 0.0005917143575923959, "n_events": 194, "total_time": 0.1147925853729248}, "batch.forward": {"label": "batch.forward", "average_duration": 0.04105572110598849, "n_events": 194, "total_time": 7.964809894561768}, "batch.reduce": {"label": "batch.reduce", "average_duration": 0.890272667533473, "n_events": 38, "total_time": 33.83036136627197}, "batch.step": {"label": "batch.step", "average_duration": 0.00810035233645095, "n_events": 194, "total_time": 1.5714683532714844}, "reduce.compress": {"label": "reduce.compress", "average_duration": 0.02236493010269968, "n_events": 38, "total_time": 0.8498673439025879}, "reduce.decompress": {"label": "reduce.decompress", "average_duration": 0.0015124082565307617, "n_events": 38, "total_time": 0.057471513748168945}, "reduce.flat_pack": {"label": "reduce.flat_pack", "average_duration": 0.0009123965313560085, "n_events": 38, "total_time": 0.03467106819152832}, "reduce.norm": {"label": "reduce.norm", "average_duration": 0.856987896718477, "n_events": 38, "total_time": 32.565540075302124}, "reduce.setgrad": {"label": "reduce.setgrad", "average_duration": 0.008216933200233862, "n_events": 38, "total_time": 0.3122434616088867}}