{"batch": {"label": "batch", "average_duration": 0.08341653893391292, "n_events": 96, "total_time": 8.00798773765564}, "batch.accumulate": {"label": "batch.accumulate", "average_duration": 0.0010738240347968207, "n_events": 18, "total_time": 0.019328832626342773}, "batch.backward": {"label": "batch.backward", "average_duration": 0.006128030518690745, "n_events": 96, "total_time": 0.5882909297943115}, "batch.evaluate": {"label": "batch.evaluate", "average_duration": 0.05929848551750183, "n_events": 96, "total_time": 5.692654609680176}, "batch.forward": {"label": "batch.forward", "average_duration": 0.0057579949498176575, "n_events": 96, "total_time": 0.5527675151824951}, "batch.reduce": {"label": "batch.reduce", "average_duration": 0.022627525859408908, "n_events": 18, "total_time": 0.40729546546936035}, "batch.step": {"label": "batch.step", "average_duration": 0.003159979979197184, "n_events": 96, "total_time": 0.3033580780029297}, "reduce.compress": {"label": "reduce.compress", "average_duration": 0.0004628764258490668, "n_events": 18, "total_time": 0.008331775665283203}, "reduce.decompress": {"label": "reduce.decompress", "average_duration": 8.936723073323567e-05, "n_events": 18, "total_time": 0.0016086101531982422}, "reduce.flat_pack": {"label": "reduce.flat_pack", "average_duration": 0.00029722849527994793, "n_events": 18, "total_time": 0.0053501129150390625}, "reduce.norm": {"label": "reduce.norm", "average_duration": 0.01813130908542209, "n_events": 18, "total_time": 0.32636356353759766}, "reduce.reduce.vector": {"label": "reduce.reduce.vector", "average_duration": 0.0001462962892320421, "n_events": 18, "total_time": 0.002633333206176758}, "reduce.setgrad": {"label": "reduce.setgrad", "average_duration": 0.0031716956032647025, "n_events": 18, "total_time": 0.05709052085876465}, "reduce_times": [0.1391756534576416, 0.010525703430175781, 0.018958330154418945, 0.018571853637695312, 0.02395462989807129, 0.029622793197631836, 0.025072574615478516, 0.024075984954833984, 0.025964021682739258, 0.021542072296142578, 0.019500732421875, 0.019781827926635742, 0.017121553421020508, 0.023891925811767578, 0.022710800170898438, 0.029965639114379883, 0.02238774299621582, 0.028687000274658203, 0.02496027946472168]}