{"batch": {"label": "batch", "average_duration": 0.08219059805075328, "n_events": 96, "total_time": 7.8902974128723145}, "batch.accumulate": {"label": "batch.accumulate", "average_duration": 0.0011147393120659722, "n_events": 18, "total_time": 0.0200653076171875}, "batch.backward": {"label": "batch.backward", "average_duration": 0.06554992000261943, "n_events": 96, "total_time": 6.292792320251465}, "batch.evaluate": {"label": "batch.evaluate", "average_duration": 0.001249745488166809, "n_events": 96, "total_time": 0.11997556686401367}, "batch.forward": {"label": "batch.forward", "average_duration": 0.006384082138538361, "n_events": 96, "total_time": 0.6128718852996826}, "batch.reduce": {"label": "batch.reduce", "average_duration": 0.008131106694539389, "n_events": 18, "total_time": 0.14635992050170898}, "batch.step": {"label": "batch.step", "average_duration": 0.004020800193150838, "n_events": 96, "total_time": 0.38599681854248047}, "reduce.compress": {"label": "reduce.compress", "average_duration": 0.0021111302905612523, "n_events": 18, "total_time": 0.03800034523010254}, "reduce.decompress": {"label": "reduce.decompress", "average_duration": 0.00021905369228786894, "n_events": 18, "total_time": 0.003942966461181641}, "reduce.flat_pack": {"label": "reduce.flat_pack", "average_duration": 0.0007965564727783203, "n_events": 18, "total_time": 0.014338016510009766}, "reduce.norm": {"label": "reduce.norm", "average_duration": 0.0008960564931233724, "n_events": 18, "total_time": 0.016129016876220703}, "reduce.reduce.vector": {"label": "reduce.reduce.vector", "average_duration": 0.0005090369118584527, "n_events": 18, "total_time": 0.009162664413452148}, "reduce.setgrad": {"label": "reduce.setgrad", "average_duration": 0.003268082936604818, "n_events": 18, "total_time": 0.05882549285888672}, "reduce_times": [0.008347749710083008, 0.008116006851196289, 0.008684873580932617, 0.008302688598632812, 0.007974624633789062, 0.007820367813110352, 0.0077457427978515625, 0.007903099060058594, 0.008014678955078125, 0.00842738151550293, 0.008407115936279297, 0.008184432983398438, 0.008385181427001953, 0.008084535598754883, 0.00821995735168457, 0.008362770080566406, 0.0083770751953125, 0.007939338684082031, 0.0074100494384765625]}