{"batch": {"label": "batch", "average_duration": 0.05224798518721477, "n_events": 29249, "total_time": 1528.2013187408447}, "batch.accumulate": {"label": "batch.accumulate", "average_duration": 0.0010528889936179584, "n_events": 29249, "total_time": 30.795950174331665}, "batch.backward": {"label": "batch.backward", "average_duration": 0.007890815453478982, "n_events": 29249, "total_time": 230.79846119880676}, "batch.evaluate": {"label": "batch.evaluate", "average_duration": 0.017838964894627413, "n_events": 29249, "total_time": 521.7718842029572}, "batch.forward": {"label": "batch.forward", "average_duration": 0.004792388465539904, "n_events": 29249, "total_time": 140.17257022857666}, "batch.reduce": {"label": "batch.reduce", "average_duration": 0.011791813112315188, "n_events": 29249, "total_time": 344.89874172210693}, "batch.step": {"label": "batch.step", "average_duration": 0.005790102057564731, "n_events": 29249, "total_time": 169.35469508171082}, "epoch_metrics.collect": {"label": "epoch_metrics.collect", "average_duration": 0.002475328893469484, "n_events": 149, "total_time": 0.3688240051269531}, "reduce.compress": {"label": "reduce.compress", "average_duration": 0.0003899969750255384, "n_events": 29249, "total_time": 11.407021522521973}, "reduce.decompress": {"label": "reduce.decompress", "average_duration": 7.901536839212685e-05, "n_events": 29249, "total_time": 2.3111205101013184}, "reduce.flat_pack": {"label": "reduce.flat_pack", "average_duration": 0.000324054760274131, "n_events": 29249, "total_time": 9.478277683258057}, "reduce.norm": {"label": "reduce.norm", "average_duration": 0.0063022889008118215, "n_events": 29249, "total_time": 184.33564805984497}, "reduce.reduce.vector": {"label": "reduce.reduce.vector", "average_duration": 0.00012651489650641936, "n_events": 29249, "total_time": 3.7004342079162598}, "reduce.setgrad": {"label": "reduce.setgrad", "average_duration": 0.0035601665580035063, "n_events": 29249, "total_time": 104.13131165504456}, "test.last": {"label": "test.last", "average_duration": 1.0276068937058416, "n_events": 149, "total_time": 153.1134271621704}}