{"batch": {"label": "batch", "average_duration": 1.6306860170866313, "n_events": 95, "total_time": 154.91517162322998}, "batch.accumulate": {"label": "batch.accumulate", "average_duration": 0.0030482241981907893, "n_events": 95, "total_time": 0.289581298828125}, "batch.backward": {"label": "batch.backward", "average_duration": 0.7634811802914269, "n_events": 95, "total_time": 72.53071212768555}, "batch.evaluate": {"label": "batch.evaluate", "average_duration": 0.000607475481535259, "n_events": 95, "total_time": 0.05771017074584961}, "batch.forward": {"label": "batch.forward", "average_duration": 0.25214078802811474, "n_events": 95, "total_time": 23.9533748626709}, "batch.reduce": {"label": "batch.reduce", "average_duration": 0.5944488224230314, "n_events": 95, "total_time": 56.47263813018799}, "batch.step": {"label": "batch.step", "average_duration": 0.01209157893532201, "n_events": 95, "total_time": 1.1486999988555908}, "epoch_metrics.collect": {"label": "epoch_metrics.collect", "average_duration": 0.005884647369384766, "n_events": 1, "total_time": 0.005884647369384766}, "reduce.compress": {"label": "reduce.compress", "average_duration": 0.00037909056010999176, "n_events": 95, "total_time": 0.03601360321044922}, "reduce.decompress": {"label": "reduce.decompress", "average_duration": 8.296464618883635e-05, "n_events": 95, "total_time": 0.007881641387939453}, "reduce.flat_pack": {"label": "reduce.flat_pack", "average_duration": 0.001940330706144634, "n_events": 95, "total_time": 0.18433141708374023}, "reduce.norm": {"label": "reduce.norm", "average_duration": 0.5832490795537045, "n_events": 95, "total_time": 55.40866255760193}, "reduce.reduce.vector": {"label": "reduce.reduce.vector", "average_duration": 0.0002067013790732936, "n_events": 95, "total_time": 0.01963663101196289}, "reduce.setgrad": {"label": "reduce.setgrad", "average_duration": 0.008157137820595189, "n_events": 95, "total_time": 0.774928092956543}, "test.last": {"label": "test.last", "average_duration": 2.395240306854248, "n_events": 1, "total_time": 2.395240306854248}}