{"batch": {"label": "batch", "average_duration": 0.08665163318316142, "n_events": 96, "total_time": 8.318556785583496}, "batch.accumulate": {"label": "batch.accumulate", "average_duration": 0.0009355172514915466, "n_events": 96, "total_time": 0.08980965614318848}, "batch.backward": {"label": "batch.backward", "average_duration": 0.06606298436721166, "n_events": 96, "total_time": 6.342046499252319}, "batch.evaluate": {"label": "batch.evaluate", "average_duration": 0.00114038089911143, "n_events": 96, "total_time": 0.10947656631469727}, "batch.forward": {"label": "batch.forward", "average_duration": 0.00647968053817749, "n_events": 96, "total_time": 0.6220493316650391}, "batch.reduce": {"label": "batch.reduce", "average_duration": 0.005859839419523875, "n_events": 96, "total_time": 0.562544584274292}, "batch.step": {"label": "batch.step", "average_duration": 0.0030727535486221313, "n_events": 96, "total_time": 0.2949843406677246}, "reduce.compress": {"label": "reduce.compress", "average_duration": 0.0003817429145177205, "n_events": 96, "total_time": 0.03664731979370117}, "reduce.decompress": {"label": "reduce.decompress", "average_duration": 8.030484120051067e-05, "n_events": 96, "total_time": 0.0077092647552490234}, "reduce.flat_pack": {"label": "reduce.flat_pack", "average_duration": 0.0006782064835230509, "n_events": 96, "total_time": 0.06510782241821289}, "reduce.norm": {"label": "reduce.norm", "average_duration": 0.0010258952776590984, "n_events": 96, "total_time": 0.09848594665527344}, "reduce.reduce.vector": {"label": "reduce.reduce.vector", "average_duration": 0.00018561134735743204, "n_events": 96, "total_time": 0.017818689346313477}, "reduce.setgrad": {"label": "reduce.setgrad", "average_duration": 0.0029835974176724753, "n_events": 96, "total_time": 0.2864253520965576}}