{"batch": {"label": "batch", "average_duration": 0.19088129726183198, "n_events": 387, "total_time": 73.87106204032898}, "batch.accumulate": {"label": "batch.accumulate", "average_duration": 0.002982060114542643, "n_events": 18, "total_time": 0.05367708206176758}, "batch.backward": {"label": "batch.backward", "average_duration": 0.12317290416983671, "n_events": 387, "total_time": 47.66791391372681}, "batch.evaluate": {"label": "batch.evaluate", "average_duration": 0.0007146969630120644, "n_events": 387, "total_time": 0.27658772468566895}, "batch.forward": {"label": "batch.forward", "average_duration": 0.041327240547160464, "n_events": 387, "total_time": 15.993642091751099}, "batch.reduce": {"label": "batch.reduce", "average_duration": 0.0889181031121148, "n_events": 18, "total_time": 1.6005258560180664}, "batch.step": {"label": "batch.step", "average_duration": 0.00887967942605031, "n_events": 387, "total_time": 3.4364359378814697}, "epoch_metrics.collect": {"label": "epoch_metrics.collect", "average_duration": 0.05646268526713053, "n_events": 3, "total_time": 0.1693880558013916}, "reduce.compress": {"label": "reduce.compress", "average_duration": 0.0010389222039116754, "n_events": 18, "total_time": 0.018700599670410156}, "reduce.decompress": {"label": "reduce.decompress", "average_duration": 0.00021978219350179037, "n_events": 18, "total_time": 0.0039560794830322266}, "reduce.flat_pack": {"label": "reduce.flat_pack", "average_duration": 0.0009587473339504666, "n_events": 18, "total_time": 0.0172574520111084}, "reduce.norm": {"label": "reduce.norm", "average_duration": 0.0774903032514784, "n_events": 18, "total_time": 1.3948254585266113}, "reduce.reduce.vector": {"label": "reduce.reduce.vector", "average_duration": 0.00018796655866834853, "n_events": 18, "total_time": 0.0033833980560302734}, "reduce.setgrad": {"label": "reduce.setgrad", "average_duration": 0.008520682652791342, "n_events": 18, "total_time": 0.15337228775024414}, "test.last": {"label": "test.last", "average_duration": 1.5398493607838948, "n_events": 3, "total_time": 4.619548082351685}}