{"batch": {"label": "batch", "average_duration": 0.05060331026713053, "n_events": 96, "total_time": 4.857917785644531}, "batch.accumulate": {"label": "batch.accumulate", "average_duration": 0.0007852589090665182, "n_events": 96, "total_time": 0.07538485527038574}, "batch.backward": {"label": "batch.backward", "average_duration": 0.012731139858563742, "n_events": 96, "total_time": 1.2221894264221191}, "batch.evaluate": {"label": "batch.evaluate", "average_duration": 0.0004960472385088602, "n_events": 96, "total_time": 0.047620534896850586}, "batch.forward": {"label": "batch.forward", "average_duration": 0.005569726228713989, "n_events": 96, "total_time": 0.534693717956543}, "batch.reduce": {"label": "batch.reduce", "average_duration": 0.02667521188656489, "n_events": 96, "total_time": 2.5608203411102295}, "batch.step": {"label": "batch.step", "average_duration": 0.0028245349725087485, "n_events": 96, "total_time": 0.27115535736083984}, "reduce.compress": {"label": "reduce.compress", "average_duration": 0.0023965885241826377, "n_events": 96, "total_time": 0.2300724983215332}, "reduce.decompress": {"label": "reduce.decompress", "average_duration": 0.00023888051509857178, "n_events": 96, "total_time": 0.02293252944946289}, "reduce.flat_pack": {"label": "reduce.flat_pack", "average_duration": 0.0004413798451423645, "n_events": 96, "total_time": 0.04237246513366699}, "reduce.norm": {"label": "reduce.norm", "average_duration": 0.00274088978767395, "n_events": 96, "total_time": 0.2631254196166992}, "reduce.reduce.vector": {"label": "reduce.reduce.vector", "average_duration": 0.01830681910117467, "n_events": 96, "total_time": 1.7574546337127686}, "reduce.setgrad": {"label": "reduce.setgrad", "average_duration": 0.002280662457148234, "n_events": 96, "total_time": 0.21894359588623047}}