{"batch": {"label": "batch", "average_duration": 0.1944444794015786, "n_events": 194, "total_time": 37.72222900390625}, "batch.accumulate": {"label": "batch.accumulate", "average_duration": 0.0026538685748451634, "n_events": 38, "total_time": 0.10084700584411621}, "batch.backward": {"label": "batch.backward", "average_duration": 0.12485742077385027, "n_events": 194, "total_time": 24.222339630126953}, "batch.evaluate": {"label": "batch.evaluate", "average_duration": 0.0005662588729071862, "n_events": 194, "total_time": 0.10985422134399414}, "batch.forward": {"label": "batch.forward", "average_duration": 0.04164964390784195, "n_events": 194, "total_time": 8.080030918121338}, "batch.reduce": {"label": "batch.reduce", "average_duration": 0.011182333293714021, "n_events": 38, "total_time": 0.4249286651611328}, "batch.step": {"label": "batch.step", "average_duration": 0.008676157784216182, "n_events": 194, "total_time": 1.6831746101379395}, "reduce.compress": {"label": "reduce.compress", "average_duration": 0.0009069693715948807, "n_events": 38, "total_time": 0.03446483612060547}, "reduce.decompress": {"label": "reduce.decompress", "average_duration": 0.0002046321567736174, "n_events": 38, "total_time": 0.007776021957397461}, "reduce.flat_pack": {"label": "reduce.flat_pack", "average_duration": 0.0008973698866994757, "n_events": 38, "total_time": 0.03410005569458008}, "reduce.norm": {"label": "reduce.norm", "average_duration": 0.0003621703700015419, "n_events": 38, "total_time": 0.013762474060058594}, "reduce.reduce.vector": {"label": "reduce.reduce.vector", "average_duration": 0.00011953554655376233, "n_events": 38, "total_time": 0.004542350769042969}, "reduce.setgrad": {"label": "reduce.setgrad", "average_duration": 0.00824734411741558, "n_events": 38, "total_time": 0.313399076461792}}