{"batch": {"label": "batch", "average_duration": 0.18943184167531726, "n_events": 387, "total_time": 73.31012272834778}, "batch.accumulate": {"label": "batch.accumulate", "average_duration": 0.0029771460427178275, "n_events": 18, "total_time": 0.0535886287689209}, "batch.backward": {"label": "batch.backward", "average_duration": 0.024141680670647044, "n_events": 387, "total_time": 9.342830419540405}, "batch.evaluate": {"label": "batch.evaluate", "average_duration": 0.11411566019674296, "n_events": 387, "total_time": 44.162760496139526}, "batch.forward": {"label": "batch.forward", "average_duration": 0.025221331791052213, "n_events": 387, "total_time": 9.760655403137207}, "batch.reduce": {"label": "batch.reduce", "average_duration": 0.06466980775197347, "n_events": 18, "total_time": 1.1640565395355225}, "batch.step": {"label": "batch.step", "average_duration": 0.009379897622791063, "n_events": 387, "total_time": 3.6300203800201416}, "epoch_metrics.collect": {"label": "epoch_metrics.collect", "average_duration": 0.03638434410095215, "n_events": 3, "total_time": 0.10915303230285645}, "reduce.compress": {"label": "reduce.compress", "average_duration": 0.00044353802998860675, "n_events": 18, "total_time": 0.007983684539794922}, "reduce.decompress": {"label": "reduce.decompress", "average_duration": 8.845329284667969e-05, "n_events": 18, "total_time": 0.0015921592712402344}, "reduce.flat_pack": {"label": "reduce.flat_pack", "average_duration": 0.0007707940207587348, "n_events": 18, "total_time": 0.013874292373657227}, "reduce.norm": {"label": "reduce.norm", "average_duration": 0.05388561884562174, "n_events": 18, "total_time": 0.9699411392211914}, "reduce.reduce.vector": {"label": "reduce.reduce.vector", "average_duration": 0.00015038914150661894, "n_events": 18, "total_time": 0.0027070045471191406}, "reduce.setgrad": {"label": "reduce.setgrad", "average_duration": 0.0087662935256958, "n_events": 18, "total_time": 0.15779328346252441}, "test.last": {"label": "test.last", "average_duration": 1.5013651847839355, "n_events": 3, "total_time": 4.504095554351807}, "reduce_times": [1.7557156085968018, 0.06745314598083496, 0.08421087265014648, 0.017245769500732422, 0.020105361938476562, 0.0533449649810791, 0.021409273147583008, 0.0908346176147461, 0.07240772247314453, 0.046201467514038086, 0.08248472213745117, 0.10717964172363281, 0.09664607048034668, 0.09180426597595215, 0.011813879013061523, 0.05101323127746582, 0.04937863349914551, 0.0839853286743164, 0.11653757095336914]}