{"batch": {"label": "batch", "average_duration": 0.18969406638034556, "n_events": 387, "total_time": 73.41160368919373}, "batch.accumulate": {"label": "batch.accumulate", "average_duration": 0.003081149525112576, "n_events": 18, "total_time": 0.05546069145202637}, "batch.backward": {"label": "batch.backward", "average_duration": 0.025894227261999164, "n_events": 387, "total_time": 10.021065950393677}, "batch.evaluate": {"label": "batch.evaluate", "average_duration": 0.11608300159759916, "n_events": 387, "total_time": 44.924121618270874}, "batch.forward": {"label": "batch.forward", "average_duration": 0.02411133990423316, "n_events": 387, "total_time": 9.331088542938232}, "batch.reduce": {"label": "batch.reduce", "average_duration": 0.02380488978491889, "n_events": 18, "total_time": 0.42848801612854004}, "batch.step": {"label": "batch.step", "average_duration": 0.009216925278498529, "n_events": 387, "total_time": 3.5669500827789307}, "epoch_metrics.collect": {"label": "epoch_metrics.collect", "average_duration": 0.003923734029134114, "n_events": 3, "total_time": 0.011771202087402344}, "reduce.compress": {"label": "reduce.compress", "average_duration": 0.00043059719933403865, "n_events": 18, "total_time": 0.007750749588012695}, "reduce.decompress": {"label": "reduce.decompress", "average_duration": 8.731418185763889e-05, "n_events": 18, "total_time": 0.0015716552734375}, "reduce.flat_pack": {"label": "reduce.flat_pack", "average_duration": 0.0007491641574435764, "n_events": 18, "total_time": 0.013484954833984375}, "reduce.norm": {"label": "reduce.norm", "average_duration": 0.013005971908569336, "n_events": 18, "total_time": 0.23410749435424805}, "reduce.reduce.vector": {"label": "reduce.reduce.vector", "average_duration": 0.00015126334296332466, "n_events": 18, "total_time": 0.0027227401733398438}, "reduce.setgrad": {"label": "reduce.setgrad", "average_duration": 0.008828096919589572, "n_events": 18, "total_time": 0.1589057445526123}, "test.last": {"label": "test.last", "average_duration": 1.501449187596639, "n_events": 3, "total_time": 4.504347562789917}, "reduce_times": [1.6966755390167236, 0.01188039779663086, 0.011639833450317383, 0.011607885360717773, 0.015411138534545898, 0.016490459442138672, 0.011114835739135742, 0.011011362075805664, 0.031036376953125, 0.025662899017333984, 0.01114654541015625, 0.011032581329345703, 0.011072874069213867, 0.011113882064819336, 0.06478357315063477, 0.042702674865722656, 0.05032229423522949, 0.031690120697021484, 0.04876828193664551]}