{"batch": {"label": "batch", "average_duration": 0.18976129610717143, "n_events": 387, "total_time": 73.43762159347534}, "batch.accumulate": {"label": "batch.accumulate", "average_duration": 0.0032467974556816947, "n_events": 18, "total_time": 0.05844235420227051}, "batch.backward": {"label": "batch.backward", "average_duration": 0.12336399758508963, "n_events": 387, "total_time": 47.74186706542969}, "batch.evaluate": {"label": "batch.evaluate", "average_duration": 0.0007450192473655523, "n_events": 387, "total_time": 0.28832244873046875}, "batch.forward": {"label": "batch.forward", "average_duration": 0.04137352147459676, "n_events": 387, "total_time": 16.011552810668945}, "batch.reduce": {"label": "batch.reduce", "average_duration": 0.03552275233798557, "n_events": 18, "total_time": 0.6394095420837402}, "batch.step": {"label": "batch.step", "average_duration": 0.009746210211623238, "n_events": 387, "total_time": 3.7717833518981934}, "epoch_metrics.collect": {"label": "epoch_metrics.collect", "average_duration": 0.00976856549580892, "n_events": 3, "total_time": 0.029305696487426758}, "reduce.compress": {"label": "reduce.compress", "average_duration": 0.0004470878177218967, "n_events": 18, "total_time": 0.00804758071899414}, "reduce.decompress": {"label": "reduce.decompress", "average_duration": 8.972485860188802e-05, "n_events": 18, "total_time": 0.0016150474548339844}, "reduce.flat_pack": {"label": "reduce.flat_pack", "average_duration": 0.0010103252198961046, "n_events": 18, "total_time": 0.018185853958129883}, "reduce.norm": {"label": "reduce.norm", "average_duration": 0.023567358652750652, "n_events": 18, "total_time": 0.4242124557495117}, "reduce.reduce.vector": {"label": "reduce.reduce.vector", "average_duration": 0.0002006424797905816, "n_events": 18, "total_time": 0.0036115646362304688}, "reduce.setgrad": {"label": "reduce.setgrad", "average_duration": 0.009702205657958984, "n_events": 18, "total_time": 0.17463970184326172}, "test.last": {"label": "test.last", "average_duration": 1.5014688968658447, "n_events": 3, "total_time": 4.504406690597534}, "reduce_times": [1.586733341217041, 0.015568017959594727, 0.02584075927734375, 0.026661157608032227, 0.08014082908630371, 0.012379646301269531, 0.02832651138305664, 0.0621485710144043, 0.028585195541381836, 0.08200454711914062, 0.035897254943847656, 0.04347062110900879, 0.02394413948059082, 0.03227710723876953, 0.09095191955566406, 0.013277769088745117, 0.01239633560180664, 0.012541055679321289, 0.012998104095458984]}