{"batch": {"label": "batch", "average_duration": 1.1126260388757765, "n_events": 194, "total_time": 215.84945154190063}, "batch.accumulate": {"label": "batch.accumulate", "average_duration": 0.003323623814533666, "n_events": 194, "total_time": 0.6447830200195312}, "batch.backward": {"label": "batch.backward", "average_duration": 0.6782487434210237, "n_events": 194, "total_time": 131.5802562236786}, "batch.evaluate": {"label": "batch.evaluate", "average_duration": 0.0008602007148192101, "n_events": 194, "total_time": 0.16687893867492676}, "batch.forward": {"label": "batch.forward", "average_duration": 0.3086947964638779, "n_events": 194, "total_time": 59.88679051399231}, "batch.reduce": {"label": "batch.reduce", "average_duration": 0.10003999336478636, "n_events": 194, "total_time": 19.407758712768555}, "batch.step": {"label": "batch.step", "average_duration": 0.011612814726288785, "n_events": 194, "total_time": 2.2528860569000244}, "reduce.allreduce": {"label": "reduce.allreduce", "average_duration": 0.09788777901954257, "n_events": 194, "total_time": 18.99022912979126}, "reduce.flat_pack": {"label": "reduce.flat_pack", "average_duration": 0.0019521995918037965, "n_events": 194, "total_time": 0.3787267208099365}, "reduce_times": [3.6030428409576416, 0.11107182502746582, 0.09607720375061035, 0.09104657173156738, 0.09677004814147949, 0.09644746780395508, 0.10295939445495605, 0.09876227378845215, 0.10602498054504395, 0.09431076049804688, 0.09360885620117188, 0.09102416038513184, 0.09547233581542969, 0.09296083450317383, 0.09568095207214355, 0.10119009017944336, 0.09919214248657227, 0.10462450981140137, 0.09763979911804199, 0.1011509895324707, 0.10053658485412598, 0.09955716133117676, 0.09617090225219727, 0.10497164726257324, 0.10526561737060547, 0.10074996948242188, 0.10158395767211914, 0.09956908226013184, 0.09306550025939941, 0.09801173210144043, 0.08751320838928223, 0.09584641456604004, 0.0908961296081543, 0.0941469669342041, 0.08787894248962402, 0.09618234634399414, 0.09193897247314453, 0.10901999473571777, 0.10423922538757324, 0.10712838172912598, 0.10585641860961914, 0.10162019729614258, 0.09601855278015137, 0.10053324699401855, 0.10280466079711914, 0.1094052791595459, 0.10454654693603516, 0.10617733001708984, 0.09514975547790527, 0.1006476879119873, 0.10525751113891602, 0.10382699966430664, 0.10400271415710449, 0.10501265525817871, 0.09775280952453613, 0.0946204662322998, 0.09815835952758789, 0.09658551216125488, 0.09854793548583984, 0.10060763359069824, 0.10001993179321289, 0.0989990234375, 0.09747910499572754, 0.09562921524047852, 0.0981435775756836, 0.09604239463806152, 0.10500979423522949, 0.09975719451904297, 0.0923309326171875, 0.09998345375061035, 0.09509587287902832, 0.09739232063293457, 0.10339689254760742, 0.09610152244567871, 0.09531188011169434, 0.09517884254455566, 0.09800124168395996, 0.09541630744934082, 0.09631013870239258, 0.09369325637817383, 0.09817147254943848, 0.09814453125, 0.09846115112304688, 0.10084033012390137, 0.10364055633544922, 0.10089778900146484, 0.09944462776184082, 0.09873414039611816, 0.0954899787902832, 0.10388875007629395, 0.10984015464782715, 0.1022179126739502, 0.09542703628540039, 0.09915685653686523, 0.09497618675231934, 0.10112118721008301, 0.10002660751342773, 0.10428571701049805, 0.10190534591674805, 0.0976266860961914, 0.10066723823547363, 0.09713006019592285, 0.09676098823547363, 0.09583091735839844, 0.09445071220397949, 0.0966484546661377, 0.10042762756347656, 0.09743380546569824, 0.09284257888793945, 0.09766650199890137, 0.09395313262939453, 0.09441018104553223, 0.09069442749023438, 0.08687114715576172, 0.09145545959472656, 0.0937955379486084, 0.09719014167785645, 0.09339022636413574, 0.09423041343688965, 0.10024118423461914, 0.10718297958374023, 0.1034843921661377, 0.10465121269226074, 0.10506200790405273, 0.10861968994140625, 0.10712981224060059, 0.1032562255859375, 0.10724091529846191, 0.09900307655334473, 0.0993494987487793, 0.09787845611572266, 0.0942997932434082, 0.09800910949707031, 0.10408997535705566, 0.10013484954833984, 0.09684586524963379, 0.09785223007202148, 0.09648656845092773, 0.09364700317382812, 0.09697604179382324, 0.0980684757232666, 0.10007143020629883, 0.09658932685852051, 0.09072637557983398, 0.08886551856994629, 0.09676551818847656, 0.10889434814453125, 0.10510611534118652, 0.1073145866394043, 0.10780596733093262, 0.10932493209838867, 0.10747361183166504, 0.10830402374267578, 0.10421299934387207, 0.10807085037231445, 0.11031794548034668, 0.10670995712280273, 0.11122560501098633, 0.11193537712097168, 0.09759020805358887, 0.0938425064086914, 0.10202336311340332, 0.10549330711364746, 0.09766125679016113, 0.09427928924560547, 0.09178471565246582, 0.09736824035644531, 0.09203457832336426, 0.09351921081542969, 0.09790611267089844, 0.09304976463317871, 0.10159826278686523, 0.10235428810119629, 0.10514092445373535, 0.11268949508666992, 0.10912108421325684, 0.11234545707702637, 0.10370111465454102, 0.0982820987701416, 0.10015487670898438, 0.09537410736083984, 0.09856700897216797, 0.09713149070739746, 0.10505223274230957, 0.10046696662902832, 0.10806941986083984, 0.11337733268737793, 0.10661792755126953, 0.10727739334106445, 0.10932230949401855, 0.1091468334197998, 0.11230850219726562, 0.10679292678833008, 0.10898447036743164, 0.11124610900878906]}