{"batch": {"label": "batch", "average_duration": 0.2004661684234937, "n_events": 96, "total_time": 19.244752168655396}, "batch.accumulate": {"label": "batch.accumulate", "average_duration": 0.0026324763894081116, "n_events": 96, "total_time": 0.2527177333831787}, "batch.backward": {"label": "batch.backward", "average_duration": 0.12368410329023997, "n_events": 96, "total_time": 11.873673915863037}, "batch.evaluate": {"label": "batch.evaluate", "average_duration": 0.0006785442431767782, "n_events": 96, "total_time": 0.0651402473449707}, "batch.forward": {"label": "batch.forward", "average_duration": 0.04133575161298116, "n_events": 96, "total_time": 3.9682321548461914}, "batch.reduce": {"label": "batch.reduce", "average_duration": 0.014878198504447937, "n_events": 96, "total_time": 1.428307056427002}, "batch.step": {"label": "batch.step", "average_duration": 0.008950243393580118, "n_events": 96, "total_time": 0.8592233657836914}, "reduce.compress": {"label": "reduce.compress", "average_duration": 0.00327314684788386, "n_events": 96, "total_time": 0.3142220973968506}, "reduce.decompress": {"label": "reduce.decompress", "average_duration": 0.00028845171133677167, "n_events": 96, "total_time": 0.027691364288330078}, "reduce.flat_pack": {"label": "reduce.flat_pack", "average_duration": 0.0009071404735247294, "n_events": 96, "total_time": 0.08708548545837402}, "reduce.norm": {"label": "reduce.norm", "average_duration": 0.001381474236647288, "n_events": 96, "total_time": 0.13262152671813965}, "reduce.reduce.vector": {"label": "reduce.reduce.vector", "average_duration": 0.0007229447364807129, "n_events": 96, "total_time": 0.06940269470214844}, "reduce.setgrad": {"label": "reduce.setgrad", "average_duration": 0.008032068610191345, "n_events": 96, "total_time": 0.7710785865783691}}