{"batch": {"label": "batch", "average_duration": 0.08232809765807166, "n_events": 779, "total_time": 64.13358807563782}, "batch.accumulate": {"label": "batch.accumulate", "average_duration": 0.0009550044411107114, "n_events": 38, "total_time": 0.03629016876220703}, "batch.backward": {"label": "batch.backward", "average_duration": 0.06698111483925268, "n_events": 779, "total_time": 52.17828845977783}, "batch.evaluate": {"label": "batch.evaluate", "average_duration": 0.0011536211961347116, "n_events": 779, "total_time": 0.8986709117889404}, "batch.forward": {"label": "batch.forward", "average_duration": 0.006450158181637335, "n_events": 779, "total_time": 5.024673223495483}, "batch.reduce": {"label": "batch.reduce", "average_duration": 0.005195743159243935, "n_events": 38, "total_time": 0.19743824005126953}, "batch.step": {"label": "batch.step", "average_duration": 0.0034169079556544725, "n_events": 779, "total_time": 2.661771297454834}, "epoch_metrics.collect": {"label": "epoch_metrics.collect", "average_duration": 0.004314978917439778, "n_events": 3, "total_time": 0.012944936752319336}, "reduce.compress": {"label": "reduce.compress", "average_duration": 0.0003779561896073191, "n_events": 38, "total_time": 0.014362335205078125}, "reduce.decompress": {"label": "reduce.decompress", "average_duration": 8.08489950079667e-05, "n_events": 38, "total_time": 0.0030722618103027344}, "reduce.flat_pack": {"label": "reduce.flat_pack", "average_duration": 0.0006444830643503289, "n_events": 38, "total_time": 0.0244903564453125}, "reduce.norm": {"label": "reduce.norm", "average_duration": 0.000389149314478824, "n_events": 38, "total_time": 0.014787673950195312}, "reduce.reduce.vector": {"label": "reduce.reduce.vector", "average_duration": 0.00013679579684608862, "n_events": 38, "total_time": 0.005198240280151367}, "reduce.setgrad": {"label": "reduce.setgrad", "average_duration": 0.0028738473591051602, "n_events": 38, "total_time": 0.1092061996459961}, "test.last": {"label": "test.last", "average_duration": 2.365409771601359, "n_events": 3, "total_time": 7.096229314804077}}