{"batch": {"label": "batch", "average_duration": 0.2086207424242472, "n_events": 194, "total_time": 40.472424030303955}, "batch.accumulate": {"label": "batch.accumulate", "average_duration": 0.002732829949290482, "n_events": 194, "total_time": 0.5301690101623535}, "batch.backward": {"label": "batch.backward", "average_duration": 0.1244637867839066, "n_events": 194, "total_time": 24.14597463607788}, "batch.evaluate": {"label": "batch.evaluate", "average_duration": 0.0005920658406523085, "n_events": 194, "total_time": 0.11486077308654785}, "batch.forward": {"label": "batch.forward", "average_duration": 0.041488292290992344, "n_events": 194, "total_time": 8.048728704452515}, "batch.reduce": {"label": "batch.reduce", "average_duration": 0.02184038309706855, "n_events": 194, "total_time": 4.237034320831299}, "batch.step": {"label": "batch.step", "average_duration": 0.009132396314561982, "n_events": 194, "total_time": 1.7716848850250244}, "reduce.compress": {"label": "reduce.compress", "average_duration": 0.008674477793506741, "n_events": 194, "total_time": 1.6828486919403076}, "reduce.decompress": {"label": "reduce.decompress", "average_duration": 0.001526772361440757, "n_events": 194, "total_time": 0.29619383811950684}, "reduce.flat_pack": {"label": "reduce.flat_pack", "average_duration": 0.0008955690049633538, "n_events": 194, "total_time": 0.17374038696289062}, "reduce.norm": {"label": "reduce.norm", "average_duration": 0.0005366347499729431, "n_events": 194, "total_time": 0.10410714149475098}, "reduce.reduce.vector": {"label": "reduce.reduce.vector", "average_duration": 0.001481792361465926, "n_events": 194, "total_time": 0.28746771812438965}, "reduce.setgrad": {"label": "reduce.setgrad", "average_duration": 0.008443086417679935, "n_events": 194, "total_time": 1.6379587650299072}}