{"batch": {"label": "batch", "average_duration": 0.35978517679444927, "n_events": 389, "total_time": 139.95643377304077}, "batch.accumulate": {"label": "batch.accumulate", "average_duration": 0.0026983210915013365, "n_events": 38, "total_time": 0.10253620147705078}, "batch.backward": {"label": "batch.backward", "average_duration": 0.12238672398662813, "n_events": 389, "total_time": 47.60843563079834}, "batch.evaluate": {"label": "batch.evaluate", "average_duration": 0.0005649594843847279, "n_events": 389, "total_time": 0.21976923942565918}, "batch.forward": {"label": "batch.forward", "average_duration": 0.04111505719260875, "n_events": 389, "total_time": 15.993757247924805}, "batch.reduce": {"label": "batch.reduce", "average_duration": 1.7391112854606228, "n_events": 38, "total_time": 66.08622884750366}, "batch.step": {"label": "batch.step", "average_duration": 0.008078859520448817, "n_events": 389, "total_time": 3.14267635345459}, "epoch_metrics.collect": {"label": "epoch_metrics.collect", "average_duration": 0.022127151489257812, "n_events": 1, "total_time": 0.022127151489257812}, "reduce.compress": {"label": "reduce.compress", "average_duration": 0.0004498080203407689, "n_events": 38, "total_time": 0.01709270477294922}, "reduce.decompress": {"label": "reduce.decompress", "average_duration": 8.327710001092208e-05, "n_events": 38, "total_time": 0.003164529800415039}, "reduce.flat_pack": {"label": "reduce.flat_pack", "average_duration": 0.0009003375705919767, "n_events": 38, "total_time": 0.03421282768249512}, "reduce.norm": {"label": "reduce.norm", "average_duration": 1.7269876066007113, "n_events": 38, "total_time": 65.62552905082703}, "reduce.reduce.vector": {"label": "reduce.reduce.vector", "average_duration": 0.0017847826606348942, "n_events": 38, "total_time": 0.06782174110412598}, "reduce.setgrad": {"label": "reduce.setgrad", "average_duration": 0.008463470559371146, "n_events": 38, "total_time": 0.3216118812561035}, "test.last": {"label": "test.last", "average_duration": 4.222998857498169, "n_events": 1, "total_time": 4.222998857498169}}