{"batch": {"label": "batch", "average_duration": 0.07417458725958756, "n_events": 194, "total_time": 14.389869928359985}, "batch.accumulate": {"label": "batch.accumulate", "average_duration": 0.0008840573202703417, "n_events": 194, "total_time": 0.1715071201324463}, "batch.backward": {"label": "batch.backward", "average_duration": 0.012774376525092371, "n_events": 194, "total_time": 2.47822904586792}, "batch.evaluate": {"label": "batch.evaluate", "average_duration": 0.0005412212352162784, "n_events": 194, "total_time": 0.10499691963195801}, "batch.forward": {"label": "batch.forward", "average_duration": 0.005675522322507249, "n_events": 194, "total_time": 1.1010513305664062}, "batch.reduce": {"label": "batch.reduce", "average_duration": 0.04928404522925308, "n_events": 194, "total_time": 9.561104774475098}, "batch.step": {"label": "batch.step", "average_duration": 0.003368834859317111, "n_events": 194, "total_time": 0.6535539627075195}, "reduce.allreduce": {"label": "reduce.allreduce", "average_duration": 0.04863765682141805, "n_events": 194, "total_time": 9.435705423355103}, "reduce.flat_pack": {"label": "reduce.flat_pack", "average_duration": 0.0004817640658506413, "n_events": 194, "total_time": 0.09346222877502441}}