{"batch": {"label": "batch", "average_duration": 0.08670976604383017, "n_events": 194, "total_time": 16.82169461250305}, "batch.accumulate": {"label": "batch.accumulate", "average_duration": 0.0009079790606941144, "n_events": 194, "total_time": 0.1761479377746582}, "batch.backward": {"label": "batch.backward", "average_duration": 0.06672862387195076, "n_events": 194, "total_time": 12.945353031158447}, "batch.evaluate": {"label": "batch.evaluate", "average_duration": 0.0011259428004628605, "n_events": 194, "total_time": 0.21843290328979492}, "batch.forward": {"label": "batch.forward", "average_duration": 0.0064389214073259805, "n_events": 194, "total_time": 1.2491507530212402}, "batch.reduce": {"label": "batch.reduce", "average_duration": 0.005625325379912386, "n_events": 194, "total_time": 1.091313123703003}, "batch.step": {"label": "batch.step", "average_duration": 0.002928975931147939, "n_events": 194, "total_time": 0.5682213306427002}, "reduce.compress": {"label": "reduce.compress", "average_duration": 0.0008490036443336723, "n_events": 194, "total_time": 0.16470670700073242}, "reduce.decompress": {"label": "reduce.decompress", "average_duration": 0.00019496863650292465, "n_events": 194, "total_time": 0.03782391548156738}, "reduce.flat_pack": {"label": "reduce.flat_pack", "average_duration": 0.0006705375061821692, "n_events": 194, "total_time": 0.13008427619934082}, "reduce.norm": {"label": "reduce.norm", "average_duration": 0.00033596618888304407, "n_events": 194, "total_time": 0.06517744064331055}, "reduce.reduce.vector": {"label": "reduce.reduce.vector", "average_duration": 0.00011449376332391169, "n_events": 194, "total_time": 0.022211790084838867}, "reduce.setgrad": {"label": "reduce.setgrad", "average_duration": 0.0028562078770902966, "n_events": 194, "total_time": 0.5541043281555176}}