{"batch": {"label": "batch", "average_duration": 1.0626602825365568, "n_events": 95, "total_time": 100.9527268409729}, "batch.accumulate": {"label": "batch.accumulate", "average_duration": 0.0013690622229325143, "n_events": 95, "total_time": 0.13006091117858887}, "batch.backward": {"label": "batch.backward", "average_duration": 0.38857076293543763, "n_events": 95, "total_time": 36.91422247886658}, "batch.evaluate": {"label": "batch.evaluate", "average_duration": 0.0008641017110724198, "n_events": 95, "total_time": 0.08208966255187988}, "batch.forward": {"label": "batch.forward", "average_duration": 0.047554580788863335, "n_events": 95, "total_time": 4.517685174942017}, "batch.reduce": {"label": "batch.reduce", "average_duration": 0.6161956410658987, "n_events": 95, "total_time": 58.538585901260376}, "batch.step": {"label": "batch.step", "average_duration": 0.006218137239155016, "n_events": 95, "total_time": 0.5907230377197266}, "epoch_metrics.collect": {"label": "epoch_metrics.collect", "average_duration": 0.0011444091796875, "n_events": 1, "total_time": 0.0011444091796875}, "reduce.compress": {"label": "reduce.compress", "average_duration": 0.0137568147558915, "n_events": 95, "total_time": 1.3068974018096924}, "reduce.decompress": {"label": "reduce.decompress", "average_duration": 0.001924602608931692, "n_events": 95, "total_time": 0.18283724784851074}, "reduce.flat_pack": {"label": "reduce.flat_pack", "average_duration": 0.001235467509219521, "n_events": 95, "total_time": 0.11736941337585449}, "reduce.norm": {"label": "reduce.norm", "average_duration": 0.5906939632014224, "n_events": 95, "total_time": 56.11592650413513}, "reduce.reduce.vector": {"label": "reduce.reduce.vector", "average_duration": 0.004740742633217259, "n_events": 95, "total_time": 0.45037055015563965}, "reduce.setgrad": {"label": "reduce.setgrad", "average_duration": 0.003547354748374537, "n_events": 95, "total_time": 0.33699870109558105}, "test.last": {"label": "test.last", "average_duration": 0.6723771095275879, "n_events": 1, "total_time": 0.6723771095275879}}