{"batch": {"label": "batch", "average_duration": 1.1035552233764805, "n_events": 194, "total_time": 214.08971333503723}, "batch.accumulate": {"label": "batch.accumulate", "average_duration": 0.0026626795837559653, "n_events": 194, "total_time": 0.5165598392486572}, "batch.backward": {"label": "batch.backward", "average_duration": 0.1259989652437033, "n_events": 194, "total_time": 24.443799257278442}, "batch.evaluate": {"label": "batch.evaluate", "average_duration": 0.0006080103903701625, "n_events": 194, "total_time": 0.11795401573181152}, "batch.forward": {"label": "batch.forward", "average_duration": 0.06035772918425884, "n_events": 194, "total_time": 11.709399461746216}, "batch.reduce": {"label": "batch.reduce", "average_duration": 0.897790194786701, "n_events": 194, "total_time": 174.17129778862}, "batch.step": {"label": "batch.step", "average_duration": 0.008160207689422922, "n_events": 194, "total_time": 1.5830802917480469}, "reduce.allreduce": {"label": "reduce.allreduce", "average_duration": 0.8967216604763699, "n_events": 194, "total_time": 173.96400213241577}, "reduce.flat_pack": {"label": "reduce.flat_pack", "average_duration": 0.0008729610246481354, "n_events": 194, "total_time": 0.16935443878173828}, "reduce_times": [0.10288047790527344, 0.8883051872253418, 0.9069571495056152, 0.9002525806427002, 0.903069257736206, 0.9012360572814941, 0.9089961051940918, 0.8861846923828125, 0.9040017127990723, 0.8906331062316895, 0.9124343395233154, 0.8979978561401367, 0.9003441333770752, 0.8984484672546387, 0.9000327587127686, 0.9000215530395508, 0.9008824825286865, 0.8932383060455322, 0.9002938270568848, 0.8937723636627197, 0.8986248970031738, 0.9024341106414795, 0.8945627212524414, 0.8992056846618652, 0.8879234790802002, 0.9012417793273926, 0.894751787185669, 0.8954770565032959, 0.8933334350585938, 0.8961677551269531, 0.9047420024871826, 0.8902580738067627, 0.9043154716491699, 0.9038608074188232, 0.8964381217956543, 0.8973684310913086, 0.8961412906646729, 0.8983349800109863, 0.8892011642456055, 0.9017577171325684, 0.8924877643585205, 0.899946928024292, 0.9012594223022461, 0.896254301071167, 0.9039571285247803, 0.8951261043548584, 0.896092414855957, 0.8968949317932129, 0.9003257751464844, 0.8987412452697754, 0.9052231311798096, 0.8973453044891357, 0.9007456302642822, 0.8936293125152588, 0.8995599746704102, 0.8977272510528564, 0.9061281681060791, 0.8971529006958008, 0.8927671909332275, 0.9039256572723389, 0.8922772407531738, 0.9076676368713379, 0.8994832038879395, 0.9116685390472412, 0.898061990737915, 0.9040448665618896, 0.9030072689056396, 0.9002580642700195, 0.9107489585876465, 0.8977618217468262, 0.891777515411377, 0.9005990028381348, 0.9065017700195312, 0.8977766036987305, 0.9036798477172852, 0.893589973449707, 0.9036920070648193, 0.9006693363189697, 0.908715009689331, 0.9051361083984375, 0.9034206867218018, 0.9018313884735107, 0.8970997333526611, 0.8962814807891846, 0.9067161083221436, 0.8933532238006592, 0.9025781154632568, 0.8973019123077393, 0.8923728466033936, 0.9012575149536133, 0.8995392322540283, 0.8989098072052002, 0.890718936920166, 0.9034533500671387, 0.9032323360443115, 0.8978168964385986, 0.9105160236358643, 0.9014749526977539, 0.8965411186218262, 0.8992016315460205, 0.9033052921295166, 0.9065361022949219, 0.8992156982421875, 0.893683671951294, 0.9010357856750488, 0.9057450294494629, 0.9048609733581543, 0.8968620300292969, 0.8903465270996094, 0.9029686450958252, 0.9038498401641846, 0.9028952121734619, 0.9085173606872559, 0.9001781940460205, 0.9008288383483887, 0.8939390182495117, 0.9024388790130615, 0.9000065326690674, 0.8990557193756104, 0.9016032218933105, 0.8928759098052979, 0.9000608921051025, 0.9011979103088379, 0.8974204063415527, 0.8936574459075928, 0.8975234031677246, 0.8963112831115723, 0.8996891975402832, 0.9025774002075195, 0.9016280174255371, 0.8942124843597412, 0.8931019306182861, 0.8882732391357422, 0.9018435478210449, 0.8948454856872559, 0.8913226127624512, 0.9005541801452637, 0.8931388854980469, 0.8954799175262451, 0.9011921882629395, 0.9029660224914551, 0.8960802555084229, 0.8965499401092529, 0.8934009075164795, 0.8945138454437256, 0.8875613212585449, 0.8951926231384277, 0.8994283676147461, 0.900303840637207, 0.8964316844940186, 0.8847124576568604, 0.8898026943206787, 0.8947799205780029, 0.8988416194915771, 0.8940737247467041, 0.8949213027954102, 0.8927621841430664, 0.8978748321533203, 0.89780592918396, 0.8990283012390137, 0.8926510810852051, 0.8986105918884277, 0.8944790363311768, 0.8936784267425537, 0.89752197265625, 0.9010140895843506, 0.8969895839691162, 0.8854653835296631, 0.9086339473724365, 0.9010164737701416, 0.894336462020874, 0.8963601589202881, 0.8862204551696777, 0.8854818344116211, 0.9043087959289551, 0.8921496868133545, 0.8922431468963623, 0.8972687721252441, 0.8893911838531494, 0.8902037143707275, 0.8828225135803223, 0.8872957229614258, 0.890082597732544, 0.8957104682922363, 0.8896031379699707, 0.8880152702331543, 0.8986248970031738, 0.8923382759094238, 0.8947045803070068, 0.8941242694854736, 0.8987283706665039, 0.891577959060669, 0.8913044929504395, 0.8851494789123535, 0.8921129703521729]}