{"batch": {"label": "batch", "average_duration": 0.03205759873171335, "n_events": 117149, "total_time": 3755.5156338214874}, "batch.accumulate": {"label": "batch.accumulate", "average_duration": 0.001040167865069844, "n_events": 117149, "total_time": 121.85462522506714}, "batch.backward": {"label": "batch.backward", "average_duration": 0.01044342386360202, "n_events": 117149, "total_time": 1223.436662197113}, "batch.evaluate": {"label": "batch.evaluate", "average_duration": 0.0005763774227538982, "n_events": 117149, "total_time": 67.52203869819641}, "batch.forward": {"label": "batch.forward", "average_duration": 0.006308747827230834, "n_events": 117149, "total_time": 739.063499212265}, "batch.reduce": {"label": "batch.reduce", "average_duration": 0.008391679732973273, "n_events": 117149, "total_time": 983.0768890380859}, "batch.step": {"label": "batch.step", "average_duration": 0.0037920842863773427, "n_events": 117149, "total_time": 444.23888206481934}, "epoch_metrics.collect": {"label": "epoch_metrics.collect", "average_duration": 0.007798834935130689, "n_events": 149, "total_time": 1.1620264053344727}, "reduce.compress": {"label": "reduce.compress", "average_duration": 0.0004411513253307799, "n_events": 117149, "total_time": 51.68043661117554}, "reduce.decompress": {"label": "reduce.decompress", "average_duration": 8.563942283994619e-05, "n_events": 117149, "total_time": 10.032572746276855}, "reduce.flat_pack": {"label": "reduce.flat_pack", "average_duration": 0.0007712804807841359, "n_events": 117149, "total_time": 90.35473704338074}, "reduce.norm": {"label": "reduce.norm", "average_duration": 0.0026599941156462206, "n_events": 117149, "total_time": 311.6156506538391}, "reduce.reduce.vector": {"label": "reduce.reduce.vector", "average_duration": 0.00026724368224680334, "n_events": 117149, "total_time": 31.30733013153076}, "reduce.setgrad": {"label": "reduce.setgrad", "average_duration": 0.0033783753324932195, "n_events": 117149, "total_time": 395.77329182624817}, "test.last": {"label": "test.last", "average_duration": 0.9154446653071666, "n_events": 149, "total_time": 136.40125513076782}}