{"batch": {"label": "batch", "average_duration": 0.24429106564561198, "n_events": 484, "total_time": 118.2368757724762}, "batch.accumulate": {"label": "batch.accumulate", "average_duration": 0.002012436547555214, "n_events": 484, "total_time": 0.9740192890167236}, "batch.backward": {"label": "batch.backward", "average_duration": 0.12486262705700457, "n_events": 484, "total_time": 60.43351149559021}, "batch.evaluate": {"label": "batch.evaluate", "average_duration": 0.0005652648358305624, "n_events": 484, "total_time": 0.2735881805419922}, "batch.forward": {"label": "batch.forward", "average_duration": 0.060184597969055176, "n_events": 484, "total_time": 29.129345417022705}, "batch.reduce": {"label": "batch.reduce", "average_duration": 0.04411657782625561, "n_events": 484, "total_time": 21.352423667907715}, "batch.step": {"label": "batch.step", "average_duration": 0.009029603201495715, "n_events": 484, "total_time": 4.370327949523926}, "epoch_metrics.collect": {"label": "epoch_metrics.collect", "average_duration": 0.004857301712036133, "n_events": 4, "total_time": 0.01942920684814453}, "reduce.compress": {"label": "reduce.compress", "average_duration": 0.0032705600596656483, "n_events": 484, "total_time": 1.5829510688781738}, "reduce.decompress": {"label": "reduce.decompress", "average_duration": 0.00036812124173503277, "n_events": 484, "total_time": 0.17817068099975586}, "reduce.flat_pack": {"label": "reduce.flat_pack", "average_duration": 0.0007580045826178937, "n_events": 484, "total_time": 0.36687421798706055}, "reduce.norm": {"label": "reduce.norm", "average_duration": 0.0014309360961283534, "n_events": 484, "total_time": 0.692573070526123}, "reduce.reduce.vector": {"label": "reduce.reduce.vector", "average_duration": 0.031086267518603113, "n_events": 484, "total_time": 15.045753479003906}, "reduce.setgrad": {"label": "reduce.setgrad", "average_duration": 0.006839120190990857, "n_events": 484, "total_time": 3.310134172439575}, "test.last": {"label": "test.last", "average_duration": 1.4151301383972168, "n_events": 4, "total_time": 5.660520553588867}}