{"batch": {"label": "batch", "average_duration": 0.14008503870797598, "n_events": 974, "total_time": 136.4428277015686}, "batch.accumulate": {"label": "batch.accumulate", "average_duration": 0.002133700637112408, "n_events": 974, "total_time": 2.0782244205474854}, "batch.backward": {"label": "batch.backward", "average_duration": 0.08196493095930597, "n_events": 974, "total_time": 79.83384275436401}, "batch.evaluate": {"label": "batch.evaluate", "average_duration": 0.00046001249270272696, "n_events": 974, "total_time": 0.44805216789245605}, "batch.forward": {"label": "batch.forward", "average_duration": 0.03577371838156448, "n_events": 974, "total_time": 34.8436017036438}, "batch.reduce": {"label": "batch.reduce", "average_duration": 0.008048197571991406, "n_events": 974, "total_time": 7.838944435119629}, "batch.step": {"label": "batch.step", "average_duration": 0.008087661232057293, "n_events": 974, "total_time": 7.877382040023804}, "epoch_metrics.collect": {"label": "epoch_metrics.collect", "average_duration": 0.003760695457458496, "n_events": 4, "total_time": 0.015042781829833984}, "reduce.allreduce": {"label": "reduce.allreduce", "average_duration": 0.007115060543867107, "n_events": 974, "total_time": 6.9300689697265625}, "reduce.flat_pack": {"label": "reduce.flat_pack", "average_duration": 0.000830151706750388, "n_events": 974, "total_time": 0.8085677623748779}, "test.last": {"label": "test.last", "average_duration": 1.516633152961731, "n_events": 4, "total_time": 6.066532611846924}}