{"batch": {"label": "batch", "average_duration": 0.08439688288272197, "n_events": 387, "total_time": 32.6615936756134}, "batch.accumulate": {"label": "batch.accumulate", "average_duration": 0.001126514540778266, "n_events": 18, "total_time": 0.02027726173400879}, "batch.backward": {"label": "batch.backward", "average_duration": 0.007083399967321746, "n_events": 387, "total_time": 2.7412757873535156}, "batch.evaluate": {"label": "batch.evaluate", "average_duration": 0.05970737607596149, "n_events": 387, "total_time": 23.106754541397095}, "batch.forward": {"label": "batch.forward", "average_duration": 0.00557651445847149, "n_events": 387, "total_time": 2.158111095428467}, "batch.reduce": {"label": "batch.reduce", "average_duration": 0.06724798679351807, "n_events": 18, "total_time": 1.2104637622833252}, "batch.step": {"label": "batch.step", "average_duration": 0.003093304252131657, "n_events": 387, "total_time": 1.1971087455749512}, "epoch_metrics.collect": {"label": "epoch_metrics.collect", "average_duration": 0.006193876266479492, "n_events": 3, "total_time": 0.018581628799438477}, "reduce.compress": {"label": "reduce.compress", "average_duration": 0.0004382928212483724, "n_events": 18, "total_time": 0.007889270782470703}, "reduce.decompress": {"label": "reduce.decompress", "average_duration": 8.592340681287978e-05, "n_events": 18, "total_time": 0.001546621322631836}, "reduce.flat_pack": {"label": "reduce.flat_pack", "average_duration": 0.0003224346372816298, "n_events": 18, "total_time": 0.005803823471069336}, "reduce.norm": {"label": "reduce.norm", "average_duration": 0.06241615613301595, "n_events": 18, "total_time": 1.123490810394287}, "reduce.reduce.vector": {"label": "reduce.reduce.vector", "average_duration": 0.00015723705291748047, "n_events": 18, "total_time": 0.0028302669525146484}, "reduce.setgrad": {"label": "reduce.setgrad", "average_duration": 0.00331976678636339, "n_events": 18, "total_time": 0.059755802154541016}, "test.last": {"label": "test.last", "average_duration": 1.3475171724955242, "n_events": 3, "total_time": 4.042551517486572}, "reduce_times": [1.082153558731079, 0.11007428169250488, 0.07950901985168457, 0.06688666343688965, 0.005956411361694336, 0.06430554389953613, 0.06845569610595703, 0.0727226734161377, 0.06361222267150879, 0.019917964935302734, 0.06157660484313965, 0.07946586608886719, 0.07156038284301758, 0.07352209091186523, 0.05365920066833496, 0.07528042793273926, 0.0734248161315918, 0.07385754585266113, 0.09667634963989258]}