{"batch": {"label": "batch", "average_duration": 0.2101429346179174, "n_events": 484, "total_time": 101.70918035507202}, "batch.accumulate": {"label": "batch.accumulate", "average_duration": 0.0020607837960739768, "n_events": 484, "total_time": 0.9974193572998047}, "batch.backward": {"label": "batch.backward", "average_duration": 0.12471531540894311, "n_events": 484, "total_time": 60.36221265792847}, "batch.evaluate": {"label": "batch.evaluate", "average_duration": 0.0005417924281979395, "n_events": 484, "total_time": 0.26222753524780273}, "batch.forward": {"label": "batch.forward", "average_duration": 0.06017647252595129, "n_events": 484, "total_time": 29.125412702560425}, "batch.reduce": {"label": "batch.reduce", "average_duration": 0.009940960683113287, "n_events": 484, "total_time": 4.811424970626831}, "batch.step": {"label": "batch.step", "average_duration": 0.009318158153660041, "n_events": 484, "total_time": 4.50998854637146}, "epoch_metrics.collect": {"label": "epoch_metrics.collect", "average_duration": 0.006097078323364258, "n_events": 4, "total_time": 0.02438831329345703}, "reduce.compress": {"label": "reduce.compress", "average_duration": 0.0003402863652252954, "n_events": 484, "total_time": 0.16469860076904297}, "reduce.decompress": {"label": "reduce.decompress", "average_duration": 9.661617357868793e-05, "n_events": 484, "total_time": 0.04676222801208496}, "reduce.flat_pack": {"label": "reduce.flat_pack", "average_duration": 0.0007568558385549498, "n_events": 484, "total_time": 0.3663182258605957}, "reduce.norm": {"label": "reduce.norm", "average_duration": 0.0008359452909674527, "n_events": 484, "total_time": 0.40459752082824707}, "reduce.reduce.vector": {"label": "reduce.reduce.vector", "average_duration": 0.00089595633104813, "n_events": 484, "total_time": 0.4336428642272949}, "reduce.setgrad": {"label": "reduce.setgrad", "average_duration": 0.00658195274920503, "n_events": 484, "total_time": 3.1856651306152344}, "test.last": {"label": "test.last", "average_duration": 1.4184277057647705, "n_events": 4, "total_time": 5.673710823059082}}