{"batch": {"label": "batch", "average_duration": 0.08278701454401016, "n_events": 96, "total_time": 7.947553396224976}, "batch.accumulate": {"label": "batch.accumulate", "average_duration": 0.001041028234693739, "n_events": 18, "total_time": 0.018738508224487305}, "batch.backward": {"label": "batch.backward", "average_duration": 0.06654885659615199, "n_events": 96, "total_time": 6.388690233230591}, "batch.evaluate": {"label": "batch.evaluate", "average_duration": 0.001179628074169159, "n_events": 96, "total_time": 0.11324429512023926}, "batch.forward": {"label": "batch.forward", "average_duration": 0.006463584800561269, "n_events": 96, "total_time": 0.6205041408538818}, "batch.reduce": {"label": "batch.reduce", "average_duration": 0.00848310523562961, "n_events": 18, "total_time": 0.152695894241333}, "batch.step": {"label": "batch.step", "average_duration": 0.0033061454693476358, "n_events": 96, "total_time": 0.31738996505737305}, "reduce.compress": {"label": "reduce.compress", "average_duration": 0.0021209054523044163, "n_events": 18, "total_time": 0.03817629814147949}, "reduce.decompress": {"label": "reduce.decompress", "average_duration": 0.00022386180029975044, "n_events": 18, "total_time": 0.004029512405395508}, "reduce.flat_pack": {"label": "reduce.flat_pack", "average_duration": 0.0006434387630886502, "n_events": 18, "total_time": 0.011581897735595703}, "reduce.norm": {"label": "reduce.norm", "average_duration": 0.0015944110022650824, "n_events": 18, "total_time": 0.028699398040771484}, "reduce.reduce.vector": {"label": "reduce.reduce.vector", "average_duration": 0.0005153550042046441, "n_events": 18, "total_time": 0.009276390075683594}, "reduce.setgrad": {"label": "reduce.setgrad", "average_duration": 0.0030626853307088218, "n_events": 18, "total_time": 0.05512833595275879}}