{"batch": {"label": "batch", "average_duration": 0.08726033274991525, "n_events": 193, "total_time": 16.841244220733643}, "batch.accumulate": {"label": "batch.accumulate", "average_duration": 0.0010115305582682292, "n_events": 18, "total_time": 0.018207550048828125}, "batch.backward": {"label": "batch.backward", "average_duration": 0.06696344780798404, "n_events": 193, "total_time": 12.923945426940918}, "batch.evaluate": {"label": "batch.evaluate", "average_duration": 0.0011917729451866347, "n_events": 193, "total_time": 0.2300121784210205}, "batch.forward": {"label": "batch.forward", "average_duration": 0.0065267765460236705, "n_events": 193, "total_time": 1.2596678733825684}, "batch.reduce": {"label": "batch.reduce", "average_duration": 0.006588260332743327, "n_events": 18, "total_time": 0.11858868598937988}, "batch.step": {"label": "batch.step", "average_duration": 0.003506935939887645, "n_events": 193, "total_time": 0.6768386363983154}, "epoch_metrics.collect": {"label": "epoch_metrics.collect", "average_duration": 0.008369922637939453, "n_events": 1, "total_time": 0.008369922637939453}, "reduce.compress": {"label": "reduce.compress", "average_duration": 0.0003692573971218533, "n_events": 18, "total_time": 0.006646633148193359}, "reduce.decompress": {"label": "reduce.decompress", "average_duration": 7.919470469156901e-05, "n_events": 18, "total_time": 0.0014255046844482422}, "reduce.flat_pack": {"label": "reduce.flat_pack", "average_duration": 0.0006875726911756727, "n_events": 18, "total_time": 0.01237630844116211}, "reduce.norm": {"label": "reduce.norm", "average_duration": 0.0016724401050143773, "n_events": 18, "total_time": 0.03010392189025879}, "reduce.reduce.vector": {"label": "reduce.reduce.vector", "average_duration": 0.0001518461439344618, "n_events": 18, "total_time": 0.0027332305908203125}, "reduce.setgrad": {"label": "reduce.setgrad", "average_duration": 0.0030222998725043405, "n_events": 18, "total_time": 0.054401397705078125}, "test.last": {"label": "test.last", "average_duration": 1.3321912288665771, "n_events": 1, "total_time": 1.3321912288665771}}