{"batch": {"label": "batch", "average_duration": 0.08399875958760579, "n_events": 96, "total_time": 8.063880920410156}, "batch.accumulate": {"label": "batch.accumulate", "average_duration": 0.0010870960023668078, "n_events": 18, "total_time": 0.01956772804260254}, "batch.backward": {"label": "batch.backward", "average_duration": 0.0065925220648447675, "n_events": 96, "total_time": 0.6328821182250977}, "batch.evaluate": {"label": "batch.evaluate", "average_duration": 0.05824516713619232, "n_events": 96, "total_time": 5.591536045074463}, "batch.forward": {"label": "batch.forward", "average_duration": 0.005612713595231374, "n_events": 96, "total_time": 0.5388205051422119}, "batch.reduce": {"label": "batch.reduce", "average_duration": 0.03447736634148492, "n_events": 18, "total_time": 0.6205925941467285}, "batch.step": {"label": "batch.step", "average_duration": 0.0031154751777648926, "n_events": 96, "total_time": 0.2990856170654297}, "reduce.compress": {"label": "reduce.compress", "average_duration": 0.00042270289527045353, "n_events": 18, "total_time": 0.007608652114868164}, "reduce.decompress": {"label": "reduce.decompress", "average_duration": 9.074476030137803e-05, "n_events": 18, "total_time": 0.0016334056854248047}, "reduce.flat_pack": {"label": "reduce.flat_pack", "average_duration": 0.0003139707777235243, "n_events": 18, "total_time": 0.0056514739990234375}, "reduce.norm": {"label": "reduce.norm", "average_duration": 0.02989616658952501, "n_events": 18, "total_time": 0.5381309986114502}, "reduce.reduce.vector": {"label": "reduce.reduce.vector", "average_duration": 0.0001491705576578776, "n_events": 18, "total_time": 0.002685070037841797}, "reduce.setgrad": {"label": "reduce.setgrad", "average_duration": 0.003272745344373915, "n_events": 18, "total_time": 0.05890941619873047}}