{"batch": {"label": "batch", "average_duration": 0.08411542574564616, "n_events": 96, "total_time": 8.075080871582031}, "batch.accumulate": {"label": "batch.accumulate", "average_duration": 0.0010695457458496094, "n_events": 18, "total_time": 0.01925182342529297}, "batch.backward": {"label": "batch.backward", "average_duration": 0.005775732298692067, "n_events": 96, "total_time": 0.5544703006744385}, "batch.evaluate": {"label": "batch.evaluate", "average_duration": 0.061724863946437836, "n_events": 96, "total_time": 5.925586938858032}, "batch.forward": {"label": "batch.forward", "average_duration": 0.0056815072894096375, "n_events": 96, "total_time": 0.5454246997833252}, "batch.reduce": {"label": "batch.reduce", "average_duration": 0.02047333452436659, "n_events": 18, "total_time": 0.36852002143859863}, "batch.step": {"label": "batch.step", "average_duration": 0.0031815792123476663, "n_events": 96, "total_time": 0.305431604385376}, "reduce.compress": {"label": "reduce.compress", "average_duration": 0.0004126628239949544, "n_events": 18, "total_time": 0.00742793083190918}, "reduce.decompress": {"label": "reduce.decompress", "average_duration": 8.908907572428386e-05, "n_events": 18, "total_time": 0.0016036033630371094}, "reduce.flat_pack": {"label": "reduce.flat_pack", "average_duration": 0.0002967251671685113, "n_events": 18, "total_time": 0.005341053009033203}, "reduce.norm": {"label": "reduce.norm", "average_duration": 0.016142725944519043, "n_events": 18, "total_time": 0.2905690670013428}, "reduce.reduce.vector": {"label": "reduce.reduce.vector", "average_duration": 0.00014724996354844834, "n_events": 18, "total_time": 0.0026504993438720703}, "reduce.setgrad": {"label": "reduce.setgrad", "average_duration": 0.0030730565388997397, "n_events": 18, "total_time": 0.05531501770019531}}