{"batch": {"label": "batch", "average_duration": 0.3206817184885343, "n_events": 96, "total_time": 30.785444974899292}, "batch.accumulate": {"label": "batch.accumulate", "average_duration": 0.0027919958035151162, "n_events": 96, "total_time": 0.26803159713745117}, "batch.backward": {"label": "batch.backward", "average_duration": 0.12158128370841344, "n_events": 96, "total_time": 11.67180323600769}, "batch.evaluate": {"label": "batch.evaluate", "average_duration": 0.0008675480882326762, "n_events": 96, "total_time": 0.08328461647033691}, "batch.forward": {"label": "batch.forward", "average_duration": 0.04097035278876623, "n_events": 96, "total_time": 3.9331538677215576}, "batch.reduce": {"label": "batch.reduce", "average_duration": 0.137012946108977, "n_events": 96, "total_time": 13.153242826461792}, "batch.step": {"label": "batch.step", "average_duration": 0.00921754539012909, "n_events": 96, "total_time": 0.8848843574523926}, "reduce.allreduce": {"label": "reduce.allreduce", "average_duration": 0.1358980139096578, "n_events": 96, "total_time": 13.046209335327148}, "reduce.flat_pack": {"label": "reduce.flat_pack", "average_duration": 0.000908347467581431, "n_events": 96, "total_time": 0.08720135688781738}}