{"batch": {"label": "batch", "average_duration": 0.24325995947703843, "n_events": 484, "total_time": 117.7378203868866}, "batch.accumulate": {"label": "batch.accumulate", "average_duration": 0.0022673597020551194, "n_events": 484, "total_time": 1.0974020957946777}, "batch.backward": {"label": "batch.backward", "average_duration": 0.124654627535954, "n_events": 484, "total_time": 60.33283972740173}, "batch.evaluate": {"label": "batch.evaluate", "average_duration": 0.0009911991347951337, "n_events": 484, "total_time": 0.4797403812408447}, "batch.forward": {"label": "batch.forward", "average_duration": 0.06061798334121704, "n_events": 484, "total_time": 29.339103937149048}, "batch.reduce": {"label": "batch.reduce", "average_duration": 0.04030414061112837, "n_events": 484, "total_time": 19.507204055786133}, "batch.step": {"label": "batch.step", "average_duration": 0.009676480096233777, "n_events": 484, "total_time": 4.683416366577148}, "epoch_metrics.collect": {"label": "epoch_metrics.collect", "average_duration": 0.004309892654418945, "n_events": 4, "total_time": 0.01723957061767578}, "reduce.allocate_memory": {"label": "reduce.allocate_memory", "average_duration": 0.0008843590405361711, "n_events": 484, "total_time": 0.42802977561950684}, "reduce.compute.p": {"label": "reduce.compute.p", "average_duration": 0.001783608405058049, "n_events": 484, "total_time": 0.8632664680480957}, "reduce.compute.q": {"label": "reduce.compute.q", "average_duration": 0.0023577981743930785, "n_events": 484, "total_time": 1.14117431640625}, "reduce.normalize.p": {"label": "reduce.normalize.p", "average_duration": 0.015321969493361544, "n_events": 484, "total_time": 7.415833234786987}, "reduce.outerprod": {"label": "reduce.outerprod", "average_duration": 0.0042036229913884945, "n_events": 484, "total_time": 2.0345535278320312}, "reduce.p": {"label": "reduce.p", "average_duration": 0.0016955472221059247, "n_events": 484, "total_time": 0.8206448554992676}, "reduce.prepare.q": {"label": "reduce.prepare.q", "average_duration": 0.000865062898840786, "n_events": 484, "total_time": 0.41869044303894043}, "reduce.q": {"label": "reduce.q", "average_duration": 0.0020142636023277095, "n_events": 484, "total_time": 0.9749035835266113}, "reduce.rank1.all_reduce": {"label": "reduce.rank1.all_reduce", "average_duration": 0.001452946465862684, "n_events": 484, "total_time": 0.7032260894775391}, "reduce.rank1.pack": {"label": "reduce.rank1.pack", "average_duration": 0.0007140542850021488, "n_events": 484, "total_time": 0.34560227394104004}, "reduce.rank1.unpack": {"label": "reduce.rank1.unpack", "average_duration": 0.0022106973592900046, "n_events": 484, "total_time": 1.0699775218963623}, "test.last": {"label": "test.last", "average_duration": 1.4325777292251587, "n_events": 4, "total_time": 5.730310916900635}}