{"batch": {"label": "batch", "average_duration": 0.08174885716931574, "n_events": 290, "total_time": 23.707168579101562}, "batch.accumulate": {"label": "batch.accumulate", "average_duration": 0.001078963279724121, "n_events": 18, "total_time": 0.01942133903503418}, "batch.backward": {"label": "batch.backward", "average_duration": 0.06675554719464533, "n_events": 290, "total_time": 19.359108686447144}, "batch.evaluate": {"label": "batch.evaluate", "average_duration": 0.0012169122695922852, "n_events": 290, "total_time": 0.3529045581817627}, "batch.forward": {"label": "batch.forward", "average_duration": 0.006509043430459911, "n_events": 290, "total_time": 1.887622594833374}, "batch.reduce": {"label": "batch.reduce", "average_duration": 0.009609686003790962, "n_events": 18, "total_time": 0.1729743480682373}, "batch.step": {"label": "batch.step", "average_duration": 0.003563333379811254, "n_events": 290, "total_time": 1.0333666801452637}, "epoch_metrics.collect": {"label": "epoch_metrics.collect", "average_duration": 0.002009868621826172, "n_events": 2, "total_time": 0.004019737243652344}, "reduce.allreduce": {"label": "reduce.allreduce", "average_duration": 0.00877160496181912, "n_events": 18, "total_time": 0.15788888931274414}, "reduce.flat_pack": {"label": "reduce.flat_pack", "average_duration": 0.0007092687818739149, "n_events": 18, "total_time": 0.012766838073730469}, "test.last": {"label": "test.last", "average_duration": 1.3490599393844604, "n_events": 2, "total_time": 2.698119878768921}}