{"batch": {"label": "batch", "average_duration": 0.1297544240951538, "n_events": 96, "total_time": 12.456424713134766}, "batch.accumulate": {"label": "batch.accumulate", "average_duration": 0.001021099587281545, "n_events": 96, "total_time": 0.09802556037902832}, "batch.backward": {"label": "batch.backward", "average_duration": 0.063820980489254, "n_events": 96, "total_time": 6.126814126968384}, "batch.evaluate": {"label": "batch.evaluate", "average_duration": 0.0013899778326352437, "n_events": 96, "total_time": 0.1334378719329834}, "batch.forward": {"label": "batch.forward", "average_duration": 0.0063239460190137224, "n_events": 96, "total_time": 0.6070988178253174}, "batch.reduce": {"label": "batch.reduce", "average_duration": 0.05092943459749222, "n_events": 96, "total_time": 4.889225721359253}, "batch.step": {"label": "batch.step", "average_duration": 0.0031477188070615134, "n_events": 96, "total_time": 0.3021810054779053}, "reduce.compress": {"label": "reduce.compress", "average_duration": 0.022914248208204906, "n_events": 96, "total_time": 2.199767827987671}, "reduce.decompress": {"label": "reduce.decompress", "average_duration": 0.001107958455880483, "n_events": 96, "total_time": 0.10636401176452637}, "reduce.flat_pack": {"label": "reduce.flat_pack", "average_duration": 0.0006848399837811788, "n_events": 96, "total_time": 0.06574463844299316}, "reduce.norm": {"label": "reduce.norm", "average_duration": 0.0033198346694310508, "n_events": 96, "total_time": 0.31870412826538086}, "reduce.reduce.vector": {"label": "reduce.reduce.vector", "average_duration": 0.01937929292519887, "n_events": 96, "total_time": 1.8604121208190918}, "reduce.setgrad": {"label": "reduce.setgrad", "average_duration": 0.0030360942085584006, "n_events": 96, "total_time": 0.29146504402160645}}