{"batch": {"label": "batch", "average_duration": 0.03091255006569517, "n_events": 389, "total_time": 12.02498197555542}, "batch.accumulate": {"label": "batch.accumulate", "average_duration": 0.0007611540718372806, "n_events": 389, "total_time": 0.29608893394470215}, "batch.backward": {"label": "batch.backward", "average_duration": 0.01278375108321712, "n_events": 389, "total_time": 4.97287917137146}, "batch.evaluate": {"label": "batch.evaluate", "average_duration": 0.0010695831328247384, "n_events": 389, "total_time": 0.41606783866882324}, "batch.forward": {"label": "batch.forward", "average_duration": 0.005533894413847543, "n_events": 389, "total_time": 2.1526849269866943}, "batch.reduce": {"label": "batch.reduce", "average_duration": 0.00656234758372172, "n_events": 389, "total_time": 2.552753210067749}, "batch.step": {"label": "batch.step", "average_duration": 0.0027606971466142905, "n_events": 389, "total_time": 1.073911190032959}, "reduce.compress": {"label": "reduce.compress", "average_duration": 0.002475683364279779, "n_events": 389, "total_time": 0.963040828704834}, "reduce.decompress": {"label": "reduce.decompress", "average_duration": 0.00022026812202826258, "n_events": 389, "total_time": 0.08568429946899414}, "reduce.flat_pack": {"label": "reduce.flat_pack", "average_duration": 0.0009438997675643175, "n_events": 389, "total_time": 0.36717700958251953}, "reduce.norm": {"label": "reduce.norm", "average_duration": 0.00035384442934953154, "n_events": 389, "total_time": 0.13764548301696777}, "reduce.reduce.vector": {"label": "reduce.reduce.vector", "average_duration": 9.774548841932439e-06, "n_events": 389, "total_time": 0.0038022994995117188}, "reduce.setgrad": {"label": "reduce.setgrad", "average_duration": 0.002381749508619921, "n_events": 389, "total_time": 0.9265005588531494}}