{"batch": {"label": "batch", "average_duration": 0.19582309253475208, "n_events": 193, "total_time": 37.79385685920715}, "batch.accumulate": {"label": "batch.accumulate", "average_duration": 0.002987755669487847, "n_events": 18, "total_time": 0.05377960205078125}, "batch.backward": {"label": "batch.backward", "average_duration": 0.025722492544144545, "n_events": 193, "total_time": 4.9644410610198975}, "batch.evaluate": {"label": "batch.evaluate", "average_duration": 0.11762801970842589, "n_events": 193, "total_time": 22.702207803726196}, "batch.forward": {"label": "batch.forward", "average_duration": 0.023581533234354128, "n_events": 193, "total_time": 4.551235914230347}, "batch.reduce": {"label": "batch.reduce", "average_duration": 0.020493878258599177, "n_events": 18, "total_time": 0.36888980865478516}, "batch.step": {"label": "batch.step", "average_duration": 0.009178559397168728, "n_events": 193, "total_time": 1.7714619636535645}, "epoch_metrics.collect": {"label": "epoch_metrics.collect", "average_duration": 0.0015416145324707031, "n_events": 1, "total_time": 0.0015416145324707031}, "reduce.compress": {"label": "reduce.compress", "average_duration": 0.0009828673468695746, "n_events": 18, "total_time": 0.017691612243652344}, "reduce.decompress": {"label": "reduce.decompress", "average_duration": 0.00021935833825005425, "n_events": 18, "total_time": 0.0039484500885009766}, "reduce.flat_pack": {"label": "reduce.flat_pack", "average_duration": 0.000739892323811849, "n_events": 18, "total_time": 0.013318061828613281}, "reduce.norm": {"label": "reduce.norm", "average_duration": 0.009021057022942437, "n_events": 18, "total_time": 0.16237902641296387}, "reduce.reduce.vector": {"label": "reduce.reduce.vector", "average_duration": 0.00012640158335367838, "n_events": 18, "total_time": 0.002275228500366211}, "reduce.setgrad": {"label": "reduce.setgrad", "average_duration": 0.00885556803809272, "n_events": 18, "total_time": 0.15940022468566895}, "test.last": {"label": "test.last", "average_duration": 1.525071144104004, "n_events": 1, "total_time": 1.525071144104004}}