{"batch": {"label": "batch", "average_duration": 0.19515992446266925, "n_events": 193, "total_time": 37.665865421295166}, "batch.accumulate": {"label": "batch.accumulate", "average_duration": 0.0029247866736518014, "n_events": 18, "total_time": 0.05264616012573242}, "batch.backward": {"label": "batch.backward", "average_duration": 0.12296647729033633, "n_events": 193, "total_time": 23.732530117034912}, "batch.evaluate": {"label": "batch.evaluate", "average_duration": 0.0007935249743683968, "n_events": 193, "total_time": 0.15315032005310059}, "batch.forward": {"label": "batch.forward", "average_duration": 0.04124747286188788, "n_events": 193, "total_time": 7.96076226234436}, "batch.reduce": {"label": "batch.reduce", "average_duration": 0.04091359509362115, "n_events": 18, "total_time": 0.7364447116851807}, "batch.step": {"label": "batch.step", "average_duration": 0.009126758328373568, "n_events": 193, "total_time": 1.7614643573760986}, "epoch_metrics.collect": {"label": "epoch_metrics.collect", "average_duration": 0.023651838302612305, "n_events": 1, "total_time": 0.023651838302612305}, "reduce.compress": {"label": "reduce.compress", "average_duration": 0.0010204845004611546, "n_events": 18, "total_time": 0.01836872100830078}, "reduce.decompress": {"label": "reduce.decompress", "average_duration": 0.0002159277598063151, "n_events": 18, "total_time": 0.003886699676513672}, "reduce.flat_pack": {"label": "reduce.flat_pack", "average_duration": 0.001017875141567654, "n_events": 18, "total_time": 0.018321752548217773}, "reduce.norm": {"label": "reduce.norm", "average_duration": 0.02941441535949707, "n_events": 18, "total_time": 0.5294594764709473}, "reduce.reduce.vector": {"label": "reduce.reduce.vector", "average_duration": 0.0001901388168334961, "n_events": 18, "total_time": 0.0034224987030029297}, "reduce.setgrad": {"label": "reduce.setgrad", "average_duration": 0.008575677871704102, "n_events": 18, "total_time": 0.15436220169067383}, "test.last": {"label": "test.last", "average_duration": 1.52504301071167, "n_events": 1, "total_time": 1.52504301071167}}