{"batch": {"label": "batch", "average_duration": 1.1104018184327589, "n_events": 194, "total_time": 215.4179527759552}, "batch.accumulate": {"label": "batch.accumulate", "average_duration": 0.002916215621319014, "n_events": 194, "total_time": 0.5657458305358887}, "batch.backward": {"label": "batch.backward", "average_duration": 0.07220680364299863, "n_events": 389, "total_time": 28.088446617126465}, "batch.evaluate": {"label": "batch.evaluate", "average_duration": 0.0007322049079640053, "n_events": 389, "total_time": 0.28482770919799805}, "batch.forward": {"label": "batch.forward", "average_duration": 0.031922690972570895, "n_events": 389, "total_time": 12.417926788330078}, "batch.reduce": {"label": "batch.reduce", "average_duration": 0.8722537166064548, "n_events": 194, "total_time": 169.21722102165222}, "batch.step": {"label": "batch.step", "average_duration": 0.008870164143670466, "n_events": 194, "total_time": 1.7208118438720703}, "reduce.allreduce": {"label": "reduce.allreduce", "average_duration": 0.8711399503589905, "n_events": 194, "total_time": 169.00115036964417}, "reduce.flat_pack": {"label": "reduce.flat_pack", "average_duration": 0.0009175084300876892, "n_events": 194, "total_time": 0.17799663543701172}, "reduce_times": [0.7884082794189453, 0.8759975433349609, 0.8516416549682617, 0.8593354225158691, 0.864647388458252, 0.8718383312225342, 0.8614535331726074, 0.8754796981811523, 0.8569321632385254, 0.8734188079833984, 0.86322021484375, 0.8744451999664307, 0.8738572597503662, 0.8747856616973877, 0.8638956546783447, 0.8752081394195557, 0.8653042316436768, 0.8699069023132324, 0.8657665252685547, 0.8650856018066406, 0.8706285953521729, 0.8672013282775879, 0.8627805709838867, 0.8686180114746094, 0.8639638423919678, 0.8690595626831055, 0.8674135208129883, 0.8705360889434814, 0.8679993152618408, 0.8694906234741211, 0.8654046058654785, 0.8679654598236084, 0.8676285743713379, 0.8683409690856934, 0.8718492984771729, 0.8679766654968262, 0.8584375381469727, 0.8731770515441895, 0.8651375770568848, 0.8732383251190186, 0.8657565116882324, 0.868145227432251, 0.8652749061584473, 0.8667984008789062, 0.8671393394470215, 0.8712050914764404, 0.8650658130645752, 0.865286111831665, 0.8634688854217529, 0.8784403800964355, 0.8729100227355957, 0.865410566329956, 0.8742942810058594, 0.8723487854003906, 0.8688254356384277, 0.8594286441802979, 0.8583576679229736, 0.8500204086303711, 0.8599963188171387, 0.86102294921875, 0.8582136631011963, 0.8689498901367188, 0.8691134452819824, 0.8652458190917969, 0.8629381656646729, 0.8637936115264893, 0.8729429244995117, 0.8578836917877197, 0.8691520690917969, 0.8581798076629639, 0.8651795387268066, 0.8694970607757568, 0.8564457893371582, 0.8670713901519775, 0.8602099418640137, 0.8603768348693848, 0.871884822845459, 0.8714656829833984, 0.8825106620788574, 0.8751513957977295, 0.8798258304595947, 0.881112813949585, 0.8821396827697754, 0.8836965560913086, 0.8812358379364014, 0.858034610748291, 0.8764429092407227, 0.871300458908081, 0.8685338497161865, 0.8747203350067139, 0.8656139373779297, 0.877549409866333, 0.879277229309082, 0.8748817443847656, 0.8766372203826904, 0.8743617534637451, 0.873225212097168, 0.8793578147888184, 0.8805530071258545, 0.874725341796875, 0.8711481094360352, 0.8656063079833984, 0.8686320781707764, 0.8751354217529297, 0.8790271282196045, 0.8792004585266113, 0.893244743347168, 0.8756799697875977, 0.880631685256958, 0.8772425651550293, 0.8774116039276123, 0.8704478740692139, 0.8698716163635254, 0.8769712448120117, 0.8789525032043457, 0.8728055953979492, 0.8733816146850586, 0.8728413581848145, 0.8799698352813721, 0.8827755451202393, 0.8740072250366211, 0.8782777786254883, 0.8775615692138672, 0.8746480941772461, 0.8715624809265137, 0.8716256618499756, 0.8692300319671631, 0.8725786209106445, 0.8663527965545654, 0.8722720146179199, 0.8774089813232422, 0.8705530166625977, 0.8683004379272461, 0.8661961555480957, 0.8744511604309082, 0.8717615604400635, 0.8765370845794678, 0.8868839740753174, 0.8786478042602539, 0.8809897899627686, 0.876018762588501, 0.8736639022827148, 0.8765873908996582, 0.8820626735687256, 0.8717293739318848, 0.8779499530792236, 0.8765754699707031, 0.8760759830474854, 0.8767368793487549, 0.8758268356323242, 0.8818295001983643, 0.8818676471710205, 0.875612735748291, 0.8723640441894531, 0.8750708103179932, 0.8755714893341064, 0.8733160495758057, 0.8783721923828125, 0.8766932487487793, 0.8757898807525635, 0.8732213973999023, 0.8864693641662598, 0.8795485496520996, 0.8762104511260986, 0.8725686073303223, 0.8787870407104492, 0.8742148876190186, 0.8760287761688232, 0.877784252166748, 0.8716278076171875, 0.8758797645568848, 0.8742709159851074, 0.8759288787841797, 0.8832552433013916, 0.87481689453125, 0.8763856887817383, 0.8719179630279541, 0.8758499622344971, 0.8790102005004883, 0.8796305656433105, 0.8689696788787842, 0.8698582649230957, 0.8743865489959717, 0.877408504486084, 0.8834986686706543, 0.8801844120025635, 0.8848457336425781, 0.8851902484893799, 0.8795135021209717, 0.8790762424468994, 0.8758285045623779, 0.8672213554382324, 0.8756697177886963, 0.8783738613128662, 0.8755552768707275]}