{"batch": {"label": "batch", "average_duration": 0.09226560095945995, "n_events": 96, "total_time": 8.857497692108154}, "batch.accumulate": {"label": "batch.accumulate", "average_duration": 0.0010673337512546116, "n_events": 18, "total_time": 0.019212007522583008}, "batch.backward": {"label": "batch.backward", "average_duration": 0.006423043708006541, "n_events": 96, "total_time": 0.6166121959686279}, "batch.evaluate": {"label": "batch.evaluate", "average_duration": 0.05841558426618576, "n_events": 96, "total_time": 5.607896089553833}, "batch.forward": {"label": "batch.forward", "average_duration": 0.00569571057955424, "n_events": 96, "total_time": 0.546788215637207}, "batch.reduce": {"label": "batch.reduce", "average_duration": 0.021900733311971027, "n_events": 18, "total_time": 0.3942131996154785}, "batch.step": {"label": "batch.step", "average_duration": 0.0031430373589197793, "n_events": 96, "total_time": 0.30173158645629883}, "reduce.compress": {"label": "reduce.compress", "average_duration": 0.000413868162367079, "n_events": 18, "total_time": 0.007449626922607422}, "reduce.decompress": {"label": "reduce.decompress", "average_duration": 8.840031094021267e-05, "n_events": 18, "total_time": 0.0015912055969238281}, "reduce.flat_pack": {"label": "reduce.flat_pack", "average_duration": 0.00032260682847764756, "n_events": 18, "total_time": 0.005806922912597656}, "reduce.norm": {"label": "reduce.norm", "average_duration": 0.01709755261739095, "n_events": 18, "total_time": 0.3077559471130371}, "reduce.reduce.vector": {"label": "reduce.reduce.vector", "average_duration": 0.00013910399542914497, "n_events": 18, "total_time": 0.0025038719177246094}, "reduce.setgrad": {"label": "reduce.setgrad", "average_duration": 0.003333012262980143, "n_events": 18, "total_time": 0.05999422073364258}}