{"batch": {"label": "batch", "average_duration": 0.09059532980124156, "n_events": 96, "total_time": 8.69715166091919}, "batch.accumulate": {"label": "batch.accumulate", "average_duration": 0.001043134265475803, "n_events": 18, "total_time": 0.018776416778564453}, "batch.backward": {"label": "batch.backward", "average_duration": 0.0653497651219368, "n_events": 96, "total_time": 6.273577451705933}, "batch.evaluate": {"label": "batch.evaluate", "average_duration": 0.0013187875350316365, "n_events": 96, "total_time": 0.1266036033630371}, "batch.forward": {"label": "batch.forward", "average_duration": 0.006415245433648427, "n_events": 96, "total_time": 0.615863561630249}, "batch.reduce": {"label": "batch.reduce", "average_duration": 0.00604403018951416, "n_events": 18, "total_time": 0.10879254341125488}, "batch.step": {"label": "batch.step", "average_duration": 0.0035951857765515647, "n_events": 96, "total_time": 0.3451378345489502}, "reduce.compress": {"label": "reduce.compress", "average_duration": 0.00037058194478352863, "n_events": 18, "total_time": 0.006670475006103516}, "reduce.decompress": {"label": "reduce.decompress", "average_duration": 8.406904008653428e-05, "n_events": 18, "total_time": 0.0015132427215576172}, "reduce.flat_pack": {"label": "reduce.flat_pack", "average_duration": 0.0007682773802015516, "n_events": 18, "total_time": 0.01382899284362793}, "reduce.norm": {"label": "reduce.norm", "average_duration": 0.0009976625442504883, "n_events": 18, "total_time": 0.01795792579650879}, "reduce.reduce.vector": {"label": "reduce.reduce.vector", "average_duration": 0.0001443624496459961, "n_events": 18, "total_time": 0.0025985240936279297}, "reduce.setgrad": {"label": "reduce.setgrad", "average_duration": 0.003017465273539225, "n_events": 18, "total_time": 0.054314374923706055}}