{"batch": {"label": "batch", "average_duration": 0.09177060425281525, "n_events": 96, "total_time": 8.809978008270264}, "batch.accumulate": {"label": "batch.accumulate", "average_duration": 0.0011198123296101887, "n_events": 18, "total_time": 0.0201566219329834}, "batch.backward": {"label": "batch.backward", "average_duration": 0.00602027028799057, "n_events": 96, "total_time": 0.5779459476470947}, "batch.evaluate": {"label": "batch.evaluate", "average_duration": 0.060931565860907234, "n_events": 96, "total_time": 5.849430322647095}, "batch.forward": {"label": "batch.forward", "average_duration": 0.005623564124107361, "n_events": 96, "total_time": 0.5398621559143066}, "batch.reduce": {"label": "batch.reduce", "average_duration": 0.00903883245256212, "n_events": 18, "total_time": 0.16269898414611816}, "batch.step": {"label": "batch.step", "average_duration": 0.0033340329925219216, "n_events": 96, "total_time": 0.3200671672821045}, "reduce.compress": {"label": "reduce.compress", "average_duration": 0.0004144906997680664, "n_events": 18, "total_time": 0.007460832595825195}, "reduce.decompress": {"label": "reduce.decompress", "average_duration": 8.536709679497613e-05, "n_events": 18, "total_time": 0.0015366077423095703}, "reduce.flat_pack": {"label": "reduce.flat_pack", "average_duration": 0.00033921665615505644, "n_events": 18, "total_time": 0.006105899810791016}, "reduce.norm": {"label": "reduce.norm", "average_duration": 0.004357457160949707, "n_events": 18, "total_time": 0.07843422889709473}, "reduce.reduce.vector": {"label": "reduce.reduce.vector", "average_duration": 0.00014204449123806425, "n_events": 18, "total_time": 0.0025568008422851562}, "reduce.setgrad": {"label": "reduce.setgrad", "average_duration": 0.003174159261915419, "n_events": 18, "total_time": 0.05713486671447754}}