{"batch": {"label": "batch", "average_duration": 1.0372155548370992, "n_events": 194, "total_time": 201.21981763839722}, "batch.accumulate": {"label": "batch.accumulate", "average_duration": 0.00307523835565626, "n_events": 194, "total_time": 0.5965962409973145}, "batch.backward": {"label": "batch.backward", "average_duration": 0.731476005819655, "n_events": 194, "total_time": 141.90634512901306}, "batch.evaluate": {"label": "batch.evaluate", "average_duration": 0.0007421859760874326, "n_events": 194, "total_time": 0.14398407936096191}, "batch.forward": {"label": "batch.forward", "average_duration": 0.2618912814818707, "n_events": 194, "total_time": 50.80690860748291}, "batch.reduce": {"label": "batch.reduce", "average_duration": 0.022414444648113447, "n_events": 194, "total_time": 4.348402261734009}, "batch.step": {"label": "batch.step", "average_duration": 0.01244118533183619, "n_events": 194, "total_time": 2.4135899543762207}, "reduce.compress": {"label": "reduce.compress", "average_duration": 0.0005340146035263219, "n_events": 194, "total_time": 0.10359883308410645}, "reduce.decompress": {"label": "reduce.decompress", "average_duration": 9.756235732245691e-05, "n_events": 194, "total_time": 0.01892709732055664}, "reduce.flat_pack": {"label": "reduce.flat_pack", "average_duration": 0.0019928868283930513, "n_events": 194, "total_time": 0.38662004470825195}, "reduce.norm": {"label": "reduce.norm", "average_duration": 0.010170066479555111, "n_events": 194, "total_time": 1.9729928970336914}, "reduce.reduce.vector": {"label": "reduce.reduce.vector", "average_duration": 0.0004891845368847405, "n_events": 194, "total_time": 0.09490180015563965}, "reduce.setgrad": {"label": "reduce.setgrad", "average_duration": 0.008663224190780796, "n_events": 194, "total_time": 1.6806654930114746}}