{"batch": {"label": "batch", "average_duration": 0.08445036162932713, "n_events": 96, "total_time": 8.107234716415405}, "batch.accumulate": {"label": "batch.accumulate", "average_duration": 0.0010322729746500652, "n_events": 18, "total_time": 0.018580913543701172}, "batch.backward": {"label": "batch.backward", "average_duration": 0.008562686542669931, "n_events": 96, "total_time": 0.8220179080963135}, "batch.evaluate": {"label": "batch.evaluate", "average_duration": 0.05815474937359492, "n_events": 96, "total_time": 5.582855939865112}, "batch.forward": {"label": "batch.forward", "average_duration": 0.005442005892594655, "n_events": 96, "total_time": 0.5224325656890869}, "batch.reduce": {"label": "batch.reduce", "average_duration": 0.027102973726060655, "n_events": 18, "total_time": 0.4878535270690918}, "batch.step": {"label": "batch.step", "average_duration": 0.0030495872100194297, "n_events": 96, "total_time": 0.29276037216186523}, "reduce.compress": {"label": "reduce.compress", "average_duration": 0.00041425228118896484, "n_events": 18, "total_time": 0.007456541061401367}, "reduce.decompress": {"label": "reduce.decompress", "average_duration": 8.797645568847656e-05, "n_events": 18, "total_time": 0.0015835762023925781}, "reduce.flat_pack": {"label": "reduce.flat_pack", "average_duration": 0.00029710928599039715, "n_events": 18, "total_time": 0.0053479671478271484}, "reduce.norm": {"label": "reduce.norm", "average_duration": 0.02287590503692627, "n_events": 18, "total_time": 0.41176629066467285}, "reduce.reduce.vector": {"label": "reduce.reduce.vector", "average_duration": 0.00014358096652560763, "n_events": 18, "total_time": 0.0025844573974609375}, "reduce.setgrad": {"label": "reduce.setgrad", "average_duration": 0.0029757420221964517, "n_events": 18, "total_time": 0.05356335639953613}}