{"batch": {"label": "batch", "average_duration": 0.08404691465969744, "n_events": 290, "total_time": 24.373605251312256}, "batch.accumulate": {"label": "batch.accumulate", "average_duration": 0.0011051363415188259, "n_events": 18, "total_time": 0.019892454147338867}, "batch.backward": {"label": "batch.backward", "average_duration": 0.00659292484151906, "n_events": 290, "total_time": 1.9119482040405273}, "batch.evaluate": {"label": "batch.evaluate", "average_duration": 0.058391065433107577, "n_events": 290, "total_time": 16.933408975601196}, "batch.forward": {"label": "batch.forward", "average_duration": 0.005611299646311792, "n_events": 290, "total_time": 1.62727689743042}, "batch.reduce": {"label": "batch.reduce", "average_duration": 0.05660092830657959, "n_events": 18, "total_time": 1.0188167095184326}, "batch.step": {"label": "batch.step", "average_duration": 0.00319133133723818, "n_events": 290, "total_time": 0.9254860877990723}, "epoch_metrics.collect": {"label": "epoch_metrics.collect", "average_duration": 0.02717423439025879, "n_events": 2, "total_time": 0.05434846878051758}, "reduce.compress": {"label": "reduce.compress", "average_duration": 0.0004419353273179796, "n_events": 18, "total_time": 0.007954835891723633}, "reduce.decompress": {"label": "reduce.decompress", "average_duration": 8.877118428548177e-05, "n_events": 18, "total_time": 0.0015978813171386719}, "reduce.flat_pack": {"label": "reduce.flat_pack", "average_duration": 0.0003888739479912652, "n_events": 18, "total_time": 0.0069997310638427734}, "reduce.norm": {"label": "reduce.norm", "average_duration": 0.051629079712761775, "n_events": 18, "total_time": 0.9293234348297119}, "reduce.reduce.vector": {"label": "reduce.reduce.vector", "average_duration": 0.00015764766269259981, "n_events": 18, "total_time": 0.002837657928466797}, "reduce.setgrad": {"label": "reduce.setgrad", "average_duration": 0.0033804840511745876, "n_events": 18, "total_time": 0.06084871292114258}, "test.last": {"label": "test.last", "average_duration": 1.3749887943267822, "n_events": 2, "total_time": 2.7499775886535645}}