{"batch": {"label": "batch", "average_duration": 0.17873921245336533, "n_events": 96, "total_time": 17.15896439552307}, "batch.accumulate": {"label": "batch.accumulate", "average_duration": 0.002125824491182963, "n_events": 96, "total_time": 0.20407915115356445}, "batch.backward": {"label": "batch.backward", "average_duration": 0.08163686593373616, "n_events": 96, "total_time": 7.837139129638672}, "batch.evaluate": {"label": "batch.evaluate", "average_duration": 0.0004951705535252889, "n_events": 96, "total_time": 0.047536373138427734}, "batch.forward": {"label": "batch.forward", "average_duration": 0.035818551977475487, "n_events": 96, "total_time": 3.4385809898376465}, "batch.reduce": {"label": "batch.reduce", "average_duration": 0.04676050196091334, "n_events": 96, "total_time": 4.489008188247681}, "batch.step": {"label": "batch.step", "average_duration": 0.00810622920592626, "n_events": 96, "total_time": 0.7781980037689209}, "reduce.compress": {"label": "reduce.compress", "average_duration": 0.003749402860800425, "n_events": 96, "total_time": 0.3599426746368408}, "reduce.decompress": {"label": "reduce.decompress", "average_duration": 0.00035443156957626343, "n_events": 96, "total_time": 0.03402543067932129}, "reduce.flat_pack": {"label": "reduce.flat_pack", "average_duration": 0.0008663336435953776, "n_events": 96, "total_time": 0.08316802978515625}, "reduce.norm": {"label": "reduce.norm", "average_duration": 0.006064777572949727, "n_events": 96, "total_time": 0.5822186470031738}, "reduce.reduce.vector": {"label": "reduce.reduce.vector", "average_duration": 0.028836801648139954, "n_events": 96, "total_time": 2.7683329582214355}, "reduce.setgrad": {"label": "reduce.setgrad", "average_duration": 0.0065889135003089905, "n_events": 96, "total_time": 0.6325356960296631}}