{"batch": {"label": "batch", "average_duration": 0.08208183797529942, "n_events": 193, "total_time": 15.841794729232788}, "batch.accumulate": {"label": "batch.accumulate", "average_duration": 0.0010151863098144531, "n_events": 18, "total_time": 0.018273353576660156}, "batch.backward": {"label": "batch.backward", "average_duration": 0.06685451645925256, "n_events": 193, "total_time": 12.902921676635742}, "batch.evaluate": {"label": "batch.evaluate", "average_duration": 0.0011978248240416532, "n_events": 193, "total_time": 0.23118019104003906}, "batch.forward": {"label": "batch.forward", "average_duration": 0.006500712330477225, "n_events": 193, "total_time": 1.2546374797821045}, "batch.reduce": {"label": "batch.reduce", "average_duration": 0.010058469242519803, "n_events": 18, "total_time": 0.18105244636535645}, "batch.step": {"label": "batch.step", "average_duration": 0.003491494322070186, "n_events": 193, "total_time": 0.6738584041595459}, "epoch_metrics.collect": {"label": "epoch_metrics.collect", "average_duration": 0.0025763511657714844, "n_events": 1, "total_time": 0.0025763511657714844}, "reduce.compress": {"label": "reduce.compress", "average_duration": 0.002102057139078776, "n_events": 18, "total_time": 0.03783702850341797}, "reduce.decompress": {"label": "reduce.decompress", "average_duration": 0.0002234776814778646, "n_events": 18, "total_time": 0.0040225982666015625}, "reduce.flat_pack": {"label": "reduce.flat_pack", "average_duration": 0.000641836060418023, "n_events": 18, "total_time": 0.011553049087524414}, "reduce.norm": {"label": "reduce.norm", "average_duration": 0.003212306234571669, "n_events": 18, "total_time": 0.05782151222229004}, "reduce.reduce.vector": {"label": "reduce.reduce.vector", "average_duration": 0.0005142688751220703, "n_events": 18, "total_time": 0.009256839752197266}, "reduce.setgrad": {"label": "reduce.setgrad", "average_duration": 0.0030670033560858834, "n_events": 18, "total_time": 0.0552060604095459}, "test.last": {"label": "test.last", "average_duration": 1.34501314163208, "n_events": 1, "total_time": 1.34501314163208}}