{"batch": {"label": "batch", "average_duration": 0.20027898997068405, "n_events": 96, "total_time": 19.22678303718567}, "batch.accumulate": {"label": "batch.accumulate", "average_duration": 0.0028346478939056396, "n_events": 96, "total_time": 0.2721261978149414}, "batch.backward": {"label": "batch.backward", "average_duration": 0.12306783099969228, "n_events": 96, "total_time": 11.814511775970459}, "batch.evaluate": {"label": "batch.evaluate", "average_duration": 0.0007977783679962158, "n_events": 96, "total_time": 0.07658672332763672}, "batch.forward": {"label": "batch.forward", "average_duration": 0.04117880264918009, "n_events": 96, "total_time": 3.953165054321289}, "batch.reduce": {"label": "batch.reduce", "average_duration": 0.014457498987515768, "n_events": 96, "total_time": 1.3879199028015137}, "batch.step": {"label": "batch.step", "average_duration": 0.008526414632797241, "n_events": 96, "total_time": 0.8185358047485352}, "reduce.compress": {"label": "reduce.compress", "average_duration": 0.000991019109884898, "n_events": 96, "total_time": 0.0951378345489502}, "reduce.decompress": {"label": "reduce.decompress", "average_duration": 0.00020913531382878622, "n_events": 96, "total_time": 0.020076990127563477}, "reduce.flat_pack": {"label": "reduce.flat_pack", "average_duration": 0.00100260724623998, "n_events": 96, "total_time": 0.09625029563903809}, "reduce.norm": {"label": "reduce.norm", "average_duration": 0.0032834957043329873, "n_events": 96, "total_time": 0.3152155876159668}, "reduce.reduce.vector": {"label": "reduce.reduce.vector", "average_duration": 0.0001757889986038208, "n_events": 96, "total_time": 0.016875743865966797}, "reduce.setgrad": {"label": "reduce.setgrad", "average_duration": 0.008363572259744009, "n_events": 96, "total_time": 0.8029029369354248}}