{"batch": {"label": "batch", "average_duration": 0.2002433861295382, "n_events": 96, "total_time": 19.22336506843567}, "batch.accumulate": {"label": "batch.accumulate", "average_duration": 0.0030439471205075583, "n_events": 96, "total_time": 0.2922189235687256}, "batch.backward": {"label": "batch.backward", "average_duration": 0.028808067242304485, "n_events": 96, "total_time": 2.7655744552612305}, "batch.evaluate": {"label": "batch.evaluate", "average_duration": 0.11051493634780248, "n_events": 96, "total_time": 10.609433889389038}, "batch.forward": {"label": "batch.forward", "average_duration": 0.024186474581559498, "n_events": 96, "total_time": 2.321901559829712}, "batch.reduce": {"label": "batch.reduce", "average_duration": 0.01608231912056605, "n_events": 96, "total_time": 1.5439026355743408}, "batch.step": {"label": "batch.step", "average_duration": 0.009270588556925455, "n_events": 96, "total_time": 0.8899765014648438}, "reduce.compress": {"label": "reduce.compress", "average_duration": 0.001034793754418691, "n_events": 96, "total_time": 0.09934020042419434}, "reduce.decompress": {"label": "reduce.decompress", "average_duration": 0.00023215264081954956, "n_events": 96, "total_time": 0.022286653518676758}, "reduce.flat_pack": {"label": "reduce.flat_pack", "average_duration": 0.0007901638746261597, "n_events": 96, "total_time": 0.07585573196411133}, "reduce.norm": {"label": "reduce.norm", "average_duration": 0.0036224996050198874, "n_events": 96, "total_time": 0.3477599620819092}, "reduce.reduce.vector": {"label": "reduce.reduce.vector", "average_duration": 0.00013244152069091797, "n_events": 96, "total_time": 0.012714385986328125}, "reduce.setgrad": {"label": "reduce.setgrad", "average_duration": 0.00973255435625712, "n_events": 96, "total_time": 0.9343252182006836}}