{"batch": {"label": "batch", "average_duration": 0.20024055490891138, "n_events": 96, "total_time": 19.223093271255493}, "batch.accumulate": {"label": "batch.accumulate", "average_duration": 0.00294169286886851, "n_events": 96, "total_time": 0.28240251541137695}, "batch.backward": {"label": "batch.backward", "average_duration": 0.0243143563469251, "n_events": 96, "total_time": 2.3341782093048096}, "batch.evaluate": {"label": "batch.evaluate", "average_duration": 0.1168192947904269, "n_events": 96, "total_time": 11.214652299880981}, "batch.forward": {"label": "batch.forward", "average_duration": 0.023477164407571156, "n_events": 96, "total_time": 2.253807783126831}, "batch.reduce": {"label": "batch.reduce", "average_duration": 0.01530797282854716, "n_events": 96, "total_time": 1.4695653915405273}, "batch.step": {"label": "batch.step", "average_duration": 0.009048019846280416, "n_events": 96, "total_time": 0.8686099052429199}, "reduce.compress": {"label": "reduce.compress", "average_duration": 0.000993885099887848, "n_events": 96, "total_time": 0.0954129695892334}, "reduce.decompress": {"label": "reduce.decompress", "average_duration": 0.00022263824939727783, "n_events": 96, "total_time": 0.021373271942138672}, "reduce.flat_pack": {"label": "reduce.flat_pack", "average_duration": 0.000758210817972819, "n_events": 96, "total_time": 0.07278823852539062}, "reduce.norm": {"label": "reduce.norm", "average_duration": 0.003870380421479543, "n_events": 96, "total_time": 0.37155652046203613}, "reduce.reduce.vector": {"label": "reduce.reduce.vector", "average_duration": 0.0001261730988820394, "n_events": 96, "total_time": 0.012112617492675781}, "reduce.setgrad": {"label": "reduce.setgrad", "average_duration": 0.008807013432184855, "n_events": 96, "total_time": 0.8454732894897461}}