{"batch": {"label": "batch", "average_duration": 0.08718413362900417, "n_events": 96, "total_time": 8.3696768283844}, "batch.accumulate": {"label": "batch.accumulate", "average_duration": 0.0011885017156600952, "n_events": 96, "total_time": 0.11409616470336914}, "batch.backward": {"label": "batch.backward", "average_duration": 0.006161883473396301, "n_events": 96, "total_time": 0.5915408134460449}, "batch.evaluate": {"label": "batch.evaluate", "average_duration": 0.05898896356423696, "n_events": 96, "total_time": 5.662940502166748}, "batch.forward": {"label": "batch.forward", "average_duration": 0.00593028465906779, "n_events": 96, "total_time": 0.5693073272705078}, "batch.reduce": {"label": "batch.reduce", "average_duration": 0.008437012632687887, "n_events": 96, "total_time": 0.8099532127380371}, "batch.step": {"label": "batch.step", "average_duration": 0.0031978140274683633, "n_events": 96, "total_time": 0.3069901466369629}, "reduce.compress": {"label": "reduce.compress", "average_duration": 0.00041827807823816937, "n_events": 96, "total_time": 0.04015469551086426}, "reduce.decompress": {"label": "reduce.decompress", "average_duration": 8.76113772392273e-05, "n_events": 96, "total_time": 0.00841069221496582}, "reduce.flat_pack": {"label": "reduce.flat_pack", "average_duration": 0.00031306097904841107, "n_events": 96, "total_time": 0.03005385398864746}, "reduce.norm": {"label": "reduce.norm", "average_duration": 0.0034143850207328796, "n_events": 96, "total_time": 0.32778096199035645}, "reduce.reduce.vector": {"label": "reduce.reduce.vector", "average_duration": 0.00013968845208485922, "n_events": 96, "total_time": 0.013410091400146484}, "reduce.setgrad": {"label": "reduce.setgrad", "average_duration": 0.0035932064056396484, "n_events": 96, "total_time": 0.34494781494140625}, "reduce_times": [1.0317463874816895, 0.014519691467285156, 0.018381834030151367, 0.010837316513061523, 0.00953364372253418, 0.006540775299072266, 0.01024937629699707, 0.007585763931274414, 0.008814811706542969, 0.007423877716064453, 0.008846521377563477, 0.007185459136962891, 0.0051114559173583984, 0.008748054504394531, 0.009423255920410156, 0.00921177864074707, 0.010336637496948242, 0.010735273361206055, 0.005236625671386719, 0.007738351821899414, 0.008444786071777344, 0.007553577423095703, 0.007651567459106445, 0.00708460807800293, 0.007872819900512695, 0.008507728576660156, 0.007752656936645508, 0.0072362422943115234, 0.009344339370727539, 0.009082555770874023, 0.007511138916015625, 0.008481502532958984, 0.007540225982666016, 0.008825540542602539, 0.008862972259521484, 0.009557485580444336, 0.007583141326904297, 0.00898432731628418, 0.00923013687133789, 0.009296655654907227, 0.009339094161987305, 0.0073359012603759766, 0.005604267120361328, 0.009113788604736328, 0.008650541305541992, 0.00937342643737793, 0.008059501647949219, 0.008864641189575195, 0.007096529006958008, 0.009405136108398438, 0.008112430572509766, 0.008356094360351562, 0.005957841873168945, 0.008185386657714844, 0.015226364135742188, 0.010224103927612305, 0.009644508361816406, 0.005077362060546875, 0.008169889450073242, 0.008235931396484375, 0.005693674087524414, 0.008313655853271484, 0.009065628051757812, 0.009077310562133789, 0.008177995681762695, 0.008952140808105469, 0.009661436080932617, 0.005033254623413086, 0.009536027908325195, 0.009693145751953125, 0.009732723236083984, 0.005011796951293945, 0.007477760314941406, 0.008016824722290039, 0.009699344635009766, 0.005028486251831055, 0.006993770599365234, 0.009257078170776367, 0.00969552993774414, 0.005117893218994141, 0.008098363876342773, 0.008913755416870117, 0.0050771236419677734, 0.010522842407226562, 0.008663415908813477, 0.009954452514648438, 0.008752584457397461, 0.009526252746582031, 0.008210897445678711, 0.007938623428344727, 0.006911039352416992, 0.0073664188385009766, 0.0074918270111083984, 0.008142709732055664, 0.0065174102783203125, 0.0078277587890625, 0.007905006408691406]}