{"batch": {"label": "batch", "average_duration": 0.08770574380954106, "n_events": 96, "total_time": 8.419751405715942}, "batch.accumulate": {"label": "batch.accumulate", "average_duration": 0.0011332407593727112, "n_events": 96, "total_time": 0.10879111289978027}, "batch.backward": {"label": "batch.backward", "average_duration": 0.006150337556997935, "n_events": 96, "total_time": 0.5904324054718018}, "batch.evaluate": {"label": "batch.evaluate", "average_duration": 0.05904115239779154, "n_events": 96, "total_time": 5.667950630187988}, "batch.forward": {"label": "batch.forward", "average_duration": 0.0056936343510945635, "n_events": 96, "total_time": 0.5465888977050781}, "batch.reduce": {"label": "batch.reduce", "average_duration": 0.009246552983919779, "n_events": 96, "total_time": 0.8876690864562988}, "batch.step": {"label": "batch.step", "average_duration": 0.0031672070423762, "n_events": 96, "total_time": 0.30405187606811523}, "reduce.compress": {"label": "reduce.compress", "average_duration": 0.0009921366969744365, "n_events": 96, "total_time": 0.0952451229095459}, "reduce.decompress": {"label": "reduce.decompress", "average_duration": 0.00022064894437789917, "n_events": 96, "total_time": 0.02118229866027832}, "reduce.flat_pack": {"label": "reduce.flat_pack", "average_duration": 0.00031197071075439453, "n_events": 96, "total_time": 0.029949188232421875}, "reduce.norm": {"label": "reduce.norm", "average_duration": 0.0036962429682413736, "n_events": 96, "total_time": 0.3548393249511719}, "reduce.reduce.vector": {"label": "reduce.reduce.vector", "average_duration": 0.00012482206026713052, "n_events": 96, "total_time": 0.011982917785644531}, "reduce.setgrad": {"label": "reduce.setgrad", "average_duration": 0.00343045840660731, "n_events": 96, "total_time": 0.32932400703430176}, "reduce_times": [1.0327794551849365, 0.011760473251342773, 0.019653797149658203, 0.013980627059936523, 0.009524106979370117, 0.008774518966674805, 0.014189720153808594, 0.00911712646484375, 0.0096893310546875, 0.005768537521362305, 0.010520696640014648, 0.009208917617797852, 0.009886741638183594, 0.00888371467590332, 0.010370016098022461, 0.008214712142944336, 0.009907722473144531, 0.008550882339477539, 0.009973526000976562, 0.016803741455078125, 0.012119770050048828, 0.00870966911315918, 0.008297443389892578, 0.015788793563842773, 0.010103940963745117, 0.008530616760253906, 0.008121728897094727, 0.016088247299194336, 0.009907245635986328, 0.008904218673706055, 0.007786989212036133, 0.016647815704345703, 0.007345438003540039, 0.009407758712768555, 0.009019613265991211, 0.009668827056884766, 0.007150173187255859, 0.009990215301513672, 0.009293317794799805, 0.008082866668701172, 0.008579254150390625, 0.007445573806762695, 0.00878763198852539, 0.007868051528930664, 0.008073568344116211, 0.008059978485107422, 0.007879257202148438, 0.007396697998046875, 0.008015155792236328, 0.006226778030395508, 0.008100271224975586, 0.008378744125366211, 0.009994029998779297, 0.018041610717773438, 0.013712406158447266, 0.009280204772949219, 0.008970022201538086, 0.008533239364624023, 0.009173870086669922, 0.008888006210327148, 0.01070547103881836, 0.006272077560424805, 0.0066127777099609375, 0.009000062942504883, 0.007324695587158203, 0.007131338119506836, 0.00865316390991211, 0.007084369659423828, 0.0077304840087890625, 0.009482860565185547, 0.006860256195068359, 0.008392333984375, 0.008605241775512695, 0.008517742156982422, 0.007372140884399414, 0.00922536849975586, 0.007677316665649414, 0.010403156280517578, 0.009039163589477539, 0.009638547897338867, 0.01035761833190918, 0.00932455062866211, 0.009480953216552734, 0.010223627090454102, 0.00683283805847168, 0.007929801940917969, 0.00886678695678711, 0.0061223506927490234, 0.009545326232910156, 0.006733894348144531, 0.006711244583129883, 0.007578849792480469, 0.0070343017578125, 0.006124258041381836, 0.007138729095458984, 0.006941080093383789, 0.007846355438232422]}