{"batch": {"label": "batch", "average_duration": 0.08771565556526184, "n_events": 96, "total_time": 8.420702934265137}, "batch.accumulate": {"label": "batch.accumulate", "average_duration": 0.0011698057254155476, "n_events": 96, "total_time": 0.11230134963989258}, "batch.backward": {"label": "batch.backward", "average_duration": 0.065265658001105, "n_events": 96, "total_time": 6.265503168106079}, "batch.evaluate": {"label": "batch.evaluate", "average_duration": 0.0012220417459805806, "n_events": 96, "total_time": 0.11731600761413574}, "batch.forward": {"label": "batch.forward", "average_duration": 0.006554372608661652, "n_events": 96, "total_time": 0.6292197704315186}, "batch.reduce": {"label": "batch.reduce", "average_duration": 0.006837104757626851, "n_events": 96, "total_time": 0.6563620567321777}, "batch.step": {"label": "batch.step", "average_duration": 0.0033003687858581543, "n_events": 96, "total_time": 0.3168354034423828}, "reduce.compress": {"label": "reduce.compress", "average_duration": 0.0010002478957176208, "n_events": 96, "total_time": 0.0960237979888916}, "reduce.decompress": {"label": "reduce.decompress", "average_duration": 0.00023218244314193726, "n_events": 96, "total_time": 0.022289514541625977}, "reduce.flat_pack": {"label": "reduce.flat_pack", "average_duration": 0.0007229745388031006, "n_events": 96, "total_time": 0.06940555572509766}, "reduce.norm": {"label": "reduce.norm", "average_duration": 0.0005627473195393881, "n_events": 96, "total_time": 0.05402374267578125}, "reduce.reduce.vector": {"label": "reduce.reduce.vector", "average_duration": 0.00014103700717290243, "n_events": 96, "total_time": 0.013539552688598633}, "reduce.setgrad": {"label": "reduce.setgrad", "average_duration": 0.003497627874215444, "n_events": 96, "total_time": 0.3357722759246826}, "reduce_times": [0.9513390064239502, 0.006874561309814453, 0.011576652526855469, 0.007201671600341797, 0.00670623779296875, 0.0070459842681884766, 0.006924152374267578, 0.006762981414794922, 0.006976127624511719, 0.010400533676147461, 0.006950855255126953, 0.006788969039916992, 0.006578922271728516, 0.0068204402923583984, 0.006559610366821289, 0.00657200813293457, 0.006287813186645508, 0.006452083587646484, 0.0065038204193115234, 0.01053619384765625, 0.0063800811767578125, 0.0065381526947021484, 0.006440162658691406, 0.011240005493164062, 0.006661176681518555, 0.006542205810546875, 0.006478071212768555, 0.011055231094360352, 0.0065648555755615234, 0.00671696662902832, 0.006650447845458984, 0.00686955451965332, 0.006720542907714844, 0.00679469108581543, 0.006570339202880859, 0.0068700313568115234, 0.006578683853149414, 0.006402730941772461, 0.0067441463470458984, 0.006663084030151367, 0.006427288055419922, 0.006476640701293945, 0.006444454193115234, 0.00650477409362793, 0.006624460220336914, 0.006727695465087891, 0.006523847579956055, 0.0062487125396728516, 0.006769895553588867, 0.006407499313354492, 0.006448984146118164, 0.006587028503417969, 0.010683774948120117, 0.006712675094604492, 0.006908416748046875, 0.006827116012573242, 0.006640911102294922, 0.006649971008300781, 0.006487131118774414, 0.0066411495208740234, 0.0064280033111572266, 0.006302595138549805, 0.006345987319946289, 0.006425142288208008, 0.006328582763671875, 0.006837606430053711, 0.006392240524291992, 0.006571531295776367, 0.006746530532836914, 0.006754875183105469, 0.006502866744995117, 0.006506919860839844, 0.006465911865234375, 0.006729841232299805, 0.006846904754638672, 0.0067043304443359375, 0.00650787353515625, 0.0066149234771728516, 0.006343841552734375, 0.006665706634521484, 0.006734132766723633, 0.006491661071777344, 0.006588459014892578, 0.006616115570068359, 0.0062673091888427734, 0.006885051727294922, 0.00634312629699707, 0.006453275680541992, 0.00669407844543457, 0.006294965744018555, 0.005789041519165039, 0.006566524505615234, 0.005988597869873047, 0.006147861480712891, 0.0060882568359375, 0.005860567092895508, 0.00578761100769043]}