{"batch": {"label": "batch", "average_duration": 0.08029267091775741, "n_events": 387, "total_time": 31.07326364517212}, "batch.accumulate": {"label": "batch.accumulate", "average_duration": 0.0011077059639824762, "n_events": 18, "total_time": 0.01993870735168457}, "batch.backward": {"label": "batch.backward", "average_duration": 0.006197877632555112, "n_events": 387, "total_time": 2.398578643798828}, "batch.evaluate": {"label": "batch.evaluate", "average_duration": 0.060866764965599514, "n_events": 387, "total_time": 23.55543804168701}, "batch.forward": {"label": "batch.forward", "average_duration": 0.005631631042914181, "n_events": 387, "total_time": 2.179441213607788}, "batch.reduce": {"label": "batch.reduce", "average_duration": 0.019669002956814237, "n_events": 18, "total_time": 0.35404205322265625}, "batch.step": {"label": "batch.step", "average_duration": 0.003198286051590005, "n_events": 387, "total_time": 1.237736701965332}, "epoch_metrics.collect": {"label": "epoch_metrics.collect", "average_duration": 0.0010282198588053386, "n_events": 3, "total_time": 0.0030846595764160156}, "reduce.compress": {"label": "reduce.compress", "average_duration": 0.0004412333170572917, "n_events": 18, "total_time": 0.00794219970703125}, "reduce.decompress": {"label": "reduce.decompress", "average_duration": 9.045335981580947e-05, "n_events": 18, "total_time": 0.0016281604766845703}, "reduce.flat_pack": {"label": "reduce.flat_pack", "average_duration": 0.0003078248765733507, "n_events": 18, "total_time": 0.0055408477783203125}, "reduce.norm": {"label": "reduce.norm", "average_duration": 0.015224867396884494, "n_events": 18, "total_time": 0.2740476131439209}, "reduce.reduce.vector": {"label": "reduce.reduce.vector", "average_duration": 0.0001585616005791558, "n_events": 18, "total_time": 0.0028541088104248047}, "reduce.setgrad": {"label": "reduce.setgrad", "average_duration": 0.0031118525399102103, "n_events": 18, "total_time": 0.05601334571838379}, "test.last": {"label": "test.last", "average_duration": 1.3608428637186687, "n_events": 3, "total_time": 4.082528591156006}}