{"batch": {"label": "batch", "average_duration": 0.25304389646340325, "n_events": 29249, "total_time": 7401.280927658081}, "batch.accumulate": {"label": "batch.accumulate", "average_duration": 0.0026904209776288887, "n_events": 29249, "total_time": 78.69212317466736}, "batch.backward": {"label": "batch.backward", "average_duration": 0.02280159753678603, "n_events": 29249, "total_time": 666.9239263534546}, "batch.evaluate": {"label": "batch.evaluate", "average_duration": 0.17743015395274075, "n_events": 29249, "total_time": 5189.654572963715}, "batch.forward": {"label": "batch.forward", "average_duration": 0.012823492585094513, "n_events": 29249, "total_time": 375.07433462142944}, "batch.reduce": {"label": "batch.reduce", "average_duration": 0.015391030007213391, "n_events": 29249, "total_time": 450.1722366809845}, "batch.step": {"label": "batch.step", "average_duration": 0.014786235564525093, "n_events": 29249, "total_time": 432.48260402679443}, "epoch_metrics.collect": {"label": "epoch_metrics.collect", "average_duration": 0.0031964426872714254, "n_events": 149, "total_time": 0.4762699604034424}, "reduce.compress": {"label": "reduce.compress", "average_duration": 0.00032831379530054796, "n_events": 29249, "total_time": 9.602850198745728}, "reduce.decompress": {"label": "reduce.decompress", "average_duration": 6.611423250499834e-05, "n_events": 29249, "total_time": 1.9337751865386963}, "reduce.flat_pack": {"label": "reduce.flat_pack", "average_duration": 0.0005891498424949074, "n_events": 29249, "total_time": 17.232043743133545}, "reduce.norm": {"label": "reduce.norm", "average_duration": 0.005325272403711694, "n_events": 29249, "total_time": 155.75889253616333}, "reduce.reduce.vector": {"label": "reduce.reduce.vector", "average_duration": 0.00010448525292579363, "n_events": 29249, "total_time": 3.056089162826538}, "reduce.setgrad": {"label": "reduce.setgrad", "average_duration": 0.007836779177366165, "n_events": 29249, "total_time": 229.21795415878296}, "test.last": {"label": "test.last", "average_duration": 2.5273602024820825, "n_events": 149, "total_time": 376.5766701698303}}