{"batch": {"label": "batch", "average_duration": 0.2523141743533693, "n_events": 29249, "total_time": 7379.937285661697}, "batch.accumulate": {"label": "batch.accumulate", "average_duration": 0.0029763637181978854, "n_events": 29249, "total_time": 87.05566239356995}, "batch.backward": {"label": "batch.backward", "average_duration": 0.14465932664457454, "n_events": 29249, "total_time": 4231.140645027161}, "batch.evaluate": {"label": "batch.evaluate", "average_duration": 0.0006329031446097533, "n_events": 29249, "total_time": 18.511784076690674}, "batch.forward": {"label": "batch.forward", "average_duration": 0.06760576455310828, "n_events": 29249, "total_time": 1977.4010074138641}, "batch.reduce": {"label": "batch.reduce", "average_duration": 0.01319265978581445, "n_events": 29249, "total_time": 385.87210607528687}, "batch.step": {"label": "batch.step", "average_duration": 0.0157667088253469, "n_events": 29249, "total_time": 461.1604664325714}, "epoch_metrics.collect": {"label": "epoch_metrics.collect", "average_duration": 0.006821139546848784, "n_events": 149, "total_time": 1.0163497924804688}, "reduce.compress": {"label": "reduce.compress", "average_duration": 0.0003594587658559315, "n_events": 29249, "total_time": 10.513809442520142}, "reduce.decompress": {"label": "reduce.decompress", "average_duration": 7.199249885775843e-05, "n_events": 29249, "total_time": 2.105708599090576}, "reduce.flat_pack": {"label": "reduce.flat_pack", "average_duration": 0.0012171138612269263, "n_events": 29249, "total_time": 35.59936332702637}, "reduce.norm": {"label": "reduce.norm", "average_duration": 0.0010624984548969706, "n_events": 29249, "total_time": 31.077017307281494}, "reduce.reduce.vector": {"label": "reduce.reduce.vector", "average_duration": 0.0001377224608353539, "n_events": 29249, "total_time": 4.028244256973267}, "reduce.setgrad": {"label": "reduce.setgrad", "average_duration": 0.009544019360979046, "n_events": 29249, "total_time": 279.1530222892761}, "test.last": {"label": "test.last", "average_duration": 2.6541283594681913, "n_events": 149, "total_time": 395.4651255607605}}