{"batch": {"label": "batch", "average_duration": 0.08561024506478199, "n_events": 389, "total_time": 33.302385330200195}, "batch.accumulate": {"label": "batch.accumulate", "average_duration": 0.0010748399866883735, "n_events": 389, "total_time": 0.41811275482177734}, "batch.backward": {"label": "batch.backward", "average_duration": 0.06547988594957366, "n_events": 389, "total_time": 25.471675634384155}, "batch.evaluate": {"label": "batch.evaluate", "average_duration": 0.001581782240487616, "n_events": 389, "total_time": 0.6153132915496826}, "batch.forward": {"label": "batch.forward", "average_duration": 0.006418841050645686, "n_events": 389, "total_time": 2.496929168701172}, "batch.reduce": {"label": "batch.reduce", "average_duration": 0.005009518184514769, "n_events": 389, "total_time": 1.9487025737762451}, "batch.step": {"label": "batch.step", "average_duration": 0.0028566934149185613, "n_events": 389, "total_time": 1.1112537384033203}, "reduce.compress": {"label": "reduce.compress", "average_duration": 0.0003913729846630734, "n_events": 389, "total_time": 0.15224409103393555}, "reduce.decompress": {"label": "reduce.decompress", "average_duration": 8.240334478932359e-05, "n_events": 389, "total_time": 0.032054901123046875}, "reduce.flat_pack": {"label": "reduce.flat_pack", "average_duration": 0.0007588409825891333, "n_events": 389, "total_time": 0.29518914222717285}, "reduce.norm": {"label": "reduce.norm", "average_duration": 9.872796909361695e-05, "n_events": 389, "total_time": 0.03840517997741699}, "reduce.reduce.vector": {"label": "reduce.reduce.vector", "average_duration": 1.1099028403470939e-05, "n_events": 389, "total_time": 0.004317522048950195}, "reduce.setgrad": {"label": "reduce.setgrad", "average_duration": 0.00313620579579802, "n_events": 389, "total_time": 1.2199840545654297}}