{"batch": {"label": "batch", "average_duration": 0.20014978069620035, "n_events": 194, "total_time": 38.829057455062866}, "batch.accumulate": {"label": "batch.accumulate", "average_duration": 0.0026410326515276406, "n_events": 194, "total_time": 0.5123603343963623}, "batch.backward": {"label": "batch.backward", "average_duration": 0.12371393577339723, "n_events": 194, "total_time": 24.000503540039062}, "batch.evaluate": {"label": "batch.evaluate", "average_duration": 0.0006032297291706517, "n_events": 194, "total_time": 0.11702656745910645}, "batch.forward": {"label": "batch.forward", "average_duration": 0.0412806813249883, "n_events": 194, "total_time": 8.00845217704773}, "batch.reduce": {"label": "batch.reduce", "average_duration": 0.014380951517636013, "n_events": 194, "total_time": 2.7899045944213867}, "batch.step": {"label": "batch.step", "average_duration": 0.009162786080665196, "n_events": 194, "total_time": 1.7775804996490479}, "reduce.allreduce": {"label": "reduce.allreduce", "average_duration": 0.013395955882121608, "n_events": 194, "total_time": 2.598815441131592}, "reduce.flat_pack": {"label": "reduce.flat_pack", "average_duration": 0.0008754558169964663, "n_events": 194, "total_time": 0.16983842849731445}}