{"batch": {"label": "batch", "average_duration": 0.5007618972935628, "n_events": 194, "total_time": 97.14780807495117}, "batch.accumulate": {"label": "batch.accumulate", "average_duration": 0.0013657587090718378, "n_events": 194, "total_time": 0.2649571895599365}, "batch.backward": {"label": "batch.backward", "average_duration": 0.3807044754323271, "n_events": 194, "total_time": 73.85666823387146}, "batch.evaluate": {"label": "batch.evaluate", "average_duration": 0.0007588875662420213, "n_events": 194, "total_time": 0.14722418785095215}, "batch.forward": {"label": "batch.forward", "average_duration": 0.045976936202688314, "n_events": 194, "total_time": 8.919525623321533}, "batch.reduce": {"label": "batch.reduce", "average_duration": 0.06387959067354497, "n_events": 194, "total_time": 12.392640590667725}, "batch.step": {"label": "batch.step", "average_duration": 0.0059603600157904875, "n_events": 194, "total_time": 1.1563098430633545}, "reduce.allreduce": {"label": "reduce.allreduce", "average_duration": 0.06251843688414269, "n_events": 194, "total_time": 12.128576755523682}, "reduce.flat_pack": {"label": "reduce.flat_pack", "average_duration": 0.0011605712556347404, "n_events": 194, "total_time": 0.22515082359313965}}