{"batch": {"label": "batch", "average_duration": 0.1892679507533709, "n_events": 96, "total_time": 18.16972327232361}, "batch.accumulate": {"label": "batch.accumulate", "average_duration": 0.0030936135186089408, "n_events": 18, "total_time": 0.05568504333496094}, "batch.backward": {"label": "batch.backward", "average_duration": 0.026138486961523693, "n_events": 96, "total_time": 2.5092947483062744}, "batch.evaluate": {"label": "batch.evaluate", "average_duration": 0.11572483678658803, "n_events": 96, "total_time": 11.109584331512451}, "batch.forward": {"label": "batch.forward", "average_duration": 0.02326808124780655, "n_events": 96, "total_time": 2.2337357997894287}, "batch.reduce": {"label": "batch.reduce", "average_duration": 0.022495057847764757, "n_events": 18, "total_time": 0.4049110412597656}, "batch.step": {"label": "batch.step", "average_duration": 0.009189787010351816, "n_events": 96, "total_time": 0.8822195529937744}, "reduce.compress": {"label": "reduce.compress", "average_duration": 0.0010058217578464085, "n_events": 18, "total_time": 0.01810479164123535}, "reduce.decompress": {"label": "reduce.decompress", "average_duration": 0.00023257732391357422, "n_events": 18, "total_time": 0.004186391830444336}, "reduce.flat_pack": {"label": "reduce.flat_pack", "average_duration": 0.0007336669498019748, "n_events": 18, "total_time": 0.013206005096435547}, "reduce.norm": {"label": "reduce.norm", "average_duration": 0.011007812288072374, "n_events": 18, "total_time": 0.19814062118530273}, "reduce.reduce.vector": {"label": "reduce.reduce.vector", "average_duration": 0.0001280175315009223, "n_events": 18, "total_time": 0.0023043155670166016}, "reduce.setgrad": {"label": "reduce.setgrad", "average_duration": 0.009045508172776964, "n_events": 18, "total_time": 0.16281914710998535}, "reduce_times": [0.18301129341125488, 0.017441511154174805, 0.0466158390045166, 0.024585485458374023, 0.0213010311126709, 0.01823115348815918, 0.01507115364074707, 0.022096633911132812, 0.020362377166748047, 0.028352022171020508, 0.01723957061767578, 0.022410154342651367, 0.02081775665283203, 0.02439141273498535, 0.024080276489257812, 0.014221906661987305, 0.02505636215209961, 0.0179746150970459, 0.024661779403686523]}