{"batch": {"label": "batch", "average_duration": 0.1892381211121877, "n_events": 96, "total_time": 18.16685962677002}, "batch.accumulate": {"label": "batch.accumulate", "average_duration": 0.0030809640884399414, "n_events": 18, "total_time": 0.055457353591918945}, "batch.backward": {"label": "batch.backward", "average_duration": 0.027163443466027577, "n_events": 96, "total_time": 2.6076905727386475}, "batch.evaluate": {"label": "batch.evaluate", "average_duration": 0.11063491801420848, "n_events": 96, "total_time": 10.620952129364014}, "batch.forward": {"label": "batch.forward", "average_duration": 0.02566160758336385, "n_events": 96, "total_time": 2.4635143280029297}, "batch.reduce": {"label": "batch.reduce", "average_duration": 0.027454508675469294, "n_events": 18, "total_time": 0.49418115615844727}, "batch.step": {"label": "batch.step", "average_duration": 0.009068148831526438, "n_events": 96, "total_time": 0.8705422878265381}, "reduce.compress": {"label": "reduce.compress", "average_duration": 0.0010271072387695312, "n_events": 18, "total_time": 0.018487930297851562}, "reduce.decompress": {"label": "reduce.decompress", "average_duration": 0.00022881560855441622, "n_events": 18, "total_time": 0.004118680953979492}, "reduce.flat_pack": {"label": "reduce.flat_pack", "average_duration": 0.0007540120018853082, "n_events": 18, "total_time": 0.013572216033935547}, "reduce.norm": {"label": "reduce.norm", "average_duration": 0.015400701098971896, "n_events": 18, "total_time": 0.27721261978149414}, "reduce.reduce.vector": {"label": "reduce.reduce.vector", "average_duration": 0.0001322560840182834, "n_events": 18, "total_time": 0.0023806095123291016}, "reduce.setgrad": {"label": "reduce.setgrad", "average_duration": 0.009566174613104926, "n_events": 18, "total_time": 0.17219114303588867}, "reduce_times": [0.1929152011871338, 0.02750372886657715, 0.056288719177246094, 0.03872871398925781, 0.031879425048828125, 0.03003072738647461, 0.024075984954833984, 0.03302454948425293, 0.03050851821899414, 0.026554107666015625, 0.026838064193725586, 0.019376754760742188, 0.022565126419067383, 0.02472519874572754, 0.01425623893737793, 0.019917964935302734, 0.023865222930908203, 0.014698028564453125, 0.02934408187866211]}