{"batch": {"label": "batch", "average_duration": 0.13198782885370175, "n_events": 484, "total_time": 63.88210916519165}, "batch.accumulate": {"label": "batch.accumulate", "average_duration": 0.0006946921348571777, "n_events": 484, "total_time": 0.336230993270874}, "batch.backward": {"label": "batch.backward", "average_duration": 0.06494127866650416, "n_events": 484, "total_time": 31.431578874588013}, "batch.evaluate": {"label": "batch.evaluate", "average_duration": 0.0005348364183725404, "n_events": 484, "total_time": 0.25886082649230957}, "batch.forward": {"label": "batch.forward", "average_duration": 0.05534997607065626, "n_events": 484, "total_time": 26.789388418197632}, "batch.reduce": {"label": "batch.reduce", "average_duration": 0.0061209556485010575, "n_events": 484, "total_time": 2.9625425338745117}, "batch.step": {"label": "batch.step", "average_duration": 0.0029439926147460938, "n_events": 484, "total_time": 1.4248924255371094}, "epoch_metrics.collect": {"label": "epoch_metrics.collect", "average_duration": 0.0054811835289001465, "n_events": 4, "total_time": 0.021924734115600586}, "reduce.compress": {"label": "reduce.compress", "average_duration": 0.00033032450794188447, "n_events": 484, "total_time": 0.15987706184387207}, "reduce.decompress": {"label": "reduce.decompress", "average_duration": 9.409405968405984e-05, "n_events": 484, "total_time": 0.04554152488708496}, "reduce.flat_pack": {"label": "reduce.flat_pack", "average_duration": 0.0003572150695422464, "n_events": 484, "total_time": 0.17289209365844727}, "reduce.norm": {"label": "reduce.norm", "average_duration": 0.0015807718284859146, "n_events": 484, "total_time": 0.7650935649871826}, "reduce.reduce.vector": {"label": "reduce.reduce.vector", "average_duration": 0.0008793744173916904, "n_events": 484, "total_time": 0.4256172180175781}, "reduce.setgrad": {"label": "reduce.setgrad", "average_duration": 0.0024625713174993343, "n_events": 484, "total_time": 1.1918845176696777}, "test.last": {"label": "test.last", "average_duration": 1.1754945516586304, "n_events": 4, "total_time": 4.7019782066345215}}