{"batch": {"label": "batch", "average_duration": 0.13276948219488474, "n_events": 484, "total_time": 64.26042938232422}, "batch.accumulate": {"label": "batch.accumulate", "average_duration": 0.000711899650983574, "n_events": 484, "total_time": 0.3445594310760498}, "batch.backward": {"label": "batch.backward", "average_duration": 0.06482508409121805, "n_events": 484, "total_time": 31.375340700149536}, "batch.evaluate": {"label": "batch.evaluate", "average_duration": 0.0005187367604783744, "n_events": 484, "total_time": 0.2510685920715332}, "batch.forward": {"label": "batch.forward", "average_duration": 0.05527321267719111, "n_events": 484, "total_time": 26.752234935760498}, "batch.reduce": {"label": "batch.reduce", "average_duration": 0.007014994778908974, "n_events": 484, "total_time": 3.3952574729919434}, "batch.step": {"label": "batch.step", "average_duration": 0.0030573813383244284, "n_events": 484, "total_time": 1.4797725677490234}, "epoch_metrics.collect": {"label": "epoch_metrics.collect", "average_duration": 0.003139317035675049, "n_events": 4, "total_time": 0.012557268142700195}, "reduce.compress": {"label": "reduce.compress", "average_duration": 0.001545903603892681, "n_events": 484, "total_time": 0.7482173442840576}, "reduce.decompress": {"label": "reduce.decompress", "average_duration": 0.0001852704473763458, "n_events": 484, "total_time": 0.08967089653015137}, "reduce.flat_pack": {"label": "reduce.flat_pack", "average_duration": 0.0003515038608519499, "n_events": 484, "total_time": 0.17012786865234375}, "reduce.norm": {"label": "reduce.norm", "average_duration": 0.001275735453140637, "n_events": 484, "total_time": 0.6174559593200684}, "reduce.reduce.vector": {"label": "reduce.reduce.vector", "average_duration": 0.0008833556135823904, "n_events": 484, "total_time": 0.42754411697387695}, "reduce.setgrad": {"label": "reduce.setgrad", "average_duration": 0.002362105472028748, "n_events": 484, "total_time": 1.143259048461914}, "test.last": {"label": "test.last", "average_duration": 1.1839022040367126, "n_events": 4, "total_time": 4.735608816146851}}