{"batch": {"label": "batch", "average_duration": 0.28358526115576593, "n_events": 29249, "total_time": 8294.585303544998}, "batch.accumulate": {"label": "batch.accumulate", "average_duration": 0.0025513157558757433, "n_events": 29249, "total_time": 74.62343454360962}, "batch.backward": {"label": "batch.backward", "average_duration": 0.02255429881320635, "n_events": 29249, "total_time": 659.6906859874725}, "batch.evaluate": {"label": "batch.evaluate", "average_duration": 0.1769504082166638, "n_events": 29249, "total_time": 5175.622489929199}, "batch.forward": {"label": "batch.forward", "average_duration": 0.012967577966577054, "n_events": 29249, "total_time": 379.28868794441223}, "batch.reduce": {"label": "batch.reduce", "average_duration": 0.03298604795270799, "n_events": 29249, "total_time": 964.8089165687561}, "batch.step": {"label": "batch.step", "average_duration": 0.02873364145024022, "n_events": 29249, "total_time": 840.4302787780762}, "epoch_metrics.collect": {"label": "epoch_metrics.collect", "average_duration": 0.014929633812616335, "n_events": 149, "total_time": 2.224515438079834}, "reduce.compress": {"label": "reduce.compress", "average_duration": 0.0008082404830010798, "n_events": 29249, "total_time": 23.640225887298584}, "reduce.decompress": {"label": "reduce.decompress", "average_duration": 0.00018130784532123845, "n_events": 29249, "total_time": 5.303073167800903}, "reduce.flat_pack": {"label": "reduce.flat_pack", "average_duration": 0.0006075548862383065, "n_events": 29249, "total_time": 17.77037286758423}, "reduce.norm": {"label": "reduce.norm", "average_duration": 0.022954617130592943, "n_events": 29249, "total_time": 671.399596452713}, "reduce.reduce.vector": {"label": "reduce.reduce.vector", "average_duration": 9.795293925688765e-05, "n_events": 29249, "total_time": 2.865025520324707}, "reduce.setgrad": {"label": "reduce.setgrad", "average_duration": 0.008140554729374158, "n_events": 29249, "total_time": 238.10308527946472}, "test.last": {"label": "test.last", "average_duration": 2.538163356332971, "n_events": 149, "total_time": 378.18634009361267}}