{"batch": {"label": "batch", "average_duration": 0.28489416464564615, "n_events": 29249, "total_time": 8332.869421720505}, "batch.accumulate": {"label": "batch.accumulate", "average_duration": 0.002841511442419272, "n_events": 29249, "total_time": 83.11136817932129}, "batch.backward": {"label": "batch.backward", "average_duration": 0.14469918800731443, "n_events": 29249, "total_time": 4232.30655002594}, "batch.evaluate": {"label": "batch.evaluate", "average_duration": 0.000744125578863127, "n_events": 29249, "total_time": 21.764929056167603}, "batch.forward": {"label": "batch.forward", "average_duration": 0.06731075593975167, "n_events": 29249, "total_time": 1968.7723004817963}, "batch.reduce": {"label": "batch.reduce", "average_duration": 0.045328693188717475, "n_events": 29249, "total_time": 1325.8189470767975}, "batch.step": {"label": "batch.step", "average_duration": 0.01600332300725515, "n_events": 29249, "total_time": 468.08119463920593}, "epoch_metrics.collect": {"label": "epoch_metrics.collect", "average_duration": 0.001853131607874928, "n_events": 149, "total_time": 0.27611660957336426}, "reduce.compress": {"label": "reduce.compress", "average_duration": 0.02385204938534912, "n_events": 29249, "total_time": 697.6485924720764}, "reduce.decompress": {"label": "reduce.decompress", "average_duration": 0.0034240254736659084, "n_events": 29249, "total_time": 100.14932107925415}, "reduce.flat_pack": {"label": "reduce.flat_pack", "average_duration": 0.001311244326838673, "n_events": 29249, "total_time": 38.352585315704346}, "reduce.norm": {"label": "reduce.norm", "average_duration": 0.0009370537479782378, "n_events": 29249, "total_time": 27.40788507461548}, "reduce.reduce.vector": {"label": "reduce.reduce.vector", "average_duration": 0.006607736162480878, "n_events": 29249, "total_time": 193.2696750164032}, "reduce.setgrad": {"label": "reduce.setgrad", "average_duration": 0.008965785338159765, "n_events": 29249, "total_time": 262.24025535583496}, "test.last": {"label": "test.last", "average_duration": 2.6371145040396877, "n_events": 149, "total_time": 392.93006110191345}}