{"batch": {"label": "batch", "average_duration": 0.08286983960666706, "n_events": 387, "total_time": 32.07062792778015}, "batch.accumulate": {"label": "batch.accumulate", "average_duration": 0.0010699696011013454, "n_events": 18, "total_time": 0.01925945281982422}, "batch.backward": {"label": "batch.backward", "average_duration": 0.006604508220071324, "n_events": 387, "total_time": 2.5559446811676025}, "batch.evaluate": {"label": "batch.evaluate", "average_duration": 0.06096893934008379, "n_events": 387, "total_time": 23.594979524612427}, "batch.forward": {"label": "batch.forward", "average_duration": 0.005542482824596632, "n_events": 387, "total_time": 2.1449408531188965}, "batch.reduce": {"label": "batch.reduce", "average_duration": 0.019193291664123535, "n_events": 18, "total_time": 0.34547924995422363}, "batch.step": {"label": "batch.step", "average_duration": 0.0031414167517531443, "n_events": 387, "total_time": 1.2157282829284668}, "epoch_metrics.collect": {"label": "epoch_metrics.collect", "average_duration": 0.0011563301086425781, "n_events": 3, "total_time": 0.0034689903259277344}, "reduce.compress": {"label": "reduce.compress", "average_duration": 0.0004235770967271593, "n_events": 18, "total_time": 0.007624387741088867}, "reduce.decompress": {"label": "reduce.decompress", "average_duration": 8.338027530246311e-05, "n_events": 18, "total_time": 0.001500844955444336}, "reduce.flat_pack": {"label": "reduce.flat_pack", "average_duration": 0.0003085401323106554, "n_events": 18, "total_time": 0.005553722381591797}, "reduce.norm": {"label": "reduce.norm", "average_duration": 0.01458634270562066, "n_events": 18, "total_time": 0.2625541687011719}, "reduce.reduce.vector": {"label": "reduce.reduce.vector", "average_duration": 0.00015158123440212675, "n_events": 18, "total_time": 0.0027284622192382812}, "reduce.setgrad": {"label": "reduce.setgrad", "average_duration": 0.0031300518247816297, "n_events": 18, "total_time": 0.056340932846069336}, "test.last": {"label": "test.last", "average_duration": 1.3896845976511638, "n_events": 3, "total_time": 4.169053792953491}}