{"batch": {"label": "batch", "average_duration": 0.21023299477317117, "n_events": 484, "total_time": 101.75276947021484}, "batch.accumulate": {"label": "batch.accumulate", "average_duration": 0.0019985402911162574, "n_events": 484, "total_time": 0.9672935009002686}, "batch.backward": {"label": "batch.backward", "average_duration": 0.12466780164025047, "n_events": 484, "total_time": 60.339215993881226}, "batch.evaluate": {"label": "batch.evaluate", "average_duration": 0.0005365260376417933, "n_events": 484, "total_time": 0.25967860221862793}, "batch.forward": {"label": "batch.forward", "average_duration": 0.06025223150726192, "n_events": 484, "total_time": 29.16208004951477}, "batch.reduce": {"label": "batch.reduce", "average_duration": 0.010649181101932999, "n_events": 484, "total_time": 5.154203653335571}, "batch.step": {"label": "batch.step", "average_duration": 0.008762679316780785, "n_events": 484, "total_time": 4.241136789321899}, "epoch_metrics.collect": {"label": "epoch_metrics.collect", "average_duration": 0.004933774471282959, "n_events": 4, "total_time": 0.019735097885131836}, "reduce.compress": {"label": "reduce.compress", "average_duration": 0.00034043611573778893, "n_events": 484, "total_time": 0.16477108001708984}, "reduce.decompress": {"label": "reduce.decompress", "average_duration": 8.494745601307262e-05, "n_events": 484, "total_time": 0.04111456871032715}, "reduce.flat_pack": {"label": "reduce.flat_pack", "average_duration": 0.0007482328690773199, "n_events": 484, "total_time": 0.36214470863342285}, "reduce.norm": {"label": "reduce.norm", "average_duration": 0.0014551779455389859, "n_events": 484, "total_time": 0.7043061256408691}, "reduce.reduce.vector": {"label": "reduce.reduce.vector", "average_duration": 0.0008986011024348992, "n_events": 484, "total_time": 0.4349229335784912}, "reduce.setgrad": {"label": "reduce.setgrad", "average_duration": 0.006709429350766269, "n_events": 484, "total_time": 3.247363805770874}, "test.last": {"label": "test.last", "average_duration": 1.418403148651123, "n_events": 4, "total_time": 5.673612594604492}}