{"batch": {"label": "batch", "average_duration": 0.24159627561726846, "n_events": 484, "total_time": 116.93259739875793}, "batch.accumulate": {"label": "batch.accumulate", "average_duration": 0.001909771241432379, "n_events": 484, "total_time": 0.9243292808532715}, "batch.backward": {"label": "batch.backward", "average_duration": 0.12414373986977191, "n_events": 484, "total_time": 60.085570096969604}, "batch.evaluate": {"label": "batch.evaluate", "average_duration": 0.0005842851213187226, "n_events": 484, "total_time": 0.2827939987182617}, "batch.forward": {"label": "batch.forward", "average_duration": 0.06013963537767899, "n_events": 484, "total_time": 29.10758352279663}, "batch.reduce": {"label": "batch.reduce", "average_duration": 0.04262088350028046, "n_events": 484, "total_time": 20.628507614135742}, "batch.step": {"label": "batch.step", "average_duration": 0.008609401293037352, "n_events": 484, "total_time": 4.166950225830078}, "epoch_metrics.collect": {"label": "epoch_metrics.collect", "average_duration": 0.005642354488372803, "n_events": 4, "total_time": 0.02256941795349121}, "reduce.compress": {"label": "reduce.compress", "average_duration": 0.003270013765855269, "n_events": 484, "total_time": 1.5826866626739502}, "reduce.decompress": {"label": "reduce.decompress", "average_duration": 0.0003734886153670382, "n_events": 484, "total_time": 0.18076848983764648}, "reduce.flat_pack": {"label": "reduce.flat_pack", "average_duration": 0.0007687831713148385, "n_events": 484, "total_time": 0.37209105491638184}, "reduce.norm": {"label": "reduce.norm", "average_duration": 0.0017641290160250072, "n_events": 484, "total_time": 0.8538384437561035}, "reduce.reduce.vector": {"label": "reduce.reduce.vector", "average_duration": 0.02914163544158305, "n_events": 484, "total_time": 14.104551553726196}, "reduce.setgrad": {"label": "reduce.setgrad", "average_duration": 0.006927034086432339, "n_events": 484, "total_time": 3.352684497833252}, "test.last": {"label": "test.last", "average_duration": 1.4124925136566162, "n_events": 4, "total_time": 5.649970054626465}}