{"batch": {"label": "batch", "average_duration": 0.3728576296383573, "n_events": 194, "total_time": 72.33438014984131}, "batch.accumulate": {"label": "batch.accumulate", "average_duration": 0.001374136541307587, "n_events": 194, "total_time": 0.2665824890136719}, "batch.backward": {"label": "batch.backward", "average_duration": 0.06344237364349757, "n_events": 389, "total_time": 24.679083347320557}, "batch.evaluate": {"label": "batch.evaluate", "average_duration": 0.0006764897344044977, "n_events": 389, "total_time": 0.2631545066833496}, "batch.forward": {"label": "batch.forward", "average_duration": 0.03315708018207305, "n_events": 389, "total_time": 12.898104190826416}, "batch.reduce": {"label": "batch.reduce", "average_duration": 0.16149693666045198, "n_events": 194, "total_time": 31.330405712127686}, "batch.step": {"label": "batch.step", "average_duration": 0.00476471542083111, "n_events": 194, "total_time": 0.9243547916412354}, "reduce.allreduce": {"label": "reduce.allreduce", "average_duration": 0.1601837455611868, "n_events": 194, "total_time": 31.07564663887024}, "reduce.flat_pack": {"label": "reduce.flat_pack", "average_duration": 0.0010933519638690753, "n_events": 194, "total_time": 0.21211028099060059}, "reduce_times": [0.08068394660949707, 0.08018326759338379, 0.08321595191955566, 0.08202886581420898, 0.07626533508300781, 0.07816958427429199, 0.07683181762695312, 0.0733487606048584, 0.06927967071533203, 0.08042550086975098, 0.07494688034057617, 0.07673406600952148, 0.07380819320678711, 0.08609223365783691, 0.07780957221984863, 0.07430267333984375, 0.07230353355407715, 0.3512461185455322, 0.07640576362609863, 0.07352495193481445, 0.15297555923461914, 0.3752603530883789, 0.07129669189453125, 0.0782160758972168, 0.1405322551727295, 0.4229729175567627, 0.07833027839660645, 0.07619166374206543, 0.08573126792907715, 0.16679930686950684, 0.16839003562927246, 0.16906380653381348, 0.16886615753173828, 0.16957354545593262, 0.17125463485717773, 0.17104077339172363, 0.1719653606414795, 0.17116403579711914, 0.16878294944763184, 0.16821742057800293, 0.1683790683746338, 0.17070579528808594, 0.16822433471679688, 0.16896867752075195, 0.16874051094055176, 0.17143583297729492, 0.16756463050842285, 0.16759800910949707, 0.3701450824737549, 0.07551002502441406, 0.07636404037475586, 0.14850640296936035, 0.3564469814300537, 0.07667398452758789, 0.07742190361022949, 0.1606590747833252, 0.16796422004699707, 0.16173362731933594, 0.1676497459411621, 0.17304348945617676, 0.1678154468536377, 0.17232656478881836, 0.1640636920928955, 0.17053914070129395, 0.16848087310791016, 0.16773462295532227, 0.16803789138793945, 0.16646385192871094, 0.17310309410095215, 0.17401933670043945, 0.16945767402648926, 0.17233610153198242, 0.16812562942504883, 0.16820716857910156, 0.17207074165344238, 0.16639494895935059, 0.17028117179870605, 0.16775870323181152, 0.16805052757263184, 0.17087483406066895, 0.16569757461547852, 0.17222332954406738, 0.16749000549316406, 0.17212247848510742, 0.16777467727661133, 0.17270874977111816, 0.1715259552001953, 0.1683032512664795, 0.17262911796569824, 0.16877460479736328, 0.17436504364013672, 0.1656324863433838, 0.17337608337402344, 0.16923809051513672, 0.17233848571777344, 0.16785645484924316, 0.1728060245513916, 0.1684713363647461, 0.172027587890625, 0.16776037216186523, 0.17198419570922852, 0.16803336143493652, 0.17234182357788086, 0.16851210594177246, 0.16819524765014648, 0.16771650314331055, 0.1689012050628662, 0.17231512069702148, 0.1639864444732666, 0.16466259956359863, 0.16842007637023926, 0.1669785976409912, 0.16916775703430176, 0.16948890686035156, 0.16852426528930664, 0.1674938201904297, 0.16878962516784668, 0.16875767707824707, 0.16855978965759277, 0.17146515846252441, 0.17259573936462402, 0.17366981506347656, 0.17329144477844238, 0.1710495948791504, 0.17222952842712402, 0.17274737358093262, 0.16903162002563477, 0.16547417640686035, 0.17201852798461914, 0.1724553108215332, 0.17160677909851074, 0.17185616493225098, 0.17324066162109375, 0.1727454662322998, 0.17034673690795898, 0.16906452178955078, 0.17249488830566406, 0.17328310012817383, 0.1723771095275879, 0.17249608039855957, 0.17307186126708984, 0.17320823669433594, 0.17200374603271484, 0.1730642318725586, 0.17255544662475586, 0.1709270477294922, 0.17275500297546387, 0.17243337631225586, 0.17306804656982422, 0.17230868339538574, 0.17183232307434082, 0.17127180099487305, 0.16705846786499023, 0.1690051555633545, 0.1622765064239502, 0.1674802303314209, 0.16084933280944824, 0.16802310943603516, 0.1677417755126953, 0.16346454620361328, 0.16831636428833008, 0.16805720329284668, 0.16875672340393066, 0.1672971248626709, 0.1682884693145752, 0.1689910888671875, 0.16837334632873535, 0.16852116584777832, 0.16919374465942383, 0.16933679580688477, 0.16825032234191895, 0.17270469665527344, 0.16489434242248535, 0.16941499710083008, 0.1677393913269043, 0.1683948040008545, 0.16849493980407715, 0.16423678398132324, 0.16887164115905762, 0.16780877113342285, 0.16851472854614258, 0.17201900482177734, 0.16209125518798828, 0.16596031188964844, 0.16853952407836914, 0.16393375396728516, 0.16429662704467773, 0.1649618148803711, 0.16781163215637207, 0.16791129112243652, 0.16788315773010254, 0.17285823822021484, 0.1725776195526123, 0.1722886562347412, 0.17350053787231445]}