{"batch": {"label": "batch", "average_duration": 0.08237614894862047, "n_events": 779, "total_time": 64.17102003097534}, "batch.accumulate": {"label": "batch.accumulate", "average_duration": 0.0009426505942093698, "n_events": 38, "total_time": 0.035820722579956055}, "batch.backward": {"label": "batch.backward", "average_duration": 0.06697268724747586, "n_events": 779, "total_time": 52.17172336578369}, "batch.evaluate": {"label": "batch.evaluate", "average_duration": 0.0011716161367981977, "n_events": 779, "total_time": 0.9126889705657959}, "batch.forward": {"label": "batch.forward", "average_duration": 0.006452637857282881, "n_events": 779, "total_time": 5.026604890823364}, "batch.reduce": {"label": "batch.reduce", "average_duration": 0.005825563480979518, "n_events": 38, "total_time": 0.22137141227722168}, "batch.step": {"label": "batch.step", "average_duration": 0.003439527421003741, "n_events": 779, "total_time": 2.679391860961914}, "epoch_metrics.collect": {"label": "epoch_metrics.collect", "average_duration": 0.003451108932495117, "n_events": 3, "total_time": 0.010353326797485352}, "reduce.compress": {"label": "reduce.compress", "average_duration": 0.0009163806312962583, "n_events": 38, "total_time": 0.03482246398925781}, "reduce.decompress": {"label": "reduce.decompress", "average_duration": 0.0002025554054661801, "n_events": 38, "total_time": 0.007697105407714844}, "reduce.flat_pack": {"label": "reduce.flat_pack", "average_duration": 0.0006669195074784128, "n_events": 38, "total_time": 0.025342941284179688}, "reduce.norm": {"label": "reduce.norm", "average_duration": 0.0003873737234818308, "n_events": 38, "total_time": 0.01472020149230957}, "reduce.reduce.vector": {"label": "reduce.reduce.vector", "average_duration": 0.00011914027364630448, "n_events": 38, "total_time": 0.00452733039855957}, "reduce.setgrad": {"label": "reduce.setgrad", "average_duration": 0.00286655676992316, "n_events": 38, "total_time": 0.10892915725708008}, "test.last": {"label": "test.last", "average_duration": 2.3537936210632324, "n_events": 3, "total_time": 7.061380863189697}}