{"batch": {"label": "batch", "average_duration": 0.2262970770686126, "n_events": 484, "total_time": 109.5277853012085}, "batch.accumulate": {"label": "batch.accumulate", "average_duration": 0.0018897209285704557, "n_events": 484, "total_time": 0.9146249294281006}, "batch.backward": {"label": "batch.backward", "average_duration": 0.12389584858555439, "n_events": 484, "total_time": 59.965590715408325}, "batch.evaluate": {"label": "batch.evaluate", "average_duration": 0.0005641288993772397, "n_events": 484, "total_time": 0.273038387298584}, "batch.forward": {"label": "batch.forward", "average_duration": 0.06008208536904706, "n_events": 484, "total_time": 29.079729318618774}, "batch.reduce": {"label": "batch.reduce", "average_duration": 0.02800852848478585, "n_events": 484, "total_time": 13.556127786636353}, "batch.step": {"label": "batch.step", "average_duration": 0.008376115117191283, "n_events": 484, "total_time": 4.054039716720581}, "epoch_metrics.collect": {"label": "epoch_metrics.collect", "average_duration": 0.008983612060546875, "n_events": 4, "total_time": 0.0359344482421875}, "reduce.allocate_memory": {"label": "reduce.allocate_memory", "average_duration": 0.0007434743495026895, "n_events": 484, "total_time": 0.35984158515930176}, "reduce.compute.p": {"label": "reduce.compute.p", "average_duration": 0.001226153748094543, "n_events": 484, "total_time": 0.5934584140777588}, "reduce.compute.q": {"label": "reduce.compute.q", "average_duration": 0.0021601846395445266, "n_events": 484, "total_time": 1.0455293655395508}, "reduce.normalize.p": {"label": "reduce.normalize.p", "average_duration": 0.004992082099284022, "n_events": 484, "total_time": 2.416167736053467}, "reduce.outerprod": {"label": "reduce.outerprod", "average_duration": 0.0036862630489443945, "n_events": 484, "total_time": 1.784151315689087}, "reduce.p": {"label": "reduce.p", "average_duration": 0.003366916140248953, "n_events": 484, "total_time": 1.6295874118804932}, "reduce.prepare.q": {"label": "reduce.prepare.q", "average_duration": 0.0007557514285253099, "n_events": 484, "total_time": 0.36578369140625}, "reduce.q": {"label": "reduce.q", "average_duration": 0.0016926694507441245, "n_events": 484, "total_time": 0.8192520141601562}, "reduce.rank1.all_reduce": {"label": "reduce.rank1.all_reduce", "average_duration": 0.0015517453516810393, "n_events": 484, "total_time": 0.751044750213623}, "reduce.rank1.pack": {"label": "reduce.rank1.pack", "average_duration": 0.00039959939058161967, "n_events": 484, "total_time": 0.1934061050415039}, "reduce.rank1.unpack": {"label": "reduce.rank1.unpack", "average_duration": 0.0020031017705428697, "n_events": 484, "total_time": 0.969501256942749}, "test.last": {"label": "test.last", "average_duration": 1.403774082660675, "n_events": 4, "total_time": 5.6150963306427}}