{"batch": {"label": "batch", "average_duration": 0.1338423367628117, "n_events": 194, "total_time": 25.965413331985474}, "batch.accumulate": {"label": "batch.accumulate", "average_duration": 0.0009758660667820981, "n_events": 38, "total_time": 0.03708291053771973}, "batch.backward": {"label": "batch.backward", "average_duration": 0.0647471762195076, "n_events": 194, "total_time": 12.560952186584473}, "batch.evaluate": {"label": "batch.evaluate", "average_duration": 0.0012101242222736792, "n_events": 194, "total_time": 0.23476409912109375}, "batch.forward": {"label": "batch.forward", "average_duration": 0.006287186416154055, "n_events": 194, "total_time": 1.2197141647338867}, "batch.reduce": {"label": "batch.reduce", "average_duration": 0.2511506268852635, "n_events": 38, "total_time": 9.543723821640015}, "batch.step": {"label": "batch.step", "average_duration": 0.003294439659905188, "n_events": 194, "total_time": 0.6391212940216064}, "reduce.compress": {"label": "reduce.compress", "average_duration": 0.00041944729654412523, "n_events": 38, "total_time": 0.015938997268676758}, "reduce.decompress": {"label": "reduce.decompress", "average_duration": 8.846584119294818e-05, "n_events": 38, "total_time": 0.0033617019653320312}, "reduce.flat_pack": {"label": "reduce.flat_pack", "average_duration": 0.000664478854129189, "n_events": 38, "total_time": 0.02525019645690918}, "reduce.norm": {"label": "reduce.norm", "average_duration": 0.2444105775732743, "n_events": 38, "total_time": 9.287601947784424}, "reduce.reduce.vector": {"label": "reduce.reduce.vector", "average_duration": 0.0018272086193687038, "n_events": 38, "total_time": 0.06943392753601074}, "reduce.setgrad": {"label": "reduce.setgrad", "average_duration": 0.0030274579399510435, "n_events": 38, "total_time": 0.11504340171813965}}