{"batch": {"label": "batch", "average_duration": 0.24160505671146487, "n_events": 484, "total_time": 116.936847448349}, "batch.accumulate": {"label": "batch.accumulate", "average_duration": 0.0019112884505721162, "n_events": 484, "total_time": 0.9250636100769043}, "batch.backward": {"label": "batch.backward", "average_duration": 0.12257397273355279, "n_events": 484, "total_time": 59.32580280303955}, "batch.evaluate": {"label": "batch.evaluate", "average_duration": 0.0005367235703901811, "n_events": 484, "total_time": 0.25977420806884766}, "batch.forward": {"label": "batch.forward", "average_duration": 0.05983005476392005, "n_events": 484, "total_time": 28.957746505737305}, "batch.reduce": {"label": "batch.reduce", "average_duration": 0.044662565239204845, "n_events": 484, "total_time": 21.616681575775146}, "batch.step": {"label": "batch.step", "average_duration": 0.008672834920489099, "n_events": 484, "total_time": 4.197652101516724}, "epoch_metrics.collect": {"label": "epoch_metrics.collect", "average_duration": 0.0080794095993042, "n_events": 4, "total_time": 0.0323176383972168}, "reduce.compress": {"label": "reduce.compress", "average_duration": 0.0032680182417562185, "n_events": 484, "total_time": 1.5817208290100098}, "reduce.decompress": {"label": "reduce.decompress", "average_duration": 0.00035566387097697613, "n_events": 484, "total_time": 0.17214131355285645}, "reduce.flat_pack": {"label": "reduce.flat_pack", "average_duration": 0.0007415635526672868, "n_events": 484, "total_time": 0.3589167594909668}, "reduce.norm": {"label": "reduce.norm", "average_duration": 0.0036796262441587844, "n_events": 484, "total_time": 1.7809391021728516}, "reduce.reduce.vector": {"label": "reduce.reduce.vector", "average_duration": 0.029265774183036868, "n_events": 484, "total_time": 14.164634704589844}, "reduce.setgrad": {"label": "reduce.setgrad", "average_duration": 0.007006367376028014, "n_events": 484, "total_time": 3.3910818099975586}, "test.last": {"label": "test.last", "average_duration": 1.4124407172203064, "n_events": 4, "total_time": 5.649762868881226}}