{"batch": {"label": "batch", "average_duration": 0.08598413121514988, "n_events": 193, "total_time": 16.594937324523926}, "batch.accumulate": {"label": "batch.accumulate", "average_duration": 0.001038299666510688, "n_events": 18, "total_time": 0.018689393997192383}, "batch.backward": {"label": "batch.backward", "average_duration": 0.006975779261613757, "n_events": 193, "total_time": 1.346325397491455}, "batch.evaluate": {"label": "batch.evaluate", "average_duration": 0.059498751101716194, "n_events": 193, "total_time": 11.483258962631226}, "batch.forward": {"label": "batch.forward", "average_duration": 0.0054878719112416005, "n_events": 193, "total_time": 1.059159278869629}, "batch.reduce": {"label": "batch.reduce", "average_duration": 0.027560313542683918, "n_events": 18, "total_time": 0.49608564376831055}, "batch.step": {"label": "batch.step", "average_duration": 0.0031245570108680526, "n_events": 193, "total_time": 0.6030395030975342}, "epoch_metrics.collect": {"label": "epoch_metrics.collect", "average_duration": 0.01105952262878418, "n_events": 1, "total_time": 0.01105952262878418}, "reduce.compress": {"label": "reduce.compress", "average_duration": 0.0004185305701361762, "n_events": 18, "total_time": 0.007533550262451172}, "reduce.decompress": {"label": "reduce.decompress", "average_duration": 8.575121561686198e-05, "n_events": 18, "total_time": 0.0015435218811035156}, "reduce.flat_pack": {"label": "reduce.flat_pack", "average_duration": 0.0003098116980658637, "n_events": 18, "total_time": 0.005576610565185547}, "reduce.norm": {"label": "reduce.norm", "average_duration": 0.0229517486360338, "n_events": 18, "total_time": 0.4131314754486084}, "reduce.reduce.vector": {"label": "reduce.reduce.vector", "average_duration": 0.00014573997921413847, "n_events": 18, "total_time": 0.002623319625854492}, "reduce.setgrad": {"label": "reduce.setgrad", "average_duration": 0.0031667285495334202, "n_events": 18, "total_time": 0.05700111389160156}, "test.last": {"label": "test.last", "average_duration": 1.3660063743591309, "n_events": 1, "total_time": 1.3660063743591309}}