{"batch": {"label": "batch", "average_duration": 0.19599038055262616, "n_events": 194, "total_time": 38.02213382720947}, "batch.accumulate": {"label": "batch.accumulate", "average_duration": 0.002866112079816995, "n_events": 194, "total_time": 0.5560257434844971}, "batch.backward": {"label": "batch.backward", "average_duration": 0.12201476220003109, "n_events": 194, "total_time": 23.67086386680603}, "batch.evaluate": {"label": "batch.evaluate", "average_duration": 0.0006195171592161828, "n_events": 194, "total_time": 0.12018632888793945}, "batch.forward": {"label": "batch.forward", "average_duration": 0.04113230508627351, "n_events": 194, "total_time": 7.9796671867370605}, "batch.reduce": {"label": "batch.reduce", "average_duration": 0.012108204291038906, "n_events": 194, "total_time": 2.348991632461548}, "batch.step": {"label": "batch.step", "average_duration": 0.008948602627233132, "n_events": 194, "total_time": 1.7360289096832275}, "reduce.compress": {"label": "reduce.compress", "average_duration": 0.0011348994736818923, "n_events": 194, "total_time": 0.2201704978942871}, "reduce.decompress": {"label": "reduce.decompress", "average_duration": 0.00021712190097140281, "n_events": 194, "total_time": 0.04212164878845215}, "reduce.flat_pack": {"label": "reduce.flat_pack", "average_duration": 0.00090776030550298, "n_events": 194, "total_time": 0.17610549926757812}, "reduce.norm": {"label": "reduce.norm", "average_duration": 0.0007783997919141632, "n_events": 194, "total_time": 0.15100955963134766}, "reduce.setgrad": {"label": "reduce.setgrad", "average_duration": 0.008673392620283304, "n_events": 194, "total_time": 1.682638168334961}}