{"batch": {"label": "batch", "average_duration": 0.5005817382762549, "n_events": 29249, "total_time": 14641.515262842178}, "batch.accumulate": {"label": "batch.accumulate", "average_duration": 0.0022884703215592835, "n_events": 29249, "total_time": 66.93546843528748}, "batch.backward": {"label": "batch.backward", "average_duration": 0.1437641597290545, "n_events": 29249, "total_time": 4204.957907915115}, "batch.evaluate": {"label": "batch.evaluate", "average_duration": 0.0004119283297338332, "n_events": 29249, "total_time": 12.048491716384888}, "batch.forward": {"label": "batch.forward", "average_duration": 0.06566857688426726, "n_events": 29249, "total_time": 1920.7402052879333}, "batch.reduce": {"label": "batch.reduce", "average_duration": 0.2841464833131737, "n_events": 29249, "total_time": 8311.000490427017}, "batch.step": {"label": "batch.step", "average_duration": 0.0015714191209312554, "n_events": 29249, "total_time": 45.962437868118286}, "epoch_metrics.collect": {"label": "epoch_metrics.collect", "average_duration": 0.0013339439494497824, "n_events": 149, "total_time": 0.19875764846801758}, "reduce.average": {"label": "reduce.average", "average_duration": 0.00922009668503791, "n_events": 29249, "total_time": 269.6786079406738}, "reduce.compress": {"label": "reduce.compress", "average_duration": 0.007733759633406333, "n_events": 29249, "total_time": 226.20473551750183}, "reduce.decompress": {"label": "reduce.decompress", "average_duration": 0.0011836404029950268, "n_events": 29249, "total_time": 34.62029814720154}, "reduce.flat_pack": {"label": "reduce.flat_pack", "average_duration": 0.001082037007846589, "n_events": 29249, "total_time": 31.648500442504883}, "reduce.gather": {"label": "reduce.gather", "average_duration": 0.2647723271429504, "n_events": 29249, "total_time": 7744.3257966041565}, "test.last": {"label": "test.last", "average_duration": 2.4674937853077115, "n_events": 149, "total_time": 367.656574010849}}