{"batch": {"label": "batch", "average_duration": 0.27989037618164186, "n_events": 484, "total_time": 135.46694207191467}, "batch.accumulate": {"label": "batch.accumulate", "average_duration": 0.002042490588732002, "n_events": 484, "total_time": 0.9885654449462891}, "batch.backward": {"label": "batch.backward", "average_duration": 0.1238418152509642, "n_events": 484, "total_time": 59.939438581466675}, "batch.evaluate": {"label": "batch.evaluate", "average_duration": 0.0005673194719740182, "n_events": 484, "total_time": 0.2745826244354248}, "batch.forward": {"label": "batch.forward", "average_duration": 0.059996825604399374, "n_events": 484, "total_time": 29.038463592529297}, "batch.reduce": {"label": "batch.reduce", "average_duration": 0.08092307995173557, "n_events": 484, "total_time": 39.166770696640015}, "batch.step": {"label": "batch.step", "average_duration": 0.008993991150343713, "n_events": 484, "total_time": 4.353091716766357}, "epoch_metrics.collect": {"label": "epoch_metrics.collect", "average_duration": 0.04226404428482056, "n_events": 4, "total_time": 0.16905617713928223}, "reduce.compress": {"label": "reduce.compress", "average_duration": 0.03781160244271775, "n_events": 484, "total_time": 18.30081558227539}, "reduce.decompress": {"label": "reduce.decompress", "average_duration": 0.001589025840286381, "n_events": 484, "total_time": 0.7690885066986084}, "reduce.flat_pack": {"label": "reduce.flat_pack", "average_duration": 0.0007661152477106772, "n_events": 484, "total_time": 0.3707997798919678}, "reduce.norm": {"label": "reduce.norm", "average_duration": 0.0021930001983957842, "n_events": 484, "total_time": 1.0614120960235596}, "reduce.reduce.vector": {"label": "reduce.reduce.vector", "average_duration": 0.03126846857307371, "n_events": 484, "total_time": 15.133938789367676}, "reduce.setgrad": {"label": "reduce.setgrad", "average_duration": 0.006836244882630908, "n_events": 484, "total_time": 3.3087425231933594}, "test.last": {"label": "test.last", "average_duration": 1.521958589553833, "n_events": 4, "total_time": 6.087834358215332}}