{"batch": {"label": "batch", "average_duration": 0.19059875769208567, "n_events": 387, "total_time": 73.76171922683716}, "batch.accumulate": {"label": "batch.accumulate", "average_duration": 0.00297905339135064, "n_events": 18, "total_time": 0.05362296104431152}, "batch.backward": {"label": "batch.backward", "average_duration": 0.025181797431728943, "n_events": 387, "total_time": 9.745355606079102}, "batch.evaluate": {"label": "batch.evaluate", "average_duration": 0.11449492562956896, "n_events": 387, "total_time": 44.30953621864319}, "batch.forward": {"label": "batch.forward", "average_duration": 0.023721404161872173, "n_events": 387, "total_time": 9.180183410644531}, "batch.reduce": {"label": "batch.reduce", "average_duration": 0.10630510913001166, "n_events": 18, "total_time": 1.91349196434021}, "batch.step": {"label": "batch.step", "average_duration": 0.00913433880769005, "n_events": 387, "total_time": 3.53498911857605}, "epoch_metrics.collect": {"label": "epoch_metrics.collect", "average_duration": 0.054923295974731445, "n_events": 3, "total_time": 0.16476988792419434}, "reduce.compress": {"label": "reduce.compress", "average_duration": 0.0010610289043850368, "n_events": 18, "total_time": 0.019098520278930664}, "reduce.decompress": {"label": "reduce.decompress", "average_duration": 0.0002277427249484592, "n_events": 18, "total_time": 0.004099369049072266}, "reduce.flat_pack": {"label": "reduce.flat_pack", "average_duration": 0.0008134577009412977, "n_events": 18, "total_time": 0.01464223861694336}, "reduce.norm": {"label": "reduce.norm", "average_duration": 0.09407203727298313, "n_events": 18, "total_time": 1.6932966709136963}, "reduce.reduce.vector": {"label": "reduce.reduce.vector", "average_duration": 0.0001308388180202908, "n_events": 18, "total_time": 0.0023550987243652344}, "reduce.setgrad": {"label": "reduce.setgrad", "average_duration": 0.009414845042758517, "n_events": 18, "total_time": 0.16946721076965332}, "test.last": {"label": "test.last", "average_duration": 1.5397650400797527, "n_events": 3, "total_time": 4.619295120239258}}