{"batch": {"label": "batch", "average_duration": 0.190829641135164, "n_events": 387, "total_time": 73.85107111930847}, "batch.accumulate": {"label": "batch.accumulate", "average_duration": 0.0028954479429456922, "n_events": 18, "total_time": 0.05211806297302246}, "batch.backward": {"label": "batch.backward", "average_duration": 0.02412776552737529, "n_events": 387, "total_time": 9.337445259094238}, "batch.evaluate": {"label": "batch.evaluate", "average_duration": 0.1177868670579383, "n_events": 387, "total_time": 45.58351755142212}, "batch.forward": {"label": "batch.forward", "average_duration": 0.023472244425337446, "n_events": 387, "total_time": 9.08375859260559}, "batch.reduce": {"label": "batch.reduce", "average_duration": 0.07002864943610297, "n_events": 18, "total_time": 1.2605156898498535}, "batch.step": {"label": "batch.step", "average_duration": 0.009130622065344523, "n_events": 387, "total_time": 3.53355073928833}, "epoch_metrics.collect": {"label": "epoch_metrics.collect", "average_duration": 0.03757333755493164, "n_events": 3, "total_time": 0.11272001266479492}, "reduce.compress": {"label": "reduce.compress", "average_duration": 0.001037809583875868, "n_events": 18, "total_time": 0.018680572509765625}, "reduce.decompress": {"label": "reduce.decompress", "average_duration": 0.00022329224480523003, "n_events": 18, "total_time": 0.004019260406494141}, "reduce.flat_pack": {"label": "reduce.flat_pack", "average_duration": 0.0007754431830512153, "n_events": 18, "total_time": 0.013957977294921875}, "reduce.norm": {"label": "reduce.norm", "average_duration": 0.0586449040306939, "n_events": 18, "total_time": 1.0556082725524902}, "reduce.reduce.vector": {"label": "reduce.reduce.vector", "average_duration": 0.00013052092658148872, "n_events": 18, "total_time": 0.002349376678466797}, "reduce.setgrad": {"label": "reduce.setgrad", "average_duration": 0.008639362123277452, "n_events": 18, "total_time": 0.15550851821899414}, "test.last": {"label": "test.last", "average_duration": 1.5398003260294597, "n_events": 3, "total_time": 4.619400978088379}}