{"batch": {"label": "batch", "average_duration": 0.1909248416121924, "n_events": 387, "total_time": 73.88791370391846}, "batch.accumulate": {"label": "batch.accumulate", "average_duration": 0.0029875702328152126, "n_events": 18, "total_time": 0.05377626419067383}, "batch.backward": {"label": "batch.backward", "average_duration": 0.02366666830787363, "n_events": 387, "total_time": 9.159000635147095}, "batch.evaluate": {"label": "batch.evaluate", "average_duration": 0.12000381915760287, "n_events": 387, "total_time": 46.44147801399231}, "batch.forward": {"label": "batch.forward", "average_duration": 0.02368625066693131, "n_events": 387, "total_time": 9.166579008102417}, "batch.reduce": {"label": "batch.reduce", "average_duration": 0.013776554001702202, "n_events": 18, "total_time": 0.24797797203063965}, "batch.step": {"label": "batch.step", "average_duration": 0.00949806698841026, "n_events": 387, "total_time": 3.6757519245147705}, "epoch_metrics.collect": {"label": "epoch_metrics.collect", "average_duration": 0.0011785030364990234, "n_events": 3, "total_time": 0.0035355091094970703}, "reduce.compress": {"label": "reduce.compress", "average_duration": 0.0010116630130343968, "n_events": 18, "total_time": 0.01820993423461914}, "reduce.decompress": {"label": "reduce.decompress", "average_duration": 0.00022264321645100912, "n_events": 18, "total_time": 0.004007577896118164}, "reduce.flat_pack": {"label": "reduce.flat_pack", "average_duration": 0.0007408062616984049, "n_events": 18, "total_time": 0.013334512710571289}, "reduce.norm": {"label": "reduce.norm", "average_duration": 0.002263532744513618, "n_events": 18, "total_time": 0.04074358940124512}, "reduce.reduce.vector": {"label": "reduce.reduce.vector", "average_duration": 0.00012755393981933594, "n_events": 18, "total_time": 0.002295970916748047}, "reduce.setgrad": {"label": "reduce.setgrad", "average_duration": 0.00883626937866211, "n_events": 18, "total_time": 0.15905284881591797}, "test.last": {"label": "test.last", "average_duration": 1.539861758550008, "n_events": 3, "total_time": 4.619585275650024}}