{"batch": {"label": "batch", "average_duration": 0.32765281545229197, "n_events": 484, "total_time": 158.5839626789093}, "batch.accumulate": {"label": "batch.accumulate", "average_duration": 0.001902096527667085, "n_events": 484, "total_time": 0.9206147193908691}, "batch.backward": {"label": "batch.backward", "average_duration": 0.12259434422185599, "n_events": 484, "total_time": 59.335662603378296}, "batch.evaluate": {"label": "batch.evaluate", "average_duration": 0.0005436973138289018, "n_events": 484, "total_time": 0.2631494998931885}, "batch.forward": {"label": "batch.forward", "average_duration": 0.059826486366839446, "n_events": 484, "total_time": 28.956019401550293}, "batch.reduce": {"label": "batch.reduce", "average_duration": 0.13073881795583678, "n_events": 484, "total_time": 63.277587890625}, "batch.step": {"label": "batch.step", "average_duration": 0.008665639014283487, "n_events": 484, "total_time": 4.194169282913208}, "epoch_metrics.collect": {"label": "epoch_metrics.collect", "average_duration": 0.006254971027374268, "n_events": 4, "total_time": 0.02501988410949707}, "reduce.allreduce": {"label": "reduce.allreduce", "average_duration": 0.1298204271261357, "n_events": 484, "total_time": 62.83308672904968}, "reduce.flat_pack": {"label": "reduce.flat_pack", "average_duration": 0.0007238934847934187, "n_events": 484, "total_time": 0.35036444664001465}, "test.last": {"label": "test.last", "average_duration": 1.4067378640174866, "n_events": 4, "total_time": 5.626951456069946}}