{"batch": {"label": "batch", "average_duration": 0.18516662940190437, "n_events": 387, "total_time": 71.65948557853699}, "batch.accumulate": {"label": "batch.accumulate", "average_duration": 0.0028240150875515407, "n_events": 18, "total_time": 0.050832271575927734}, "batch.backward": {"label": "batch.backward", "average_duration": 0.12396919450094533, "n_events": 387, "total_time": 47.976078271865845}, "batch.evaluate": {"label": "batch.evaluate", "average_duration": 0.0006943223396320984, "n_events": 387, "total_time": 0.26870274543762207}, "batch.forward": {"label": "batch.forward", "average_duration": 0.041473602447706905, "n_events": 387, "total_time": 16.050284147262573}, "batch.reduce": {"label": "batch.reduce", "average_duration": 0.03749744097391764, "n_events": 18, "total_time": 0.6749539375305176}, "batch.step": {"label": "batch.step", "average_duration": 0.008569837540619133, "n_events": 387, "total_time": 3.3165271282196045}, "epoch_metrics.collect": {"label": "epoch_metrics.collect", "average_duration": 0.01278392473856608, "n_events": 3, "total_time": 0.03835177421569824}, "reduce.compress": {"label": "reduce.compress", "average_duration": 0.0032766924964057077, "n_events": 18, "total_time": 0.058980464935302734}, "reduce.decompress": {"label": "reduce.decompress", "average_duration": 0.0002935594982571072, "n_events": 18, "total_time": 0.00528407096862793}, "reduce.flat_pack": {"label": "reduce.flat_pack", "average_duration": 0.0009143882327609592, "n_events": 18, "total_time": 0.016458988189697266}, "reduce.norm": {"label": "reduce.norm", "average_duration": 0.02345950073666043, "n_events": 18, "total_time": 0.4222710132598877}, "reduce.reduce.vector": {"label": "reduce.reduce.vector", "average_duration": 0.000733600722418891, "n_events": 18, "total_time": 0.013204813003540039}, "reduce.setgrad": {"label": "reduce.setgrad", "average_duration": 0.008505741755167643, "n_events": 18, "total_time": 0.15310335159301758}, "test.last": {"label": "test.last", "average_duration": 1.4548527399698894, "n_events": 3, "total_time": 4.364558219909668}}