{"batch": {"label": "batch", "average_duration": 0.08114488671223323, "n_events": 96, "total_time": 7.78990912437439}, "batch.accumulate": {"label": "batch.accumulate", "average_duration": 0.0011408196555243598, "n_events": 18, "total_time": 0.020534753799438477}, "batch.backward": {"label": "batch.backward", "average_duration": 0.06553038706382115, "n_events": 96, "total_time": 6.290917158126831}, "batch.evaluate": {"label": "batch.evaluate", "average_duration": 0.0011937270561854045, "n_events": 96, "total_time": 0.11459779739379883}, "batch.forward": {"label": "batch.forward", "average_duration": 0.006368468205134074, "n_events": 96, "total_time": 0.6113729476928711}, "batch.reduce": {"label": "batch.reduce", "average_duration": 0.00450546211666531, "n_events": 18, "total_time": 0.08109831809997559}, "batch.step": {"label": "batch.step", "average_duration": 0.003847224016984304, "n_events": 96, "total_time": 0.36933350563049316}, "reduce.allreduce": {"label": "reduce.allreduce", "average_duration": 0.0036990775002373587, "n_events": 18, "total_time": 0.06658339500427246}, "reduce.flat_pack": {"label": "reduce.flat_pack", "average_duration": 0.0006546974182128906, "n_events": 18, "total_time": 0.011784553527832031}, "reduce_times": [0.004590511322021484, 0.004407167434692383, 0.004288196563720703, 0.004355669021606445, 0.0045087337493896484, 0.00455474853515625, 0.004777669906616211, 0.005088329315185547, 0.003899097442626953, 0.004635810852050781, 0.004685401916503906, 0.004744052886962891, 0.004442453384399414, 0.004694223403930664, 0.004485130310058594, 0.004691362380981445, 0.0047686100006103516, 0.004109382629394531, 0.003962278366088867]}