{"batch": {"label": "batch", "average_duration": 0.0825859314419445, "n_events": 193, "total_time": 15.939084768295288}, "batch.accumulate": {"label": "batch.accumulate", "average_duration": 0.0011196268929375543, "n_events": 18, "total_time": 0.020153284072875977}, "batch.backward": {"label": "batch.backward", "average_duration": 0.06618340768962326, "n_events": 193, "total_time": 12.77339768409729}, "batch.evaluate": {"label": "batch.evaluate", "average_duration": 0.0012315925538848719, "n_events": 193, "total_time": 0.23769736289978027}, "batch.forward": {"label": "batch.forward", "average_duration": 0.006469835271489435, "n_events": 193, "total_time": 1.248678207397461}, "batch.reduce": {"label": "batch.reduce", "average_duration": 0.01428675651550293, "n_events": 18, "total_time": 0.25716161727905273}, "batch.step": {"label": "batch.step", "average_duration": 0.003990263518891804, "n_events": 193, "total_time": 0.7701208591461182}, "epoch_metrics.collect": {"label": "epoch_metrics.collect", "average_duration": 0.004713773727416992, "n_events": 1, "total_time": 0.004713773727416992}, "reduce.compress": {"label": "reduce.compress", "average_duration": 0.005112555291917589, "n_events": 18, "total_time": 0.0920259952545166}, "reduce.decompress": {"label": "reduce.decompress", "average_duration": 0.0010141001807318793, "n_events": 18, "total_time": 0.018253803253173828}, "reduce.flat_pack": {"label": "reduce.flat_pack", "average_duration": 0.0006492535273234049, "n_events": 18, "total_time": 0.011686563491821289}, "reduce.norm": {"label": "reduce.norm", "average_duration": 0.003413942125108507, "n_events": 18, "total_time": 0.061450958251953125}, "reduce.reduce.vector": {"label": "reduce.reduce.vector", "average_duration": 0.000499619377983941, "n_events": 18, "total_time": 0.008993148803710938}, "reduce.setgrad": {"label": "reduce.setgrad", "average_duration": 0.0032758712768554688, "n_events": 18, "total_time": 0.05896568298339844}, "test.last": {"label": "test.last", "average_duration": 1.3513553142547607, "n_events": 1, "total_time": 1.3513553142547607}, "reduce_times": [0.011910200119018555, 0.012103080749511719, 0.011975526809692383, 0.011928558349609375, 0.01146841049194336, 0.011587142944335938, 0.01162576675415039, 0.012085437774658203, 0.010984659194946289, 0.059407711029052734, 0.011559724807739258, 0.01150822639465332, 0.012104272842407227, 0.011256694793701172, 0.011665821075439453, 0.01163792610168457, 0.011781454086303711, 0.0114898681640625, 0.010991334915161133]}