{"batch": {"label": "batch", "average_duration": 0.08251123107159077, "n_events": 193, "total_time": 15.924667596817017}, "batch.accumulate": {"label": "batch.accumulate", "average_duration": 0.0011658933427598742, "n_events": 18, "total_time": 0.020986080169677734}, "batch.backward": {"label": "batch.backward", "average_duration": 0.006488025497278401, "n_events": 193, "total_time": 1.2521889209747314}, "batch.evaluate": {"label": "batch.evaluate", "average_duration": 0.05950700680826612, "n_events": 193, "total_time": 11.484852313995361}, "batch.forward": {"label": "batch.forward", "average_duration": 0.005790548621064023, "n_events": 193, "total_time": 1.1175758838653564}, "batch.reduce": {"label": "batch.reduce", "average_duration": 0.04070240921444363, "n_events": 18, "total_time": 0.7326433658599854}, "batch.step": {"label": "batch.step", "average_duration": 0.003241280817614936, "n_events": 193, "total_time": 0.6255671977996826}, "epoch_metrics.collect": {"label": "epoch_metrics.collect", "average_duration": 0.005089998245239258, "n_events": 1, "total_time": 0.005089998245239258}, "reduce.compress": {"label": "reduce.compress", "average_duration": 0.0010600487391153972, "n_events": 18, "total_time": 0.01908087730407715}, "reduce.decompress": {"label": "reduce.decompress", "average_duration": 0.00023040506574842666, "n_events": 18, "total_time": 0.00414729118347168}, "reduce.flat_pack": {"label": "reduce.flat_pack", "average_duration": 0.00032391813066270616, "n_events": 18, "total_time": 0.005830526351928711}, "reduce.norm": {"label": "reduce.norm", "average_duration": 0.035359727011786565, "n_events": 18, "total_time": 0.6364750862121582}, "reduce.reduce.vector": {"label": "reduce.reduce.vector", "average_duration": 0.00013175275590684678, "n_events": 18, "total_time": 0.002371549606323242}, "reduce.setgrad": {"label": "reduce.setgrad", "average_duration": 0.0032814343770345054, "n_events": 18, "total_time": 0.059065818786621094}, "test.last": {"label": "test.last", "average_duration": 1.3512818813323975, "n_events": 1, "total_time": 1.3512818813323975}, "reduce_times": [0.09918785095214844, 0.04311418533325195, 0.04244375228881836, 0.035955190658569336, 0.04214191436767578, 0.04676938056945801, 0.04812312126159668, 0.04533100128173828, 0.03594207763671875, 0.0067403316497802734, 0.03366875648498535, 0.05402112007141113, 0.056817054748535156, 0.04763936996459961, 0.05382204055786133, 0.03482770919799805, 0.03278088569641113, 0.0358583927154541, 0.03664708137512207]}