{"batch": {"label": "batch", "average_duration": 0.05447381105768265, "n_events": 29249, "total_time": 1593.3044996261597}, "batch.accumulate": {"label": "batch.accumulate", "average_duration": 0.001127156743742779, "n_events": 29249, "total_time": 32.968207597732544}, "batch.backward": {"label": "batch.backward", "average_duration": 0.008036374426274435, "n_events": 29249, "total_time": 235.05591559410095}, "batch.evaluate": {"label": "batch.evaluate", "average_duration": 0.01791565412292929, "n_events": 29249, "total_time": 524.0149674415588}, "batch.forward": {"label": "batch.forward", "average_duration": 0.00462266779250783, "n_events": 29249, "total_time": 135.20841026306152}, "batch.reduce": {"label": "batch.reduce", "average_duration": 0.013441866404166804, "n_events": 29249, "total_time": 393.16115045547485}, "batch.step": {"label": "batch.step", "average_duration": 0.006374164908852323, "n_events": 29249, "total_time": 186.4379494190216}, "epoch_metrics.collect": {"label": "epoch_metrics.collect", "average_duration": 0.013129647146135369, "n_events": 149, "total_time": 1.95631742477417}, "reduce.compress": {"label": "reduce.compress", "average_duration": 0.0009327920067065385, "n_events": 29249, "total_time": 27.283233404159546}, "reduce.decompress": {"label": "reduce.decompress", "average_duration": 0.00021408989048887756, "n_events": 29249, "total_time": 6.26191520690918}, "reduce.flat_pack": {"label": "reduce.flat_pack", "average_duration": 0.00028062798458554404, "n_events": 29249, "total_time": 8.208087921142578}, "reduce.norm": {"label": "reduce.norm", "average_duration": 0.00826729324977538, "n_events": 29249, "total_time": 241.81006026268005}, "reduce.reduce.vector": {"label": "reduce.reduce.vector", "average_duration": 0.00011169276664128992, "n_events": 29249, "total_time": 3.266901731491089}, "reduce.setgrad": {"label": "reduce.setgrad", "average_duration": 0.0034209218912562523, "n_events": 29249, "total_time": 100.05854439735413}, "test.last": {"label": "test.last", "average_duration": 1.0182370163450305, "n_events": 149, "total_time": 151.71731543540955}}