{"batch": {"label": "batch", "average_duration": 0.0675259505489096, "n_events": 29249, "total_time": 1975.0665276050568}, "batch.accumulate": {"label": "batch.accumulate", "average_duration": 0.0010200044208805582, "n_events": 29249, "total_time": 29.83410930633545}, "batch.backward": {"label": "batch.backward", "average_duration": 0.019955044449070605, "n_events": 29249, "total_time": 583.6650950908661}, "batch.evaluate": {"label": "batch.evaluate", "average_duration": 0.000869814809715529, "n_events": 29249, "total_time": 25.441213369369507}, "batch.forward": {"label": "batch.forward", "average_duration": 0.011429694686091991, "n_events": 29249, "total_time": 334.30713987350464}, "batch.reduce": {"label": "batch.reduce", "average_duration": 0.026108560042404274, "n_events": 29249, "total_time": 763.6492726802826}, "batch.step": {"label": "batch.step", "average_duration": 0.005247705438988136, "n_events": 29249, "total_time": 153.490136384964}, "epoch_metrics.collect": {"label": "epoch_metrics.collect", "average_duration": 0.002187920896798972, "n_events": 149, "total_time": 0.3260002136230469}, "reduce.compress": {"label": "reduce.compress", "average_duration": 0.015069035718516735, "n_events": 29249, "total_time": 440.754225730896}, "reduce.decompress": {"label": "reduce.decompress", "average_duration": 0.0021263418403371687, "n_events": 29249, "total_time": 62.19337248802185}, "reduce.flat_pack": {"label": "reduce.flat_pack", "average_duration": 0.0008091985671930816, "n_events": 29249, "total_time": 23.668248891830444}, "reduce.norm": {"label": "reduce.norm", "average_duration": 0.0007509991158264967, "n_events": 29249, "total_time": 21.965973138809204}, "reduce.reduce.vector": {"label": "reduce.reduce.vector", "average_duration": 0.004172259132867552, "n_events": 29249, "total_time": 122.03440737724304}, "reduce.setgrad": {"label": "reduce.setgrad", "average_duration": 0.0029508030847825084, "n_events": 29249, "total_time": 86.30803942680359}, "test.last": {"label": "test.last", "average_duration": 1.0603704244498438, "n_events": 149, "total_time": 157.99519324302673}}