{"batch": {"label": "batch", "average_duration": 0.08115326700539424, "n_events": 290, "total_time": 23.53444743156433}, "batch.accumulate": {"label": "batch.accumulate", "average_duration": 0.0010673867331610785, "n_events": 18, "total_time": 0.019212961196899414}, "batch.backward": {"label": "batch.backward", "average_duration": 0.06560298163315345, "n_events": 290, "total_time": 19.024864673614502}, "batch.evaluate": {"label": "batch.evaluate", "average_duration": 0.0012554489333054114, "n_events": 290, "total_time": 0.36408019065856934}, "batch.forward": {"label": "batch.forward", "average_duration": 0.0064197112774026805, "n_events": 290, "total_time": 1.8617162704467773}, "batch.reduce": {"label": "batch.reduce", "average_duration": 0.014991614553663466, "n_events": 18, "total_time": 0.2698490619659424}, "batch.step": {"label": "batch.step", "average_duration": 0.0037621021270751952, "n_events": 290, "total_time": 1.0910096168518066}, "epoch_metrics.collect": {"label": "epoch_metrics.collect", "average_duration": 0.014021515846252441, "n_events": 2, "total_time": 0.028043031692504883}, "reduce.compress": {"label": "reduce.compress", "average_duration": 0.0021158059438069663, "n_events": 18, "total_time": 0.03808450698852539}, "reduce.decompress": {"label": "reduce.decompress", "average_duration": 0.00022086832258436416, "n_events": 18, "total_time": 0.003975629806518555}, "reduce.flat_pack": {"label": "reduce.flat_pack", "average_duration": 0.0007238652971055773, "n_events": 18, "total_time": 0.01302957534790039}, "reduce.norm": {"label": "reduce.norm", "average_duration": 0.008111132515801324, "n_events": 18, "total_time": 0.14600038528442383}, "reduce.reduce.vector": {"label": "reduce.reduce.vector", "average_duration": 0.0005163219239976671, "n_events": 18, "total_time": 0.009293794631958008}, "reduce.setgrad": {"label": "reduce.setgrad", "average_duration": 0.0029767354329427085, "n_events": 18, "total_time": 0.05358123779296875}, "test.last": {"label": "test.last", "average_duration": 1.3775955438613892, "n_events": 2, "total_time": 2.7551910877227783}}