{"batch": {"label": "batch", "average_duration": 0.08090954320184116, "n_events": 290, "total_time": 23.463767528533936}, "batch.accumulate": {"label": "batch.accumulate", "average_duration": 0.0011026461919148762, "n_events": 18, "total_time": 0.019847631454467773}, "batch.backward": {"label": "batch.backward", "average_duration": 0.006523845935689992, "n_events": 290, "total_time": 1.8919153213500977}, "batch.evaluate": {"label": "batch.evaluate", "average_duration": 0.0609627444168617, "n_events": 290, "total_time": 17.679195880889893}, "batch.forward": {"label": "batch.forward", "average_duration": 0.005604406882976663, "n_events": 290, "total_time": 1.6252779960632324}, "batch.reduce": {"label": "batch.reduce", "average_duration": 0.017682764265272353, "n_events": 18, "total_time": 0.31828975677490234}, "batch.step": {"label": "batch.step", "average_duration": 0.003268828063175596, "n_events": 290, "total_time": 0.9479601383209229}, "epoch_metrics.collect": {"label": "epoch_metrics.collect", "average_duration": 0.0012333393096923828, "n_events": 2, "total_time": 0.0024666786193847656}, "reduce.compress": {"label": "reduce.compress", "average_duration": 0.00044147173563639325, "n_events": 18, "total_time": 0.007946491241455078}, "reduce.decompress": {"label": "reduce.decompress", "average_duration": 9.278456370035808e-05, "n_events": 18, "total_time": 0.0016701221466064453}, "reduce.flat_pack": {"label": "reduce.flat_pack", "average_duration": 0.0003025266859266493, "n_events": 18, "total_time": 0.0054454803466796875}, "reduce.norm": {"label": "reduce.norm", "average_duration": 0.013192693392435709, "n_events": 18, "total_time": 0.23746848106384277}, "reduce.reduce.vector": {"label": "reduce.reduce.vector", "average_duration": 0.00015781985388861762, "n_events": 18, "total_time": 0.002840757369995117}, "reduce.setgrad": {"label": "reduce.setgrad", "average_duration": 0.0031885570949978298, "n_events": 18, "total_time": 0.05739402770996094}, "test.last": {"label": "test.last", "average_duration": 1.3776895999908447, "n_events": 2, "total_time": 2.7553791999816895}}