{"batch": {"label": "batch", "average_duration": 1.6348668073353014, "n_events": 95, "total_time": 155.31234669685364}, "batch.accumulate": {"label": "batch.accumulate", "average_duration": 0.0030154830531070108, "n_events": 95, "total_time": 0.286470890045166}, "batch.backward": {"label": "batch.backward", "average_duration": 0.7601839818452534, "n_events": 95, "total_time": 72.21747827529907}, "batch.evaluate": {"label": "batch.evaluate", "average_duration": 0.000582592110884817, "n_events": 95, "total_time": 0.05534625053405762}, "batch.forward": {"label": "batch.forward", "average_duration": 0.25226307919150903, "n_events": 95, "total_time": 23.96499252319336}, "batch.reduce": {"label": "batch.reduce", "average_duration": 0.6019064225648579, "n_events": 95, "total_time": 57.1811101436615}, "batch.step": {"label": "batch.step", "average_duration": 0.012545327136391088, "n_events": 95, "total_time": 1.1918060779571533}, "epoch_metrics.collect": {"label": "epoch_metrics.collect", "average_duration": 0.0012433528900146484, "n_events": 1, "total_time": 0.0012433528900146484}, "reduce.allreduce": {"label": "reduce.allreduce", "average_duration": 0.5998479717656185, "n_events": 95, "total_time": 56.985557317733765}, "reduce.flat_pack": {"label": "reduce.flat_pack", "average_duration": 0.0019205043190403989, "n_events": 95, "total_time": 0.1824479103088379}, "test.last": {"label": "test.last", "average_duration": 2.3741726875305176, "n_events": 1, "total_time": 2.3741726875305176}}