{"batch": {"label": "batch", "average_duration": 0.0532596613012659, "n_events": 29249, "total_time": 1557.7918334007263}, "batch.accumulate": {"label": "batch.accumulate", "average_duration": 0.0010942087535707517, "n_events": 29249, "total_time": 32.00451183319092}, "batch.backward": {"label": "batch.backward", "average_duration": 0.007860912682113535, "n_events": 29249, "total_time": 229.9238350391388}, "batch.evaluate": {"label": "batch.evaluate", "average_duration": 0.018000679548558888, "n_events": 29249, "total_time": 526.501876115799}, "batch.forward": {"label": "batch.forward", "average_duration": 0.004679323257578798, "n_events": 29249, "total_time": 136.86552596092224}, "batch.reduce": {"label": "batch.reduce", "average_duration": 0.012282093152693713, "n_events": 29249, "total_time": 359.2389426231384}, "batch.step": {"label": "batch.step", "average_duration": 0.006205747708642074, "n_events": 29249, "total_time": 181.51191473007202}, "epoch_metrics.collect": {"label": "epoch_metrics.collect", "average_duration": 0.00492204755744678, "n_events": 149, "total_time": 0.7333850860595703}, "reduce.compress": {"label": "reduce.compress", "average_duration": 0.00040345546701935943, "n_events": 29249, "total_time": 11.800668954849243}, "reduce.decompress": {"label": "reduce.decompress", "average_duration": 8.226717479037662e-05, "n_events": 29249, "total_time": 2.4062325954437256}, "reduce.flat_pack": {"label": "reduce.flat_pack", "average_duration": 0.0003406492688642893, "n_events": 29249, "total_time": 9.963650465011597}, "reduce.norm": {"label": "reduce.norm", "average_duration": 0.007773141697282982, "n_events": 29249, "total_time": 227.35662150382996}, "reduce.reduce.vector": {"label": "reduce.reduce.vector", "average_duration": 0.00012499217706002301, "n_events": 29249, "total_time": 3.6558961868286133}, "reduce.setgrad": {"label": "reduce.setgrad", "average_duration": 0.0033504742916443276, "n_events": 29249, "total_time": 97.99802255630493}, "test.last": {"label": "test.last", "average_duration": 1.0308617473448682, "n_events": 149, "total_time": 153.59840035438538}}