{"batch": {"label": "batch", "average_duration": 0.08500137822381382, "n_events": 290, "total_time": 24.650399684906006}, "batch.accumulate": {"label": "batch.accumulate", "average_duration": 0.0010207494099934895, "n_events": 18, "total_time": 0.018373489379882812}, "batch.backward": {"label": "batch.backward", "average_duration": 0.06660229748693006, "n_events": 290, "total_time": 19.314666271209717}, "batch.evaluate": {"label": "batch.evaluate", "average_duration": 0.0012138399584540006, "n_events": 290, "total_time": 0.35201358795166016}, "batch.forward": {"label": "batch.forward", "average_duration": 0.006470164759405728, "n_events": 290, "total_time": 1.8763477802276611}, "batch.reduce": {"label": "batch.reduce", "average_duration": 0.010458906491597494, "n_events": 18, "total_time": 0.18826031684875488}, "batch.step": {"label": "batch.step", "average_duration": 0.0035225078977387525, "n_events": 290, "total_time": 1.0215272903442383}, "epoch_metrics.collect": {"label": "epoch_metrics.collect", "average_duration": 0.011603116989135742, "n_events": 2, "total_time": 0.023206233978271484}, "reduce.compress": {"label": "reduce.compress", "average_duration": 0.0004170735677083333, "n_events": 18, "total_time": 0.00750732421875}, "reduce.decompress": {"label": "reduce.decompress", "average_duration": 8.768505520290798e-05, "n_events": 18, "total_time": 0.0015783309936523438}, "reduce.flat_pack": {"label": "reduce.flat_pack", "average_duration": 0.0007664759953816732, "n_events": 18, "total_time": 0.013796567916870117}, "reduce.norm": {"label": "reduce.norm", "average_duration": 0.0052411556243896484, "n_events": 18, "total_time": 0.09434080123901367}, "reduce.reduce.vector": {"label": "reduce.reduce.vector", "average_duration": 0.00017597940233018663, "n_events": 18, "total_time": 0.0031676292419433594}, "reduce.setgrad": {"label": "reduce.setgrad", "average_duration": 0.0031506485409206813, "n_events": 18, "total_time": 0.056711673736572266}, "test.last": {"label": "test.last", "average_duration": 1.3469562530517578, "n_events": 2, "total_time": 2.6939125061035156}}