{"batch": {"label": "batch", "average_duration": 0.13747975944487517, "n_events": 484, "total_time": 66.54020357131958}, "batch.accumulate": {"label": "batch.accumulate", "average_duration": 0.0007029752100794768, "n_events": 484, "total_time": 0.3402400016784668}, "batch.backward": {"label": "batch.backward", "average_duration": 0.06478127911071146, "n_events": 484, "total_time": 31.35413908958435}, "batch.evaluate": {"label": "batch.evaluate", "average_duration": 0.0005416948933246708, "n_events": 484, "total_time": 0.2621803283691406}, "batch.forward": {"label": "batch.forward", "average_duration": 0.055257672613317314, "n_events": 484, "total_time": 26.74471354484558}, "batch.reduce": {"label": "batch.reduce", "average_duration": 0.011862016906423018, "n_events": 484, "total_time": 5.74121618270874}, "batch.step": {"label": "batch.step", "average_duration": 0.002939142471502635, "n_events": 484, "total_time": 1.4225449562072754}, "epoch_metrics.collect": {"label": "epoch_metrics.collect", "average_duration": 0.004582524299621582, "n_events": 4, "total_time": 0.018330097198486328}, "reduce.allocate_memory": {"label": "reduce.allocate_memory", "average_duration": 0.00021715942493154983, "n_events": 484, "total_time": 0.10510516166687012}, "reduce.compute.p": {"label": "reduce.compute.p", "average_duration": 0.00047805585151861524, "n_events": 484, "total_time": 0.23137903213500977}, "reduce.compute.q": {"label": "reduce.compute.q", "average_duration": 0.000660174641727416, "n_events": 484, "total_time": 0.31952452659606934}, "reduce.normalize.p": {"label": "reduce.normalize.p", "average_duration": 0.0013901236628697923, "n_events": 484, "total_time": 0.6728198528289795}, "reduce.outerprod": {"label": "reduce.outerprod", "average_duration": 0.0010788539224419712, "n_events": 484, "total_time": 0.5221652984619141}, "reduce.p": {"label": "reduce.p", "average_duration": 0.001845496252548596, "n_events": 484, "total_time": 0.8932201862335205}, "reduce.prepare.q": {"label": "reduce.prepare.q", "average_duration": 0.00023000348698009145, "n_events": 484, "total_time": 0.11132168769836426}, "reduce.q": {"label": "reduce.q", "average_duration": 0.0014762597635757824, "n_events": 484, "total_time": 0.7145097255706787}, "reduce.rank1.all_reduce": {"label": "reduce.rank1.all_reduce", "average_duration": 0.0013010452601535261, "n_events": 484, "total_time": 0.6297059059143066}, "reduce.rank1.pack": {"label": "reduce.rank1.pack", "average_duration": 0.00023358518427068537, "n_events": 484, "total_time": 0.11305522918701172}, "reduce.rank1.unpack": {"label": "reduce.rank1.unpack", "average_duration": 0.000797581574148383, "n_events": 484, "total_time": 0.3860294818878174}, "test.last": {"label": "test.last", "average_duration": 1.1795275211334229, "n_events": 4, "total_time": 4.718110084533691}}