{"batch": {"label": "batch", "average_duration": 0.08416446974111158, "n_events": 387, "total_time": 32.57164978981018}, "batch.accumulate": {"label": "batch.accumulate", "average_duration": 0.0011042886310153538, "n_events": 18, "total_time": 0.019877195358276367}, "batch.backward": {"label": "batch.backward", "average_duration": 0.006298630736594976, "n_events": 387, "total_time": 2.437570095062256}, "batch.evaluate": {"label": "batch.evaluate", "average_duration": 0.05920487780903661, "n_events": 387, "total_time": 22.912287712097168}, "batch.forward": {"label": "batch.forward", "average_duration": 0.005848773074088478, "n_events": 387, "total_time": 2.263475179672241}, "batch.reduce": {"label": "batch.reduce", "average_duration": 0.0772590504752265, "n_events": 18, "total_time": 1.3906629085540771}, "batch.step": {"label": "batch.step", "average_duration": 0.0033083356320087916, "n_events": 387, "total_time": 1.2803258895874023}, "epoch_metrics.collect": {"label": "epoch_metrics.collect", "average_duration": 0.024259646733601887, "n_events": 3, "total_time": 0.07277894020080566}, "reduce.compress": {"label": "reduce.compress", "average_duration": 0.0004369815190633138, "n_events": 18, "total_time": 0.007865667343139648}, "reduce.decompress": {"label": "reduce.decompress", "average_duration": 9.241369035508897e-05, "n_events": 18, "total_time": 0.0016634464263916016}, "reduce.flat_pack": {"label": "reduce.flat_pack", "average_duration": 0.00031797091166178387, "n_events": 18, "total_time": 0.005723476409912109}, "reduce.norm": {"label": "reduce.norm", "average_duration": 0.07254910469055176, "n_events": 18, "total_time": 1.3058838844299316}, "reduce.reduce.vector": {"label": "reduce.reduce.vector", "average_duration": 0.00016678704155815972, "n_events": 18, "total_time": 0.003002166748046875}, "reduce.setgrad": {"label": "reduce.setgrad", "average_duration": 0.0031663179397583008, "n_events": 18, "total_time": 0.056993722915649414}, "test.last": {"label": "test.last", "average_duration": 1.3474411169687908, "n_events": 3, "total_time": 4.042323350906372}, "reduce_times": [1.0650691986083984, 0.09346485137939453, 0.09112691879272461, 0.08925032615661621, 0.029570579528808594, 0.07445096969604492, 0.08109474182128906, 0.09025192260742188, 0.08080220222473145, 0.005540370941162109, 0.07092499732971191, 0.10268712043762207, 0.09189391136169434, 0.07564425468444824, 0.055222272872924805, 0.09431004524230957, 0.06889963150024414, 0.07939434051513672, 0.11613345146179199]}