{"batch": {"label": "batch", "average_duration": 0.08484812546762077, "n_events": 387, "total_time": 32.83622455596924}, "batch.accumulate": {"label": "batch.accumulate", "average_duration": 0.001167615254720052, "n_events": 18, "total_time": 0.021017074584960938}, "batch.backward": {"label": "batch.backward", "average_duration": 0.06670171777099294, "n_events": 387, "total_time": 25.813564777374268}, "batch.evaluate": {"label": "batch.evaluate", "average_duration": 0.0012095904781528838, "n_events": 387, "total_time": 0.468111515045166}, "batch.forward": {"label": "batch.forward", "average_duration": 0.006533361528578962, "n_events": 387, "total_time": 2.5284109115600586}, "batch.reduce": {"label": "batch.reduce", "average_duration": 0.014809939596388075, "n_events": 18, "total_time": 0.26657891273498535}, "batch.step": {"label": "batch.step", "average_duration": 0.004087868278956844, "n_events": 387, "total_time": 1.5820050239562988}, "epoch_metrics.collect": {"label": "epoch_metrics.collect", "average_duration": 0.0025010108947753906, "n_events": 3, "total_time": 0.007503032684326172}, "reduce.compress": {"label": "reduce.compress", "average_duration": 0.00045718087090386287, "n_events": 18, "total_time": 0.008229255676269531}, "reduce.decompress": {"label": "reduce.decompress", "average_duration": 0.00010971228281656901, "n_events": 18, "total_time": 0.001974821090698242}, "reduce.flat_pack": {"label": "reduce.flat_pack", "average_duration": 0.0007806221644083658, "n_events": 18, "total_time": 0.014051198959350586}, "reduce.norm": {"label": "reduce.norm", "average_duration": 0.009096370802985298, "n_events": 18, "total_time": 0.16373467445373535}, "reduce.reduce.vector": {"label": "reduce.reduce.vector", "average_duration": 0.00017199251386854384, "n_events": 18, "total_time": 0.003095865249633789}, "reduce.setgrad": {"label": "reduce.setgrad", "average_duration": 0.0034160084194607204, "n_events": 18, "total_time": 0.06148815155029297}, "test.last": {"label": "test.last", "average_duration": 1.3474453290303547, "n_events": 3, "total_time": 4.0423359870910645}, "reduce_times": [0.9200215339660645, 0.006937265396118164, 0.006031513214111328, 0.0059375762939453125, 0.06977224349975586, 0.006270170211791992, 0.005926609039306641, 0.006043195724487305, 0.006071805953979492, 0.041139841079711914, 0.006338357925415039, 0.0059816837310791016, 0.0060787200927734375, 0.006040811538696289, 0.061554908752441406, 0.007375001907348633, 0.0061991214752197266, 0.00658726692199707, 0.006292819976806641]}