{"batch": {"label": "batch", "average_duration": 0.08432795403847707, "n_events": 387, "total_time": 32.634918212890625}, "batch.accumulate": {"label": "batch.accumulate", "average_duration": 0.0011461178461710613, "n_events": 18, "total_time": 0.0206301212310791}, "batch.backward": {"label": "batch.backward", "average_duration": 0.006122465281523475, "n_events": 387, "total_time": 2.369394063949585}, "batch.evaluate": {"label": "batch.evaluate", "average_duration": 0.06117474570754887, "n_events": 387, "total_time": 23.67462658882141}, "batch.forward": {"label": "batch.forward", "average_duration": 0.005744618654867167, "n_events": 387, "total_time": 2.2231674194335938}, "batch.reduce": {"label": "batch.reduce", "average_duration": 0.04508219824896918, "n_events": 18, "total_time": 0.8114795684814453}, "batch.step": {"label": "batch.step", "average_duration": 0.003305860268053158, "n_events": 387, "total_time": 1.2793679237365723}, "epoch_metrics.collect": {"label": "epoch_metrics.collect", "average_duration": 0.006040255228678386, "n_events": 3, "total_time": 0.018120765686035156}, "reduce.compress": {"label": "reduce.compress", "average_duration": 0.00042821301354302303, "n_events": 18, "total_time": 0.007707834243774414}, "reduce.decompress": {"label": "reduce.decompress", "average_duration": 8.572472466362847e-05, "n_events": 18, "total_time": 0.0015430450439453125}, "reduce.flat_pack": {"label": "reduce.flat_pack", "average_duration": 0.0003228717380099826, "n_events": 18, "total_time": 0.0058116912841796875}, "reduce.norm": {"label": "reduce.norm", "average_duration": 0.040382941563924156, "n_events": 18, "total_time": 0.7268929481506348}, "reduce.reduce.vector": {"label": "reduce.reduce.vector", "average_duration": 0.00015625688764784072, "n_events": 18, "total_time": 0.002812623977661133}, "reduce.setgrad": {"label": "reduce.setgrad", "average_duration": 0.003207617335849338, "n_events": 18, "total_time": 0.057737112045288086}, "test.last": {"label": "test.last", "average_duration": 1.3474416732788086, "n_events": 3, "total_time": 4.042325019836426}, "reduce_times": [1.0509014129638672, 0.08817505836486816, 0.04711484909057617, 0.031165361404418945, 0.008681297302246094, 0.04572319984436035, 0.04651808738708496, 0.059052467346191406, 0.05160403251647949, 0.011666536331176758, 0.03804969787597656, 0.06981992721557617, 0.05591297149658203, 0.04713082313537598, 0.005797624588012695, 0.02462029457092285, 0.06451749801635742, 0.04525947570800781, 0.07067036628723145]}