{"batch": {"label": "batch", "average_duration": 0.19486050161055332, "n_events": 193, "total_time": 37.60807681083679}, "batch.accumulate": {"label": "batch.accumulate", "average_duration": 0.002820822927686903, "n_events": 18, "total_time": 0.05077481269836426}, "batch.backward": {"label": "batch.backward", "average_duration": 0.12463154570426348, "n_events": 193, "total_time": 24.05388832092285}, "batch.evaluate": {"label": "batch.evaluate", "average_duration": 0.000719638686105995, "n_events": 193, "total_time": 0.13889026641845703}, "batch.forward": {"label": "batch.forward", "average_duration": 0.0415781038412776, "n_events": 193, "total_time": 8.024574041366577}, "batch.reduce": {"label": "batch.reduce", "average_duration": 0.02106667889489068, "n_events": 18, "total_time": 0.3792002201080322}, "batch.step": {"label": "batch.step", "average_duration": 0.008525850859330726, "n_events": 193, "total_time": 1.64548921585083}, "epoch_metrics.collect": {"label": "epoch_metrics.collect", "average_duration": 0.009253978729248047, "n_events": 1, "total_time": 0.009253978729248047}, "reduce.compress": {"label": "reduce.compress", "average_duration": 0.0009432368808322483, "n_events": 18, "total_time": 0.01697826385498047}, "reduce.decompress": {"label": "reduce.decompress", "average_duration": 0.00020168887244330512, "n_events": 18, "total_time": 0.003630399703979492}, "reduce.flat_pack": {"label": "reduce.flat_pack", "average_duration": 0.0010496510399712457, "n_events": 18, "total_time": 0.018893718719482422}, "reduce.norm": {"label": "reduce.norm", "average_duration": 0.009635726610819498, "n_events": 18, "total_time": 0.17344307899475098}, "reduce.reduce.vector": {"label": "reduce.reduce.vector", "average_duration": 0.00014950169457329644, "n_events": 18, "total_time": 0.002691030502319336}, "reduce.setgrad": {"label": "reduce.setgrad", "average_duration": 0.008565505345662435, "n_events": 18, "total_time": 0.15417909622192383}, "test.last": {"label": "test.last", "average_duration": 1.4999165534973145, "n_events": 1, "total_time": 1.4999165534973145}}