{"batch": {"label": "batch", "average_duration": 0.06441040343759634, "n_events": 29249, "total_time": 1883.9398901462555}, "batch.accumulate": {"label": "batch.accumulate", "average_duration": 0.0009752290709992222, "n_events": 29249, "total_time": 28.52447509765625}, "batch.backward": {"label": "batch.backward", "average_duration": 0.022106308778773707, "n_events": 29249, "total_time": 646.5874254703522}, "batch.evaluate": {"label": "batch.evaluate", "average_duration": 0.0005045749496454222, "n_events": 29249, "total_time": 14.758312702178955}, "batch.forward": {"label": "batch.forward", "average_duration": 0.011399023365520396, "n_events": 29249, "total_time": 333.4100344181061}, "batch.reduce": {"label": "batch.reduce", "average_duration": 0.025671035131840318, "n_events": 29249, "total_time": 750.8521065711975}, "batch.step": {"label": "batch.step", "average_duration": 0.002411132804544291, "n_events": 29249, "total_time": 70.52322340011597}, "epoch_metrics.collect": {"label": "epoch_metrics.collect", "average_duration": 0.0018723811079191682, "n_events": 149, "total_time": 0.27898478507995605}, "reduce.compress": {"label": "reduce.compress", "average_duration": 0.01445473148914976, "n_events": 29249, "total_time": 422.78644132614136}, "reduce.decompress": {"label": "reduce.decompress", "average_duration": 0.0021193082436377656, "n_events": 29249, "total_time": 61.98764681816101}, "reduce.flat_pack": {"label": "reduce.flat_pack", "average_duration": 0.0006380125275513768, "n_events": 29249, "total_time": 18.66122841835022}, "reduce.norm": {"label": "reduce.norm", "average_duration": 0.0006734258990242296, "n_events": 29249, "total_time": 19.697034120559692}, "reduce.reduce.vector": {"label": "reduce.reduce.vector", "average_duration": 0.004589319220974635, "n_events": 29249, "total_time": 134.2329978942871}, "reduce.setgrad": {"label": "reduce.setgrad", "average_duration": 0.0029942000184109193, "n_events": 29249, "total_time": 87.57735633850098}, "test.last": {"label": "test.last", "average_duration": 0.9455715969904958, "n_events": 149, "total_time": 140.89016795158386}}