{"batch": {"label": "batch", "average_duration": 0.20002191265424094, "n_events": 96, "total_time": 19.20210361480713}, "batch.accumulate": {"label": "batch.accumulate", "average_duration": 0.0027559325098991394, "n_events": 96, "total_time": 0.2645695209503174}, "batch.backward": {"label": "batch.backward", "average_duration": 0.12411017715930939, "n_events": 96, "total_time": 11.914577007293701}, "batch.evaluate": {"label": "batch.evaluate", "average_duration": 0.0008477692802747091, "n_events": 96, "total_time": 0.08138585090637207}, "batch.forward": {"label": "batch.forward", "average_duration": 0.04145451635122299, "n_events": 96, "total_time": 3.9796335697174072}, "batch.reduce": {"label": "batch.reduce", "average_duration": 0.013920520742734274, "n_events": 96, "total_time": 1.3363699913024902}, "batch.step": {"label": "batch.step", "average_duration": 0.008536954720815023, "n_events": 96, "total_time": 0.8195476531982422}, "reduce.compress": {"label": "reduce.compress", "average_duration": 0.0009876911838849385, "n_events": 96, "total_time": 0.0948183536529541}, "reduce.decompress": {"label": "reduce.decompress", "average_duration": 0.00019881129264831543, "n_events": 96, "total_time": 0.01908588409423828}, "reduce.flat_pack": {"label": "reduce.flat_pack", "average_duration": 0.001005522906780243, "n_events": 96, "total_time": 0.09653019905090332}, "reduce.norm": {"label": "reduce.norm", "average_duration": 0.0026722177863121033, "n_events": 96, "total_time": 0.2565329074859619}, "reduce.reduce.vector": {"label": "reduce.reduce.vector", "average_duration": 0.0001769860585530599, "n_events": 96, "total_time": 0.01699066162109375}, "reduce.setgrad": {"label": "reduce.setgrad", "average_duration": 0.008452708522478739, "n_events": 96, "total_time": 0.811460018157959}}