{"batch": {"label": "batch", "average_duration": 0.08961288630962372, "n_events": 96, "total_time": 8.602837085723877}, "batch.accumulate": {"label": "batch.accumulate", "average_duration": 0.001038754979769389, "n_events": 96, "total_time": 0.09972047805786133}, "batch.backward": {"label": "batch.backward", "average_duration": 0.06462304294109344, "n_events": 96, "total_time": 6.203812122344971}, "batch.evaluate": {"label": "batch.evaluate", "average_duration": 0.0014058078328768413, "n_events": 96, "total_time": 0.13495755195617676}, "batch.forward": {"label": "batch.forward", "average_duration": 0.006373268862565358, "n_events": 96, "total_time": 0.6118338108062744}, "batch.reduce": {"label": "batch.reduce", "average_duration": 0.009851731359958649, "n_events": 96, "total_time": 0.9457662105560303}, "batch.step": {"label": "batch.step", "average_duration": 0.0031112035115559897, "n_events": 96, "total_time": 0.298675537109375}, "reduce.compress": {"label": "reduce.compress", "average_duration": 0.0018406460682551067, "n_events": 96, "total_time": 0.17670202255249023}, "reduce.decompress": {"label": "reduce.decompress", "average_duration": 0.00022664169470469156, "n_events": 96, "total_time": 0.02175760269165039}, "reduce.flat_pack": {"label": "reduce.flat_pack", "average_duration": 0.0006968950231870016, "n_events": 96, "total_time": 0.06690192222595215}, "reduce.norm": {"label": "reduce.norm", "average_duration": 0.0024392505486806235, "n_events": 96, "total_time": 0.23416805267333984}, "reduce.reduce.vector": {"label": "reduce.reduce.vector", "average_duration": 0.0008938486377398173, "n_events": 96, "total_time": 0.08580946922302246}, "reduce.setgrad": {"label": "reduce.setgrad", "average_duration": 0.00312663863102595, "n_events": 96, "total_time": 0.3001573085784912}}