{"batch": {"label": "batch", "average_duration": 0.0856947308963107, "n_events": 194, "total_time": 16.624777793884277}, "batch.accumulate": {"label": "batch.accumulate", "average_duration": 0.0010688059108773457, "n_events": 194, "total_time": 0.20734834671020508}, "batch.backward": {"label": "batch.backward", "average_duration": 0.06496460167403073, "n_events": 194, "total_time": 12.603132724761963}, "batch.evaluate": {"label": "batch.evaluate", "average_duration": 0.0012885590189511014, "n_events": 194, "total_time": 0.24998044967651367}, "batch.forward": {"label": "batch.forward", "average_duration": 0.006369022978949793, "n_events": 194, "total_time": 1.2355904579162598}, "batch.reduce": {"label": "batch.reduce", "average_duration": 0.005968329832725918, "n_events": 194, "total_time": 1.1578559875488281}, "batch.step": {"label": "batch.step", "average_duration": 0.0029808332010642768, "n_events": 194, "total_time": 0.5782816410064697}, "reduce.compress": {"label": "reduce.compress", "average_duration": 0.00038978611071085193, "n_events": 194, "total_time": 0.07561850547790527}, "reduce.decompress": {"label": "reduce.decompress", "average_duration": 9.009518574193581e-05, "n_events": 194, "total_time": 0.017478466033935547}, "reduce.flat_pack": {"label": "reduce.flat_pack", "average_duration": 0.0006896466324009846, "n_events": 194, "total_time": 0.13379144668579102}, "reduce.norm": {"label": "reduce.norm", "average_duration": 0.0008745414694559943, "n_events": 194, "total_time": 0.1696610450744629}, "reduce.reduce.vector": {"label": "reduce.reduce.vector", "average_duration": 0.00031754282331958257, "n_events": 194, "total_time": 0.06160330772399902}, "reduce.setgrad": {"label": "reduce.setgrad", "average_duration": 0.0029422413442552705, "n_events": 194, "total_time": 0.5707948207855225}}