{"batch": {"label": "batch", "average_duration": 0.18209811072275428, "n_events": 193, "total_time": 35.14493536949158}, "batch.accumulate": {"label": "batch.accumulate", "average_duration": 0.0030201938417222765, "n_events": 18, "total_time": 0.05436348915100098}, "batch.backward": {"label": "batch.backward", "average_duration": 0.02549305357463619, "n_events": 193, "total_time": 4.920159339904785}, "batch.evaluate": {"label": "batch.evaluate", "average_duration": 0.1131665632514756, "n_events": 193, "total_time": 21.84114670753479}, "batch.forward": {"label": "batch.forward", "average_duration": 0.024367822884277975, "n_events": 193, "total_time": 4.702989816665649}, "batch.reduce": {"label": "batch.reduce", "average_duration": 0.010784069697062174, "n_events": 18, "total_time": 0.19411325454711914}, "batch.step": {"label": "batch.step", "average_duration": 0.009185606951540616, "n_events": 193, "total_time": 1.7728221416473389}, "epoch_metrics.collect": {"label": "epoch_metrics.collect", "average_duration": 0.03428292274475098, "n_events": 1, "total_time": 0.03428292274475098}, "reduce.allreduce": {"label": "reduce.allreduce", "average_duration": 0.009837256537543403, "n_events": 18, "total_time": 0.17707061767578125}, "reduce.flat_pack": {"label": "reduce.flat_pack", "average_duration": 0.0008095900217692057, "n_events": 18, "total_time": 0.014572620391845703}, "test.last": {"label": "test.last", "average_duration": 1.4934229850769043, "n_events": 1, "total_time": 1.4934229850769043}}