{"batch": {"label": "batch", "average_duration": 0.18642929427981994, "n_events": 193, "total_time": 35.98085379600525}, "batch.accumulate": {"label": "batch.accumulate", "average_duration": 0.0028887854682074655, "n_events": 18, "total_time": 0.051998138427734375}, "batch.backward": {"label": "batch.backward", "average_duration": 0.12254375126695385, "n_events": 193, "total_time": 23.650943994522095}, "batch.evaluate": {"label": "batch.evaluate", "average_duration": 0.0008000734556524247, "n_events": 193, "total_time": 0.15441417694091797}, "batch.forward": {"label": "batch.forward", "average_duration": 0.04119221287070161, "n_events": 193, "total_time": 7.95009708404541}, "batch.reduce": {"label": "batch.reduce", "average_duration": 0.03952483336130778, "n_events": 18, "total_time": 0.71144700050354}, "batch.step": {"label": "batch.step", "average_duration": 0.009289463566992567, "n_events": 193, "total_time": 1.7928664684295654}, "epoch_metrics.collect": {"label": "epoch_metrics.collect", "average_duration": 0.026421546936035156, "n_events": 1, "total_time": 0.026421546936035156}, "reduce.allreduce": {"label": "reduce.allreduce", "average_duration": 0.03842658466762967, "n_events": 18, "total_time": 0.691678524017334}, "reduce.flat_pack": {"label": "reduce.flat_pack", "average_duration": 0.0009603500366210938, "n_events": 18, "total_time": 0.017286300659179688}, "test.last": {"label": "test.last", "average_duration": 1.493485689163208, "n_events": 1, "total_time": 1.493485689163208}}