{"batch": {"label": "batch", "average_duration": 0.18621901897568777, "n_events": 193, "total_time": 35.94027066230774}, "batch.accumulate": {"label": "batch.accumulate", "average_duration": 0.0030047098795572915, "n_events": 18, "total_time": 0.05408477783203125}, "batch.backward": {"label": "batch.backward", "average_duration": 0.024496733215806397, "n_events": 193, "total_time": 4.727869510650635}, "batch.evaluate": {"label": "batch.evaluate", "average_duration": 0.11772213945734686, "n_events": 193, "total_time": 22.720372915267944}, "batch.forward": {"label": "batch.forward", "average_duration": 0.024273826668299543, "n_events": 193, "total_time": 4.6848485469818115}, "batch.reduce": {"label": "batch.reduce", "average_duration": 0.009839322831895616, "n_events": 18, "total_time": 0.1771078109741211}, "batch.step": {"label": "batch.step", "average_duration": 0.009445242313523367, "n_events": 193, "total_time": 1.8229317665100098}, "epoch_metrics.collect": {"label": "epoch_metrics.collect", "average_duration": 0.0009961128234863281, "n_events": 1, "total_time": 0.0009961128234863281}, "reduce.allreduce": {"label": "reduce.allreduce", "average_duration": 0.008983068996005587, "n_events": 18, "total_time": 0.16169524192810059}, "reduce.flat_pack": {"label": "reduce.flat_pack", "average_duration": 0.0007274415757921007, "n_events": 18, "total_time": 0.013093948364257812}, "test.last": {"label": "test.last", "average_duration": 1.4940299987792969, "n_events": 1, "total_time": 1.4940299987792969}}