{"batch": {"label": "batch", "average_duration": 0.17301773384582897, "n_events": 484, "total_time": 83.74058318138123}, "batch.accumulate": {"label": "batch.accumulate", "average_duration": 0.0007588700814680619, "n_events": 484, "total_time": 0.367293119430542}, "batch.backward": {"label": "batch.backward", "average_duration": 0.06403325461159068, "n_events": 484, "total_time": 30.992095232009888}, "batch.evaluate": {"label": "batch.evaluate", "average_duration": 0.000556558616890395, "n_events": 484, "total_time": 0.26937437057495117}, "batch.forward": {"label": "batch.forward", "average_duration": 0.05439823767370429, "n_events": 484, "total_time": 26.328747034072876}, "batch.reduce": {"label": "batch.reduce", "average_duration": 0.04840080009019079, "n_events": 484, "total_time": 23.425987243652344}, "batch.step": {"label": "batch.step", "average_duration": 0.0034094344485889783, "n_events": 484, "total_time": 1.6501662731170654}, "epoch_metrics.collect": {"label": "epoch_metrics.collect", "average_duration": 0.004299461841583252, "n_events": 4, "total_time": 0.017197847366333008}, "reduce.compress": {"label": "reduce.compress", "average_duration": 0.022926472435312824, "n_events": 484, "total_time": 11.096412658691406}, "reduce.decompress": {"label": "reduce.decompress", "average_duration": 0.0010712264983122014, "n_events": 484, "total_time": 0.5184736251831055}, "reduce.flat_pack": {"label": "reduce.flat_pack", "average_duration": 0.00036363414496429696, "n_events": 484, "total_time": 0.17599892616271973}, "reduce.norm": {"label": "reduce.norm", "average_duration": 0.00192857773835994, "n_events": 484, "total_time": 0.9334316253662109}, "reduce.reduce.vector": {"label": "reduce.reduce.vector", "average_duration": 0.01929542249884487, "n_events": 484, "total_time": 9.338984489440918}, "reduce.setgrad": {"label": "reduce.setgrad", "average_duration": 0.002378456356111637, "n_events": 484, "total_time": 1.1511728763580322}, "test.last": {"label": "test.last", "average_duration": 1.167753517627716, "n_events": 4, "total_time": 4.671014070510864}}