{"batch": {"label": "batch", "average_duration": 0.14600819004468682, "n_events": 484, "total_time": 70.66796398162842}, "batch.accumulate": {"label": "batch.accumulate", "average_duration": 0.00228771394934536, "n_events": 484, "total_time": 1.1072535514831543}, "batch.backward": {"label": "batch.backward", "average_duration": 0.08194619466450588, "n_events": 484, "total_time": 39.66195821762085}, "batch.evaluate": {"label": "batch.evaluate", "average_duration": 0.0006337131350493628, "n_events": 484, "total_time": 0.3067171573638916}, "batch.forward": {"label": "batch.forward", "average_duration": 0.035801144670849, "n_events": 484, "total_time": 17.327754020690918}, "batch.reduce": {"label": "batch.reduce", "average_duration": 0.0134843410539233, "n_events": 484, "total_time": 6.526421070098877}, "batch.step": {"label": "batch.step", "average_duration": 0.00812133186119647, "n_events": 484, "total_time": 3.930724620819092}, "epoch_metrics.collect": {"label": "epoch_metrics.collect", "average_duration": 0.0059465765953063965, "n_events": 4, "total_time": 0.023786306381225586}, "reduce.compress": {"label": "reduce.compress", "average_duration": 0.003757068933534228, "n_events": 484, "total_time": 1.8184213638305664}, "reduce.decompress": {"label": "reduce.decompress", "average_duration": 0.0002812531368791564, "n_events": 484, "total_time": 0.13612651824951172}, "reduce.flat_pack": {"label": "reduce.flat_pack", "average_duration": 0.000950324141289577, "n_events": 484, "total_time": 0.4599568843841553}, "reduce.norm": {"label": "reduce.norm", "average_duration": 0.0006247266264986401, "n_events": 484, "total_time": 0.3023676872253418}, "reduce.reduce.vector": {"label": "reduce.reduce.vector", "average_duration": 0.0009475626236151072, "n_events": 484, "total_time": 0.4586203098297119}, "reduce.setgrad": {"label": "reduce.setgrad", "average_duration": 0.006695441963258854, "n_events": 484, "total_time": 3.240593910217285}, "test.last": {"label": "test.last", "average_duration": 0.8330393433570862, "n_events": 4, "total_time": 3.3321573734283447}}