{"batch": {"label": "batch", "average_duration": 0.2535915737816597, "n_events": 29249, "total_time": 7417.299941539764}, "batch.accumulate": {"label": "batch.accumulate", "average_duration": 0.0026375385727726366, "n_events": 29249, "total_time": 77.14536571502686}, "batch.backward": {"label": "batch.backward", "average_duration": 0.1445228858191179, "n_events": 29249, "total_time": 4227.1498873233795}, "batch.evaluate": {"label": "batch.evaluate", "average_duration": 0.000611304340168873, "n_events": 29249, "total_time": 17.880040645599365}, "batch.forward": {"label": "batch.forward", "average_duration": 0.06746088977944012, "n_events": 29249, "total_time": 1973.163565158844}, "batch.reduce": {"label": "batch.reduce", "average_duration": 0.016753207003301202, "n_events": 29249, "total_time": 490.0145516395569}, "batch.step": {"label": "batch.step", "average_duration": 0.014443339101310192, "n_events": 29249, "total_time": 422.4532253742218}, "epoch_metrics.collect": {"label": "epoch_metrics.collect", "average_duration": 0.01023827943225835, "n_events": 149, "total_time": 1.5255036354064941}, "reduce.compress": {"label": "reduce.compress", "average_duration": 0.0008953003855810283, "n_events": 29249, "total_time": 26.186640977859497}, "reduce.decompress": {"label": "reduce.decompress", "average_duration": 0.00018408146958998514, "n_events": 29249, "total_time": 5.384198904037476}, "reduce.flat_pack": {"label": "reduce.flat_pack", "average_duration": 0.0011586849577565727, "n_events": 29249, "total_time": 33.890376329422}, "reduce.norm": {"label": "reduce.norm", "average_duration": 0.00553816647614213, "n_events": 29249, "total_time": 161.98583126068115}, "reduce.reduce.vector": {"label": "reduce.reduce.vector", "average_duration": 0.00014125983317027382, "n_events": 29249, "total_time": 4.131708860397339}, "reduce.setgrad": {"label": "reduce.setgrad", "average_duration": 0.008038381522869656, "n_events": 29249, "total_time": 235.11462116241455}, "test.last": {"label": "test.last", "average_duration": 2.6556634630932905, "n_events": 149, "total_time": 395.69385600090027}}