{"batch": {"label": "batch", "average_duration": 0.25429379924137846, "n_events": 29249, "total_time": 7437.839334011078}, "batch.accumulate": {"label": "batch.accumulate", "average_duration": 0.003075479389219236, "n_events": 29249, "total_time": 89.95469665527344}, "batch.backward": {"label": "batch.backward", "average_duration": 0.023011160359846766, "n_events": 29249, "total_time": 673.0534293651581}, "batch.evaluate": {"label": "batch.evaluate", "average_duration": 0.17613521290337344, "n_events": 29249, "total_time": 5151.77884221077}, "batch.forward": {"label": "batch.forward", "average_duration": 0.014054065834962794, "n_events": 29249, "total_time": 411.0673716068268}, "batch.reduce": {"label": "batch.reduce", "average_duration": 0.014342227664057905, "n_events": 29249, "total_time": 419.49581694602966}, "batch.step": {"label": "batch.step", "average_duration": 0.015814177313153856, "n_events": 29249, "total_time": 462.54887223243713}, "epoch_metrics.collect": {"label": "epoch_metrics.collect", "average_duration": 0.0020458762277692755, "n_events": 149, "total_time": 0.30483555793762207}, "reduce.compress": {"label": "reduce.compress", "average_duration": 0.0008633378599561329, "n_events": 29249, "total_time": 25.251769065856934}, "reduce.decompress": {"label": "reduce.decompress", "average_duration": 0.00019419852303759232, "n_events": 29249, "total_time": 5.680112600326538}, "reduce.flat_pack": {"label": "reduce.flat_pack", "average_duration": 0.0006593809098788843, "n_events": 29249, "total_time": 19.286232233047485}, "reduce.norm": {"label": "reduce.norm", "average_duration": 0.002019517168786294, "n_events": 29249, "total_time": 59.06885766983032}, "reduce.reduce.vector": {"label": "reduce.reduce.vector", "average_duration": 0.0001031575706205701, "n_events": 29249, "total_time": 3.0172557830810547}, "reduce.setgrad": {"label": "reduce.setgrad", "average_duration": 0.009347428158452896, "n_events": 29249, "total_time": 273.40292620658875}, "test.last": {"label": "test.last", "average_duration": 2.5324740873887235, "n_events": 149, "total_time": 377.3386390209198}}