{"batch": {"label": "batch", "average_duration": 0.1296714742978414, "n_events": 96, "total_time": 12.448461532592773}, "batch.accumulate": {"label": "batch.accumulate", "average_duration": 0.0009775161743164062, "n_events": 18, "total_time": 0.017595291137695312}, "batch.backward": {"label": "batch.backward", "average_duration": 0.06479748835166295, "n_events": 96, "total_time": 6.2205588817596436}, "batch.evaluate": {"label": "batch.evaluate", "average_duration": 0.0012481162945429485, "n_events": 96, "total_time": 0.11981916427612305}, "batch.forward": {"label": "batch.forward", "average_duration": 0.006305610140164693, "n_events": 96, "total_time": 0.6053385734558105}, "batch.reduce": {"label": "batch.reduce", "average_duration": 0.2451271480984158, "n_events": 18, "total_time": 4.412288665771484}, "batch.step": {"label": "batch.step", "average_duration": 0.0036539559563001, "n_events": 96, "total_time": 0.35077977180480957}, "reduce.allreduce": {"label": "reduce.allreduce", "average_duration": 0.24427391423119438, "n_events": 18, "total_time": 4.396930456161499}, "reduce.flat_pack": {"label": "reduce.flat_pack", "average_duration": 0.0006963411966959635, "n_events": 18, "total_time": 0.012534141540527344}}