{"batch": {"label": "batch", "average_duration": 0.20024744421243668, "n_events": 96, "total_time": 19.22375464439392}, "batch.accumulate": {"label": "batch.accumulate", "average_duration": 0.0030495673418045044, "n_events": 96, "total_time": 0.2927584648132324}, "batch.backward": {"label": "batch.backward", "average_duration": 0.02433044711748759, "n_events": 96, "total_time": 2.3357229232788086}, "batch.evaluate": {"label": "batch.evaluate", "average_duration": 0.11847598105669022, "n_events": 96, "total_time": 11.37369418144226}, "batch.forward": {"label": "batch.forward", "average_duration": 0.023740907510121662, "n_events": 96, "total_time": 2.2791271209716797}, "batch.reduce": {"label": "batch.reduce", "average_duration": 0.012800114850203196, "n_events": 96, "total_time": 1.2288110256195068}, "batch.step": {"label": "batch.step", "average_duration": 0.009223749240239462, "n_events": 96, "total_time": 0.8854799270629883}, "reduce.compress": {"label": "reduce.compress", "average_duration": 0.0009876787662506104, "n_events": 96, "total_time": 0.0948171615600586}, "reduce.decompress": {"label": "reduce.decompress", "average_duration": 0.00022282451391220093, "n_events": 96, "total_time": 0.02139115333557129}, "reduce.flat_pack": {"label": "reduce.flat_pack", "average_duration": 0.000746836264928182, "n_events": 96, "total_time": 0.07169628143310547}, "reduce.norm": {"label": "reduce.norm", "average_duration": 0.0010700374841690063, "n_events": 96, "total_time": 0.10272359848022461}, "reduce.reduce.vector": {"label": "reduce.reduce.vector", "average_duration": 0.0001274372140566508, "n_events": 96, "total_time": 0.012233972549438477}, "reduce.setgrad": {"label": "reduce.setgrad", "average_duration": 0.009110684196154276, "n_events": 96, "total_time": 0.8746256828308105}}