{"batch": {"label": "batch", "average_duration": 0.08580739473559193, "n_events": 194, "total_time": 16.646634578704834}, "batch.accumulate": {"label": "batch.accumulate", "average_duration": 0.0009443022541164123, "n_events": 194, "total_time": 0.18319463729858398}, "batch.backward": {"label": "batch.backward", "average_duration": 0.06621371839464325, "n_events": 194, "total_time": 12.845461368560791}, "batch.evaluate": {"label": "batch.evaluate", "average_duration": 0.0012274329195317533, "n_events": 194, "total_time": 0.23812198638916016}, "batch.forward": {"label": "batch.forward", "average_duration": 0.006423599941214335, "n_events": 194, "total_time": 1.246178388595581}, "batch.reduce": {"label": "batch.reduce", "average_duration": 0.005140562647396756, "n_events": 194, "total_time": 0.9972691535949707}, "batch.step": {"label": "batch.step", "average_duration": 0.002967349032765811, "n_events": 194, "total_time": 0.5756657123565674}, "reduce.compress": {"label": "reduce.compress", "average_duration": 0.0003662588670081699, "n_events": 194, "total_time": 0.07105422019958496}, "reduce.decompress": {"label": "reduce.decompress", "average_duration": 8.146050050086582e-05, "n_events": 194, "total_time": 0.01580333709716797}, "reduce.flat_pack": {"label": "reduce.flat_pack", "average_duration": 0.000683516571202229, "n_events": 194, "total_time": 0.13260221481323242}, "reduce.norm": {"label": "reduce.norm", "average_duration": 0.0003227499342456306, "n_events": 194, "total_time": 0.06261348724365234}, "reduce.reduce.vector": {"label": "reduce.reduce.vector", "average_duration": 0.00013262340702961401, "n_events": 194, "total_time": 0.025728940963745117}, "reduce.setgrad": {"label": "reduce.setgrad", "average_duration": 0.002985692515815656, "n_events": 194, "total_time": 0.5792243480682373}}