{"batch": {"label": "batch", "average_duration": 0.20453705886999765, "n_events": 96, "total_time": 19.635557651519775}, "batch.accumulate": {"label": "batch.accumulate", "average_duration": 0.0029586023754543727, "n_events": 18, "total_time": 0.05325484275817871}, "batch.backward": {"label": "batch.backward", "average_duration": 0.124187337855498, "n_events": 96, "total_time": 11.921984434127808}, "batch.evaluate": {"label": "batch.evaluate", "average_duration": 0.0007556527853012085, "n_events": 96, "total_time": 0.07254266738891602}, "batch.forward": {"label": "batch.forward", "average_duration": 0.041438584526379905, "n_events": 96, "total_time": 3.9781041145324707}, "batch.reduce": {"label": "batch.reduce", "average_duration": 0.013371335135565864, "n_events": 18, "total_time": 0.24068403244018555}, "batch.step": {"label": "batch.step", "average_duration": 0.008684659997622171, "n_events": 96, "total_time": 0.8337273597717285}, "reduce.compress": {"label": "reduce.compress", "average_duration": 0.0009688138961791992, "n_events": 18, "total_time": 0.017438650131225586}, "reduce.decompress": {"label": "reduce.decompress", "average_duration": 0.00021375550164116753, "n_events": 18, "total_time": 0.0038475990295410156}, "reduce.flat_pack": {"label": "reduce.flat_pack", "average_duration": 0.0009758604897393121, "n_events": 18, "total_time": 0.017565488815307617}, "reduce.norm": {"label": "reduce.norm", "average_duration": 0.0015980932447645399, "n_events": 18, "total_time": 0.02876567840576172}, "reduce.reduce.vector": {"label": "reduce.reduce.vector", "average_duration": 0.00014797846476236978, "n_events": 18, "total_time": 0.0026636123657226562}, "reduce.setgrad": {"label": "reduce.setgrad", "average_duration": 0.008968710899353027, "n_events": 18, "total_time": 0.1614367961883545}}