{"batch": {"label": "batch", "average_duration": 0.24939384875026432, "n_events": 29249, "total_time": 7294.520682096481}, "batch.accumulate": {"label": "batch.accumulate", "average_duration": 0.0022127998234280203, "n_events": 29249, "total_time": 64.72218203544617}, "batch.backward": {"label": "batch.backward", "average_duration": 0.14331495779396722, "n_events": 29249, "total_time": 4191.819200515747}, "batch.evaluate": {"label": "batch.evaluate", "average_duration": 0.00041081291650510405, "n_events": 29249, "total_time": 12.015866994857788}, "batch.forward": {"label": "batch.forward", "average_duration": 0.06672689176110341, "n_events": 29249, "total_time": 1951.694857120514}, "batch.reduce": {"label": "batch.reduce", "average_duration": 0.028783304026409794, "n_events": 29249, "total_time": 841.8828594684601}, "batch.step": {"label": "batch.step", "average_duration": 0.0052501960731440355, "n_events": 29249, "total_time": 153.5629849433899}, "epoch_metrics.collect": {"label": "epoch_metrics.collect", "average_duration": 0.001684060832798081, "n_events": 149, "total_time": 0.25092506408691406}, "reduce.allreduce": {"label": "reduce.allreduce", "average_duration": 0.027625743733654225, "n_events": 29249, "total_time": 808.0253784656525}, "reduce.flat_pack": {"label": "reduce.flat_pack", "average_duration": 0.0010859982091678123, "n_events": 29249, "total_time": 31.76436161994934}, "test.last": {"label": "test.last", "average_duration": 2.4754130312260365, "n_events": 149, "total_time": 368.83654165267944}}