{"batch": {"label": "batch", "average_duration": 0.19391766360386667, "n_events": 193, "total_time": 37.426109075546265}, "batch.accumulate": {"label": "batch.accumulate", "average_duration": 0.0030700365702311196, "n_events": 18, "total_time": 0.055260658264160156}, "batch.backward": {"label": "batch.backward", "average_duration": 0.023498021259209034, "n_events": 193, "total_time": 4.535118103027344}, "batch.evaluate": {"label": "batch.evaluate", "average_duration": 0.11488741420093596, "n_events": 193, "total_time": 22.17327094078064}, "batch.forward": {"label": "batch.forward", "average_duration": 0.024993372704698633, "n_events": 193, "total_time": 4.823720932006836}, "batch.reduce": {"label": "batch.reduce", "average_duration": 0.03365714020199246, "n_events": 18, "total_time": 0.6058285236358643}, "batch.step": {"label": "batch.step", "average_duration": 0.009310613642084783, "n_events": 193, "total_time": 1.7969484329223633}, "epoch_metrics.collect": {"label": "epoch_metrics.collect", "average_duration": 0.014808177947998047, "n_events": 1, "total_time": 0.014808177947998047}, "reduce.compress": {"label": "reduce.compress", "average_duration": 0.0010184579425387913, "n_events": 18, "total_time": 0.018332242965698242}, "reduce.decompress": {"label": "reduce.decompress", "average_duration": 0.00023206075032552084, "n_events": 18, "total_time": 0.004177093505859375}, "reduce.flat_pack": {"label": "reduce.flat_pack", "average_duration": 0.000807431009080675, "n_events": 18, "total_time": 0.014533758163452148}, "reduce.norm": {"label": "reduce.norm", "average_duration": 0.021940747896830242, "n_events": 18, "total_time": 0.39493346214294434}, "reduce.reduce.vector": {"label": "reduce.reduce.vector", "average_duration": 0.00013436211480034722, "n_events": 18, "total_time": 0.00241851806640625}, "reduce.setgrad": {"label": "reduce.setgrad", "average_duration": 0.008947345945570204, "n_events": 18, "total_time": 0.16105222702026367}, "test.last": {"label": "test.last", "average_duration": 1.4645226001739502, "n_events": 1, "total_time": 1.4645226001739502}, "reduce_times": [1.73763108253479, 0.02076101303100586, 0.03772401809692383, 0.038007259368896484, 0.0343937873840332, 0.03677701950073242, 0.04275989532470703, 0.030280351638793945, 0.03757190704345703, 0.03248238563537598, 0.04320979118347168, 0.02358245849609375, 0.039461612701416016, 0.021110057830810547, 0.027041912078857422, 0.033115386962890625, 0.042710065841674805, 0.025634050369262695, 0.03920555114746094]}