{"batch": {"label": "batch", "average_duration": 0.027961841892154175, "n_events": 389, "total_time": 10.877156496047974}, "batch.accumulate": {"label": "batch.accumulate", "average_duration": 0.000766322667923562, "n_events": 389, "total_time": 0.2980995178222656}, "batch.backward": {"label": "batch.backward", "average_duration": 0.012720623482162357, "n_events": 389, "total_time": 4.948322534561157}, "batch.evaluate": {"label": "batch.evaluate", "average_duration": 0.0009794584583194214, "n_events": 389, "total_time": 0.3810093402862549}, "batch.forward": {"label": "batch.forward", "average_duration": 0.00553507853902704, "n_events": 389, "total_time": 2.1531455516815186}, "batch.reduce": {"label": "batch.reduce", "average_duration": 0.0037582882878712948, "n_events": 389, "total_time": 1.4619741439819336}, "batch.step": {"label": "batch.step", "average_duration": 0.00278212049626446, "n_events": 389, "total_time": 1.082244873046875}, "reduce.allreduce": {"label": "reduce.allreduce", "average_duration": 0.0028444292612737738, "n_events": 389, "total_time": 1.106482982635498}, "reduce.flat_pack": {"label": "reduce.flat_pack", "average_duration": 0.0008392965272643572, "n_events": 389, "total_time": 0.32648634910583496}}