{"batch": {"label": "batch", "average_duration": 0.2312755962531462, "n_events": 29249, "total_time": 6764.579914808273}, "batch.accumulate": {"label": "batch.accumulate", "average_duration": 0.002412552181286805, "n_events": 29249, "total_time": 70.56473875045776}, "batch.backward": {"label": "batch.backward", "average_duration": 0.1444165667589597, "n_events": 29249, "total_time": 4224.0401611328125}, "batch.evaluate": {"label": "batch.evaluate", "average_duration": 0.0004355707813839272, "n_events": 29249, "total_time": 12.740009784698486}, "batch.forward": {"label": "batch.forward", "average_duration": 0.06731980392034533, "n_events": 29249, "total_time": 1969.0369448661804}, "batch.reduce": {"label": "batch.reduce", "average_duration": 0.011732654753471138, "n_events": 29249, "total_time": 343.16841888427734}, "batch.step": {"label": "batch.step", "average_duration": 0.0019484155544635883, "n_events": 29249, "total_time": 56.98920655250549}, "epoch_metrics.collect": {"label": "epoch_metrics.collect", "average_duration": 0.011795778402546107, "n_events": 149, "total_time": 1.7575709819793701}, "reduce.compress": {"label": "reduce.compress", "average_duration": 0.0002981942960749635, "n_events": 29249, "total_time": 8.721884965896606}, "reduce.decompress": {"label": "reduce.decompress", "average_duration": 6.602748593182322e-05, "n_events": 29249, "total_time": 1.9312379360198975}, "reduce.flat_pack": {"label": "reduce.flat_pack", "average_duration": 0.0011168278532397618, "n_events": 29249, "total_time": 32.66609787940979}, "reduce.norm": {"label": "reduce.norm", "average_duration": 0.0012623027775559802, "n_events": 29249, "total_time": 36.92109394073486}, "reduce.reduce.vector": {"label": "reduce.reduce.vector", "average_duration": 0.00014895391674538003, "n_events": 29249, "total_time": 4.35675311088562}, "reduce.setgrad": {"label": "reduce.setgrad", "average_duration": 0.007581883118480221, "n_events": 29249, "total_time": 221.76249933242798}, "test.last": {"label": "test.last", "average_duration": 2.5064958309967245, "n_events": 149, "total_time": 373.46787881851196}}