{"batch": {"label": "batch", "average_duration": 0.12710812425366338, "n_events": 193, "total_time": 24.53186798095703}, "batch.accumulate": {"label": "batch.accumulate", "average_duration": 0.0009805361429850261, "n_events": 18, "total_time": 0.01764965057373047}, "batch.backward": {"label": "batch.backward", "average_duration": 0.06503403495630453, "n_events": 193, "total_time": 12.551568746566772}, "batch.evaluate": {"label": "batch.evaluate", "average_duration": 0.0012651799256319827, "n_events": 193, "total_time": 0.24417972564697266}, "batch.forward": {"label": "batch.forward", "average_duration": 0.006372574079839677, "n_events": 193, "total_time": 1.2299067974090576}, "batch.reduce": {"label": "batch.reduce", "average_duration": 0.46863310866885716, "n_events": 18, "total_time": 8.435395956039429}, "batch.step": {"label": "batch.step", "average_duration": 0.004025177634441791, "n_events": 193, "total_time": 0.7768592834472656}, "epoch_metrics.collect": {"label": "epoch_metrics.collect", "average_duration": 0.22760677337646484, "n_events": 1, "total_time": 0.22760677337646484}, "reduce.compress": {"label": "reduce.compress", "average_duration": 0.002103090286254883, "n_events": 18, "total_time": 0.03785562515258789}, "reduce.decompress": {"label": "reduce.decompress", "average_duration": 0.0002167489793565538, "n_events": 18, "total_time": 0.0039014816284179688}, "reduce.flat_pack": {"label": "reduce.flat_pack", "average_duration": 0.0007368061277601454, "n_events": 18, "total_time": 0.013262510299682617}, "reduce.norm": {"label": "reduce.norm", "average_duration": 0.4530214336183336, "n_events": 18, "total_time": 8.154385805130005}, "reduce.reduce.vector": {"label": "reduce.reduce.vector", "average_duration": 0.009263661172654893, "n_events": 18, "total_time": 0.16674590110778809}, "reduce.setgrad": {"label": "reduce.setgrad", "average_duration": 0.002973357836405436, "n_events": 18, "total_time": 0.05352044105529785}, "test.last": {"label": "test.last", "average_duration": 1.808845043182373, "n_events": 1, "total_time": 1.808845043182373}}