{"batch": {"label": "batch", "average_duration": 0.08155928588495022, "n_events": 779, "total_time": 63.53468370437622}, "batch.accumulate": {"label": "batch.accumulate", "average_duration": 0.0009738332346866006, "n_events": 38, "total_time": 0.03700566291809082}, "batch.backward": {"label": "batch.backward", "average_duration": 0.0669684881423343, "n_events": 779, "total_time": 52.16845226287842}, "batch.evaluate": {"label": "batch.evaluate", "average_duration": 0.0011766002787246019, "n_events": 779, "total_time": 0.9165716171264648}, "batch.forward": {"label": "batch.forward", "average_duration": 0.006454401665076671, "n_events": 779, "total_time": 5.027978897094727}, "batch.reduce": {"label": "batch.reduce", "average_duration": 0.012023361105667917, "n_events": 38, "total_time": 0.45688772201538086}, "batch.step": {"label": "batch.step", "average_duration": 0.0034148233998877705, "n_events": 779, "total_time": 2.6601474285125732}, "epoch_metrics.collect": {"label": "epoch_metrics.collect", "average_duration": 0.001169443130493164, "n_events": 3, "total_time": 0.003508329391479492}, "reduce.compress": {"label": "reduce.compress", "average_duration": 0.005601004550331517, "n_events": 38, "total_time": 0.21283817291259766}, "reduce.decompress": {"label": "reduce.decompress", "average_duration": 0.0010179845910323294, "n_events": 38, "total_time": 0.038683414459228516}, "reduce.flat_pack": {"label": "reduce.flat_pack", "average_duration": 0.0006805219148334704, "n_events": 38, "total_time": 0.025859832763671875}, "reduce.norm": {"label": "reduce.norm", "average_duration": 0.0006195808711804842, "n_events": 38, "total_time": 0.0235440731048584}, "reduce.reduce.vector": {"label": "reduce.reduce.vector", "average_duration": 0.0009751006176597194, "n_events": 38, "total_time": 0.037053823471069336}, "reduce.setgrad": {"label": "reduce.setgrad", "average_duration": 0.0028296520835474916, "n_events": 38, "total_time": 0.10752677917480469}, "test.last": {"label": "test.last", "average_duration": 2.350121815999349, "n_events": 3, "total_time": 7.050365447998047}}