{"batch": {"label": "batch", "average_duration": 0.13133616930197092, "n_events": 484, "total_time": 63.56670594215393}, "batch.accumulate": {"label": "batch.accumulate", "average_duration": 0.0006927463633955018, "n_events": 484, "total_time": 0.33528923988342285}, "batch.backward": {"label": "batch.backward", "average_duration": 0.06431300778034305, "n_events": 484, "total_time": 31.127495765686035}, "batch.evaluate": {"label": "batch.evaluate", "average_duration": 0.0004914181291564437, "n_events": 484, "total_time": 0.23784637451171875}, "batch.forward": {"label": "batch.forward", "average_duration": 0.054782651180078176, "n_events": 484, "total_time": 26.514803171157837}, "batch.reduce": {"label": "batch.reduce", "average_duration": 0.0068216752414861, "n_events": 484, "total_time": 3.3016908168792725}, "batch.step": {"label": "batch.step", "average_duration": 0.002905504270033403, "n_events": 484, "total_time": 1.406264066696167}, "epoch_metrics.collect": {"label": "epoch_metrics.collect", "average_duration": 0.007944345474243164, "n_events": 4, "total_time": 0.031777381896972656}, "reduce.compress": {"label": "reduce.compress", "average_duration": 0.00030692993116772865, "n_events": 484, "total_time": 0.14855408668518066}, "reduce.decompress": {"label": "reduce.decompress", "average_duration": 8.291449428589876e-05, "n_events": 484, "total_time": 0.040130615234375}, "reduce.flat_pack": {"label": "reduce.flat_pack", "average_duration": 0.00034586063101271953, "n_events": 484, "total_time": 0.16739654541015625}, "reduce.norm": {"label": "reduce.norm", "average_duration": 0.0024251898458181333, "n_events": 484, "total_time": 1.1737918853759766}, "reduce.reduce.vector": {"label": "reduce.reduce.vector", "average_duration": 0.0008900377376020448, "n_events": 484, "total_time": 0.43077826499938965}, "reduce.setgrad": {"label": "reduce.setgrad", "average_duration": 0.0023818809138841865, "n_events": 484, "total_time": 1.1528303623199463}, "test.last": {"label": "test.last", "average_duration": 1.174206554889679, "n_events": 4, "total_time": 4.696826219558716}}