{"batch": {"label": "batch", "average_duration": 0.09128520141045253, "n_events": 96, "total_time": 8.763379335403442}, "batch.accumulate": {"label": "batch.accumulate", "average_duration": 0.0009344567855199178, "n_events": 96, "total_time": 0.08970785140991211}, "batch.backward": {"label": "batch.backward", "average_duration": 0.06555438041687012, "n_events": 96, "total_time": 6.293220520019531}, "batch.evaluate": {"label": "batch.evaluate", "average_duration": 0.001144041617711385, "n_events": 96, "total_time": 0.10982799530029297}, "batch.forward": {"label": "batch.forward", "average_duration": 0.006396340827147166, "n_events": 96, "total_time": 0.6140487194061279}, "batch.reduce": {"label": "batch.reduce", "average_duration": 0.011217127243677774, "n_events": 96, "total_time": 1.0768442153930664}, "batch.step": {"label": "batch.step", "average_duration": 0.0030233015616734824, "n_events": 96, "total_time": 0.2902369499206543}, "reduce.compress": {"label": "reduce.compress", "average_duration": 0.005094056328137715, "n_events": 96, "total_time": 0.4890294075012207}, "reduce.decompress": {"label": "reduce.decompress", "average_duration": 0.001003389557202657, "n_events": 96, "total_time": 0.09632539749145508}, "reduce.flat_pack": {"label": "reduce.flat_pack", "average_duration": 0.0006496359904607137, "n_events": 96, "total_time": 0.062365055084228516}, "reduce.norm": {"label": "reduce.norm", "average_duration": 0.0007448593775431315, "n_events": 96, "total_time": 0.07150650024414062}, "reduce.reduce.vector": {"label": "reduce.reduce.vector", "average_duration": 0.0004947806398073832, "n_events": 96, "total_time": 0.04749894142150879}, "reduce.setgrad": {"label": "reduce.setgrad", "average_duration": 0.002963391443093618, "n_events": 96, "total_time": 0.2844855785369873}}