{"batch": {"label": "batch", "average_duration": 0.20785818994045258, "n_events": 96, "total_time": 19.954386234283447}, "batch.accumulate": {"label": "batch.accumulate", "average_duration": 0.0029905587434768677, "n_events": 96, "total_time": 0.2870936393737793}, "batch.backward": {"label": "batch.backward", "average_duration": 0.025738765796025593, "n_events": 96, "total_time": 2.470921516418457}, "batch.evaluate": {"label": "batch.evaluate", "average_duration": 0.11184870948394139, "n_events": 96, "total_time": 10.737476110458374}, "batch.forward": {"label": "batch.forward", "average_duration": 0.02569371958573659, "n_events": 96, "total_time": 2.466597080230713}, "batch.reduce": {"label": "batch.reduce", "average_duration": 0.02330055336157481, "n_events": 96, "total_time": 2.2368531227111816}, "batch.step": {"label": "batch.step", "average_duration": 0.008852812151114145, "n_events": 96, "total_time": 0.849869966506958}, "reduce.compress": {"label": "reduce.compress", "average_duration": 0.0009975408514340718, "n_events": 96, "total_time": 0.0957639217376709}, "reduce.decompress": {"label": "reduce.decompress", "average_duration": 0.0002192184329032898, "n_events": 96, "total_time": 0.02104496955871582}, "reduce.flat_pack": {"label": "reduce.flat_pack", "average_duration": 0.000765425463517507, "n_events": 96, "total_time": 0.07348084449768066}, "reduce.norm": {"label": "reduce.norm", "average_duration": 0.011595524847507477, "n_events": 96, "total_time": 1.1131703853607178}, "reduce.reduce.vector": {"label": "reduce.reduce.vector", "average_duration": 0.00012494375308354697, "n_events": 96, "total_time": 0.011994600296020508}, "reduce.setgrad": {"label": "reduce.setgrad", "average_duration": 0.009312480688095093, "n_events": 96, "total_time": 0.8939981460571289}, "reduce_times": [0.26952552795410156, 0.018741130828857422, 0.026167869567871094, 0.017156124114990234, 0.023196935653686523, 0.023720979690551758, 0.02372288703918457, 0.016669034957885742, 0.03100275993347168, 0.02290797233581543, 0.02551579475402832, 0.018096208572387695, 0.03208446502685547, 0.02208733558654785, 0.022632837295532227, 0.015161275863647461, 0.03078150749206543, 0.012973308563232422, 0.0249330997467041, 0.020814895629882812, 0.030715227127075195, 0.023293495178222656, 0.025081872940063477, 0.02617669105529785, 0.03077411651611328, 0.024661779403686523, 0.024105310440063477, 0.02400803565979004, 0.029355764389038086, 0.022214412689208984, 0.02297234535217285, 0.023157596588134766, 0.023299694061279297, 0.030150175094604492, 0.022308349609375, 0.02390003204345703, 0.022654056549072266, 0.029972553253173828, 0.022811174392700195, 0.023617267608642578, 0.021675586700439453, 0.022397994995117188, 0.021625518798828125, 0.021660804748535156, 0.022617101669311523, 0.02168107032775879, 0.02481532096862793, 0.01633167266845703, 0.020285606384277344, 0.031005144119262695, 0.0213472843170166, 0.025065183639526367, 0.024025678634643555, 0.02967691421508789, 0.022908449172973633, 0.023514986038208008, 0.02346324920654297, 0.021754741668701172, 0.023931026458740234, 0.020481109619140625, 0.016659021377563477, 0.020029306411743164, 0.023950815200805664, 0.024887561798095703, 0.023474931716918945, 0.01685929298400879, 0.025333166122436523, 0.0251772403717041, 0.02435612678527832, 0.01849842071533203, 0.02344202995300293, 0.025725841522216797, 0.024614334106445312, 0.017999649047851562, 0.026278257369995117, 0.025374412536621094, 0.025484323501586914, 0.017722368240356445, 0.023888826370239258, 0.025824308395385742, 0.02630019187927246, 0.017514944076538086, 0.024245262145996094, 0.02572917938232422, 0.023301362991333008, 0.015840768814086914, 0.023866891860961914, 0.02339482307434082, 0.02348494529724121, 0.022671222686767578, 0.024147510528564453, 0.0220034122467041, 0.022308826446533203, 0.02271890640258789, 0.024976253509521484, 0.023123979568481445, 0.02178359031677246]}