{"batch": {"label": "batch", "average_duration": 0.0850512669004243, "n_events": 290, "total_time": 24.664867401123047}, "batch.accumulate": {"label": "batch.accumulate", "average_duration": 0.0012276040183173285, "n_events": 18, "total_time": 0.022096872329711914}, "batch.backward": {"label": "batch.backward", "average_duration": 0.06593292334984088, "n_events": 290, "total_time": 19.120547771453857}, "batch.evaluate": {"label": "batch.evaluate", "average_duration": 0.0012381783847151132, "n_events": 290, "total_time": 0.3590717315673828}, "batch.forward": {"label": "batch.forward", "average_duration": 0.006558408408329405, "n_events": 290, "total_time": 1.9019384384155273}, "batch.reduce": {"label": "batch.reduce", "average_duration": 0.013598415586683486, "n_events": 18, "total_time": 0.24477148056030273}, "batch.step": {"label": "batch.step", "average_duration": 0.004038687410025761, "n_events": 290, "total_time": 1.1712193489074707}, "epoch_metrics.collect": {"label": "epoch_metrics.collect", "average_duration": 0.0027141571044921875, "n_events": 2, "total_time": 0.005428314208984375}, "reduce.compress": {"label": "reduce.compress", "average_duration": 0.0010516246159871419, "n_events": 18, "total_time": 0.018929243087768555}, "reduce.decompress": {"label": "reduce.decompress", "average_duration": 0.00022440486484103731, "n_events": 18, "total_time": 0.004039287567138672}, "reduce.flat_pack": {"label": "reduce.flat_pack", "average_duration": 0.0008074972364637586, "n_events": 18, "total_time": 0.014534950256347656}, "reduce.norm": {"label": "reduce.norm", "average_duration": 0.007298178142971463, "n_events": 18, "total_time": 0.13136720657348633}, "reduce.reduce.vector": {"label": "reduce.reduce.vector", "average_duration": 0.00013723638322618272, "n_events": 18, "total_time": 0.002470254898071289}, "reduce.setgrad": {"label": "reduce.setgrad", "average_duration": 0.003388749228583442, "n_events": 18, "total_time": 0.06099748611450195}, "test.last": {"label": "test.last", "average_duration": 1.3492060899734497, "n_events": 2, "total_time": 2.6984121799468994}, "reduce_times": [0.9037859439849854, 0.0066852569580078125, 0.007142066955566406, 0.0078046321868896484, 0.006439208984375, 0.005992412567138672, 0.052510976791381836, 0.007439613342285156, 0.006664276123046875, 0.0066547393798828125, 0.012789726257324219, 0.006574392318725586, 0.07837915420532227, 0.0063703060150146484, 0.006781339645385742, 0.006925106048583984, 0.0065648555755615234, 0.0067806243896484375, 0.006272792816162109]}