{"batch": {"label": "batch", "average_duration": 0.32751900056176936, "n_events": 484, "total_time": 158.51919627189636}, "batch.accumulate": {"label": "batch.accumulate", "average_duration": 0.0020535376446306213, "n_events": 484, "total_time": 0.9939122200012207}, "batch.backward": {"label": "batch.backward", "average_duration": 0.12295522473075172, "n_events": 484, "total_time": 59.51032876968384}, "batch.evaluate": {"label": "batch.evaluate", "average_duration": 0.0006009172802129068, "n_events": 484, "total_time": 0.2908439636230469}, "batch.forward": {"label": "batch.forward", "average_duration": 0.06001646164035009, "n_events": 484, "total_time": 29.047967433929443}, "batch.reduce": {"label": "batch.reduce", "average_duration": 0.1294922636560172, "n_events": 484, "total_time": 62.67425560951233}, "batch.step": {"label": "batch.step", "average_duration": 0.008900045855971407, "n_events": 484, "total_time": 4.307622194290161}, "epoch_metrics.collect": {"label": "epoch_metrics.collect", "average_duration": 0.004884064197540283, "n_events": 4, "total_time": 0.019536256790161133}, "reduce.allreduce": {"label": "reduce.allreduce", "average_duration": 0.1285143775388229, "n_events": 484, "total_time": 62.20095872879028}, "reduce.flat_pack": {"label": "reduce.flat_pack", "average_duration": 0.0007669837021630658, "n_events": 484, "total_time": 0.37122011184692383}, "test.last": {"label": "test.last", "average_duration": 1.4067639708518982, "n_events": 4, "total_time": 5.627055883407593}}