{"batch": {"label": "batch", "average_duration": 0.3725422276664026, "n_events": 194, "total_time": 72.2731921672821}, "batch.accumulate": {"label": "batch.accumulate", "average_duration": 0.0009295989557639839, "n_events": 194, "total_time": 0.1803421974182129}, "batch.backward": {"label": "batch.backward", "average_duration": 0.034620724484362764, "n_events": 389, "total_time": 13.467461824417114}, "batch.evaluate": {"label": "batch.evaluate", "average_duration": 0.0005708022718257953, "n_events": 389, "total_time": 0.22204208374023438}, "batch.forward": {"label": "batch.forward", "average_duration": 0.02938150440206258, "n_events": 389, "total_time": 11.429405212402344}, "batch.reduce": {"label": "batch.reduce", "average_duration": 0.23075889926595786, "n_events": 194, "total_time": 44.767226457595825}, "batch.step": {"label": "batch.step", "average_duration": 0.0031260313446988762, "n_events": 194, "total_time": 0.606450080871582}, "reduce.allreduce": {"label": "reduce.allreduce", "average_duration": 0.230129019501283, "n_events": 194, "total_time": 44.6450297832489}, "reduce.flat_pack": {"label": "reduce.flat_pack", "average_duration": 0.000419159525448514, "n_events": 194, "total_time": 0.08131694793701172}, "reduce_times": [0.052996158599853516, 0.1073615550994873, 0.08571624755859375, 0.07853841781616211, 0.07710671424865723, 0.07272768020629883, 0.0817723274230957, 0.06952500343322754, 0.07781457901000977, 0.07555413246154785, 0.1860213279724121, 0.2340097427368164, 0.23739361763000488, 0.23450016975402832, 0.23815393447875977, 0.23404312133789062, 0.23778080940246582, 0.2341444492340088, 0.2375319004058838, 0.23419761657714844, 0.23795580863952637, 0.23375177383422852, 0.23782920837402344, 0.23394775390625, 0.22609782218933105, 0.23099160194396973, 0.23864984512329102, 0.23836016654968262, 0.23858976364135742, 0.2387094497680664, 0.2389378547668457, 0.23859953880310059, 0.23840117454528809, 0.2386493682861328, 0.23847436904907227, 0.23739123344421387, 0.2389218807220459, 0.2386159896850586, 0.2384951114654541, 0.23852276802062988, 0.23847317695617676, 0.23878026008605957, 0.2384204864501953, 0.23868107795715332, 0.23913836479187012, 0.23830652236938477, 0.23905348777770996, 0.23817014694213867, 0.23876500129699707, 0.2387247085571289, 0.2389216423034668, 0.23823976516723633, 0.2392115592956543, 0.23828744888305664, 0.2385551929473877, 0.23881244659423828, 0.2388908863067627, 0.2384796142578125, 0.23878240585327148, 0.23859190940856934, 0.23847651481628418, 0.23858857154846191, 0.23874282836914062, 0.23851370811462402, 0.239349365234375, 0.2384483814239502, 0.23909211158752441, 0.2384500503540039, 0.23873114585876465, 0.2384023666381836, 0.23847222328186035, 0.23824858665466309, 0.2389988899230957, 0.2384798526763916, 0.23875093460083008, 0.23830032348632812, 0.23870372772216797, 0.23833036422729492, 0.23868727684020996, 0.23837590217590332, 0.2388594150543213, 0.2382674217224121, 0.23891377449035645, 0.23863649368286133, 0.23886322975158691, 0.2385728359222412, 0.23891282081604004, 0.23819208145141602, 0.23878240585327148, 0.23869609832763672, 0.23750925064086914, 0.2383279800415039, 0.23870253562927246, 0.23865675926208496, 0.23888230323791504, 0.2382044792175293, 0.23868441581726074, 0.23801064491271973, 0.2384204864501953, 0.23827481269836426, 0.23870182037353516, 0.2385237216949463, 0.23891186714172363, 0.23862910270690918, 0.2392127513885498, 0.23874616622924805, 0.23905563354492188, 0.23866510391235352, 0.23869633674621582, 0.2383878231048584, 0.23874282836914062, 0.2380540370941162, 0.2388308048248291, 0.23859214782714844, 0.23870253562927246, 0.23799586296081543, 0.23836207389831543, 0.23812127113342285, 0.23844051361083984, 0.23824310302734375, 0.23887276649475098, 0.23830509185791016, 0.23859310150146484, 0.2383880615234375, 0.23879551887512207, 0.2382795810699463, 0.23874783515930176, 0.23858165740966797, 0.23859167098999023, 0.23845481872558594, 0.23876738548278809, 0.23848319053649902, 0.2381746768951416, 0.2385725975036621, 0.23871541023254395, 0.23855948448181152, 0.23828458786010742, 0.23876380920410156, 0.23840856552124023, 0.2383134365081787, 0.2385246753692627, 0.2380208969116211, 0.3281733989715576, 0.14913582801818848, 0.23914027214050293, 0.2381441593170166, 0.23916339874267578, 0.2386634349822998, 0.23902106285095215, 0.23857808113098145, 0.2388002872467041, 0.23871803283691406, 0.2386786937713623, 0.23843860626220703, 0.23914885520935059, 0.23865294456481934, 0.2388439178466797, 0.23996639251708984, 0.23734641075134277, 0.23833250999450684, 0.23873639106750488, 0.23885178565979004, 0.23921489715576172, 0.2384035587310791, 0.23874497413635254, 0.23839402198791504, 0.23909902572631836, 0.23859429359436035, 0.23896121978759766, 0.23853349685668945, 0.23873591423034668, 0.23881983757019043, 0.23929166793823242, 0.23844361305236816, 0.23915553092956543, 0.23859786987304688, 0.2388596534729004, 0.35202646255493164, 0.12564682960510254, 0.23892879486083984, 0.23890924453735352, 0.2387406826019287, 0.23906350135803223, 0.2386469841003418, 0.23916935920715332, 0.2389063835144043, 0.23885416984558105, 0.23888230323791504, 0.2387065887451172, 0.30364227294921875, 0.17483139038085938, 0.2388448715209961, 0.2396862506866455, 0.23943090438842773, 0.23952579498291016]}