{"batch": {"label": "batch", "average_duration": 0.1857283856584618, "n_events": 193, "total_time": 35.84557843208313}, "batch.accumulate": {"label": "batch.accumulate", "average_duration": 0.0028150081634521484, "n_events": 18, "total_time": 0.05067014694213867}, "batch.backward": {"label": "batch.backward", "average_duration": 0.1240776486965041, "n_events": 193, "total_time": 23.946986198425293}, "batch.evaluate": {"label": "batch.evaluate", "average_duration": 0.000662399697180239, "n_events": 193, "total_time": 0.12784314155578613}, "batch.forward": {"label": "batch.forward", "average_duration": 0.04147195074842384, "n_events": 193, "total_time": 8.0040864944458}, "batch.reduce": {"label": "batch.reduce", "average_duration": 0.02415152390797933, "n_events": 18, "total_time": 0.43472743034362793}, "batch.step": {"label": "batch.step", "average_duration": 0.00838667988159496, "n_events": 193, "total_time": 1.6186292171478271}, "epoch_metrics.collect": {"label": "epoch_metrics.collect", "average_duration": 0.0014445781707763672, "n_events": 1, "total_time": 0.0014445781707763672}, "reduce.allreduce": {"label": "reduce.allreduce", "average_duration": 0.02310886647966173, "n_events": 18, "total_time": 0.41595959663391113}, "reduce.flat_pack": {"label": "reduce.flat_pack", "average_duration": 0.0009172095192803277, "n_events": 18, "total_time": 0.0165097713470459}, "test.last": {"label": "test.last", "average_duration": 1.4657094478607178, "n_events": 1, "total_time": 1.4657094478607178}}