{"batch": {"label": "batch", "average_duration": 0.13135020226394575, "n_events": 193, "total_time": 25.35058903694153}, "batch.accumulate": {"label": "batch.accumulate", "average_duration": 0.0010168817308213976, "n_events": 18, "total_time": 0.018303871154785156}, "batch.backward": {"label": "batch.backward", "average_duration": 0.06514490330157502, "n_events": 193, "total_time": 12.57296633720398}, "batch.evaluate": {"label": "batch.evaluate", "average_duration": 0.0012292058974350054, "n_events": 193, "total_time": 0.23723673820495605}, "batch.forward": {"label": "batch.forward", "average_duration": 0.006454809959688335, "n_events": 193, "total_time": 1.2457783222198486}, "batch.reduce": {"label": "batch.reduce", "average_duration": 0.471050845252143, "n_events": 18, "total_time": 8.478915214538574}, "batch.step": {"label": "batch.step", "average_duration": 0.003924610701249671, "n_events": 193, "total_time": 0.7574498653411865}, "epoch_metrics.collect": {"label": "epoch_metrics.collect", "average_duration": 0.22602224349975586, "n_events": 1, "total_time": 0.22602224349975586}, "reduce.compress": {"label": "reduce.compress", "average_duration": 0.006792373127407498, "n_events": 18, "total_time": 0.12226271629333496}, "reduce.decompress": {"label": "reduce.decompress", "average_duration": 0.00022270944383409288, "n_events": 18, "total_time": 0.004008769989013672}, "reduce.flat_pack": {"label": "reduce.flat_pack", "average_duration": 0.0007472303178575304, "n_events": 18, "total_time": 0.013450145721435547}, "reduce.norm": {"label": "reduce.norm", "average_duration": 0.4596421718597412, "n_events": 18, "total_time": 8.273559093475342}, "reduce.setgrad": {"label": "reduce.setgrad", "average_duration": 0.0029950009451972116, "n_events": 18, "total_time": 0.053910017013549805}, "test.last": {"label": "test.last", "average_duration": 1.860100269317627, "n_events": 1, "total_time": 1.860100269317627}}