{"batch": {"label": "batch", "average_duration": 0.08607702453931172, "n_events": 96, "total_time": 8.263394355773926}, "batch.accumulate": {"label": "batch.accumulate", "average_duration": 0.0010038440426190693, "n_events": 96, "total_time": 0.09636902809143066}, "batch.backward": {"label": "batch.backward", "average_duration": 0.06405495603879292, "n_events": 96, "total_time": 6.149275779724121}, "batch.evaluate": {"label": "batch.evaluate", "average_duration": 0.0012653395533561707, "n_events": 96, "total_time": 0.12147259712219238}, "batch.forward": {"label": "batch.forward", "average_duration": 0.006314496199289958, "n_events": 96, "total_time": 0.6061916351318359}, "batch.reduce": {"label": "batch.reduce", "average_duration": 0.007421277463436127, "n_events": 96, "total_time": 0.7124426364898682}, "batch.step": {"label": "batch.step", "average_duration": 0.0029350693027178445, "n_events": 96, "total_time": 0.2817666530609131}, "reduce.compress": {"label": "reduce.compress", "average_duration": 0.002098657190799713, "n_events": 96, "total_time": 0.20147109031677246}, "reduce.decompress": {"label": "reduce.decompress", "average_duration": 0.00021280348300933838, "n_events": 96, "total_time": 0.020429134368896484}, "reduce.flat_pack": {"label": "reduce.flat_pack", "average_duration": 0.0006974066297213236, "n_events": 96, "total_time": 0.06695103645324707}, "reduce.norm": {"label": "reduce.norm", "average_duration": 0.0007266377409299215, "n_events": 96, "total_time": 0.06975722312927246}, "reduce.reduce.vector": {"label": "reduce.reduce.vector", "average_duration": 0.0005301758646965027, "n_events": 96, "total_time": 0.05089688301086426}, "reduce.setgrad": {"label": "reduce.setgrad", "average_duration": 0.002891408900419871, "n_events": 96, "total_time": 0.2775752544403076}}