{"batch": {"label": "batch", "average_duration": 0.09068067371845245, "n_events": 96, "total_time": 8.705344676971436}, "batch.accumulate": {"label": "batch.accumulate", "average_duration": 0.0010331074396769206, "n_events": 18, "total_time": 0.01859593391418457}, "batch.backward": {"label": "batch.backward", "average_duration": 0.0650568703810374, "n_events": 96, "total_time": 6.24545955657959}, "batch.evaluate": {"label": "batch.evaluate", "average_duration": 0.0012785221139589946, "n_events": 96, "total_time": 0.12273812294006348}, "batch.forward": {"label": "batch.forward", "average_duration": 0.006365100542704265, "n_events": 96, "total_time": 0.6110496520996094}, "batch.reduce": {"label": "batch.reduce", "average_duration": 0.007646070586310493, "n_events": 18, "total_time": 0.13762927055358887}, "batch.step": {"label": "batch.step", "average_duration": 0.003612503409385681, "n_events": 96, "total_time": 0.3468003273010254}, "reduce.compress": {"label": "reduce.compress", "average_duration": 0.000983224974738227, "n_events": 18, "total_time": 0.017698049545288086}, "reduce.decompress": {"label": "reduce.decompress", "average_duration": 0.00021537144978841147, "n_events": 18, "total_time": 0.0038766860961914062}, "reduce.flat_pack": {"label": "reduce.flat_pack", "average_duration": 0.000725865364074707, "n_events": 18, "total_time": 0.013065576553344727}, "reduce.norm": {"label": "reduce.norm", "average_duration": 0.0018919176525539821, "n_events": 18, "total_time": 0.03405451774597168}, "reduce.reduce.vector": {"label": "reduce.reduce.vector", "average_duration": 0.0001571178436279297, "n_events": 18, "total_time": 0.0028281211853027344}, "reduce.setgrad": {"label": "reduce.setgrad", "average_duration": 0.0030060079362657336, "n_events": 18, "total_time": 0.0541081428527832}}