{"batch": {"label": "batch", "average_duration": 0.1282538596081407, "n_events": 584, "total_time": 74.90025401115417}, "batch.accumulate": {"label": "batch.accumulate", "average_duration": 0.001026680594996402, "n_events": 38, "total_time": 0.03901386260986328}, "batch.backward": {"label": "batch.backward", "average_duration": 0.06496532730860254, "n_events": 584, "total_time": 37.93975114822388}, "batch.evaluate": {"label": "batch.evaluate", "average_duration": 0.0011791423575518883, "n_events": 584, "total_time": 0.6886191368103027}, "batch.forward": {"label": "batch.forward", "average_duration": 0.006307544365321121, "n_events": 584, "total_time": 3.683605909347534}, "batch.reduce": {"label": "batch.reduce", "average_duration": 0.7336038790251079, "n_events": 38, "total_time": 27.8769474029541}, "batch.step": {"label": "batch.step", "average_duration": 0.003435972618730101, "n_events": 584, "total_time": 2.006608009338379}, "epoch_metrics.collect": {"label": "epoch_metrics.collect", "average_duration": 0.017749547958374023, "n_events": 2, "total_time": 0.03549909591674805}, "reduce.allreduce": {"label": "reduce.allreduce", "average_duration": 0.7328052332526759, "n_events": 38, "total_time": 27.846598863601685}, "reduce.flat_pack": {"label": "reduce.flat_pack", "average_duration": 0.0006690966455559982, "n_events": 38, "total_time": 0.02542567253112793}, "test.last": {"label": "test.last", "average_duration": 3.3951414823532104, "n_events": 2, "total_time": 6.790282964706421}}