{"batch": {"label": "batch", "average_duration": 0.21043443778329643, "n_events": 484, "total_time": 101.85026788711548}, "batch.accumulate": {"label": "batch.accumulate", "average_duration": 0.0010038249748797457, "n_events": 484, "total_time": 0.4858512878417969}, "batch.backward": {"label": "batch.backward", "average_duration": 0.06412005720059734, "n_events": 484, "total_time": 31.03410768508911}, "batch.evaluate": {"label": "batch.evaluate", "average_duration": 0.000703938736403284, "n_events": 484, "total_time": 0.34070634841918945}, "batch.forward": {"label": "batch.forward", "average_duration": 0.05427849637575386, "n_events": 484, "total_time": 26.270792245864868}, "batch.reduce": {"label": "batch.reduce", "average_duration": 0.08518284165169582, "n_events": 484, "total_time": 41.228495359420776}, "batch.step": {"label": "batch.step", "average_duration": 0.0035662271759726786, "n_events": 484, "total_time": 1.7260539531707764}, "epoch_metrics.collect": {"label": "epoch_metrics.collect", "average_duration": 0.0047193169593811035, "n_events": 4, "total_time": 0.018877267837524414}, "reduce.allreduce": {"label": "reduce.allreduce", "average_duration": 0.08453795831065533, "n_events": 484, "total_time": 40.91637182235718}, "reduce.flat_pack": {"label": "reduce.flat_pack", "average_duration": 0.0004252352990394781, "n_events": 484, "total_time": 0.20581388473510742}, "test.last": {"label": "test.last", "average_duration": 1.168886125087738, "n_events": 4, "total_time": 4.675544500350952}}