{"batch": {"label": "batch", "average_duration": 0.28278856931366414, "n_events": 29249, "total_time": 8271.282863855362}, "batch.accumulate": {"label": "batch.accumulate", "average_duration": 0.002885319342217554, "n_events": 29249, "total_time": 84.39270544052124}, "batch.backward": {"label": "batch.backward", "average_duration": 0.1444467801697874, "n_events": 29249, "total_time": 4224.923873186111}, "batch.evaluate": {"label": "batch.evaluate", "average_duration": 0.0006773662655173157, "n_events": 29249, "total_time": 19.812285900115967}, "batch.forward": {"label": "batch.forward", "average_duration": 0.06712310381590059, "n_events": 29249, "total_time": 1963.2836635112762}, "batch.reduce": {"label": "batch.reduce", "average_duration": 0.044669171431813794, "n_events": 29249, "total_time": 1306.5285952091217}, "batch.step": {"label": "batch.step", "average_duration": 0.015438941919830926, "n_events": 29249, "total_time": 451.57361221313477}, "epoch_metrics.collect": {"label": "epoch_metrics.collect", "average_duration": 0.0018675871343420657, "n_events": 149, "total_time": 0.2782704830169678}, "reduce.compress": {"label": "reduce.compress", "average_duration": 0.00789122901177536, "n_events": 29249, "total_time": 230.81055736541748}, "reduce.decompress": {"label": "reduce.decompress", "average_duration": 0.0006728248680313248, "n_events": 29249, "total_time": 19.679454565048218}, "reduce.flat_pack": {"label": "reduce.flat_pack", "average_duration": 0.0012509035670438169, "n_events": 29249, "total_time": 36.5876784324646}, "reduce.norm": {"label": "reduce.norm", "average_duration": 0.0009485885723541405, "n_events": 29249, "total_time": 27.745267152786255}, "reduce.reduce.vector": {"label": "reduce.reduce.vector", "average_duration": 0.024768053908613655, "n_events": 29249, "total_time": 724.4408087730408}, "reduce.setgrad": {"label": "reduce.setgrad", "average_duration": 0.008929919314558084, "n_events": 29249, "total_time": 261.1912100315094}, "test.last": {"label": "test.last", "average_duration": 2.6397019120670806, "n_events": 149, "total_time": 393.315584897995}}