{"batch": {"label": "batch", "average_duration": 0.2816730100618085, "n_events": 29249, "total_time": 8238.653871297836}, "batch.accumulate": {"label": "batch.accumulate", "average_duration": 0.002665377318575841, "n_events": 29249, "total_time": 77.95962119102478}, "batch.backward": {"label": "batch.backward", "average_duration": 0.023298534508537905, "n_events": 29249, "total_time": 681.4588358402252}, "batch.evaluate": {"label": "batch.evaluate", "average_duration": 0.17641121470837304, "n_events": 29249, "total_time": 5159.851619005203}, "batch.forward": {"label": "batch.forward", "average_duration": 0.012857551603073699, "n_events": 29249, "total_time": 376.0705268383026}, "batch.reduce": {"label": "batch.reduce", "average_duration": 0.029923034792716876, "n_events": 29249, "total_time": 875.2188446521759}, "batch.step": {"label": "batch.step", "average_duration": 0.029587361347068457, "n_events": 29249, "total_time": 865.4007320404053}, "epoch_metrics.collect": {"label": "epoch_metrics.collect", "average_duration": 0.0135904286531794, "n_events": 149, "total_time": 2.0249738693237305}, "reduce.compress": {"label": "reduce.compress", "average_duration": 0.0003172685649318448, "n_events": 29249, "total_time": 9.279788255691528}, "reduce.decompress": {"label": "reduce.decompress", "average_duration": 6.850681417746203e-05, "n_events": 29249, "total_time": 2.003755807876587}, "reduce.flat_pack": {"label": "reduce.flat_pack", "average_duration": 0.0005932371613673583, "n_events": 29249, "total_time": 17.351593732833862}, "reduce.norm": {"label": "reduce.norm", "average_duration": 0.020899661745045782, "n_events": 29249, "total_time": 611.2942063808441}, "reduce.reduce.vector": {"label": "reduce.reduce.vector", "average_duration": 0.00010485456574207298, "n_events": 29249, "total_time": 3.0668911933898926}, "reduce.setgrad": {"label": "reduce.setgrad", "average_duration": 0.007754592040595146, "n_events": 29249, "total_time": 226.81406259536743}, "test.last": {"label": "test.last", "average_duration": 2.5304918049165868, "n_events": 149, "total_time": 377.0432789325714}}