{"batch": {"label": "batch", "average_duration": 0.14193437133726397, "n_events": 974, "total_time": 138.24407768249512}, "batch.accumulate": {"label": "batch.accumulate", "average_duration": 0.0021939123435676467, "n_events": 974, "total_time": 2.1368706226348877}, "batch.backward": {"label": "batch.backward", "average_duration": 0.08235912132067358, "n_events": 974, "total_time": 80.21778416633606}, "batch.evaluate": {"label": "batch.evaluate", "average_duration": 0.0005309197447383184, "n_events": 974, "total_time": 0.5171158313751221}, "batch.forward": {"label": "batch.forward", "average_duration": 0.03588134601130867, "n_events": 974, "total_time": 34.94843101501465}, "batch.reduce": {"label": "batch.reduce", "average_duration": 0.009151729714943888, "n_events": 974, "total_time": 8.913784742355347}, "batch.step": {"label": "batch.step", "average_duration": 0.008103644823391579, "n_events": 974, "total_time": 7.892950057983398}, "epoch_metrics.collect": {"label": "epoch_metrics.collect", "average_duration": 0.008588433265686035, "n_events": 4, "total_time": 0.03435373306274414}, "reduce.compress": {"label": "reduce.compress", "average_duration": 0.0003281464566929874, "n_events": 974, "total_time": 0.3196146488189697}, "reduce.decompress": {"label": "reduce.decompress", "average_duration": 7.237521529932042e-05, "n_events": 974, "total_time": 0.07049345970153809}, "reduce.flat_pack": {"label": "reduce.flat_pack", "average_duration": 0.0008675506227559867, "n_events": 974, "total_time": 0.844994306564331}, "reduce.norm": {"label": "reduce.norm", "average_duration": 0.00039240956551240457, "n_events": 974, "total_time": 0.38220691680908203}, "reduce.reduce.vector": {"label": "reduce.reduce.vector", "average_duration": 0.00013953214798130293, "n_events": 974, "total_time": 0.13590431213378906}, "reduce.setgrad": {"label": "reduce.setgrad", "average_duration": 0.00699143659407598, "n_events": 974, "total_time": 6.809659242630005}, "test.last": {"label": "test.last", "average_duration": 1.5260601043701172, "n_events": 4, "total_time": 6.104240417480469}}