{"batch": {"label": "batch", "average_duration": 0.20442052682240805, "n_events": 96, "total_time": 19.624370574951172}, "batch.accumulate": {"label": "batch.accumulate", "average_duration": 0.0025424758593241372, "n_events": 96, "total_time": 0.2440776824951172}, "batch.backward": {"label": "batch.backward", "average_duration": 0.12386625011761983, "n_events": 96, "total_time": 11.891160011291504}, "batch.evaluate": {"label": "batch.evaluate", "average_duration": 0.0007499953111012777, "n_events": 96, "total_time": 0.07199954986572266}, "batch.forward": {"label": "batch.forward", "average_duration": 0.04144074519475301, "n_events": 96, "total_time": 3.978311538696289}, "batch.reduce": {"label": "batch.reduce", "average_duration": 0.020018917818864185, "n_events": 96, "total_time": 1.921816110610962}, "batch.step": {"label": "batch.step", "average_duration": 0.008076399564743042, "n_events": 96, "total_time": 0.775334358215332}, "reduce.compress": {"label": "reduce.compress", "average_duration": 0.007925463219483694, "n_events": 96, "total_time": 0.7608444690704346}, "reduce.decompress": {"label": "reduce.decompress", "average_duration": 0.0015195881326993306, "n_events": 96, "total_time": 0.14588046073913574}, "reduce.flat_pack": {"label": "reduce.flat_pack", "average_duration": 0.0009509623050689697, "n_events": 96, "total_time": 0.0912923812866211}, "reduce.norm": {"label": "reduce.norm", "average_duration": 0.0006473660469055176, "n_events": 96, "total_time": 0.06214714050292969}, "reduce.reduce.vector": {"label": "reduce.reduce.vector", "average_duration": 0.0007149651646614075, "n_events": 96, "total_time": 0.06863665580749512}, "reduce.setgrad": {"label": "reduce.setgrad", "average_duration": 0.007981846729914347, "n_events": 96, "total_time": 0.7662572860717773}}