{"batch": {"label": "batch", "average_duration": 0.19196240490880506, "n_events": 290, "total_time": 55.66909742355347}, "batch.accumulate": {"label": "batch.accumulate", "average_duration": 0.003194345368279351, "n_events": 18, "total_time": 0.05749821662902832}, "batch.backward": {"label": "batch.backward", "average_duration": 0.1234009208350346, "n_events": 290, "total_time": 35.786267042160034}, "batch.evaluate": {"label": "batch.evaluate", "average_duration": 0.000732297732912261, "n_events": 290, "total_time": 0.21236634254455566}, "batch.forward": {"label": "batch.forward", "average_duration": 0.04138669227731639, "n_events": 290, "total_time": 12.002140760421753}, "batch.reduce": {"label": "batch.reduce", "average_duration": 0.031029462814331055, "n_events": 18, "total_time": 0.558530330657959}, "batch.step": {"label": "batch.step", "average_duration": 0.009943277260352825, "n_events": 290, "total_time": 2.8835504055023193}, "epoch_metrics.collect": {"label": "epoch_metrics.collect", "average_duration": 0.013858795166015625, "n_events": 2, "total_time": 0.02771759033203125}, "reduce.compress": {"label": "reduce.compress", "average_duration": 0.0010550551944308812, "n_events": 18, "total_time": 0.01899099349975586}, "reduce.decompress": {"label": "reduce.decompress", "average_duration": 0.00024273660447862413, "n_events": 18, "total_time": 0.004369258880615234}, "reduce.flat_pack": {"label": "reduce.flat_pack", "average_duration": 0.0010034375720553929, "n_events": 18, "total_time": 0.01806187629699707}, "reduce.norm": {"label": "reduce.norm", "average_duration": 0.018296029832628038, "n_events": 18, "total_time": 0.3293285369873047}, "reduce.reduce.vector": {"label": "reduce.reduce.vector", "average_duration": 0.00014744864569769966, "n_events": 18, "total_time": 0.0026540756225585938}, "reduce.setgrad": {"label": "reduce.setgrad", "average_duration": 0.009788685374789767, "n_events": 18, "total_time": 0.17619633674621582}, "test.last": {"label": "test.last", "average_duration": 1.5090909004211426, "n_events": 2, "total_time": 3.018181800842285}, "reduce_times": [1.5801916122436523, 0.012825727462768555, 0.025482654571533203, 0.03791093826293945, 0.03381919860839844, 0.041266679763793945, 0.08497810363769531, 0.01278543472290039, 0.03605508804321289, 0.018929243087768555, 0.01275777816772461, 0.012873172760009766, 0.0711667537689209, 0.013211250305175781, 0.05200934410095215, 0.013478755950927734, 0.018919706344604492, 0.04540228843688965, 0.014658212661743164]}