{"batch": {"label": "batch", "average_duration": 0.12704240553170956, "n_events": 29249, "total_time": 3715.8633193969727}, "batch.accumulate": {"label": "batch.accumulate", "average_duration": 0.0008049023375967156, "n_events": 29249, "total_time": 23.542588472366333}, "batch.backward": {"label": "batch.backward", "average_duration": 0.022204376032439747, "n_events": 29249, "total_time": 649.4557945728302}, "batch.evaluate": {"label": "batch.evaluate", "average_duration": 0.00040196480679794875, "n_events": 29249, "total_time": 11.757068634033203}, "batch.forward": {"label": "batch.forward", "average_duration": 0.011361475964766974, "n_events": 29249, "total_time": 332.31181049346924}, "batch.reduce": {"label": "batch.reduce", "average_duration": 0.09021772813860578, "n_events": 29249, "total_time": 2638.7783303260803}, "batch.step": {"label": "batch.step", "average_duration": 0.0008742755170748651, "n_events": 29249, "total_time": 25.57168459892273}, "epoch_metrics.collect": {"label": "epoch_metrics.collect", "average_duration": 0.0015939242087754627, "n_events": 149, "total_time": 0.23749470710754395}, "reduce.combine": {"label": "reduce.combine", "average_duration": 0.0004468595412226717, "n_events": 29249, "total_time": 13.070194721221924}, "reduce.flat_pack": {"label": "reduce.flat_pack", "average_duration": 0.0005695119246959181, "n_events": 29249, "total_time": 16.657654285430908}, "reduce.gather": {"label": "reduce.gather", "average_duration": 0.0021188675169211304, "n_events": 29249, "total_time": 61.97475600242615}, "reduce.set_memory": {"label": "reduce.set_memory", "average_duration": 0.00038506186775902145, "n_events": 29249, "total_time": 11.262674570083618}, "reduce.setgrad": {"label": "reduce.setgrad", "average_duration": 0.0037858111050814544, "n_events": 29249, "total_time": 110.73118901252747}, "reduce.topk": {"label": "reduce.topk", "average_duration": 0.08218125121736694, "n_events": 29249, "total_time": 2403.7194168567657}, "test.last": {"label": "test.last", "average_duration": 0.9319748750469029, "n_events": 149, "total_time": 138.86425638198853}}