{"batch": {"label": "batch", "average_duration": 0.1885587308824677, "n_events": 194, "total_time": 36.58039379119873}, "batch.accumulate": {"label": "batch.accumulate", "average_duration": 0.0026142471715023645, "n_events": 38, "total_time": 0.09934139251708984}, "batch.backward": {"label": "batch.backward", "average_duration": 0.12473671460889049, "n_events": 194, "total_time": 24.198922634124756}, "batch.evaluate": {"label": "batch.evaluate", "average_duration": 0.0005681981745454454, "n_events": 194, "total_time": 0.1102304458618164}, "batch.forward": {"label": "batch.forward", "average_duration": 0.04164464940729829, "n_events": 194, "total_time": 8.07906198501587}, "batch.reduce": {"label": "batch.reduce", "average_duration": 0.02150130271911621, "n_events": 38, "total_time": 0.817049503326416}, "batch.step": {"label": "batch.step", "average_duration": 0.008651589609912991, "n_events": 194, "total_time": 1.6784083843231201}, "reduce.compress": {"label": "reduce.compress", "average_duration": 0.008681347495631167, "n_events": 38, "total_time": 0.3298912048339844}, "reduce.decompress": {"label": "reduce.decompress", "average_duration": 0.0015256467618440326, "n_events": 38, "total_time": 0.05797457695007324}, "reduce.flat_pack": {"label": "reduce.flat_pack", "average_duration": 0.0008988129465203537, "n_events": 38, "total_time": 0.03415489196777344}, "reduce.norm": {"label": "reduce.norm", "average_duration": 0.0005328467017725894, "n_events": 38, "total_time": 0.0202481746673584}, "reduce.reduce.vector": {"label": "reduce.reduce.vector", "average_duration": 0.0014797386370207135, "n_events": 38, "total_time": 0.05623006820678711}, "reduce.setgrad": {"label": "reduce.setgrad", "average_duration": 0.008077514799017655, "n_events": 38, "total_time": 0.3069455623626709}}