{"batch": {"label": "batch", "average_duration": 0.13026630141071438, "n_events": 194, "total_time": 25.27166247367859}, "batch.accumulate": {"label": "batch.accumulate", "average_duration": 0.0009498972641794305, "n_events": 38, "total_time": 0.03609609603881836}, "batch.backward": {"label": "batch.backward", "average_duration": 0.06476533904518049, "n_events": 194, "total_time": 12.564475774765015}, "batch.evaluate": {"label": "batch.evaluate", "average_duration": 0.0011644658354139819, "n_events": 194, "total_time": 0.2259063720703125}, "batch.forward": {"label": "batch.forward", "average_duration": 0.0062831505057738, "n_events": 194, "total_time": 1.2189311981201172}, "batch.reduce": {"label": "batch.reduce", "average_duration": 0.25328551468096283, "n_events": 38, "total_time": 9.624849557876587}, "batch.step": {"label": "batch.step", "average_duration": 0.0032885050036243558, "n_events": 194, "total_time": 0.637969970703125}, "reduce.compress": {"label": "reduce.compress", "average_duration": 0.0021001853440937245, "n_events": 38, "total_time": 0.07980704307556152}, "reduce.decompress": {"label": "reduce.decompress", "average_duration": 0.00021226782547800163, "n_events": 38, "total_time": 0.008066177368164062}, "reduce.flat_pack": {"label": "reduce.flat_pack", "average_duration": 0.0006613731384277344, "n_events": 38, "total_time": 0.025132179260253906}, "reduce.norm": {"label": "reduce.norm", "average_duration": 0.2417581834291157, "n_events": 38, "total_time": 9.186810970306396}, "reduce.reduce.vector": {"label": "reduce.reduce.vector", "average_duration": 0.00542424854479338, "n_events": 38, "total_time": 0.20612144470214844}, "reduce.setgrad": {"label": "reduce.setgrad", "average_duration": 0.0028249339053505345, "n_events": 38, "total_time": 0.10734748840332031}}