{"batch": {"label": "batch", "average_duration": 0.2588729858724491, "n_events": 29249, "total_time": 7571.775963783264}, "batch.accumulate": {"label": "batch.accumulate", "average_duration": 0.002091116357279246, "n_events": 29249, "total_time": 61.16306233406067}, "batch.backward": {"label": "batch.backward", "average_duration": 0.14339597594689507, "n_events": 29249, "total_time": 4194.188900470734}, "batch.evaluate": {"label": "batch.evaluate", "average_duration": 0.0004173314625587034, "n_events": 29249, "total_time": 12.206527948379517}, "batch.forward": {"label": "batch.forward", "average_duration": 0.06646791420340264, "n_events": 29249, "total_time": 1944.120022535324}, "batch.reduce": {"label": "batch.reduce", "average_duration": 0.042353845913433254, "n_events": 29249, "total_time": 1238.8076391220093}, "batch.step": {"label": "batch.step", "average_duration": 0.001564238058317991, "n_events": 29249, "total_time": 45.75239896774292}, "epoch_metrics.collect": {"label": "epoch_metrics.collect", "average_duration": 0.0016278228503745673, "n_events": 149, "total_time": 0.24254560470581055}, "reduce.compress": {"label": "reduce.compress", "average_duration": 0.00690732948139935, "n_events": 29249, "total_time": 202.03248000144958}, "reduce.decompress": {"label": "reduce.decompress", "average_duration": 0.0006385672018668106, "n_events": 29249, "total_time": 18.677452087402344}, "reduce.flat_pack": {"label": "reduce.flat_pack", "average_duration": 0.0010830065120676284, "n_events": 29249, "total_time": 31.676857471466064}, "reduce.reduce.norm": {"label": "reduce.reduce.norm", "average_duration": 0.0009243481383127548, "n_events": 29249, "total_time": 27.036258697509766}, "reduce.reduce.vector": {"label": "reduce.reduce.vector", "average_duration": 0.026243084503844716, "n_events": 29249, "total_time": 767.5839786529541}, "reduce.setgrad": {"label": "reduce.setgrad", "average_duration": 0.006387971626142709, "n_events": 29249, "total_time": 186.8417820930481}, "test.last": {"label": "test.last", "average_duration": 2.477950201738601, "n_events": 149, "total_time": 369.2145800590515}}