{"batch": {"label": "batch", "average_duration": 0.08729120840628941, "n_events": 96, "total_time": 8.379956007003784}, "batch.accumulate": {"label": "batch.accumulate", "average_duration": 0.0009378045797348022, "n_events": 96, "total_time": 0.09002923965454102}, "batch.backward": {"label": "batch.backward", "average_duration": 0.06550384064515431, "n_events": 96, "total_time": 6.2883687019348145}, "batch.evaluate": {"label": "batch.evaluate", "average_duration": 0.0011631970604260762, "n_events": 96, "total_time": 0.11166691780090332}, "batch.forward": {"label": "batch.forward", "average_duration": 0.006428554654121399, "n_events": 96, "total_time": 0.6171412467956543}, "batch.reduce": {"label": "batch.reduce", "average_duration": 0.007364645600318909, "n_events": 96, "total_time": 0.7070059776306152}, "batch.step": {"label": "batch.step", "average_duration": 0.0029311527808507285, "n_events": 96, "total_time": 0.2813906669616699}, "reduce.compress": {"label": "reduce.compress", "average_duration": 0.002096588412920634, "n_events": 96, "total_time": 0.20127248764038086}, "reduce.decompress": {"label": "reduce.decompress", "average_duration": 0.00021124879519144693, "n_events": 96, "total_time": 0.020279884338378906}, "reduce.flat_pack": {"label": "reduce.flat_pack", "average_duration": 0.0006394460797309875, "n_events": 96, "total_time": 0.061386823654174805}, "reduce.norm": {"label": "reduce.norm", "average_duration": 0.0008634080489476522, "n_events": 96, "total_time": 0.08288717269897461}, "reduce.reduce.vector": {"label": "reduce.reduce.vector", "average_duration": 0.0005064234137535095, "n_events": 96, "total_time": 0.048616647720336914}, "reduce.setgrad": {"label": "reduce.setgrad", "average_duration": 0.002796041468779246, "n_events": 96, "total_time": 0.2684199810028076}}