{"batch": {"label": "batch", "average_duration": 0.08168139014133187, "n_events": 387, "total_time": 31.610697984695435}, "batch.accumulate": {"label": "batch.accumulate", "average_duration": 0.0010394652684529622, "n_events": 18, "total_time": 0.01871037483215332}, "batch.backward": {"label": "batch.backward", "average_duration": 0.0666610726398399, "n_events": 387, "total_time": 25.797835111618042}, "batch.evaluate": {"label": "batch.evaluate", "average_duration": 0.0011879023963474796, "n_events": 387, "total_time": 0.4597182273864746}, "batch.forward": {"label": "batch.forward", "average_duration": 0.006520027338072311, "n_events": 387, "total_time": 2.5232505798339844}, "batch.reduce": {"label": "batch.reduce", "average_duration": 0.011412196689181857, "n_events": 18, "total_time": 0.20541954040527344}, "batch.step": {"label": "batch.step", "average_duration": 0.003579381208395157, "n_events": 387, "total_time": 1.3852205276489258}, "epoch_metrics.collect": {"label": "epoch_metrics.collect", "average_duration": 0.0012655258178710938, "n_events": 3, "total_time": 0.0037965774536132812}, "reduce.compress": {"label": "reduce.compress", "average_duration": 0.0021163754993014866, "n_events": 18, "total_time": 0.03809475898742676}, "reduce.decompress": {"label": "reduce.decompress", "average_duration": 0.00022815333472357856, "n_events": 18, "total_time": 0.004106760025024414}, "reduce.flat_pack": {"label": "reduce.flat_pack", "average_duration": 0.000672300656636556, "n_events": 18, "total_time": 0.012101411819458008}, "reduce.norm": {"label": "reduce.norm", "average_duration": 0.004468626446194119, "n_events": 18, "total_time": 0.08043527603149414}, "reduce.reduce.vector": {"label": "reduce.reduce.vector", "average_duration": 0.0005200703938802084, "n_events": 18, "total_time": 0.00936126708984375}, "reduce.setgrad": {"label": "reduce.setgrad", "average_duration": 0.0030534929699367946, "n_events": 18, "total_time": 0.054962873458862305}, "test.last": {"label": "test.last", "average_duration": 1.3344953060150146, "n_events": 3, "total_time": 4.003485918045044}}