{"batch": {"label": "batch", "average_duration": 0.20409155637025833, "n_events": 96, "total_time": 19.5927894115448}, "batch.accumulate": {"label": "batch.accumulate", "average_duration": 0.0034909124175707498, "n_events": 96, "total_time": 0.335127592086792}, "batch.backward": {"label": "batch.backward", "average_duration": 0.12282318621873856, "n_events": 96, "total_time": 11.791025876998901}, "batch.evaluate": {"label": "batch.evaluate", "average_duration": 0.0010120670000712078, "n_events": 96, "total_time": 0.09715843200683594}, "batch.forward": {"label": "batch.forward", "average_duration": 0.04148434350887934, "n_events": 96, "total_time": 3.982496976852417}, "batch.reduce": {"label": "batch.reduce", "average_duration": 0.01435352365175883, "n_events": 96, "total_time": 1.3779382705688477}, "batch.step": {"label": "batch.step", "average_duration": 0.010921460886796316, "n_events": 96, "total_time": 1.0484602451324463}, "reduce.allreduce": {"label": "reduce.allreduce", "average_duration": 0.013053998351097107, "n_events": 96, "total_time": 1.2531838417053223}, "reduce.flat_pack": {"label": "reduce.flat_pack", "average_duration": 0.0011645729343096416, "n_events": 96, "total_time": 0.11179900169372559}, "reduce_times": [0.050959110260009766, 0.012134075164794922, 0.021158456802368164, 0.018879175186157227, 0.01915287971496582, 0.01585078239440918, 0.01753973960876465, 0.014842033386230469, 0.01728343963623047, 0.016733646392822266, 0.019243240356445312, 0.015748262405395508, 0.02160477638244629, 0.05991315841674805, 0.025596141815185547, 0.026170015335083008, 0.020435333251953125, 0.014142513275146484, 0.010629415512084961, 0.010851621627807617, 0.013621091842651367, 0.011203289031982422, 0.014070510864257812, 0.010692596435546875, 0.013022899627685547, 0.011405229568481445, 0.011069059371948242, 0.010610818862915039, 0.011054277420043945, 0.011031389236450195, 0.011311531066894531, 0.010518074035644531, 0.01074838638305664, 0.01067805290222168, 0.010517597198486328, 0.010963916778564453, 0.023390769958496094, 0.010620832443237305, 0.011019706726074219, 0.010974407196044922, 0.010949850082397461, 0.010604143142700195, 0.010741472244262695, 0.010881185531616211, 0.022953510284423828, 0.010619640350341797, 0.010926961898803711, 0.011219024658203125, 0.010648012161254883, 0.010526657104492188, 0.010803461074829102, 0.010706663131713867, 0.010779857635498047, 0.010831356048583984, 0.02886652946472168, 0.011117219924926758, 0.038875579833984375, 0.03772401809692383, 0.011161327362060547, 0.010476112365722656, 0.02915024757385254, 0.0397794246673584, 0.010698080062866211, 0.011116981506347656, 0.010554790496826172, 0.011671066284179688, 0.011491537094116211, 0.012037277221679688, 0.01102590560913086, 0.011223554611206055, 0.010591506958007812, 0.011128425598144531, 0.011996030807495117, 0.02490854263305664, 0.01062631607055664, 0.011216163635253906, 0.01049184799194336, 0.010551691055297852, 0.010972261428833008, 0.010502338409423828, 0.010691404342651367, 0.010524749755859375, 0.010813474655151367, 0.010399341583251953, 0.010403156280517578, 0.010388851165771484, 0.010564804077148438, 0.010376691818237305, 0.010820388793945312, 0.010259866714477539, 0.010332345962524414, 0.010332822799682617, 0.010469675064086914, 0.010379552841186523, 0.010324239730834961, 0.010553836822509766, 0.010723352432250977]}