{"batch": {"label": "batch", "average_duration": 0.19857818633317947, "n_events": 96, "total_time": 19.06350588798523}, "batch.accumulate": {"label": "batch.accumulate", "average_duration": 0.0033273150523503623, "n_events": 96, "total_time": 0.31942224502563477}, "batch.backward": {"label": "batch.backward", "average_duration": 0.02911449472109477, "n_events": 96, "total_time": 2.7949914932250977}, "batch.evaluate": {"label": "batch.evaluate", "average_duration": 0.10680002222458522, "n_events": 96, "total_time": 10.25280213356018}, "batch.forward": {"label": "batch.forward", "average_duration": 0.027216436962286632, "n_events": 96, "total_time": 2.6127779483795166}, "batch.reduce": {"label": "batch.reduce", "average_duration": 0.011228397488594055, "n_events": 96, "total_time": 1.0779261589050293}, "batch.step": {"label": "batch.step", "average_duration": 0.01052395502726237, "n_events": 96, "total_time": 1.0102996826171875}, "reduce.allreduce": {"label": "reduce.allreduce", "average_duration": 0.010251852373282114, "n_events": 96, "total_time": 0.984177827835083}, "reduce.flat_pack": {"label": "reduce.flat_pack", "average_duration": 0.0008433709541956583, "n_events": 96, "total_time": 0.0809636116027832}, "reduce_times": [0.06487321853637695, 0.01001739501953125, 0.020409107208251953, 0.017762422561645508, 0.014338254928588867, 0.016064167022705078, 0.017406463623046875, 0.017986297607421875, 0.0212404727935791, 0.020479679107666016, 0.021091938018798828, 0.017939090728759766, 0.017537832260131836, 0.019728422164916992, 0.020336627960205078, 0.01962757110595703, 0.013685941696166992, 0.020283937454223633, 0.010997533798217773, 0.010404586791992188, 0.01010274887084961, 0.012817144393920898, 0.011850118637084961, 0.010050296783447266, 0.010279178619384766, 0.009488344192504883, 0.01003265380859375, 0.010020732879638672, 0.009665966033935547, 0.009522676467895508, 0.009370088577270508, 0.009906530380249023, 0.009880542755126953, 0.00985574722290039, 0.009828329086303711, 0.009553909301757812, 0.009522676467895508, 0.009677886962890625, 0.009571552276611328, 0.010216236114501953, 0.009787321090698242, 0.009796380996704102, 0.009993791580200195, 0.009553194046020508, 0.009641408920288086, 0.009565114974975586, 0.009702682495117188, 0.009467363357543945, 0.010150671005249023, 0.009499311447143555, 0.009434223175048828, 0.011124610900878906, 0.009560346603393555, 0.010143518447875977, 0.009448766708374023, 0.009472131729125977, 0.01084136962890625, 0.009704351425170898, 0.009484052658081055, 0.009481668472290039, 0.009560823440551758, 0.009598731994628906, 0.009665250778198242, 0.009701728820800781, 0.009644508361816406, 0.009733915328979492, 0.00982809066772461, 0.00951385498046875, 0.009627580642700195, 0.009537696838378906, 0.009717464447021484, 0.009667634963989258, 0.00966024398803711, 0.009553670883178711, 0.00959634780883789, 0.009516239166259766, 0.009459972381591797, 0.009600400924682617, 0.009559392929077148, 0.009432792663574219, 0.009480476379394531, 0.00933980941772461, 0.009666681289672852, 0.009458780288696289, 0.009552717208862305, 0.009552001953125, 0.009713411331176758, 0.009453535079956055, 0.009531736373901367, 0.009558677673339844, 0.009446382522583008, 0.00937795639038086, 0.009476423263549805, 0.009388208389282227, 0.009457111358642578, 0.009332656860351562, 0.009559869766235352]}