{"batch": {"label": "batch", "average_duration": 0.2009181653459867, "n_events": 96, "total_time": 19.28814387321472}, "batch.accumulate": {"label": "batch.accumulate", "average_duration": 0.0035757049918174744, "n_events": 96, "total_time": 0.34326767921447754}, "batch.backward": {"label": "batch.backward", "average_duration": 0.029975210626920063, "n_events": 96, "total_time": 2.877620220184326}, "batch.evaluate": {"label": "batch.evaluate", "average_duration": 0.10561705629030864, "n_events": 96, "total_time": 10.139237403869629}, "batch.forward": {"label": "batch.forward", "average_duration": 0.02797725299994151, "n_events": 96, "total_time": 2.6858162879943848}, "batch.reduce": {"label": "batch.reduce", "average_duration": 0.012417728702227274, "n_events": 96, "total_time": 1.1921019554138184}, "batch.step": {"label": "batch.step", "average_duration": 0.011006563901901245, "n_events": 96, "total_time": 1.0566301345825195}, "reduce.allreduce": {"label": "reduce.allreduce", "average_duration": 0.011425197124481201, "n_events": 96, "total_time": 1.0968189239501953}, "reduce.flat_pack": {"label": "reduce.flat_pack", "average_duration": 0.0008598814407984415, "n_events": 96, "total_time": 0.08254861831665039}, "reduce_times": [0.03736424446105957, 0.016996383666992188, 0.010631322860717773, 0.017496824264526367, 0.01952219009399414, 0.01902604103088379, 0.017554044723510742, 0.01746511459350586, 0.020343303680419922, 0.020235538482666016, 0.02111959457397461, 0.01517176628112793, 0.02185535430908203, 0.022104501724243164, 0.03877449035644531, 0.02171468734741211, 0.02264547348022461, 0.021132469177246094, 0.010378599166870117, 0.010325431823730469, 0.013896703720092773, 0.011452198028564453, 0.010547161102294922, 0.010331392288208008, 0.012490272521972656, 0.010883331298828125, 0.010762691497802734, 0.010688066482543945, 0.01063227653503418, 0.010263681411743164, 0.010285615921020508, 0.01033639907836914, 0.010210514068603516, 0.010210275650024414, 0.010073661804199219, 0.015599489212036133, 0.0101776123046875, 0.010078907012939453, 0.010339975357055664, 0.010259628295898438, 0.010002851486206055, 0.009995698928833008, 0.010175943374633789, 0.015608549118041992, 0.01014256477355957, 0.010173559188842773, 0.010112285614013672, 0.010027647018432617, 0.01017451286315918, 0.010693550109863281, 0.01069188117980957, 0.01071619987487793, 0.010171651840209961, 0.010698080062866211, 0.01067972183227539, 0.01075434684753418, 0.010866880416870117, 0.01069331169128418, 0.010584592819213867, 0.010595321655273438, 0.010979413986206055, 0.0107879638671875, 0.01079249382019043, 0.011568784713745117, 0.010753154754638672, 0.011310100555419922, 0.010801076889038086, 0.01138448715209961, 0.010694026947021484, 0.010663747787475586, 0.010903120040893555, 0.011529207229614258, 0.010812997817993164, 0.010600566864013672, 0.010637044906616211, 0.011618614196777344, 0.010619878768920898, 0.010519981384277344, 0.010630607604980469, 0.010575532913208008, 0.010753154754638672, 0.011241674423217773, 0.01056528091430664, 0.010607004165649414, 0.010252714157104492, 0.010356426239013672, 0.01027679443359375, 0.010296821594238281, 0.010265588760375977, 0.01029062271118164, 0.010311603546142578, 0.01015162467956543, 0.0101470947265625, 0.010245800018310547, 0.010165214538574219, 0.010183095932006836, 0.010236501693725586]}