{"batch": {"label": "batch", "average_duration": 0.25181126210615284, "n_events": 29249, "total_time": 7365.227605342865}, "batch.accumulate": {"label": "batch.accumulate", "average_duration": 0.002928601040335255, "n_events": 29249, "total_time": 85.65865182876587}, "batch.backward": {"label": "batch.backward", "average_duration": 0.14457310669694975, "n_events": 29249, "total_time": 4228.618797779083}, "batch.evaluate": {"label": "batch.evaluate", "average_duration": 0.0006230042373556541, "n_events": 29249, "total_time": 18.222250938415527}, "batch.forward": {"label": "batch.forward", "average_duration": 0.06754924715545475, "n_events": 29249, "total_time": 1975.7479300498962}, "batch.reduce": {"label": "batch.reduce", "average_duration": 0.013356523850607364, "n_events": 29249, "total_time": 390.6649661064148}, "batch.step": {"label": "batch.step", "average_duration": 0.01525602623875836, "n_events": 29249, "total_time": 446.22351145744324}, "epoch_metrics.collect": {"label": "epoch_metrics.collect", "average_duration": 0.007905267229016195, "n_events": 149, "total_time": 1.177884817123413}, "reduce.compress": {"label": "reduce.compress", "average_duration": 0.0008248094860445867, "n_events": 29249, "total_time": 24.124852657318115}, "reduce.decompress": {"label": "reduce.decompress", "average_duration": 0.00019248837165137373, "n_events": 29249, "total_time": 5.63009238243103}, "reduce.flat_pack": {"label": "reduce.flat_pack", "average_duration": 0.0012155339275165648, "n_events": 29249, "total_time": 35.55315184593201}, "reduce.norm": {"label": "reduce.norm", "average_duration": 0.0011423519441924863, "n_events": 29249, "total_time": 33.412652015686035}, "reduce.reduce.vector": {"label": "reduce.reduce.vector", "average_duration": 0.00012573994849742124, "n_events": 29249, "total_time": 3.677767753601074}, "reduce.setgrad": {"label": "reduce.setgrad", "average_duration": 0.009037686004007431, "n_events": 29249, "total_time": 264.3432779312134}, "test.last": {"label": "test.last", "average_duration": 2.6444110326318935, "n_events": 149, "total_time": 394.0172438621521}}