{"batch": {"label": "batch", "average_duration": 0.2524301383331407, "n_events": 29249, "total_time": 7383.329116106033}, "batch.accumulate": {"label": "batch.accumulate", "average_duration": 0.002617526679590195, "n_events": 29249, "total_time": 76.56003785133362}, "batch.backward": {"label": "batch.backward", "average_duration": 0.022978103679691022, "n_events": 29249, "total_time": 672.0865545272827}, "batch.evaluate": {"label": "batch.evaluate", "average_duration": 0.17708461243636206, "n_events": 29249, "total_time": 5179.547829151154}, "batch.forward": {"label": "batch.forward", "average_duration": 0.0128825913168776, "n_events": 29249, "total_time": 376.8029134273529}, "batch.reduce": {"label": "batch.reduce", "average_duration": 0.016018257234364626, "n_events": 29249, "total_time": 468.5180058479309}, "batch.step": {"label": "batch.step", "average_duration": 0.013811843840051845, "n_events": 29249, "total_time": 403.9826204776764}, "epoch_metrics.collect": {"label": "epoch_metrics.collect", "average_duration": 0.002852721502316878, "n_events": 149, "total_time": 0.42505550384521484}, "reduce.compress": {"label": "reduce.compress", "average_duration": 0.0007502313165437414, "n_events": 29249, "total_time": 21.94351577758789}, "reduce.decompress": {"label": "reduce.decompress", "average_duration": 0.00017315508577614883, "n_events": 29249, "total_time": 5.064613103866577}, "reduce.flat_pack": {"label": "reduce.flat_pack", "average_duration": 0.0005911451522507355, "n_events": 29249, "total_time": 17.290404558181763}, "reduce.norm": {"label": "reduce.norm", "average_duration": 0.005585068657669745, "n_events": 29249, "total_time": 163.35767316818237}, "reduce.reduce.vector": {"label": "reduce.reduce.vector", "average_duration": 9.74447764944079e-05, "n_events": 29249, "total_time": 2.8501622676849365}, "reduce.setgrad": {"label": "reduce.setgrad", "average_duration": 0.007672069402771194, "n_events": 29249, "total_time": 224.40035796165466}, "test.last": {"label": "test.last", "average_duration": 2.5324107160504234, "n_events": 149, "total_time": 377.32919669151306}}