{"batch": {"label": "batch", "average_duration": 0.18479084519490804, "n_events": 584, "total_time": 107.9178535938263}, "batch.accumulate": {"label": "batch.accumulate", "average_duration": 0.0026245995571738795, "n_events": 38, "total_time": 0.09973478317260742}, "batch.backward": {"label": "batch.backward", "average_duration": 0.12473030122992111, "n_events": 584, "total_time": 72.84249591827393}, "batch.evaluate": {"label": "batch.evaluate", "average_duration": 0.0005547485939443928, "n_events": 584, "total_time": 0.3239731788635254}, "batch.forward": {"label": "batch.forward", "average_duration": 0.04167841721887458, "n_events": 584, "total_time": 24.340195655822754}, "batch.reduce": {"label": "batch.reduce", "average_duration": 0.014031554523267244, "n_events": 38, "total_time": 0.5331990718841553}, "batch.step": {"label": "batch.step", "average_duration": 0.008609032794220806, "n_events": 584, "total_time": 5.027675151824951}, "epoch_metrics.collect": {"label": "epoch_metrics.collect", "average_duration": 0.0011806488037109375, "n_events": 2, "total_time": 0.002361297607421875}, "reduce.allreduce": {"label": "reduce.allreduce", "average_duration": 0.013011593567697625, "n_events": 38, "total_time": 0.49444055557250977}, "reduce.flat_pack": {"label": "reduce.flat_pack", "average_duration": 0.0009024331444188169, "n_events": 38, "total_time": 0.03429245948791504}, "test.last": {"label": "test.last", "average_duration": 2.6651777029037476, "n_events": 2, "total_time": 5.330355405807495}}