{"batch": {"label": "batch", "average_duration": 0.33506817561535795, "n_events": 484, "total_time": 162.17299699783325}, "batch.accumulate": {"label": "batch.accumulate", "average_duration": 0.0019462502692356584, "n_events": 484, "total_time": 0.9419851303100586}, "batch.backward": {"label": "batch.backward", "average_duration": 0.1228858725098539, "n_events": 484, "total_time": 59.47676229476929}, "batch.evaluate": {"label": "batch.evaluate", "average_duration": 0.0005391264749952584, "n_events": 484, "total_time": 0.2609372138977051}, "batch.forward": {"label": "batch.forward", "average_duration": 0.05993692736980344, "n_events": 484, "total_time": 29.009472846984863}, "batch.reduce": {"label": "batch.reduce", "average_duration": 0.1377947832927231, "n_events": 484, "total_time": 66.69267511367798}, "batch.step": {"label": "batch.step", "average_duration": 0.008548997650461748, "n_events": 484, "total_time": 4.137714862823486}, "epoch_metrics.collect": {"label": "epoch_metrics.collect", "average_duration": 0.005326509475708008, "n_events": 4, "total_time": 0.02130603790283203}, "reduce.allreduce": {"label": "reduce.allreduce", "average_duration": 0.13685412347809342, "n_events": 484, "total_time": 66.23739576339722}, "reduce.flat_pack": {"label": "reduce.flat_pack", "average_duration": 0.0007388276502120594, "n_events": 484, "total_time": 0.3575925827026367}, "test.last": {"label": "test.last", "average_duration": 1.4030768275260925, "n_events": 4, "total_time": 5.61230731010437}}