{"batch": {"label": "batch", "average_duration": 0.19952325771252313, "n_events": 96, "total_time": 19.15423274040222}, "batch.accumulate": {"label": "batch.accumulate", "average_duration": 0.0032063722610473633, "n_events": 96, "total_time": 0.3078117370605469}, "batch.backward": {"label": "batch.backward", "average_duration": 0.12308558076620102, "n_events": 96, "total_time": 11.816215753555298}, "batch.evaluate": {"label": "batch.evaluate", "average_duration": 0.0007472733656565348, "n_events": 96, "total_time": 0.07173824310302734}, "batch.forward": {"label": "batch.forward", "average_duration": 0.04120606680711111, "n_events": 96, "total_time": 3.955782413482666}, "batch.reduce": {"label": "batch.reduce", "average_duration": 0.012779774765173594, "n_events": 96, "total_time": 1.226858377456665}, "batch.step": {"label": "batch.step", "average_duration": 0.009850658476352692, "n_events": 96, "total_time": 0.9456632137298584}, "reduce.compress": {"label": "reduce.compress", "average_duration": 0.00041446338097254437, "n_events": 96, "total_time": 0.03978848457336426}, "reduce.decompress": {"label": "reduce.decompress", "average_duration": 8.759150902430217e-05, "n_events": 96, "total_time": 0.008408784866333008}, "reduce.flat_pack": {"label": "reduce.flat_pack", "average_duration": 0.000990485151608785, "n_events": 96, "total_time": 0.09508657455444336}, "reduce.norm": {"label": "reduce.norm", "average_duration": 0.0007679363091786703, "n_events": 96, "total_time": 0.07372188568115234}, "reduce.reduce.vector": {"label": "reduce.reduce.vector", "average_duration": 0.00014794617891311646, "n_events": 96, "total_time": 0.01420283317565918}, "reduce.setgrad": {"label": "reduce.setgrad", "average_duration": 0.009906137983004252, "n_events": 96, "total_time": 0.9509892463684082}, "reduce_times": [1.6247668266296387, 0.012686967849731445, 0.012661218643188477, 0.012398242950439453, 0.012389183044433594, 0.01294255256652832, 0.012363433837890625, 0.012807846069335938, 0.012718915939331055, 0.012668609619140625, 0.015262126922607422, 0.01673579216003418, 0.01277303695678711, 0.012290239334106445, 0.016967058181762695, 0.014214277267456055, 0.013864517211914062, 0.012298345565795898, 0.01247096061706543, 0.01606893539428711, 0.01257634162902832, 0.01232767105102539, 0.012590169906616211, 0.012490510940551758, 0.012429237365722656, 0.012290716171264648, 0.012424468994140625, 0.013421297073364258, 0.012439489364624023, 0.012394428253173828, 0.012377262115478516, 0.012283802032470703, 0.013088226318359375, 0.012316703796386719, 0.012589216232299805, 0.01258707046508789, 0.012369394302368164, 0.012585163116455078, 0.012611865997314453, 0.013443708419799805, 0.012425422668457031, 0.013294219970703125, 0.012385845184326172, 0.012902975082397461, 0.012421846389770508, 0.013244867324829102, 0.01252126693725586, 0.012463569641113281, 0.012639284133911133, 0.013239383697509766, 0.012418508529663086, 0.012304544448852539, 0.012522697448730469, 0.013198137283325195, 0.012360334396362305, 0.012346982955932617, 0.012614011764526367, 0.013006210327148438, 0.012642860412597656, 0.012426614761352539, 0.012694597244262695, 0.012829303741455078, 0.012385368347167969, 0.012302637100219727, 0.012382030487060547, 0.013294458389282227, 0.012683391571044922, 0.012380123138427734, 0.01237630844116211, 0.013126611709594727, 0.01238250732421875, 0.012331008911132812, 0.012371301651000977, 0.012774467468261719, 0.012598991394042969, 0.012317419052124023, 0.01474618911743164, 0.013147830963134766, 0.01242208480834961, 0.01289510726928711, 0.012610673904418945, 0.012420654296875, 0.012593984603881836, 0.012796878814697266, 0.012288570404052734, 0.012407064437866211, 0.012314081192016602, 0.01261448860168457, 0.012336969375610352, 0.012302160263061523, 0.012291193008422852, 0.012253999710083008, 0.01237344741821289, 0.012318134307861328, 0.012189149856567383, 0.01223897933959961, 0.012467622756958008]}