{"batch": {"label": "batch", "average_duration": 0.08265914288602134, "n_events": 387, "total_time": 31.98908829689026}, "batch.accumulate": {"label": "batch.accumulate", "average_duration": 0.0011201169755723742, "n_events": 18, "total_time": 0.020162105560302734}, "batch.backward": {"label": "batch.backward", "average_duration": 0.006507550715168009, "n_events": 387, "total_time": 2.5184221267700195}, "batch.evaluate": {"label": "batch.evaluate", "average_duration": 0.05865816306082161, "n_events": 387, "total_time": 22.700709104537964}, "batch.forward": {"label": "batch.forward", "average_duration": 0.0057776805966399435, "n_events": 387, "total_time": 2.235962390899658}, "batch.reduce": {"label": "batch.reduce", "average_duration": 0.05539970927768283, "n_events": 18, "total_time": 0.997194766998291}, "batch.step": {"label": "batch.step", "average_duration": 0.00328475991576833, "n_events": 387, "total_time": 1.2712020874023438}, "epoch_metrics.collect": {"label": "epoch_metrics.collect", "average_duration": 0.02311857541402181, "n_events": 3, "total_time": 0.06935572624206543}, "reduce.compress": {"label": "reduce.compress", "average_duration": 0.0004528628455268012, "n_events": 18, "total_time": 0.008151531219482422}, "reduce.decompress": {"label": "reduce.decompress", "average_duration": 8.841355641682942e-05, "n_events": 18, "total_time": 0.0015914440155029297}, "reduce.flat_pack": {"label": "reduce.flat_pack", "average_duration": 0.0003300772772894965, "n_events": 18, "total_time": 0.0059413909912109375}, "reduce.norm": {"label": "reduce.norm", "average_duration": 0.050389740202162, "n_events": 18, "total_time": 0.907015323638916}, "reduce.reduce.vector": {"label": "reduce.reduce.vector", "average_duration": 0.00016297234429253472, "n_events": 18, "total_time": 0.002933502197265625}, "reduce.setgrad": {"label": "reduce.setgrad", "average_duration": 0.0034536918004353843, "n_events": 18, "total_time": 0.062166452407836914}, "test.last": {"label": "test.last", "average_duration": 1.3896515369415283, "n_events": 3, "total_time": 4.168954610824585}}