{"batch": {"label": "batch", "average_duration": 0.25377376574590277, "n_events": 29249, "total_time": 7422.62887430191}, "batch.accumulate": {"label": "batch.accumulate", "average_duration": 0.0028715947904465826, "n_events": 29249, "total_time": 83.9912760257721}, "batch.backward": {"label": "batch.backward", "average_duration": 0.14461477407899986, "n_events": 29249, "total_time": 4229.837527036667}, "batch.evaluate": {"label": "batch.evaluate", "average_duration": 0.0007059019346914396, "n_events": 29249, "total_time": 20.646925687789917}, "batch.forward": {"label": "batch.forward", "average_duration": 0.067601209412461, "n_events": 29249, "total_time": 1977.267774105072}, "batch.reduce": {"label": "batch.reduce", "average_duration": 0.013994489711730304, "n_events": 29249, "total_time": 409.32482957839966}, "batch.step": {"label": "batch.step", "average_duration": 0.01635890282697403, "n_events": 29249, "total_time": 478.48154878616333}, "epoch_metrics.collect": {"label": "epoch_metrics.collect", "average_duration": 0.006141569790424116, "n_events": 149, "total_time": 0.9150938987731934}, "reduce.compress": {"label": "reduce.compress", "average_duration": 0.0008828954055307747, "n_events": 29249, "total_time": 25.82380771636963}, "reduce.decompress": {"label": "reduce.decompress", "average_duration": 0.00019923752729919387, "n_events": 29249, "total_time": 5.827498435974121}, "reduce.flat_pack": {"label": "reduce.flat_pack", "average_duration": 0.001271337365496036, "n_events": 29249, "total_time": 37.185346603393555}, "reduce.norm": {"label": "reduce.norm", "average_duration": 0.0013166402783319356, "n_events": 29249, "total_time": 38.510411500930786}, "reduce.reduce.vector": {"label": "reduce.reduce.vector", "average_duration": 0.0001225973456173849, "n_events": 29249, "total_time": 3.5858497619628906}, "reduce.setgrad": {"label": "reduce.setgrad", "average_duration": 0.009334155582249431, "n_events": 29249, "total_time": 273.0147166252136}, "test.last": {"label": "test.last", "average_duration": 2.654538978666267, "n_events": 149, "total_time": 395.5263078212738}}