{"batch": {"label": "batch", "average_duration": 0.25455836889629607, "n_events": 29249, "total_time": 7445.577731847763}, "batch.accumulate": {"label": "batch.accumulate", "average_duration": 0.002649716945537205, "n_events": 29249, "total_time": 77.5015709400177}, "batch.backward": {"label": "batch.backward", "average_duration": 0.022657744468528026, "n_events": 29249, "total_time": 662.7163679599762}, "batch.evaluate": {"label": "batch.evaluate", "average_duration": 0.17770444109051112, "n_events": 29249, "total_time": 5197.67719745636}, "batch.forward": {"label": "batch.forward", "average_duration": 0.0133165682665144, "n_events": 29249, "total_time": 389.49630522727966}, "batch.reduce": {"label": "batch.reduce", "average_duration": 0.016243031030720313, "n_events": 29249, "total_time": 475.09241461753845}, "batch.step": {"label": "batch.step", "average_duration": 0.01437215375641056, "n_events": 29249, "total_time": 420.37112522125244}, "epoch_metrics.collect": {"label": "epoch_metrics.collect", "average_duration": 0.0032876993985784136, "n_events": 149, "total_time": 0.4898672103881836}, "reduce.compress": {"label": "reduce.compress", "average_duration": 0.0007968569067613606, "n_events": 29249, "total_time": 23.307267665863037}, "reduce.decompress": {"label": "reduce.decompress", "average_duration": 0.0001803250299600003, "n_events": 29249, "total_time": 5.274326801300049}, "reduce.flat_pack": {"label": "reduce.flat_pack", "average_duration": 0.0005844226433373364, "n_events": 29249, "total_time": 17.093777894973755}, "reduce.norm": {"label": "reduce.norm", "average_duration": 0.00532313901838708, "n_events": 29249, "total_time": 155.6964931488037}, "reduce.reduce.vector": {"label": "reduce.reduce.vector", "average_duration": 9.857346010662975e-05, "n_events": 29249, "total_time": 2.8831751346588135}, "reduce.setgrad": {"label": "reduce.setgrad", "average_duration": 0.008099909501057975, "n_events": 29249, "total_time": 236.9142529964447}, "test.last": {"label": "test.last", "average_duration": 2.5252727918176845, "n_events": 149, "total_time": 376.26564598083496}}