{"batch": {"label": "batch", "average_duration": 0.19050345987620587, "n_events": 387, "total_time": 73.72483897209167}, "batch.accumulate": {"label": "batch.accumulate", "average_duration": 0.002981331613328722, "n_events": 18, "total_time": 0.05366396903991699}, "batch.backward": {"label": "batch.backward", "average_duration": 0.02424943046668395, "n_events": 387, "total_time": 9.38452959060669}, "batch.evaluate": {"label": "batch.evaluate", "average_duration": 0.11571622634118842, "n_events": 387, "total_time": 44.78217959403992}, "batch.forward": {"label": "batch.forward", "average_duration": 0.023666850048134184, "n_events": 387, "total_time": 9.15907096862793}, "batch.reduce": {"label": "batch.reduce", "average_duration": 0.10654226938883464, "n_events": 18, "total_time": 1.9177608489990234}, "batch.step": {"label": "batch.step", "average_duration": 0.008968446297855032, "n_events": 387, "total_time": 3.4707887172698975}, "epoch_metrics.collect": {"label": "epoch_metrics.collect", "average_duration": 0.052936395009358726, "n_events": 3, "total_time": 0.15880918502807617}, "reduce.compress": {"label": "reduce.compress", "average_duration": 0.0010272132025824653, "n_events": 18, "total_time": 0.018489837646484375}, "reduce.decompress": {"label": "reduce.decompress", "average_duration": 0.00022517310248480903, "n_events": 18, "total_time": 0.0040531158447265625}, "reduce.flat_pack": {"label": "reduce.flat_pack", "average_duration": 0.000770515865749783, "n_events": 18, "total_time": 0.013869285583496094}, "reduce.norm": {"label": "reduce.norm", "average_duration": 0.09508261415693495, "n_events": 18, "total_time": 1.711487054824829}, "reduce.reduce.vector": {"label": "reduce.reduce.vector", "average_duration": 0.00012751420338948569, "n_events": 18, "total_time": 0.002295255661010742}, "reduce.setgrad": {"label": "reduce.setgrad", "average_duration": 0.008732292387220595, "n_events": 18, "total_time": 0.1571812629699707}, "test.last": {"label": "test.last", "average_duration": 1.493782679239909, "n_events": 3, "total_time": 4.481348037719727}, "reduce_times": [1.7789363861083984, 0.09994387626647949, 0.11415767669677734, 0.1201021671295166, 0.03010082244873047, 0.10887384414672852, 0.0668787956237793, 0.07050824165344238, 0.1044161319732666, 0.05370187759399414, 0.15232419967651367, 0.13895130157470703, 0.16588425636291504, 0.10841655731201172, 0.09193205833435059, 0.09806489944458008, 0.15588808059692383, 0.12944650650024414, 0.1081695556640625]}