{"batch": {"label": "batch", "average_duration": 0.19478081174465042, "n_events": 193, "total_time": 37.59269666671753}, "batch.accumulate": {"label": "batch.accumulate", "average_duration": 0.00281675656636556, "n_events": 18, "total_time": 0.05070161819458008}, "batch.backward": {"label": "batch.backward", "average_duration": 0.12423647376539794, "n_events": 193, "total_time": 23.9776394367218}, "batch.evaluate": {"label": "batch.evaluate", "average_duration": 0.0007356399081531584, "n_events": 193, "total_time": 0.14197850227355957}, "batch.forward": {"label": "batch.forward", "average_duration": 0.041495300945222684, "n_events": 193, "total_time": 8.008593082427979}, "batch.reduce": {"label": "batch.reduce", "average_duration": 0.018830259641011555, "n_events": 18, "total_time": 0.338944673538208}, "batch.step": {"label": "batch.step", "average_duration": 0.008657708686868144, "n_events": 193, "total_time": 1.6709377765655518}, "epoch_metrics.collect": {"label": "epoch_metrics.collect", "average_duration": 0.01107931137084961, "n_events": 1, "total_time": 0.01107931137084961}, "reduce.compress": {"label": "reduce.compress", "average_duration": 0.00038172139061821834, "n_events": 18, "total_time": 0.00687098503112793}, "reduce.decompress": {"label": "reduce.decompress", "average_duration": 8.000267876519097e-05, "n_events": 18, "total_time": 0.0014400482177734375}, "reduce.flat_pack": {"label": "reduce.flat_pack", "average_duration": 0.0009459257125854492, "n_events": 18, "total_time": 0.017026662826538086}, "reduce.norm": {"label": "reduce.norm", "average_duration": 0.008199095726013184, "n_events": 18, "total_time": 0.1475837230682373}, "reduce.reduce.vector": {"label": "reduce.reduce.vector", "average_duration": 0.00018331739637586806, "n_events": 18, "total_time": 0.003299713134765625}, "reduce.setgrad": {"label": "reduce.setgrad", "average_duration": 0.008564737108018663, "n_events": 18, "total_time": 0.15416526794433594}, "test.last": {"label": "test.last", "average_duration": 1.4584903717041016, "n_events": 1, "total_time": 1.4584903717041016}}