{"batch": {"label": "batch", "average_duration": 0.4156952848629754, "n_events": 29249, "total_time": 12158.671386957169}, "batch.accumulate": {"label": "batch.accumulate", "average_duration": 0.002691141849640288, "n_events": 29249, "total_time": 78.71320796012878}, "batch.backward": {"label": "batch.backward", "average_duration": 0.14364418681370766, "n_events": 29249, "total_time": 4201.448820114136}, "batch.evaluate": {"label": "batch.evaluate", "average_duration": 0.00046421073881751384, "n_events": 29249, "total_time": 13.577699899673462}, "batch.forward": {"label": "batch.forward", "average_duration": 0.06568565426200813, "n_events": 29249, "total_time": 1921.2397015094757}, "batch.reduce": {"label": "batch.reduce", "average_duration": 0.198006356107691, "n_events": 29249, "total_time": 5791.487909793854}, "batch.step": {"label": "batch.step", "average_duration": 0.0020097113987568803, "n_events": 29249, "total_time": 58.78204870223999}, "epoch_metrics.collect": {"label": "epoch_metrics.collect", "average_duration": 0.0018366375225502374, "n_events": 149, "total_time": 0.27365899085998535}, "reduce.combine": {"label": "reduce.combine", "average_duration": 0.04314803945911844, "n_events": 29249, "total_time": 1262.0370061397552}, "reduce.flatpack": {"label": "reduce.flatpack", "average_duration": 0.00017211944157251755, "n_events": 29249, "total_time": 5.034321546554565}, "reduce.gather": {"label": "reduce.gather", "average_duration": 0.0007571539245812056, "n_events": 29249, "total_time": 22.145995140075684}, "reduce.memory": {"label": "reduce.memory", "average_duration": 0.013322110102561327, "n_events": 29249, "total_time": 389.6583983898163}, "reduce.topk": {"label": "reduce.topk", "average_duration": 0.13869997194768743, "n_events": 29249, "total_time": 4056.8354794979095}, "test.last": {"label": "test.last", "average_duration": 2.481229465279803, "n_events": 149, "total_time": 369.7031903266907}}