{"batch": {"label": "batch", "average_duration": 0.08748657753070195, "n_events": 96, "total_time": 8.398711442947388}, "batch.accumulate": {"label": "batch.accumulate", "average_duration": 0.0010013654828071594, "n_events": 96, "total_time": 0.0961310863494873}, "batch.backward": {"label": "batch.backward", "average_duration": 0.06635307272275288, "n_events": 96, "total_time": 6.369894981384277}, "batch.evaluate": {"label": "batch.evaluate", "average_duration": 0.0011540850003560383, "n_events": 96, "total_time": 0.11079216003417969}, "batch.forward": {"label": "batch.forward", "average_duration": 0.006442040205001831, "n_events": 96, "total_time": 0.6184358596801758}, "batch.reduce": {"label": "batch.reduce", "average_duration": 0.006763435900211334, "n_events": 96, "total_time": 0.6492898464202881}, "batch.step": {"label": "batch.step", "average_duration": 0.0027986764907836914, "n_events": 96, "total_time": 0.2686729431152344}, "reduce.compress": {"label": "reduce.compress", "average_duration": 0.0009656573335329691, "n_events": 96, "total_time": 0.09270310401916504}, "reduce.decompress": {"label": "reduce.decompress", "average_duration": 0.0001969560980796814, "n_events": 96, "total_time": 0.018907785415649414}, "reduce.flat_pack": {"label": "reduce.flat_pack", "average_duration": 0.0006596495707829794, "n_events": 96, "total_time": 0.06332635879516602}, "reduce.norm": {"label": "reduce.norm", "average_duration": 0.0011849055687586467, "n_events": 96, "total_time": 0.11375093460083008}, "reduce.reduce.vector": {"label": "reduce.reduce.vector", "average_duration": 0.00014475484689076742, "n_events": 96, "total_time": 0.013896465301513672}, "reduce.setgrad": {"label": "reduce.setgrad", "average_duration": 0.0030232295393943787, "n_events": 96, "total_time": 0.29023003578186035}}