{"batch": {"label": "batch", "average_duration": 0.0876437703562524, "n_events": 193, "total_time": 16.915247678756714}, "batch.accumulate": {"label": "batch.accumulate", "average_duration": 0.0010445382859971789, "n_events": 18, "total_time": 0.01880168914794922}, "batch.backward": {"label": "batch.backward", "average_duration": 0.06684286606744164, "n_events": 193, "total_time": 12.900673151016235}, "batch.evaluate": {"label": "batch.evaluate", "average_duration": 0.0012575060592414184, "n_events": 193, "total_time": 0.24269866943359375}, "batch.forward": {"label": "batch.forward", "average_duration": 0.006542434346490573, "n_events": 193, "total_time": 1.2626898288726807}, "batch.reduce": {"label": "batch.reduce", "average_duration": 0.007595645056830512, "n_events": 18, "total_time": 0.13672161102294922}, "batch.step": {"label": "batch.step", "average_duration": 0.003627756099009143, "n_events": 193, "total_time": 0.7001569271087646}, "epoch_metrics.collect": {"label": "epoch_metrics.collect", "average_duration": 0.00878143310546875, "n_events": 1, "total_time": 0.00878143310546875}, "reduce.compress": {"label": "reduce.compress", "average_duration": 0.0009716086917453342, "n_events": 18, "total_time": 0.017488956451416016}, "reduce.decompress": {"label": "reduce.decompress", "average_duration": 0.00021130508846706815, "n_events": 18, "total_time": 0.0038034915924072266}, "reduce.flat_pack": {"label": "reduce.flat_pack", "average_duration": 0.0006682607862684461, "n_events": 18, "total_time": 0.012028694152832031}, "reduce.norm": {"label": "reduce.norm", "average_duration": 0.0018607378005981445, "n_events": 18, "total_time": 0.0334932804107666}, "reduce.reduce.vector": {"label": "reduce.reduce.vector", "average_duration": 0.00012777911292182075, "n_events": 18, "total_time": 0.0023000240325927734}, "reduce.setgrad": {"label": "reduce.setgrad", "average_duration": 0.003129389550950792, "n_events": 18, "total_time": 0.05632901191711426}, "test.last": {"label": "test.last", "average_duration": 1.3582160472869873, "n_events": 1, "total_time": 1.3582160472869873}}