{"batch": {"label": "batch", "average_duration": 0.08587919175624847, "n_events": 96, "total_time": 8.244402408599854}, "batch.accumulate": {"label": "batch.accumulate", "average_duration": 0.000975544253985087, "n_events": 96, "total_time": 0.09365224838256836}, "batch.backward": {"label": "batch.backward", "average_duration": 0.06480191896359126, "n_events": 96, "total_time": 6.220984220504761}, "batch.evaluate": {"label": "batch.evaluate", "average_duration": 0.0012154156963030498, "n_events": 96, "total_time": 0.11667990684509277}, "batch.forward": {"label": "batch.forward", "average_duration": 0.006320459147294362, "n_events": 96, "total_time": 0.6067640781402588}, "batch.reduce": {"label": "batch.reduce", "average_duration": 0.006741121411323547, "n_events": 96, "total_time": 0.6471476554870605}, "batch.step": {"label": "batch.step", "average_duration": 0.0028258959452311196, "n_events": 96, "total_time": 0.2712860107421875}, "reduce.compress": {"label": "reduce.compress", "average_duration": 0.0011834825078646343, "n_events": 96, "total_time": 0.11361432075500488}, "reduce.decompress": {"label": "reduce.decompress", "average_duration": 0.00020366162061691284, "n_events": 96, "total_time": 0.019551515579223633}, "reduce.flat_pack": {"label": "reduce.flat_pack", "average_duration": 0.0006858532627423605, "n_events": 96, "total_time": 0.0658419132232666}, "reduce.norm": {"label": "reduce.norm", "average_duration": 0.0011133576432863872, "n_events": 96, "total_time": 0.10688233375549316}, "reduce.setgrad": {"label": "reduce.setgrad", "average_duration": 0.0029493793845176697, "n_events": 96, "total_time": 0.2831404209136963}}