{"batch": {"label": "batch", "average_duration": 0.20083947034226252, "n_events": 194, "total_time": 38.962857246398926}, "batch.accumulate": {"label": "batch.accumulate", "average_duration": 0.002687625049315777, "n_events": 194, "total_time": 0.5213992595672607}, "batch.backward": {"label": "batch.backward", "average_duration": 0.12370960368323572, "n_events": 194, "total_time": 23.99966311454773}, "batch.evaluate": {"label": "batch.evaluate", "average_duration": 0.0005943934942029186, "n_events": 194, "total_time": 0.11531233787536621}, "batch.forward": {"label": "batch.forward", "average_duration": 0.04132417305228636, "n_events": 194, "total_time": 8.016889572143555}, "batch.reduce": {"label": "batch.reduce", "average_duration": 0.015180972433581795, "n_events": 194, "total_time": 2.945108652114868}, "batch.step": {"label": "batch.step", "average_duration": 0.009040585498219914, "n_events": 194, "total_time": 1.753873586654663}, "reduce.compress": {"label": "reduce.compress", "average_duration": 0.003273396147895105, "n_events": 194, "total_time": 0.6350388526916504}, "reduce.decompress": {"label": "reduce.decompress", "average_duration": 0.0002922286692353868, "n_events": 194, "total_time": 0.05669236183166504}, "reduce.flat_pack": {"label": "reduce.flat_pack", "average_duration": 0.0008938447716309852, "n_events": 194, "total_time": 0.17340588569641113}, "reduce.norm": {"label": "reduce.norm", "average_duration": 0.000536298014454006, "n_events": 194, "total_time": 0.10404181480407715}, "reduce.reduce.vector": {"label": "reduce.reduce.vector", "average_duration": 0.0014839786844155222, "n_events": 194, "total_time": 0.28789186477661133}, "reduce.setgrad": {"label": "reduce.setgrad", "average_duration": 0.008432582481620238, "n_events": 194, "total_time": 1.6359210014343262}}