{"batch": {"label": "batch", "average_duration": 0.216994884894556, "n_events": 29249, "total_time": 6346.8833882808685}, "batch.accumulate": {"label": "batch.accumulate", "average_duration": 0.0028496384620666504, "n_events": 28, "total_time": 0.07978987693786621}, "batch.backward": {"label": "batch.backward", "average_duration": 0.14427055568420913, "n_events": 29220, "total_time": 4215.58563709259}, "batch.evaluate": {"label": "batch.evaluate", "average_duration": 0.00044523296414949076, "n_events": 29220, "total_time": 13.00970721244812}, "batch.forward": {"label": "batch.forward", "average_duration": 0.06744395380229024, "n_events": 29220, "total_time": 1970.7123301029205}, "batch.reduce": {"label": "batch.reduce", "average_duration": 0.07195545945848737, "n_events": 28, "total_time": 2.0147528648376465}, "batch.step": {"label": "batch.step", "average_duration": 0.0019313934484138462, "n_events": 29220, "total_time": 56.43531656265259}, "epoch_metrics.collect": {"label": "epoch_metrics.collect", "average_duration": 0.07687115189213081, "n_events": 149, "total_time": 11.45380163192749}, "reduce.allreduce": {"label": "reduce.allreduce", "average_duration": 0.07045039108821324, "n_events": 28, "total_time": 1.9726109504699707}, "reduce.flat_pack": {"label": "reduce.flat_pack", "average_duration": 0.0013392652784075057, "n_events": 28, "total_time": 0.037499427795410156}, "test.last": {"label": "test.last", "average_duration": 2.488557113097018, "n_events": 149, "total_time": 370.7950098514557}}