{"batch": {"label": "batch", "average_duration": 0.07766386758478194, "n_events": 193, "total_time": 14.989126443862915}, "batch.accumulate": {"label": "batch.accumulate", "average_duration": 0.0011077986823187934, "n_events": 18, "total_time": 0.01994037628173828}, "batch.backward": {"label": "batch.backward", "average_duration": 0.006658633138231663, "n_events": 193, "total_time": 1.285116195678711}, "batch.evaluate": {"label": "batch.evaluate", "average_duration": 0.05856464687406708, "n_events": 193, "total_time": 11.302976846694946}, "batch.forward": {"label": "batch.forward", "average_duration": 0.005717313351408806, "n_events": 193, "total_time": 1.1034414768218994}, "batch.reduce": {"label": "batch.reduce", "average_duration": 0.0038365390565660265, "n_events": 18, "total_time": 0.06905770301818848}, "batch.step": {"label": "batch.step", "average_duration": 0.0031845199011768083, "n_events": 193, "total_time": 0.614612340927124}, "epoch_metrics.collect": {"label": "epoch_metrics.collect", "average_duration": 0.01667189598083496, "n_events": 1, "total_time": 0.01667189598083496}, "reduce.allreduce": {"label": "reduce.allreduce", "average_duration": 0.003384404712253147, "n_events": 18, "total_time": 0.06091928482055664}, "reduce.flat_pack": {"label": "reduce.flat_pack", "average_duration": 0.0003268983629014757, "n_events": 18, "total_time": 0.0058841705322265625}, "test.last": {"label": "test.last", "average_duration": 1.3976211547851562, "n_events": 1, "total_time": 1.3976211547851562}}