{"batch": {"label": "batch", "average_duration": 0.08119313704535133, "n_events": 193, "total_time": 15.670275449752808}, "batch.accumulate": {"label": "batch.accumulate", "average_duration": 0.001164979404873318, "n_events": 18, "total_time": 0.020969629287719727}, "batch.backward": {"label": "batch.backward", "average_duration": 0.06580550188845304, "n_events": 193, "total_time": 12.700461864471436}, "batch.evaluate": {"label": "batch.evaluate", "average_duration": 0.0012392787735696902, "n_events": 193, "total_time": 0.2391808032989502}, "batch.forward": {"label": "batch.forward", "average_duration": 0.0064897883123684426, "n_events": 193, "total_time": 1.2525291442871094}, "batch.reduce": {"label": "batch.reduce", "average_duration": 0.006363617049323188, "n_events": 18, "total_time": 0.11454510688781738}, "batch.step": {"label": "batch.step", "average_duration": 0.0037608974338195485, "n_events": 193, "total_time": 0.7258532047271729}, "epoch_metrics.collect": {"label": "epoch_metrics.collect", "average_duration": 0.011577606201171875, "n_events": 1, "total_time": 0.011577606201171875}, "reduce.allreduce": {"label": "reduce.allreduce", "average_duration": 0.005489667256673177, "n_events": 18, "total_time": 0.09881401062011719}, "reduce.flat_pack": {"label": "reduce.flat_pack", "average_duration": 0.0007388459311591254, "n_events": 18, "total_time": 0.013299226760864258}, "test.last": {"label": "test.last", "average_duration": 1.3977701663970947, "n_events": 1, "total_time": 1.3977701663970947}}