{"batch": {"label": "batch", "average_duration": 0.07904168608275103, "n_events": 193, "total_time": 15.255045413970947}, "batch.accumulate": {"label": "batch.accumulate", "average_duration": 0.0011439985699123805, "n_events": 18, "total_time": 0.02059197425842285}, "batch.backward": {"label": "batch.backward", "average_duration": 0.006250166522406543, "n_events": 193, "total_time": 1.206282138824463}, "batch.evaluate": {"label": "batch.evaluate", "average_duration": 0.060402964063258985, "n_events": 193, "total_time": 11.657772064208984}, "batch.forward": {"label": "batch.forward", "average_duration": 0.005627900207598593, "n_events": 193, "total_time": 1.0861847400665283}, "batch.reduce": {"label": "batch.reduce", "average_duration": 0.0037167337205674914, "n_events": 18, "total_time": 0.06690120697021484}, "batch.step": {"label": "batch.step", "average_duration": 0.003194888021044163, "n_events": 193, "total_time": 0.6166133880615234}, "epoch_metrics.collect": {"label": "epoch_metrics.collect", "average_duration": 0.003227710723876953, "n_events": 1, "total_time": 0.003227710723876953}, "reduce.allreduce": {"label": "reduce.allreduce", "average_duration": 0.003265857696533203, "n_events": 18, "total_time": 0.058785438537597656}, "reduce.flat_pack": {"label": "reduce.flat_pack", "average_duration": 0.0003286997477213542, "n_events": 18, "total_time": 0.005916595458984375}, "test.last": {"label": "test.last", "average_duration": 1.3976669311523438, "n_events": 1, "total_time": 1.3976669311523438}}