{"batch": {"label": "batch", "average_duration": 0.09274152914683025, "n_events": 96, "total_time": 8.903186798095703}, "batch.accumulate": {"label": "batch.accumulate", "average_duration": 0.0010848575168185765, "n_events": 18, "total_time": 0.019527435302734375}, "batch.backward": {"label": "batch.backward", "average_duration": 0.0666048526763916, "n_events": 96, "total_time": 6.394065856933594}, "batch.evaluate": {"label": "batch.evaluate", "average_duration": 0.0012551372249921162, "n_events": 96, "total_time": 0.12049317359924316}, "batch.forward": {"label": "batch.forward", "average_duration": 0.006445758044719696, "n_events": 96, "total_time": 0.6187927722930908}, "batch.reduce": {"label": "batch.reduce", "average_duration": 0.005742046568128798, "n_events": 18, "total_time": 0.10335683822631836}, "batch.step": {"label": "batch.step", "average_duration": 0.0034680689374605813, "n_events": 96, "total_time": 0.3329346179962158}, "reduce.compress": {"label": "reduce.compress", "average_duration": 0.00039576159583197697, "n_events": 18, "total_time": 0.007123708724975586}, "reduce.decompress": {"label": "reduce.decompress", "average_duration": 8.663866255018447e-05, "n_events": 18, "total_time": 0.0015594959259033203}, "reduce.flat_pack": {"label": "reduce.flat_pack", "average_duration": 0.0006943146387736002, "n_events": 18, "total_time": 0.012497663497924805}, "reduce.norm": {"label": "reduce.norm", "average_duration": 0.0005624161826239692, "n_events": 18, "total_time": 0.010123491287231445}, "reduce.reduce.vector": {"label": "reduce.reduce.vector", "average_duration": 0.00014383263058132597, "n_events": 18, "total_time": 0.002588987350463867}, "reduce.setgrad": {"label": "reduce.setgrad", "average_duration": 0.0032155116399129233, "n_events": 18, "total_time": 0.05787920951843262}}