{"batch": {"label": "batch", "average_duration": 0.08216019170037632, "n_events": 290, "total_time": 23.82645559310913}, "batch.accumulate": {"label": "batch.accumulate", "average_duration": 0.0010751088460286458, "n_events": 18, "total_time": 0.019351959228515625}, "batch.backward": {"label": "batch.backward", "average_duration": 0.006375113026849155, "n_events": 290, "total_time": 1.8487827777862549}, "batch.evaluate": {"label": "batch.evaluate", "average_duration": 0.060020021734566525, "n_events": 290, "total_time": 17.405806303024292}, "batch.forward": {"label": "batch.forward", "average_duration": 0.005576015340870825, "n_events": 290, "total_time": 1.617044448852539}, "batch.reduce": {"label": "batch.reduce", "average_duration": 0.06013295385572645, "n_events": 18, "total_time": 1.0823931694030762}, "batch.step": {"label": "batch.step", "average_duration": 0.0030990419716670596, "n_events": 290, "total_time": 0.8987221717834473}, "epoch_metrics.collect": {"label": "epoch_metrics.collect", "average_duration": 0.02045273780822754, "n_events": 2, "total_time": 0.04090547561645508}, "reduce.compress": {"label": "reduce.compress", "average_duration": 0.0010485384199354383, "n_events": 18, "total_time": 0.01887369155883789}, "reduce.decompress": {"label": "reduce.decompress", "average_duration": 0.0002248154746161567, "n_events": 18, "total_time": 0.00404667854309082}, "reduce.flat_pack": {"label": "reduce.flat_pack", "average_duration": 0.000309096442328559, "n_events": 18, "total_time": 0.0055637359619140625}, "reduce.norm": {"label": "reduce.norm", "average_duration": 0.05490566624535455, "n_events": 18, "total_time": 0.9883019924163818}, "reduce.reduce.vector": {"label": "reduce.reduce.vector", "average_duration": 0.00013471974266899956, "n_events": 18, "total_time": 0.002424955368041992}, "reduce.setgrad": {"label": "reduce.setgrad", "average_duration": 0.003194623523288303, "n_events": 18, "total_time": 0.05750322341918945}, "test.last": {"label": "test.last", "average_duration": 1.3527683019638062, "n_events": 2, "total_time": 2.7055366039276123}, "reduce_times": [0.08894705772399902, 0.06033778190612793, 0.06307840347290039, 0.05729031562805176, 0.064056396484375, 0.062311649322509766, 0.032607316970825195, 0.0780482292175293, 0.06176042556762695, 0.08350920677185059, 0.07689595222473145, 0.05989694595336914, 0.05631113052368164, 0.03622865676879883, 0.058594703674316406, 0.057744503021240234, 0.05738711357116699, 0.06410360336303711, 0.0522308349609375]}