{"batch": {"label": "batch", "average_duration": 0.09256063153346379, "n_events": 96, "total_time": 8.885820627212524}, "batch.accumulate": {"label": "batch.accumulate", "average_duration": 0.0010144180721706813, "n_events": 18, "total_time": 0.018259525299072266}, "batch.backward": {"label": "batch.backward", "average_duration": 0.06637318183978398, "n_events": 96, "total_time": 6.371825456619263}, "batch.evaluate": {"label": "batch.evaluate", "average_duration": 0.0012024939060211182, "n_events": 96, "total_time": 0.11543941497802734}, "batch.forward": {"label": "batch.forward", "average_duration": 0.00646480917930603, "n_events": 96, "total_time": 0.6206216812133789}, "batch.reduce": {"label": "batch.reduce", "average_duration": 0.006046745512220595, "n_events": 18, "total_time": 0.1088414192199707}, "batch.step": {"label": "batch.step", "average_duration": 0.003275647759437561, "n_events": 96, "total_time": 0.31446218490600586}, "reduce.compress": {"label": "reduce.compress", "average_duration": 0.0009061363008287218, "n_events": 18, "total_time": 0.016310453414916992}, "reduce.decompress": {"label": "reduce.decompress", "average_duration": 0.00019827153947618272, "n_events": 18, "total_time": 0.003568887710571289}, "reduce.flat_pack": {"label": "reduce.flat_pack", "average_duration": 0.0006241798400878906, "n_events": 18, "total_time": 0.011235237121582031}, "reduce.norm": {"label": "reduce.norm", "average_duration": 0.0005221234427558051, "n_events": 18, "total_time": 0.009398221969604492}, "reduce.reduce.vector": {"label": "reduce.reduce.vector", "average_duration": 0.0001220968034532335, "n_events": 18, "total_time": 0.002197742462158203}, "reduce.setgrad": {"label": "reduce.setgrad", "average_duration": 0.0030366049872504342, "n_events": 18, "total_time": 0.05465888977050781}}