{"batch": {"label": "batch", "average_duration": 0.14366708757463564, "n_events": 484, "total_time": 69.53487038612366}, "batch.accumulate": {"label": "batch.accumulate", "average_duration": 0.0006515561056531165, "n_events": 484, "total_time": 0.3153531551361084}, "batch.backward": {"label": "batch.backward", "average_duration": 0.062383597054757364, "n_events": 484, "total_time": 30.193660974502563}, "batch.evaluate": {"label": "batch.evaluate", "average_duration": 0.0005288321124620675, "n_events": 484, "total_time": 0.2559547424316406}, "batch.forward": {"label": "batch.forward", "average_duration": 0.05307464560201346, "n_events": 484, "total_time": 25.68812847137451}, "batch.reduce": {"label": "batch.reduce", "average_duration": 0.02278996991717126, "n_events": 484, "total_time": 11.030345439910889}, "batch.step": {"label": "batch.step", "average_duration": 0.00283316097968866, "n_events": 484, "total_time": 1.3712499141693115}, "epoch_metrics.collect": {"label": "epoch_metrics.collect", "average_duration": 0.02472090721130371, "n_events": 4, "total_time": 0.09888362884521484}, "reduce.allocate_memory": {"label": "reduce.allocate_memory", "average_duration": 0.0002279109206081422, "n_events": 484, "total_time": 0.11030888557434082}, "reduce.compute.p": {"label": "reduce.compute.p", "average_duration": 0.0005531232219097042, "n_events": 484, "total_time": 0.2677116394042969}, "reduce.compute.q": {"label": "reduce.compute.q", "average_duration": 0.0006047728633092454, "n_events": 484, "total_time": 0.2927100658416748}, "reduce.normalize.p": {"label": "reduce.normalize.p", "average_duration": 0.003610065653304423, "n_events": 484, "total_time": 1.7472717761993408}, "reduce.outerprod": {"label": "reduce.outerprod", "average_duration": 0.0010589021296540568, "n_events": 484, "total_time": 0.5125086307525635}, "reduce.p": {"label": "reduce.p", "average_duration": 0.009684103579560586, "n_events": 484, "total_time": 4.687106132507324}, "reduce.prepare.q": {"label": "reduce.prepare.q", "average_duration": 0.0002300054573815716, "n_events": 484, "total_time": 0.11132264137268066}, "reduce.q": {"label": "reduce.q", "average_duration": 0.002204209812416518, "n_events": 484, "total_time": 1.0668375492095947}, "reduce.rank1.all_reduce": {"label": "reduce.rank1.all_reduce", "average_duration": 0.0015571580445470888, "n_events": 484, "total_time": 0.753664493560791}, "reduce.rank1.pack": {"label": "reduce.rank1.pack", "average_duration": 0.0002105305017518603, "n_events": 484, "total_time": 0.10189676284790039}, "reduce.rank1.unpack": {"label": "reduce.rank1.unpack", "average_duration": 0.0007804824301033966, "n_events": 484, "total_time": 0.37775349617004395}, "test.last": {"label": "test.last", "average_duration": 1.208096981048584, "n_events": 4, "total_time": 4.832387924194336}}