{"batch": {"label": "batch", "average_duration": 0.18707906831171095, "n_events": 194, "total_time": 36.293339252471924}, "batch.accumulate": {"label": "batch.accumulate", "average_duration": 0.002618112062153063, "n_events": 38, "total_time": 0.0994882583618164}, "batch.backward": {"label": "batch.backward", "average_duration": 0.12473130717719953, "n_events": 194, "total_time": 24.19787359237671}, "batch.evaluate": {"label": "batch.evaluate", "average_duration": 0.0005563534412187399, "n_events": 194, "total_time": 0.10793256759643555}, "batch.forward": {"label": "batch.forward", "average_duration": 0.04165612053625362, "n_events": 194, "total_time": 8.081287384033203}, "batch.reduce": {"label": "batch.reduce", "average_duration": 0.014009852158395867, "n_events": 38, "total_time": 0.532374382019043}, "batch.step": {"label": "batch.step", "average_duration": 0.008653386351988488, "n_events": 194, "total_time": 1.6787569522857666}, "reduce.allreduce": {"label": "reduce.allreduce", "average_duration": 0.01300538841046785, "n_events": 38, "total_time": 0.4942047595977783}, "reduce.flat_pack": {"label": "reduce.flat_pack", "average_duration": 0.0008913843255293997, "n_events": 38, "total_time": 0.03387260437011719}}