{"batch": {"label": "batch", "average_duration": 1.2049817616740863, "n_events": 96, "total_time": 115.67824912071228}, "batch.accumulate": {"label": "batch.accumulate", "average_duration": 0.0027742361028989158, "n_events": 96, "total_time": 0.2663266658782959}, "batch.backward": {"label": "batch.backward", "average_duration": 0.7079822048544884, "n_events": 96, "total_time": 67.96629166603088}, "batch.evaluate": {"label": "batch.evaluate", "average_duration": 0.0007134228944778442, "n_events": 96, "total_time": 0.06848859786987305}, "batch.forward": {"label": "batch.forward", "average_duration": 0.2472008615732193, "n_events": 96, "total_time": 23.731282711029053}, "batch.reduce": {"label": "batch.reduce", "average_duration": 0.22862964620192847, "n_events": 96, "total_time": 21.948446035385132}, "batch.step": {"label": "batch.step", "average_duration": 0.012513789037863413, "n_events": 96, "total_time": 1.2013237476348877}, "reduce.allreduce": {"label": "reduce.allreduce", "average_duration": 0.22645413627227148, "n_events": 96, "total_time": 21.73959708213806}, "reduce.flat_pack": {"label": "reduce.flat_pack", "average_duration": 0.0019822766383488974, "n_events": 96, "total_time": 0.19029855728149414}}