{"batch": {"label": "batch", "average_duration": 0.06031970073147355, "n_events": 29249, "total_time": 1764.29092669487}, "batch.accumulate": {"label": "batch.accumulate", "average_duration": 0.0011252096247161946, "n_events": 29249, "total_time": 32.911256313323975}, "batch.backward": {"label": "batch.backward", "average_duration": 0.019882970754703036, "n_events": 29249, "total_time": 581.5570116043091}, "batch.evaluate": {"label": "batch.evaluate", "average_duration": 0.0008890561810672505, "n_events": 29249, "total_time": 26.00400424003601}, "batch.forward": {"label": "batch.forward", "average_duration": 0.01140587708657328, "n_events": 29249, "total_time": 333.6104989051819}, "batch.reduce": {"label": "batch.reduce", "average_duration": 0.01759475436372518, "n_events": 29249, "total_time": 514.6289703845978}, "batch.step": {"label": "batch.step", "average_duration": 0.006165524817616753, "n_events": 29249, "total_time": 180.3354353904724}, "epoch_metrics.collect": {"label": "epoch_metrics.collect", "average_duration": 0.0017782521727901176, "n_events": 149, "total_time": 0.26495957374572754}, "reduce.allreduce": {"label": "reduce.allreduce", "average_duration": 0.016685391854879578, "n_events": 29249, "total_time": 488.0310263633728}, "reduce.flat_pack": {"label": "reduce.flat_pack", "average_duration": 0.0008121499070029262, "n_events": 29249, "total_time": 23.75457262992859}, "test.last": {"label": "test.last", "average_duration": 1.06121522308196, "n_events": 149, "total_time": 158.12106823921204}}