{"batch": {"label": "batch", "average_duration": 0.043813236375405906, "n_events": 29249, "total_time": 1281.4933507442474}, "batch.accumulate": {"label": "batch.accumulate", "average_duration": 0.0010217553615782004, "n_events": 29249, "total_time": 29.88532257080078}, "batch.backward": {"label": "batch.backward", "average_duration": 0.007739030029790911, "n_events": 29249, "total_time": 226.35888934135437}, "batch.evaluate": {"label": "batch.evaluate", "average_duration": 0.01825467442776583, "n_events": 29249, "total_time": 533.9309723377228}, "batch.forward": {"label": "batch.forward", "average_duration": 0.004473939268498295, "n_events": 29249, "total_time": 130.85824966430664}, "batch.reduce": {"label": "batch.reduce", "average_duration": 0.0036343112880867596, "n_events": 29249, "total_time": 106.29997086524963}, "batch.step": {"label": "batch.step", "average_duration": 0.005814437992719753, "n_events": 29249, "total_time": 170.06649684906006}, "epoch_metrics.collect": {"label": "epoch_metrics.collect", "average_duration": 0.013007543231016837, "n_events": 149, "total_time": 1.9381239414215088}, "reduce.allreduce": {"label": "reduce.allreduce", "average_duration": 0.0032952918228383653, "n_events": 29249, "total_time": 96.38399052619934}, "reduce.flat_pack": {"label": "reduce.flat_pack", "average_duration": 0.00025973181760577266, "n_events": 29249, "total_time": 7.596895933151245}, "test.last": {"label": "test.last", "average_duration": 1.0275008918454982, "n_events": 149, "total_time": 153.09763288497925}}