{"batch": {"label": "batch", "average_duration": 0.039698246764445486, "n_events": 29249, "total_time": 1161.134019613266}, "batch.accumulate": {"label": "batch.accumulate", "average_duration": 0.0009576482993094099, "n_events": 1169, "total_time": 1.1194908618927002}, "batch.backward": {"label": "batch.backward", "average_duration": 0.02239237983775606, "n_events": 29249, "total_time": 654.954717874527}, "batch.evaluate": {"label": "batch.evaluate", "average_duration": 0.0006025137463253076, "n_events": 29249, "total_time": 17.62292456626892}, "batch.forward": {"label": "batch.forward", "average_duration": 0.011428643627702129, "n_events": 29249, "total_time": 334.27639746665955}, "batch.reduce": {"label": "batch.reduce", "average_duration": 0.030795490772322368, "n_events": 1169, "total_time": 35.99992871284485}, "batch.step": {"label": "batch.step", "average_duration": 0.002655989663442541, "n_events": 29249, "total_time": 77.68504166603088}, "epoch_metrics.collect": {"label": "epoch_metrics.collect", "average_duration": 0.002935646364352847, "n_events": 149, "total_time": 0.4374113082885742}, "reduce.compress": {"label": "reduce.compress", "average_duration": 0.017217051789126303, "n_events": 1169, "total_time": 20.126733541488647}, "reduce.decompress": {"label": "reduce.decompress", "average_duration": 0.0021531186213954276, "n_events": 1169, "total_time": 2.516995668411255}, "reduce.flat_pack": {"label": "reduce.flat_pack", "average_duration": 0.0007518787889831387, "n_events": 1169, "total_time": 0.8789463043212891}, "reduce.norm": {"label": "reduce.norm", "average_duration": 0.0022268731742969834, "n_events": 1169, "total_time": 2.603214740753174}, "reduce.reduce.vector": {"label": "reduce.reduce.vector", "average_duration": 0.004616516894821023, "n_events": 1169, "total_time": 5.396708250045776}, "reduce.setgrad": {"label": "reduce.setgrad", "average_duration": 0.0035862673848383033, "n_events": 1169, "total_time": 4.192346572875977}, "test.last": {"label": "test.last", "average_duration": 0.9244596542127981, "n_events": 149, "total_time": 137.7444884777069}}