{"batch": {"label": "batch", "average_duration": 0.08688977575793709, "n_events": 194, "total_time": 16.856616497039795}, "batch.accumulate": {"label": "batch.accumulate", "average_duration": 0.0009828265180292818, "n_events": 194, "total_time": 0.19066834449768066}, "batch.backward": {"label": "batch.backward", "average_duration": 0.06471170346761487, "n_events": 194, "total_time": 12.554070472717285}, "batch.evaluate": {"label": "batch.evaluate", "average_duration": 0.001158711836510098, "n_events": 194, "total_time": 0.22479009628295898}, "batch.forward": {"label": "batch.forward", "average_duration": 0.006309774733081306, "n_events": 194, "total_time": 1.2240962982177734}, "batch.reduce": {"label": "batch.reduce", "average_duration": 0.007773960988546155, "n_events": 194, "total_time": 1.508148431777954}, "batch.step": {"label": "batch.step", "average_duration": 0.0030115597026864277, "n_events": 194, "total_time": 0.584242582321167}, "reduce.compress": {"label": "reduce.compress", "average_duration": 0.002101126405381665, "n_events": 194, "total_time": 0.40761852264404297}, "reduce.decompress": {"label": "reduce.decompress", "average_duration": 0.00021470944906018443, "n_events": 194, "total_time": 0.04165363311767578}, "reduce.flat_pack": {"label": "reduce.flat_pack", "average_duration": 0.0006644049870599177, "n_events": 194, "total_time": 0.12889456748962402}, "reduce.norm": {"label": "reduce.norm", "average_duration": 0.00062638828434895, "n_events": 194, "total_time": 0.12151932716369629}, "reduce.reduce.vector": {"label": "reduce.reduce.vector", "average_duration": 0.0009974487049063457, "n_events": 194, "total_time": 0.19350504875183105}, "reduce.setgrad": {"label": "reduce.setgrad", "average_duration": 0.002915545837166383, "n_events": 194, "total_time": 0.5656158924102783}}