{"batch": {"label": "batch", "average_duration": 0.09254463265339534, "n_events": 96, "total_time": 8.884284734725952}, "batch.accumulate": {"label": "batch.accumulate", "average_duration": 0.0011118120617336696, "n_events": 18, "total_time": 0.020012617111206055}, "batch.backward": {"label": "batch.backward", "average_duration": 0.0060495659708976746, "n_events": 96, "total_time": 0.5807583332061768}, "batch.evaluate": {"label": "batch.evaluate", "average_duration": 0.060499921441078186, "n_events": 96, "total_time": 5.807992458343506}, "batch.forward": {"label": "batch.forward", "average_duration": 0.005610436201095581, "n_events": 96, "total_time": 0.5386018753051758}, "batch.reduce": {"label": "batch.reduce", "average_duration": 0.017910374535454646, "n_events": 18, "total_time": 0.3223867416381836}, "batch.step": {"label": "batch.step", "average_duration": 0.0032330453395843506, "n_events": 96, "total_time": 0.31037235260009766}, "reduce.compress": {"label": "reduce.compress", "average_duration": 0.0009847217135959202, "n_events": 18, "total_time": 0.017724990844726562}, "reduce.decompress": {"label": "reduce.decompress", "average_duration": 0.00021701388888888888, "n_events": 18, "total_time": 0.00390625}, "reduce.flat_pack": {"label": "reduce.flat_pack", "average_duration": 0.0003019836213853624, "n_events": 18, "total_time": 0.0054357051849365234}, "reduce.norm": {"label": "reduce.norm", "average_duration": 0.012547307544284396, "n_events": 18, "total_time": 0.22585153579711914}, "reduce.reduce.vector": {"label": "reduce.reduce.vector", "average_duration": 0.00012380546993679472, "n_events": 18, "total_time": 0.0022284984588623047}, "reduce.setgrad": {"label": "reduce.setgrad", "average_duration": 0.003235896428426107, "n_events": 18, "total_time": 0.05824613571166992}, "reduce_times": [1.0134930610656738, 0.0411837100982666, 0.019407033920288086, 0.016323328018188477, 0.01987934112548828, 0.017455339431762695, 0.017574310302734375, 0.015915393829345703, 0.01714491844177246, 0.013164758682250977, 0.019643306732177734, 0.017231464385986328, 0.008500814437866211, 0.017511367797851562, 0.022290706634521484, 0.01879405975341797, 0.020744800567626953, 0.011378049850463867, 0.008244037628173828]}