{"batch": {"label": "batch", "average_duration": 0.1311247100432714, "n_events": 96, "total_time": 12.587972164154053}, "batch.accumulate": {"label": "batch.accumulate", "average_duration": 0.0010477966732449, "n_events": 18, "total_time": 0.018860340118408203}, "batch.backward": {"label": "batch.backward", "average_duration": 0.06478280077377956, "n_events": 96, "total_time": 6.219148874282837}, "batch.evaluate": {"label": "batch.evaluate", "average_duration": 0.0012115612626075745, "n_events": 96, "total_time": 0.11630988121032715}, "batch.forward": {"label": "batch.forward", "average_duration": 0.006357317169507344, "n_events": 96, "total_time": 0.6103024482727051}, "batch.reduce": {"label": "batch.reduce", "average_duration": 0.2528711160024007, "n_events": 18, "total_time": 4.551680088043213}, "batch.step": {"label": "batch.step", "average_duration": 0.0038764004906018576, "n_events": 96, "total_time": 0.3721344470977783}, "reduce.compress": {"label": "reduce.compress", "average_duration": 0.0020994477801852757, "n_events": 18, "total_time": 0.03779006004333496}, "reduce.decompress": {"label": "reduce.decompress", "average_duration": 0.00021896097395155166, "n_events": 18, "total_time": 0.00394129753112793}, "reduce.flat_pack": {"label": "reduce.flat_pack", "average_duration": 0.0007195870081583658, "n_events": 18, "total_time": 0.012952566146850586}, "reduce.norm": {"label": "reduce.norm", "average_duration": 0.2370619906319512, "n_events": 18, "total_time": 4.267115831375122}, "reduce.reduce.vector": {"label": "reduce.reduce.vector", "average_duration": 0.00926938321855333, "n_events": 18, "total_time": 0.16684889793395996}, "reduce.setgrad": {"label": "reduce.setgrad", "average_duration": 0.003147376908196343, "n_events": 18, "total_time": 0.05665278434753418}}