{"batch": {"label": "batch", "average_duration": 0.08412205587677869, "n_events": 387, "total_time": 32.555235624313354}, "batch.accumulate": {"label": "batch.accumulate", "average_duration": 0.0010949903064303929, "n_events": 18, "total_time": 0.01970982551574707}, "batch.backward": {"label": "batch.backward", "average_duration": 0.06679292858725062, "n_events": 387, "total_time": 25.84886336326599}, "batch.evaluate": {"label": "batch.evaluate", "average_duration": 0.0012110148289406946, "n_events": 387, "total_time": 0.46866273880004883}, "batch.forward": {"label": "batch.forward", "average_duration": 0.006489693964482586, "n_events": 387, "total_time": 2.5115115642547607}, "batch.reduce": {"label": "batch.reduce", "average_duration": 0.01291746563381619, "n_events": 18, "total_time": 0.2325143814086914}, "batch.step": {"label": "batch.step", "average_duration": 0.003480738139583775, "n_events": 387, "total_time": 1.347045660018921}, "epoch_metrics.collect": {"label": "epoch_metrics.collect", "average_duration": 0.001714626948038737, "n_events": 3, "total_time": 0.005143880844116211}, "reduce.compress": {"label": "reduce.compress", "average_duration": 0.00042888853285047744, "n_events": 18, "total_time": 0.007719993591308594}, "reduce.decompress": {"label": "reduce.decompress", "average_duration": 8.270475599500869e-05, "n_events": 18, "total_time": 0.0014886856079101562}, "reduce.flat_pack": {"label": "reduce.flat_pack", "average_duration": 0.0007783174514770508, "n_events": 18, "total_time": 0.014009714126586914}, "reduce.norm": {"label": "reduce.norm", "average_duration": 0.007747358745998806, "n_events": 18, "total_time": 0.13945245742797852}, "reduce.reduce.vector": {"label": "reduce.reduce.vector", "average_duration": 0.00016254848904079862, "n_events": 18, "total_time": 0.002925872802734375}, "reduce.setgrad": {"label": "reduce.setgrad", "average_duration": 0.0030425257152981227, "n_events": 18, "total_time": 0.05476546287536621}, "test.last": {"label": "test.last", "average_duration": 1.3535904089609783, "n_events": 3, "total_time": 4.060771226882935}}