{"batch": {"label": "batch", "average_duration": 0.277634751205602, "n_events": 484, "total_time": 134.37521958351135}, "batch.accumulate": {"label": "batch.accumulate", "average_duration": 0.0019371351919883538, "n_events": 484, "total_time": 0.9375734329223633}, "batch.backward": {"label": "batch.backward", "average_duration": 0.12252389990593776, "n_events": 484, "total_time": 59.30156755447388}, "batch.evaluate": {"label": "batch.evaluate", "average_duration": 0.0005352674436963294, "n_events": 484, "total_time": 0.25906944274902344}, "batch.forward": {"label": "batch.forward", "average_duration": 0.059878696587460103, "n_events": 484, "total_time": 28.98128914833069}, "batch.reduce": {"label": "batch.reduce", "average_duration": 0.08068970412262215, "n_events": 484, "total_time": 39.05381679534912}, "batch.step": {"label": "batch.step", "average_duration": 0.00863990557095236, "n_events": 484, "total_time": 4.181714296340942}, "epoch_metrics.collect": {"label": "epoch_metrics.collect", "average_duration": 0.007746636867523193, "n_events": 4, "total_time": 0.030986547470092773}, "reduce.compress": {"label": "reduce.compress", "average_duration": 0.0364333263113479, "n_events": 484, "total_time": 17.633729934692383}, "reduce.decompress": {"label": "reduce.decompress", "average_duration": 0.0015816333865331224, "n_events": 484, "total_time": 0.7655105590820312}, "reduce.flat_pack": {"label": "reduce.flat_pack", "average_duration": 0.0007389916861352842, "n_events": 484, "total_time": 0.35767197608947754}, "reduce.norm": {"label": "reduce.norm", "average_duration": 0.004690789486751084, "n_events": 484, "total_time": 2.2703421115875244}, "reduce.reduce.vector": {"label": "reduce.reduce.vector", "average_duration": 0.029846944592215797, "n_events": 484, "total_time": 14.445921182632446}, "reduce.setgrad": {"label": "reduce.setgrad", "average_duration": 0.006970739069063802, "n_events": 484, "total_time": 3.37383770942688}, "test.last": {"label": "test.last", "average_duration": 1.4165153503417969, "n_events": 4, "total_time": 5.6660614013671875}}