{"batch": {"label": "batch", "average_duration": 0.08390237187971493, "n_events": 389, "total_time": 32.638022661209106}, "batch.accumulate": {"label": "batch.accumulate", "average_duration": 0.0009683370590209961, "n_events": 38, "total_time": 0.03679680824279785}, "batch.backward": {"label": "batch.backward", "average_duration": 0.06697020003605625, "n_events": 389, "total_time": 26.05140781402588}, "batch.evaluate": {"label": "batch.evaluate", "average_duration": 0.0011866877195461244, "n_events": 389, "total_time": 0.4616215229034424}, "batch.forward": {"label": "batch.forward", "average_duration": 0.006456302799724981, "n_events": 389, "total_time": 2.5115017890930176}, "batch.reduce": {"label": "batch.reduce", "average_duration": 0.005218976422360069, "n_events": 38, "total_time": 0.19832110404968262}, "batch.step": {"label": "batch.step", "average_duration": 0.003484490598075494, "n_events": 389, "total_time": 1.3554668426513672}, "epoch_metrics.collect": {"label": "epoch_metrics.collect", "average_duration": 0.008017539978027344, "n_events": 1, "total_time": 0.008017539978027344}, "reduce.compress": {"label": "reduce.compress", "average_duration": 0.0003800580376072934, "n_events": 38, "total_time": 0.014442205429077148}, "reduce.decompress": {"label": "reduce.decompress", "average_duration": 8.29884880467465e-05, "n_events": 38, "total_time": 0.003153562545776367}, "reduce.flat_pack": {"label": "reduce.flat_pack", "average_duration": 0.0006454994803980777, "n_events": 38, "total_time": 0.024528980255126953}, "reduce.norm": {"label": "reduce.norm", "average_duration": 0.00038051605224609375, "n_events": 38, "total_time": 0.014459609985351562}, "reduce.reduce.vector": {"label": "reduce.reduce.vector", "average_duration": 0.0001371346021953382, "n_events": 38, "total_time": 0.0052111148834228516}, "reduce.setgrad": {"label": "reduce.setgrad", "average_duration": 0.0029432083431043124, "n_events": 38, "total_time": 0.11184191703796387}, "test.last": {"label": "test.last", "average_duration": 2.353668451309204, "n_events": 1, "total_time": 2.353668451309204}}