{"batch": {"label": "batch", "average_duration": 0.08647961914539337, "n_events": 96, "total_time": 8.302043437957764}, "batch.accumulate": {"label": "batch.accumulate", "average_duration": 0.0010308176279067993, "n_events": 96, "total_time": 0.09895849227905273}, "batch.backward": {"label": "batch.backward", "average_duration": 0.06511011222998302, "n_events": 96, "total_time": 6.250570774078369}, "batch.evaluate": {"label": "batch.evaluate", "average_duration": 0.0012298400203386943, "n_events": 96, "total_time": 0.11806464195251465}, "batch.forward": {"label": "batch.forward", "average_duration": 0.006441963215668996, "n_events": 96, "total_time": 0.6184284687042236}, "batch.reduce": {"label": "batch.reduce", "average_duration": 0.006512656807899475, "n_events": 96, "total_time": 0.6252150535583496}, "batch.step": {"label": "batch.step", "average_duration": 0.0029932459195454917, "n_events": 96, "total_time": 0.2873516082763672}, "reduce.compress": {"label": "reduce.compress", "average_duration": 0.0009170547127723694, "n_events": 96, "total_time": 0.08803725242614746}, "reduce.decompress": {"label": "reduce.decompress", "average_duration": 0.00021025041739145914, "n_events": 96, "total_time": 0.020184040069580078}, "reduce.flat_pack": {"label": "reduce.flat_pack", "average_duration": 0.0007681970794995626, "n_events": 96, "total_time": 0.07374691963195801}, "reduce.norm": {"label": "reduce.norm", "average_duration": 0.0008666167656580607, "n_events": 96, "total_time": 0.08319520950317383}, "reduce.reduce.vector": {"label": "reduce.reduce.vector", "average_duration": 0.00014850000540415445, "n_events": 96, "total_time": 0.014256000518798828}, "reduce.setgrad": {"label": "reduce.setgrad", "average_duration": 0.0030109435319900513, "n_events": 96, "total_time": 0.2890505790710449}}