{"batch": {"label": "batch", "average_duration": 0.08645111570755641, "n_events": 96, "total_time": 8.299307107925415}, "batch.accumulate": {"label": "batch.accumulate", "average_duration": 0.0011278788248697917, "n_events": 96, "total_time": 0.1082763671875}, "batch.backward": {"label": "batch.backward", "average_duration": 0.00649066021045049, "n_events": 96, "total_time": 0.6231033802032471}, "batch.evaluate": {"label": "batch.evaluate", "average_duration": 0.06034415711959203, "n_events": 96, "total_time": 5.793039083480835}, "batch.forward": {"label": "batch.forward", "average_duration": 0.0055099303523699445, "n_events": 96, "total_time": 0.5289533138275146}, "batch.reduce": {"label": "batch.reduce", "average_duration": 0.006633870303630829, "n_events": 96, "total_time": 0.6368515491485596}, "batch.step": {"label": "batch.step", "average_duration": 0.0031155298153559365, "n_events": 96, "total_time": 0.2990908622741699}, "reduce.compress": {"label": "reduce.compress", "average_duration": 0.000934794545173645, "n_events": 96, "total_time": 0.08974027633666992}, "reduce.decompress": {"label": "reduce.decompress", "average_duration": 0.00021513551473617554, "n_events": 96, "total_time": 0.02065300941467285}, "reduce.flat_pack": {"label": "reduce.flat_pack", "average_duration": 0.000326332946618398, "n_events": 96, "total_time": 0.03132796287536621}, "reduce.norm": {"label": "reduce.norm", "average_duration": 0.0013994599382082622, "n_events": 96, "total_time": 0.13434815406799316}, "reduce.reduce.vector": {"label": "reduce.reduce.vector", "average_duration": 0.0001266126831372579, "n_events": 96, "total_time": 0.012154817581176758}, "reduce.setgrad": {"label": "reduce.setgrad", "average_duration": 0.0031517421205838523, "n_events": 96, "total_time": 0.3025672435760498}}