{"batch": {"label": "batch", "average_duration": 0.1873159096158784, "n_events": 290, "total_time": 54.321613788604736}, "batch.accumulate": {"label": "batch.accumulate", "average_duration": 0.003003133667839898, "n_events": 18, "total_time": 0.054056406021118164}, "batch.backward": {"label": "batch.backward", "average_duration": 0.025995448539996968, "n_events": 290, "total_time": 7.538680076599121}, "batch.evaluate": {"label": "batch.evaluate", "average_duration": 0.11505483594434014, "n_events": 290, "total_time": 33.36590242385864}, "batch.forward": {"label": "batch.forward", "average_duration": 0.02350561783231538, "n_events": 290, "total_time": 6.81662917137146}, "batch.reduce": {"label": "batch.reduce", "average_duration": 0.07090414894951715, "n_events": 18, "total_time": 1.2762746810913086}, "batch.step": {"label": "batch.step", "average_duration": 0.009022627205684267, "n_events": 290, "total_time": 2.6165618896484375}, "epoch_metrics.collect": {"label": "epoch_metrics.collect", "average_duration": 0.02178049087524414, "n_events": 2, "total_time": 0.04356098175048828}, "reduce.compress": {"label": "reduce.compress", "average_duration": 0.0010526180267333984, "n_events": 18, "total_time": 0.018947124481201172}, "reduce.decompress": {"label": "reduce.decompress", "average_duration": 0.00023379590776231553, "n_events": 18, "total_time": 0.00420832633972168}, "reduce.flat_pack": {"label": "reduce.flat_pack", "average_duration": 0.0007670058144463433, "n_events": 18, "total_time": 0.01380610466003418}, "reduce.norm": {"label": "reduce.norm", "average_duration": 0.05909779336717394, "n_events": 18, "total_time": 1.0637602806091309}, "reduce.reduce.vector": {"label": "reduce.reduce.vector", "average_duration": 0.00012914339701334635, "n_events": 18, "total_time": 0.0023245811462402344}, "reduce.setgrad": {"label": "reduce.setgrad", "average_duration": 0.009299053086174859, "n_events": 18, "total_time": 0.16738295555114746}, "test.last": {"label": "test.last", "average_duration": 1.4893051385879517, "n_events": 2, "total_time": 2.9786102771759033}, "reduce_times": [0.2569468021392822, 0.07285237312316895, 0.08522152900695801, 0.06404972076416016, 0.06291675567626953, 0.06968426704406738, 0.012951374053955078, 0.10856819152832031, 0.11610817909240723, 0.06380772590637207, 0.0631570816040039, 0.06009650230407715, 0.02015519142150879, 0.12103843688964844, 0.09758472442626953, 0.012186050415039062, 0.1082921028137207, 0.07123851776123047, 0.06636595726013184]}