{"batch": {"label": "batch", "average_duration": 0.18729071370486555, "n_events": 290, "total_time": 54.31430697441101}, "batch.accumulate": {"label": "batch.accumulate", "average_duration": 0.003039240837097168, "n_events": 18, "total_time": 0.05470633506774902}, "batch.backward": {"label": "batch.backward", "average_duration": 0.024653918989773455, "n_events": 290, "total_time": 7.149636507034302}, "batch.evaluate": {"label": "batch.evaluate", "average_duration": 0.11436885883068217, "n_events": 290, "total_time": 33.16696906089783}, "batch.forward": {"label": "batch.forward", "average_duration": 0.02462216492356925, "n_events": 290, "total_time": 7.140427827835083}, "batch.reduce": {"label": "batch.reduce", "average_duration": 0.07701975769466823, "n_events": 18, "total_time": 1.3863556385040283}, "batch.step": {"label": "batch.step", "average_duration": 0.009220121646749561, "n_events": 290, "total_time": 2.673835277557373}, "epoch_metrics.collect": {"label": "epoch_metrics.collect", "average_duration": 0.03078627586364746, "n_events": 2, "total_time": 0.06157255172729492}, "reduce.compress": {"label": "reduce.compress", "average_duration": 0.0010388692220052083, "n_events": 18, "total_time": 0.01869964599609375}, "reduce.decompress": {"label": "reduce.decompress", "average_duration": 0.00023934576246473525, "n_events": 18, "total_time": 0.004308223724365234}, "reduce.flat_pack": {"label": "reduce.flat_pack", "average_duration": 0.0007719198862711588, "n_events": 18, "total_time": 0.01389455795288086}, "reduce.norm": {"label": "reduce.norm", "average_duration": 0.06560495164659289, "n_events": 18, "total_time": 1.1808891296386719}, "reduce.reduce.vector": {"label": "reduce.reduce.vector", "average_duration": 0.00013430913289388022, "n_events": 18, "total_time": 0.0024175643920898438}, "reduce.setgrad": {"label": "reduce.setgrad", "average_duration": 0.008893728256225586, "n_events": 18, "total_time": 0.16008710861206055}, "test.last": {"label": "test.last", "average_duration": 1.4892323017120361, "n_events": 2, "total_time": 2.9784646034240723}, "reduce_times": [0.23374533653259277, 0.07668828964233398, 0.012184381484985352, 0.06153297424316406, 0.07460665702819824, 0.06491994857788086, 0.05432581901550293, 0.10753011703491211, 0.12046051025390625, 0.06323599815368652, 0.06791138648986816, 0.06525754928588867, 0.0228273868560791, 0.14256906509399414, 0.11790895462036133, 0.0684664249420166, 0.11335229873657227, 0.07991909980773926, 0.07265877723693848]}