{"batch": {"label": "batch", "average_duration": 0.21145649389787155, "n_events": 484, "total_time": 102.34494304656982}, "batch.accumulate": {"label": "batch.accumulate", "average_duration": 0.0019170587713068182, "n_events": 484, "total_time": 0.9278564453125}, "batch.backward": {"label": "batch.backward", "average_duration": 0.1246816836112787, "n_events": 484, "total_time": 60.34593486785889}, "batch.evaluate": {"label": "batch.evaluate", "average_duration": 0.0005611432485343996, "n_events": 484, "total_time": 0.2715933322906494}, "batch.forward": {"label": "batch.forward", "average_duration": 0.0602734517460027, "n_events": 484, "total_time": 29.172350645065308}, "batch.reduce": {"label": "batch.reduce", "average_duration": 0.012229413533013715, "n_events": 484, "total_time": 5.919036149978638}, "batch.step": {"label": "batch.step", "average_duration": 0.008328338299901032, "n_events": 484, "total_time": 4.0309157371521}, "epoch_metrics.collect": {"label": "epoch_metrics.collect", "average_duration": 0.007065236568450928, "n_events": 4, "total_time": 0.02826094627380371}, "reduce.compress": {"label": "reduce.compress", "average_duration": 0.00034519463531241927, "n_events": 484, "total_time": 0.16707420349121094}, "reduce.decompress": {"label": "reduce.decompress", "average_duration": 9.197538549249822e-05, "n_events": 484, "total_time": 0.04451608657836914}, "reduce.flat_pack": {"label": "reduce.flat_pack", "average_duration": 0.0007535199488490081, "n_events": 484, "total_time": 0.3647036552429199}, "reduce.norm": {"label": "reduce.norm", "average_duration": 0.002804090168850481, "n_events": 484, "total_time": 1.3571796417236328}, "reduce.reduce.vector": {"label": "reduce.reduce.vector", "average_duration": 0.0008847363724196253, "n_events": 484, "total_time": 0.42821240425109863}, "reduce.setgrad": {"label": "reduce.setgrad", "average_duration": 0.006908811320943281, "n_events": 484, "total_time": 3.343864679336548}, "test.last": {"label": "test.last", "average_duration": 1.4211208820343018, "n_events": 4, "total_time": 5.684483528137207}}