{"batch": {"label": "batch", "average_duration": 0.18801392230790914, "n_events": 194, "total_time": 36.474700927734375}, "batch.accumulate": {"label": "batch.accumulate", "average_duration": 0.002689982715405916, "n_events": 38, "total_time": 0.1022193431854248}, "batch.backward": {"label": "batch.backward", "average_duration": 0.12483543219025602, "n_events": 194, "total_time": 24.218073844909668}, "batch.evaluate": {"label": "batch.evaluate", "average_duration": 0.0005891790095063829, "n_events": 194, "total_time": 0.11430072784423828}, "batch.forward": {"label": "batch.forward", "average_duration": 0.041642164446643946, "n_events": 194, "total_time": 8.078579902648926}, "batch.reduce": {"label": "batch.reduce", "average_duration": 0.015166715571754858, "n_events": 38, "total_time": 0.5763351917266846}, "batch.step": {"label": "batch.step", "average_duration": 0.00907294160311984, "n_events": 194, "total_time": 1.760150671005249}, "reduce.compress": {"label": "reduce.compress", "average_duration": 0.0032802067304912364, "n_events": 38, "total_time": 0.12464785575866699}, "reduce.decompress": {"label": "reduce.decompress", "average_duration": 0.000295651586432206, "n_events": 38, "total_time": 0.011234760284423828}, "reduce.flat_pack": {"label": "reduce.flat_pack", "average_duration": 0.0009077912882754678, "n_events": 38, "total_time": 0.03449606895446777}, "reduce.norm": {"label": "reduce.norm", "average_duration": 0.000541988172029194, "n_events": 38, "total_time": 0.020595550537109375}, "reduce.reduce.vector": {"label": "reduce.reduce.vector", "average_duration": 0.001490724714178788, "n_events": 38, "total_time": 0.056647539138793945}, "reduce.setgrad": {"label": "reduce.setgrad", "average_duration": 0.008345566297832289, "n_events": 38, "total_time": 0.31713151931762695}}