{"batch": {"label": "batch", "average_duration": 0.1964385435753262, "n_events": 194, "total_time": 38.10907745361328}, "batch.accumulate": {"label": "batch.accumulate", "average_duration": 0.00275671850774706, "n_events": 194, "total_time": 0.5348033905029297}, "batch.backward": {"label": "batch.backward", "average_duration": 0.12388169396783888, "n_events": 194, "total_time": 24.033048629760742}, "batch.evaluate": {"label": "batch.evaluate", "average_duration": 0.0006174918302555674, "n_events": 194, "total_time": 0.11979341506958008}, "batch.forward": {"label": "batch.forward", "average_duration": 0.04136575497302812, "n_events": 194, "total_time": 8.024956464767456}, "batch.reduce": {"label": "batch.reduce", "average_duration": 0.010145752700333743, "n_events": 194, "total_time": 1.968276023864746}, "batch.step": {"label": "batch.step", "average_duration": 0.009355118594218776, "n_events": 194, "total_time": 1.8148930072784424}, "reduce.allreduce": {"label": "reduce.allreduce", "average_duration": 0.00916615220689282, "n_events": 194, "total_time": 1.778233528137207}, "reduce.flat_pack": {"label": "reduce.flat_pack", "average_duration": 0.0008712429361245067, "n_events": 194, "total_time": 0.1690211296081543}}