{"batch": {"label": "batch", "average_duration": 1.2474618793762837, "n_events": 194, "total_time": 242.00760459899902}, "batch.accumulate": {"label": "batch.accumulate", "average_duration": 0.0032405595189517306, "n_events": 194, "total_time": 0.6286685466766357}, "batch.backward": {"label": "batch.backward", "average_duration": 0.36795260299447263, "n_events": 389, "total_time": 143.13356256484985}, "batch.evaluate": {"label": "batch.evaluate", "average_duration": 0.0008724170969200625, "n_events": 389, "total_time": 0.3393702507019043}, "batch.forward": {"label": "batch.forward", "average_duration": 0.17339991481261266, "n_events": 389, "total_time": 67.45256686210632}, "batch.reduce": {"label": "batch.reduce", "average_duration": 0.12051464110305629, "n_events": 194, "total_time": 23.37984037399292}, "batch.step": {"label": "batch.step", "average_duration": 0.010610063051440051, "n_events": 194, "total_time": 2.05835223197937}, "reduce.allreduce": {"label": "reduce.allreduce", "average_duration": 0.11833927926328994, "n_events": 194, "total_time": 22.957820177078247}, "reduce.flat_pack": {"label": "reduce.flat_pack", "average_duration": 0.001964114375950135, "n_events": 194, "total_time": 0.38103818893432617}, "reduce_times": [0.12938499450683594, 0.1314561367034912, 0.11681270599365234, 0.11946868896484375, 0.11902427673339844, 0.1148691177368164, 0.11847186088562012, 0.11725687980651855, 0.1167294979095459, 0.12537670135498047, 0.12314724922180176, 0.1211860179901123, 0.1336991786956787, 0.1250145435333252, 0.13095927238464355, 0.12243890762329102, 0.12270140647888184, 0.1277153491973877, 0.12497830390930176, 0.12707042694091797, 0.12665295600891113, 0.13188934326171875, 0.12714052200317383, 0.13031339645385742, 0.1328446865081787, 0.1312253475189209, 0.12908458709716797, 0.12846779823303223, 0.1203465461730957, 0.1256728172302246, 0.1215827465057373, 0.12053298950195312, 0.12751030921936035, 0.1215810775756836, 0.12602734565734863, 0.11496782302856445, 0.12109494209289551, 0.12007832527160645, 0.11267757415771484, 0.11358451843261719, 0.10825467109680176, 0.1254119873046875, 0.1075279712677002, 0.11800122261047363, 0.11817622184753418, 0.12159967422485352, 0.12393903732299805, 0.12326478958129883, 0.12167191505432129, 0.12923479080200195, 0.1288471221923828, 0.1250457763671875, 0.1250603199005127, 0.11608219146728516, 0.11980223655700684, 0.12196564674377441, 0.10936784744262695, 0.10715556144714355, 0.11338233947753906, 0.10103774070739746, 0.1209559440612793, 0.11815953254699707, 0.12050628662109375, 0.1243293285369873, 0.11754512786865234, 0.1148533821105957, 0.12213873863220215, 0.11450743675231934, 0.12316226959228516, 0.13352465629577637, 0.11828327178955078, 0.12720394134521484, 0.12293028831481934, 0.13408446311950684, 0.13029217720031738, 0.12828493118286133, 0.12013864517211914, 0.11996173858642578, 0.12125492095947266, 0.11616277694702148, 0.11435651779174805, 0.10890889167785645, 0.10856342315673828, 0.11126923561096191, 0.11548376083374023, 0.12491798400878906, 0.11940622329711914, 0.12086129188537598, 0.12684988975524902, 0.12063741683959961, 0.12526941299438477, 0.12167167663574219, 0.12443876266479492, 0.12151646614074707, 0.13063526153564453, 0.13308143615722656, 0.12613177299499512, 0.13141608238220215, 0.12190818786621094, 0.11951613426208496, 0.1237630844116211, 0.12013125419616699, 0.11912131309509277, 0.12417244911193848, 0.1273348331451416, 0.12163066864013672, 0.1261892318725586, 0.12583255767822266, 0.12151360511779785, 0.12578558921813965, 0.1302940845489502, 0.1276843547821045, 0.1274123191833496, 0.12789344787597656, 0.12582945823669434, 0.13283443450927734, 0.1293506622314453, 0.11705732345581055, 0.11897969245910645, 0.12870144844055176, 0.12351584434509277, 0.12120819091796875, 0.10887026786804199, 0.10329890251159668, 0.11675715446472168, 0.11641120910644531, 0.11506009101867676, 0.11074352264404297, 0.1097414493560791, 0.11349368095397949, 0.11498498916625977, 0.10517740249633789, 0.11430191993713379, 0.11787033081054688, 0.11411857604980469, 0.11703014373779297, 0.12535524368286133, 0.12180709838867188, 0.12023019790649414, 0.11892962455749512, 0.12347793579101562, 0.1256263256072998, 0.1284475326538086, 0.12540888786315918, 0.12286186218261719, 0.11884450912475586, 0.12050294876098633, 0.12185811996459961, 0.1203162670135498, 0.11235713958740234, 0.11481833457946777, 0.11344695091247559, 0.1158447265625, 0.12286734580993652, 0.1172950267791748, 0.11444830894470215, 0.11482119560241699, 0.1192786693572998, 0.11960172653198242, 0.11425280570983887, 0.10501408576965332, 0.10995006561279297, 0.1191408634185791, 0.1217184066772461, 0.11348915100097656, 0.1104593276977539, 0.10577225685119629, 0.10541439056396484, 0.11672616004943848, 0.1325359344482422, 0.13074684143066406, 0.12853741645812988, 0.12527203559875488, 0.11920404434204102, 0.11806416511535645, 0.12132024765014648, 0.11902570724487305, 0.12467813491821289, 0.11723852157592773, 0.12021231651306152, 0.1210634708404541, 0.1193997859954834, 0.12711453437805176, 0.12171268463134766, 0.12314796447753906, 0.12145781517028809, 0.12040162086486816, 0.11766910552978516, 0.11284589767456055, 0.11739611625671387, 0.1181943416595459, 0.11549663543701172, 0.10151934623718262, 0.10545563697814941, 0.11405014991760254]}