{"batch": {"label": "batch", "average_duration": 0.20420309156179428, "n_events": 96, "total_time": 19.60349678993225}, "batch.accumulate": {"label": "batch.accumulate", "average_duration": 0.003255989816453722, "n_events": 18, "total_time": 0.05860781669616699}, "batch.backward": {"label": "batch.backward", "average_duration": 0.12281972418228786, "n_events": 96, "total_time": 11.790693521499634}, "batch.evaluate": {"label": "batch.evaluate", "average_duration": 0.0008284697930018107, "n_events": 96, "total_time": 0.07953310012817383}, "batch.forward": {"label": "batch.forward", "average_duration": 0.041246578097343445, "n_events": 96, "total_time": 3.9596714973449707}, "batch.reduce": {"label": "batch.reduce", "average_duration": 0.015287280082702637, "n_events": 18, "total_time": 0.27517104148864746}, "batch.step": {"label": "batch.step", "average_duration": 0.010176998873551687, "n_events": 96, "total_time": 0.9769918918609619}, "reduce.compress": {"label": "reduce.compress", "average_duration": 0.0004255109363132053, "n_events": 18, "total_time": 0.007659196853637695}, "reduce.decompress": {"label": "reduce.decompress", "average_duration": 9.037388695610894e-05, "n_events": 18, "total_time": 0.001626729965209961}, "reduce.flat_pack": {"label": "reduce.flat_pack", "average_duration": 0.000999556647406684, "n_events": 18, "total_time": 0.017992019653320312}, "reduce.norm": {"label": "reduce.norm", "average_duration": 0.003133323457505968, "n_events": 18, "total_time": 0.05639982223510742}, "reduce.reduce.vector": {"label": "reduce.reduce.vector", "average_duration": 0.00016902552710639106, "n_events": 18, "total_time": 0.003042459487915039}, "reduce.setgrad": {"label": "reduce.setgrad", "average_duration": 0.00996745957268609, "n_events": 18, "total_time": 0.1794142723083496}, "reduce_times": [1.6258742809295654, 0.0128021240234375, 0.012729644775390625, 0.01891040802001953, 0.012591361999511719, 0.01262521743774414, 0.012492179870605469, 0.012986183166503906, 0.021263599395751953, 0.012602090835571289, 0.014362812042236328, 0.01829361915588379, 0.015348196029663086, 0.017575740814208984, 0.020422935485839844, 0.02281951904296875, 0.012478113174438477, 0.012481451034545898, 0.012385845184326172]}