{"batch": {"label": "batch", "average_duration": 0.1868740327857119, "n_events": 779, "total_time": 145.57487154006958}, "batch.accumulate": {"label": "batch.accumulate", "average_duration": 0.00265901339681525, "n_events": 38, "total_time": 0.10104250907897949}, "batch.backward": {"label": "batch.backward", "average_duration": 0.12468277811238947, "n_events": 779, "total_time": 97.12788414955139}, "batch.evaluate": {"label": "batch.evaluate", "average_duration": 0.0005909438616810163, "n_events": 779, "total_time": 0.4603452682495117}, "batch.forward": {"label": "batch.forward", "average_duration": 0.04167296124361599, "n_events": 779, "total_time": 32.463236808776855}, "batch.reduce": {"label": "batch.reduce", "average_duration": 0.010747106451737253, "n_events": 38, "total_time": 0.4083900451660156}, "batch.step": {"label": "batch.step", "average_duration": 0.008895758639863275, "n_events": 779, "total_time": 6.929795980453491}, "epoch_metrics.collect": {"label": "epoch_metrics.collect", "average_duration": 0.003426790237426758, "n_events": 3, "total_time": 0.010280370712280273}, "reduce.compress": {"label": "reduce.compress", "average_duration": 0.00040385597630550985, "n_events": 38, "total_time": 0.015346527099609375}, "reduce.decompress": {"label": "reduce.decompress", "average_duration": 8.43123385780736e-05, "n_events": 38, "total_time": 0.003203868865966797}, "reduce.flat_pack": {"label": "reduce.flat_pack", "average_duration": 0.0009201827802156147, "n_events": 38, "total_time": 0.03496694564819336}, "reduce.norm": {"label": "reduce.norm", "average_duration": 0.0003966594997205232, "n_events": 38, "total_time": 0.015073060989379883}, "reduce.reduce.vector": {"label": "reduce.reduce.vector", "average_duration": 0.00014175866779528166, "n_events": 38, "total_time": 0.005386829376220703}, "reduce.setgrad": {"label": "reduce.setgrad", "average_duration": 0.008347109744423315, "n_events": 38, "total_time": 0.31719017028808594}, "test.last": {"label": "test.last", "average_duration": 2.6669223308563232, "n_events": 3, "total_time": 8.00076699256897}}