{"batch": {"label": "batch", "average_duration": 0.20513378332058588, "n_events": 96, "total_time": 19.692843198776245}, "batch.accumulate": {"label": "batch.accumulate", "average_duration": 0.003089216020372179, "n_events": 18, "total_time": 0.05560588836669922}, "batch.backward": {"label": "batch.backward", "average_duration": 0.03007768342892329, "n_events": 96, "total_time": 2.8874576091766357}, "batch.evaluate": {"label": "batch.evaluate", "average_duration": 0.10857352366050084, "n_events": 96, "total_time": 10.423058271408081}, "batch.forward": {"label": "batch.forward", "average_duration": 0.024535981317361195, "n_events": 96, "total_time": 2.355454206466675}, "batch.reduce": {"label": "batch.reduce", "average_duration": 0.02883316410912408, "n_events": 18, "total_time": 0.5189969539642334}, "batch.step": {"label": "batch.step", "average_duration": 0.009427674114704132, "n_events": 96, "total_time": 0.9050567150115967}, "reduce.compress": {"label": "reduce.compress", "average_duration": 0.0004178550508287218, "n_events": 18, "total_time": 0.007521390914916992}, "reduce.decompress": {"label": "reduce.decompress", "average_duration": 9.143352508544922e-05, "n_events": 18, "total_time": 0.001645803451538086}, "reduce.flat_pack": {"label": "reduce.flat_pack", "average_duration": 0.0007813374201456705, "n_events": 18, "total_time": 0.01406407356262207}, "reduce.norm": {"label": "reduce.norm", "average_duration": 0.017731759283277724, "n_events": 18, "total_time": 0.319171667098999}, "reduce.reduce.vector": {"label": "reduce.reduce.vector", "average_duration": 0.00014665391710069444, "n_events": 18, "total_time": 0.0026397705078125}, "reduce.setgrad": {"label": "reduce.setgrad", "average_duration": 0.009106940693325467, "n_events": 18, "total_time": 0.1639249324798584}, "reduce_times": [1.7325379848480225, 0.02469635009765625, 0.024503707885742188, 0.035231590270996094, 0.030514240264892578, 0.025488615036010742, 0.027991771697998047, 0.03264617919921875, 0.026955366134643555, 0.031815290451049805, 0.030451059341430664, 0.026668310165405273, 0.03417611122131348, 0.02835392951965332, 0.031993865966796875, 0.03737759590148926, 0.023972749710083008, 0.026695966720581055, 0.01946425437927246]}