{"batch": {"label": "batch", "average_duration": 0.20536446322997412, "n_events": 96, "total_time": 19.714988470077515}, "batch.accumulate": {"label": "batch.accumulate", "average_duration": 0.0029805501302083335, "n_events": 18, "total_time": 0.05364990234375}, "batch.backward": {"label": "batch.backward", "average_duration": 0.027042719225088756, "n_events": 96, "total_time": 2.5961010456085205}, "batch.evaluate": {"label": "batch.evaluate", "average_duration": 0.11350006113449733, "n_events": 96, "total_time": 10.896005868911743}, "batch.forward": {"label": "batch.forward", "average_duration": 0.023298715551694233, "n_events": 96, "total_time": 2.2366766929626465}, "batch.reduce": {"label": "batch.reduce", "average_duration": 0.03014255894554986, "n_events": 18, "total_time": 0.5425660610198975}, "batch.step": {"label": "batch.step", "average_duration": 0.00880782057841619, "n_events": 96, "total_time": 0.8455507755279541}, "reduce.compress": {"label": "reduce.compress", "average_duration": 0.0004132986068725586, "n_events": 18, "total_time": 0.007439374923706055}, "reduce.decompress": {"label": "reduce.decompress", "average_duration": 8.348623911539714e-05, "n_events": 18, "total_time": 0.0015027523040771484}, "reduce.flat_pack": {"label": "reduce.flat_pack", "average_duration": 0.0007499191496107313, "n_events": 18, "total_time": 0.013498544692993164}, "reduce.norm": {"label": "reduce.norm", "average_duration": 0.019038836161295574, "n_events": 18, "total_time": 0.3426990509033203}, "reduce.reduce.vector": {"label": "reduce.reduce.vector", "average_duration": 0.0001380443572998047, "n_events": 18, "total_time": 0.0024847984313964844}, "reduce.setgrad": {"label": "reduce.setgrad", "average_duration": 0.00916743278503418, "n_events": 18, "total_time": 0.16501379013061523}, "reduce_times": [1.7537565231323242, 0.02382826805114746, 0.021862506866455078, 0.017278194427490234, 0.03218221664428711, 0.027552127838134766, 0.034739017486572266, 0.028512001037597656, 0.03532004356384277, 0.0319056510925293, 0.037177324295043945, 0.03449273109436035, 0.033399343490600586, 0.03489875793457031, 0.037436485290527344, 0.037224769592285156, 0.02512383460998535, 0.02258443832397461, 0.027048349380493164]}