{"batch": {"label": "batch", "average_duration": 0.08363797369691514, "n_events": 194, "total_time": 16.225766897201538}, "batch.accumulate": {"label": "batch.accumulate", "average_duration": 0.0009385535591527036, "n_events": 38, "total_time": 0.035665035247802734}, "batch.backward": {"label": "batch.backward", "average_duration": 0.06715237356952786, "n_events": 194, "total_time": 13.027560472488403}, "batch.evaluate": {"label": "batch.evaluate", "average_duration": 0.0011792772824002296, "n_events": 194, "total_time": 0.22877979278564453}, "batch.forward": {"label": "batch.forward", "average_duration": 0.0064614777712477854, "n_events": 194, "total_time": 1.2535266876220703}, "batch.reduce": {"label": "batch.reduce", "average_duration": 0.011930183360451147, "n_events": 38, "total_time": 0.45334696769714355}, "batch.step": {"label": "batch.step", "average_duration": 0.003354829611237516, "n_events": 194, "total_time": 0.6508369445800781}, "reduce.compress": {"label": "reduce.compress", "average_duration": 0.005598312930056923, "n_events": 38, "total_time": 0.21273589134216309}, "reduce.decompress": {"label": "reduce.decompress", "average_duration": 0.0010153180674502724, "n_events": 38, "total_time": 0.03858208656311035}, "reduce.flat_pack": {"label": "reduce.flat_pack", "average_duration": 0.0006493894677413138, "n_events": 38, "total_time": 0.024676799774169922}, "reduce.norm": {"label": "reduce.norm", "average_duration": 0.0005963099630255448, "n_events": 38, "total_time": 0.022659778594970703}, "reduce.reduce.vector": {"label": "reduce.reduce.vector", "average_duration": 0.000973619912800036, "n_events": 38, "total_time": 0.03699755668640137}, "reduce.setgrad": {"label": "reduce.setgrad", "average_duration": 0.002805195356670179, "n_events": 38, "total_time": 0.1065974235534668}}