{"batch": {"label": "batch", "average_duration": 0.167475459476312, "n_events": 96, "total_time": 16.077644109725952}, "batch.accumulate": {"label": "batch.accumulate", "average_duration": 0.0010325138767560322, "n_events": 96, "total_time": 0.0991213321685791}, "batch.backward": {"label": "batch.backward", "average_duration": 0.06395567456881206, "n_events": 96, "total_time": 6.139744758605957}, "batch.evaluate": {"label": "batch.evaluate", "average_duration": 0.001424148678779602, "n_events": 96, "total_time": 0.1367182731628418}, "batch.forward": {"label": "batch.forward", "average_duration": 0.006378298004468282, "n_events": 96, "total_time": 0.6123166084289551}, "batch.reduce": {"label": "batch.reduce", "average_duration": 0.0882175366083781, "n_events": 96, "total_time": 8.468883514404297}, "batch.step": {"label": "batch.step", "average_duration": 0.0032058383027712503, "n_events": 96, "total_time": 0.30776047706604004}, "reduce.allreduce": {"label": "reduce.allreduce", "average_duration": 0.08727933714787166, "n_events": 96, "total_time": 8.378816366195679}, "reduce.flat_pack": {"label": "reduce.flat_pack", "average_duration": 0.0007338573535283407, "n_events": 96, "total_time": 0.0704503059387207}}