{"batch": {"label": "batch", "average_duration": 1.1126385423326002, "n_events": 194, "total_time": 215.8518772125244}, "batch.accumulate": {"label": "batch.accumulate", "average_duration": 0.0027235918438311703, "n_events": 194, "total_time": 0.5283768177032471}, "batch.backward": {"label": "batch.backward", "average_duration": 0.12183119095477861, "n_events": 194, "total_time": 23.63525104522705}, "batch.evaluate": {"label": "batch.evaluate", "average_duration": 0.00080994846894569, "n_events": 194, "total_time": 0.15713000297546387}, "batch.forward": {"label": "batch.forward", "average_duration": 0.0410213126349695, "n_events": 194, "total_time": 7.958134651184082}, "batch.reduce": {"label": "batch.reduce", "average_duration": 0.9290171394643095, "n_events": 194, "total_time": 180.22932505607605}, "batch.step": {"label": "batch.step", "average_duration": 0.009029968497679406, "n_events": 194, "total_time": 1.7518138885498047}, "reduce.allreduce": {"label": "reduce.allreduce", "average_duration": 0.9279043748206699, "n_events": 194, "total_time": 180.01344871520996}, "reduce.flat_pack": {"label": "reduce.flat_pack", "average_duration": 0.0009172343716178973, "n_events": 194, "total_time": 0.17794346809387207}, "reduce_times": [0.1075282096862793, 0.9217119216918945, 0.9120709896087646, 0.9059772491455078, 0.9127304553985596, 0.9106884002685547, 0.915395975112915, 0.9200611114501953, 0.9199860095977783, 0.9151709079742432, 0.9063732624053955, 0.9089338779449463, 0.9152789115905762, 0.9137632846832275, 0.9137027263641357, 0.9197337627410889, 0.9123787879943848, 0.9211199283599854, 0.9103422164916992, 0.9218339920043945, 0.916013240814209, 0.916694164276123, 0.9114387035369873, 0.9174695014953613, 0.9255445003509521, 0.920809268951416, 0.9183273315429688, 0.9198446273803711, 0.9157798290252686, 0.9197134971618652, 0.9083294868469238, 0.9144477844238281, 0.9133508205413818, 0.917919397354126, 0.9102973937988281, 0.9156291484832764, 0.9096989631652832, 0.9312107563018799, 0.9285998344421387, 0.9333055019378662, 0.9261367321014404, 0.9236404895782471, 0.926119327545166, 0.9319238662719727, 0.9276597499847412, 0.9322025775909424, 0.9219427108764648, 0.9308013916015625, 0.9147789478302002, 0.9244608879089355, 0.9271030426025391, 0.9254636764526367, 0.9262182712554932, 0.9297802448272705, 0.9282741546630859, 0.9223818778991699, 0.9220447540283203, 0.9230637550354004, 0.925835132598877, 0.927055835723877, 0.929863691329956, 0.9266612529754639, 0.9238147735595703, 0.9209771156311035, 0.9230692386627197, 0.9223248958587646, 0.9341697692871094, 0.9257478713989258, 0.9137113094329834, 0.927138090133667, 0.9213945865631104, 0.9218571186065674, 0.9267206192016602, 0.9171924591064453, 0.9201176166534424, 0.9235334396362305, 0.9232127666473389, 0.9270377159118652, 0.9217274188995361, 0.9160773754119873, 0.9203071594238281, 0.9231605529785156, 0.9297263622283936, 0.9260447025299072, 0.9314360618591309, 0.9282376766204834, 0.927323579788208, 0.9259119033813477, 0.9254398345947266, 0.9313321113586426, 0.9334893226623535, 0.9323861598968506, 0.9225466251373291, 0.932581901550293, 0.9191713333129883, 0.9283037185668945, 0.9211761951446533, 0.935624361038208, 0.9299759864807129, 0.9305145740509033, 0.9267392158508301, 0.9287071228027344, 0.9310398101806641, 0.9292619228363037, 0.9228420257568359, 0.9203763008117676, 0.9311330318450928, 0.9381628036499023, 0.9268500804901123, 0.9385786056518555, 0.9281599521636963, 0.927565336227417, 0.9290409088134766, 0.9271285533905029, 0.9298462867736816, 0.9345493316650391, 0.9327099323272705, 0.9332349300384521, 0.9328353404998779, 0.9390263557434082, 0.9446394443511963, 0.9411675930023193, 0.9390497207641602, 0.9361214637756348, 0.9413456916809082, 0.9434289932250977, 0.9356329441070557, 0.935450553894043, 0.9374129772186279, 0.9337046146392822, 0.9273431301116943, 0.9234468936920166, 0.928227424621582, 0.9444468021392822, 0.9323337078094482, 0.9314157962799072, 0.9296815395355225, 0.9326295852661133, 0.9229991436004639, 0.9331254959106445, 0.9291534423828125, 0.9320342540740967, 0.9255170822143555, 0.9281854629516602, 0.9203486442565918, 0.9366605281829834, 0.9430134296417236, 0.9368095397949219, 0.940969705581665, 0.9381849765777588, 0.9451243877410889, 0.9473896026611328, 0.9436540603637695, 0.9365091323852539, 0.946906566619873, 0.9469218254089355, 0.9355835914611816, 0.9422833919525146, 0.9459030628204346, 0.9358127117156982, 0.9355499744415283, 0.9461231231689453, 0.9406976699829102, 0.9308924674987793, 0.9236564636230469, 0.9305679798126221, 0.9423122406005859, 0.9287481307983398, 0.9342050552368164, 0.9362268447875977, 0.9314534664154053, 0.9372615814208984, 0.9411263465881348, 0.9481356143951416, 0.9485189914703369, 0.937333345413208, 0.945275068283081, 0.9430553913116455, 0.940230131149292, 0.9365792274475098, 0.9316287040710449, 0.9344351291656494, 0.9270174503326416, 0.9559512138366699, 0.9424431324005127, 0.9455413818359375, 0.9442167282104492, 0.9461631774902344, 0.952232837677002, 0.9379196166992188, 0.9411032199859619, 0.9517390727996826, 0.9418630599975586, 0.9353830814361572, 0.945777177810669]}