{"batch": {"label": "batch", "average_duration": 0.1313650824806907, "n_events": 484, "total_time": 63.5806999206543}, "batch.accumulate": {"label": "batch.accumulate", "average_duration": 0.0007325898517261852, "n_events": 484, "total_time": 0.35457348823547363}, "batch.backward": {"label": "batch.backward", "average_duration": 0.06452662196041138, "n_events": 484, "total_time": 31.23088502883911}, "batch.evaluate": {"label": "batch.evaluate", "average_duration": 0.0005211608468993636, "n_events": 484, "total_time": 0.252241849899292}, "batch.forward": {"label": "batch.forward", "average_duration": 0.05500029877197644, "n_events": 484, "total_time": 26.620144605636597}, "batch.reduce": {"label": "batch.reduce", "average_duration": 0.005913261539679913, "n_events": 484, "total_time": 2.862018585205078}, "batch.step": {"label": "batch.step", "average_duration": 0.003294427040194677, "n_events": 484, "total_time": 1.5945026874542236}, "epoch_metrics.collect": {"label": "epoch_metrics.collect", "average_duration": 0.006122410297393799, "n_events": 4, "total_time": 0.024489641189575195}, "reduce.compress": {"label": "reduce.compress", "average_duration": 0.0003274807260056172, "n_events": 484, "total_time": 0.15850067138671875}, "reduce.decompress": {"label": "reduce.decompress", "average_duration": 9.064634969411802e-05, "n_events": 484, "total_time": 0.043872833251953125}, "reduce.flat_pack": {"label": "reduce.flat_pack", "average_duration": 0.00035391169146072764, "n_events": 484, "total_time": 0.1712932586669922}, "reduce.norm": {"label": "reduce.norm", "average_duration": 0.0015600968983547746, "n_events": 484, "total_time": 0.7550868988037109}, "reduce.reduce.vector": {"label": "reduce.reduce.vector", "average_duration": 0.0008081739599054509, "n_events": 484, "total_time": 0.3911561965942383}, "reduce.setgrad": {"label": "reduce.setgrad", "average_duration": 0.0023683900675497763, "n_events": 484, "total_time": 1.1463007926940918}, "test.last": {"label": "test.last", "average_duration": 1.1741947531700134, "n_events": 4, "total_time": 4.696779012680054}}