{"batch": {"label": "batch", "average_duration": 0.20630847225504473, "n_events": 484, "total_time": 99.85330057144165}, "batch.accumulate": {"label": "batch.accumulate", "average_duration": 0.001046387124652705, "n_events": 484, "total_time": 0.5064513683319092}, "batch.backward": {"label": "batch.backward", "average_duration": 0.06452589783786743, "n_events": 484, "total_time": 31.230534553527832}, "batch.evaluate": {"label": "batch.evaluate", "average_duration": 0.0010637739473137973, "n_events": 484, "total_time": 0.5148665904998779}, "batch.forward": {"label": "batch.forward", "average_duration": 0.05436795408075506, "n_events": 484, "total_time": 26.31408977508545}, "batch.reduce": {"label": "batch.reduce", "average_duration": 0.08022321699079403, "n_events": 484, "total_time": 38.82803702354431}, "batch.step": {"label": "batch.step", "average_duration": 0.0031343343829320484, "n_events": 484, "total_time": 1.5170178413391113}, "epoch_metrics.collect": {"label": "epoch_metrics.collect", "average_duration": 0.008424818515777588, "n_events": 4, "total_time": 0.03369927406311035}, "reduce.allreduce": {"label": "reduce.allreduce", "average_duration": 0.0795261776151736, "n_events": 484, "total_time": 38.49066996574402}, "reduce.flat_pack": {"label": "reduce.flat_pack", "average_duration": 0.00047025109125562934, "n_events": 484, "total_time": 0.2276015281677246}, "test.last": {"label": "test.last", "average_duration": 1.1756699085235596, "n_events": 4, "total_time": 4.702679634094238}}