{"batch": {"label": "batch", "average_duration": 0.08486459155877431, "n_events": 96, "total_time": 8.147000789642334}, "batch.accumulate": {"label": "batch.accumulate", "average_duration": 0.0009958520531654358, "n_events": 96, "total_time": 0.09560179710388184}, "batch.backward": {"label": "batch.backward", "average_duration": 0.06463222453991573, "n_events": 96, "total_time": 6.204693555831909}, "batch.evaluate": {"label": "batch.evaluate", "average_duration": 0.0013146549463272095, "n_events": 96, "total_time": 0.1262068748474121}, "batch.forward": {"label": "batch.forward", "average_duration": 0.006308108568191528, "n_events": 96, "total_time": 0.6055784225463867}, "batch.reduce": {"label": "batch.reduce", "average_duration": 0.005693083008130391, "n_events": 96, "total_time": 0.5465359687805176}, "batch.step": {"label": "batch.step", "average_duration": 0.0028872092564900718, "n_events": 96, "total_time": 0.2771720886230469}, "reduce.compress": {"label": "reduce.compress", "average_duration": 0.00037918736537297565, "n_events": 96, "total_time": 0.036401987075805664}, "reduce.decompress": {"label": "reduce.decompress", "average_duration": 8.260458707809448e-05, "n_events": 96, "total_time": 0.00793004035949707}, "reduce.flat_pack": {"label": "reduce.flat_pack", "average_duration": 0.0006942202647527059, "n_events": 96, "total_time": 0.06664514541625977}, "reduce.norm": {"label": "reduce.norm", "average_duration": 0.0007526402672131857, "n_events": 96, "total_time": 0.07225346565246582}, "reduce.reduce.vector": {"label": "reduce.reduce.vector", "average_duration": 0.00018026679754257202, "n_events": 96, "total_time": 0.017305612564086914}, "reduce.setgrad": {"label": "reduce.setgrad", "average_duration": 0.0029819458723068237, "n_events": 96, "total_time": 0.2862668037414551}}