{"batch": {"label": "batch", "average_duration": 0.10720539584602277, "n_events": 194, "total_time": 20.797846794128418}, "batch.accumulate": {"label": "batch.accumulate", "average_duration": 0.0018184566006218036, "n_events": 194, "total_time": 0.3527805805206299}, "batch.backward": {"label": "batch.backward", "average_duration": 0.007724942620267573, "n_events": 194, "total_time": 1.4986388683319092}, "batch.evaluate": {"label": "batch.evaluate", "average_duration": 0.014804865896087331, "n_events": 194, "total_time": 2.8721439838409424}, "batch.forward": {"label": "batch.forward", "average_duration": 0.0076706200530848555, "n_events": 194, "total_time": 1.488100290298462}, "batch.reduce": {"label": "batch.reduce", "average_duration": 0.008197827437489303, "n_events": 194, "total_time": 1.5903785228729248}, "batch.step": {"label": "batch.step", "average_duration": 0.011448169491954685, "n_events": 194, "total_time": 2.220944881439209}, "reduce.allreduce": {"label": "reduce.allreduce", "average_duration": 0.007475908269587252, "n_events": 194, "total_time": 1.4503262042999268}, "reduce.flat_pack": {"label": "reduce.flat_pack", "average_duration": 0.0005549597985965689, "n_events": 194, "total_time": 0.10766220092773438}, "reduce_times": [0.004843711853027344, 0.009743213653564453, 0.009328365325927734, 0.009123086929321289, 0.00883340835571289, 0.008487939834594727, 0.008664846420288086, 0.009094953536987305, 0.009063482284545898, 0.009015798568725586, 0.009113311767578125, 0.009151220321655273, 0.006732940673828125, 0.008986711502075195, 0.008367776870727539, 0.00835728645324707, 0.008332014083862305, 0.008974790573120117, 0.008561134338378906, 0.008456945419311523, 0.008649826049804688, 0.0077974796295166016, 0.009119749069213867, 0.009073257446289062, 0.008766651153564453, 0.008478164672851562, 0.008620977401733398, 0.0055811405181884766, 0.009045124053955078, 0.008977890014648438, 0.009028911590576172, 0.008951187133789062, 0.009322404861450195, 0.009072303771972656, 0.00903010368347168, 0.008851766586303711, 0.00912928581237793, 0.007523536682128906, 0.009066343307495117, 0.008552074432373047, 0.008195877075195312, 0.00866842269897461, 0.008676528930664062, 0.00844883918762207, 0.008786439895629883, 0.008462667465209961, 0.008629083633422852, 0.008293390274047852, 0.007213115692138672, 0.008430242538452148, 0.009078264236450195, 0.008157014846801758, 0.008365154266357422, 0.007985353469848633, 0.008722305297851562, 0.00767064094543457, 0.008415937423706055, 0.0069239139556884766, 0.007357597351074219, 0.011590003967285156, 0.008350133895874023, 0.00826120376586914, 0.008691549301147461, 0.007127046585083008, 0.008944988250732422, 0.008100271224975586, 0.007449150085449219, 0.008684158325195312, 0.006868600845336914, 0.008125066757202148, 0.008591890335083008, 0.007548332214355469, 0.008220911026000977, 0.007509946823120117, 0.0090484619140625, 0.007511138916015625, 0.009087800979614258, 0.007553577423095703, 0.00905299186706543, 0.007592201232910156, 0.00853276252746582, 0.007492542266845703, 0.008972883224487305, 0.007421970367431641, 0.009149312973022461, 0.007372856140136719, 0.008837223052978516, 0.007384777069091797, 0.008528470993041992, 0.007002592086791992, 0.008393287658691406, 0.00742030143737793, 0.009107112884521484, 0.007480144500732422, 0.007707834243774414, 0.008533000946044922, 0.007054567337036133, 0.00697016716003418, 0.009050846099853516, 0.007515668869018555, 0.008943796157836914, 0.007526874542236328, 0.009027957916259766, 0.007541656494140625, 0.008901596069335938, 0.007499217987060547, 0.00912928581237793, 0.00745701789855957, 0.008789539337158203, 0.007202863693237305, 0.008452177047729492, 0.00788259506225586, 0.007100582122802734, 0.00715947151184082, 0.009144067764282227, 0.0069429874420166016, 0.009044885635375977, 0.007421731948852539, 0.009161233901977539, 0.007553815841674805, 0.007548809051513672, 0.007424831390380859, 0.008916854858398438, 0.007203340530395508, 0.007516622543334961, 0.006973981857299805, 0.008994817733764648, 0.0074710845947265625, 0.008744239807128906, 0.007474660873413086, 0.007449626922607422, 0.00740814208984375, 0.008556604385375977, 0.0068972110748291016, 0.008149862289428711, 0.007477998733520508, 0.008019447326660156, 0.007437229156494141, 0.00821828842163086, 0.007108449935913086, 0.0069959163665771484, 0.00851297378540039, 0.009026527404785156, 0.009083032608032227, 0.007421255111694336, 0.009064912796020508, 0.0067865848541259766, 0.009152650833129883, 0.008716106414794922, 0.008984565734863281, 0.006796360015869141, 0.008590936660766602, 0.008396387100219727, 0.008135557174682617, 0.008544921875, 0.00830531120300293, 0.008512496948242188, 0.008896827697753906, 0.008490562438964844, 0.008625268936157227, 0.008302927017211914, 0.007390022277832031, 0.008523941040039062, 0.008776187896728516, 0.007421016693115234, 0.008223295211791992, 0.008358001708984375, 0.008447408676147461, 0.008348464965820312, 0.008321285247802734, 0.007236003875732422, 0.008131742477416992, 0.00751805305480957, 0.00859975814819336, 0.007526397705078125, 0.008427143096923828, 0.007536172866821289, 0.00825357437133789, 0.0073435306549072266, 0.008304357528686523, 0.0070416927337646484, 0.007838249206542969, 0.007463932037353516, 0.0074748992919921875, 0.008548259735107422, 0.00848698616027832, 0.007436275482177734, 0.008565425872802734, 0.006971120834350586, 0.008245706558227539, 0.008603572845458984, 0.007016897201538086, 0.007482290267944336, 0.0074520111083984375, 0.007501363754272461]}