{"batch": {"label": "batch", "average_duration": 0.04590251807771327, "n_events": 29249, "total_time": 1342.6027512550354}, "batch.accumulate": {"label": "batch.accumulate", "average_duration": 0.0009441917552072218, "n_events": 29249, "total_time": 27.61666464805603}, "batch.backward": {"label": "batch.backward", "average_duration": 0.022547390926491113, "n_events": 29249, "total_time": 659.4886372089386}, "batch.evaluate": {"label": "batch.evaluate", "average_duration": 0.0006452316406254173, "n_events": 29249, "total_time": 18.872380256652832}, "batch.forward": {"label": "batch.forward", "average_duration": 0.011325801473229745, "n_events": 29249, "total_time": 331.2683672904968}, "batch.reduce": {"label": "batch.reduce", "average_duration": 0.006865165804939566, "n_events": 29249, "total_time": 200.79923462867737}, "batch.step": {"label": "batch.step", "average_duration": 0.0022836837072756203, "n_events": 29249, "total_time": 66.79546475410461}, "epoch_metrics.collect": {"label": "epoch_metrics.collect", "average_duration": 0.010289028986988451, "n_events": 149, "total_time": 1.5330653190612793}, "reduce.compress": {"label": "reduce.compress", "average_duration": 0.0010144114025621611, "n_events": 29249, "total_time": 29.67051911354065}, "reduce.decompress": {"label": "reduce.decompress", "average_duration": 0.0001784505149295886, "n_events": 29249, "total_time": 5.219499111175537}, "reduce.flat_pack": {"label": "reduce.flat_pack", "average_duration": 0.0007417445313384779, "n_events": 29249, "total_time": 21.69528579711914}, "reduce.norm": {"label": "reduce.norm", "average_duration": 0.0008833491743933487, "n_events": 29249, "total_time": 25.837080001831055}, "reduce.reduce.vector": {"label": "reduce.reduce.vector", "average_duration": 0.00025885271991011243, "n_events": 29249, "total_time": 7.571183204650879}, "reduce.setgrad": {"label": "reduce.setgrad", "average_duration": 0.0029832651898075878, "n_events": 29249, "total_time": 87.25752353668213}, "test.last": {"label": "test.last", "average_duration": 0.9081949051594574, "n_events": 149, "total_time": 135.32104086875916}}