{"batch": {"label": "batch", "average_duration": 1.1025161374475538, "n_events": 194, "total_time": 213.88813066482544}, "batch.accumulate": {"label": "batch.accumulate", "average_duration": 0.003105625663835978, "n_events": 194, "total_time": 0.6024913787841797}, "batch.backward": {"label": "batch.backward", "average_duration": 0.6744518673297056, "n_events": 194, "total_time": 130.8436622619629}, "batch.evaluate": {"label": "batch.evaluate", "average_duration": 0.0008030994651243859, "n_events": 194, "total_time": 0.15580129623413086}, "batch.forward": {"label": "batch.forward", "average_duration": 0.31467620613648717, "n_events": 194, "total_time": 61.047183990478516}, "batch.reduce": {"label": "batch.reduce", "average_duration": 0.08852176322150476, "n_events": 194, "total_time": 17.173222064971924}, "batch.step": {"label": "batch.step", "average_duration": 0.010772654690693334, "n_events": 194, "total_time": 2.089895009994507}, "reduce.allreduce": {"label": "reduce.allreduce", "average_duration": 0.08640589419099473, "n_events": 194, "total_time": 16.76274347305298}, "reduce.flat_pack": {"label": "reduce.flat_pack", "average_duration": 0.0019307382327994121, "n_events": 194, "total_time": 0.37456321716308594}, "reduce_times": [0.09436225891113281, 0.08529424667358398, 0.08779454231262207, 0.08568024635314941, 0.08758044242858887, 0.08661627769470215, 0.08911871910095215, 0.08732008934020996, 0.08875632286071777, 0.08941221237182617, 0.08888101577758789, 0.08889651298522949, 0.08932900428771973, 0.08900833129882812, 0.08804583549499512, 0.08638286590576172, 0.08902454376220703, 0.08799147605895996, 0.08809685707092285, 0.0912013053894043, 0.08941769599914551, 0.0883188247680664, 0.08984756469726562, 0.086883544921875, 0.08796000480651855, 0.08710908889770508, 0.09198856353759766, 0.0873727798461914, 0.08689069747924805, 0.08659648895263672, 0.0888831615447998, 0.08946585655212402, 0.0931098461151123, 0.0873110294342041, 0.0892951488494873, 0.08716773986816406, 0.08854508399963379, 0.09003829956054688, 0.08749651908874512, 0.08732247352600098, 0.08627915382385254, 0.08817648887634277, 0.08916950225830078, 0.08990097045898438, 0.08874940872192383, 0.08649301528930664, 0.08668684959411621, 0.08544421195983887, 0.08637142181396484, 0.08916711807250977, 0.0875997543334961, 0.08736824989318848, 0.08783745765686035, 0.08505797386169434, 0.08943295478820801, 0.08749222755432129, 0.08990335464477539, 0.0869741439819336, 0.08797597885131836, 0.09073019027709961, 0.08992767333984375, 0.09040522575378418, 0.0857391357421875, 0.09009361267089844, 0.08838605880737305, 0.0864722728729248, 0.08824491500854492, 0.08695721626281738, 0.0884249210357666, 0.08635330200195312, 0.08869600296020508, 0.08698463439941406, 0.08696937561035156, 0.09205222129821777, 0.08496737480163574, 0.0895686149597168, 0.08721280097961426, 0.08822202682495117, 0.08805656433105469, 0.08998513221740723, 0.08696317672729492, 0.08892226219177246, 0.09445357322692871, 0.08666467666625977, 0.08803343772888184, 0.08694148063659668, 0.08768510818481445, 0.08965396881103516, 0.08562684059143066, 0.08596110343933105, 0.0896909236907959, 0.08546113967895508, 0.08940792083740234, 0.08994865417480469, 0.08687257766723633, 0.09208178520202637, 0.09022831916809082, 0.09428763389587402, 0.08662939071655273, 0.09131145477294922, 0.0866703987121582, 0.08630967140197754, 0.09052252769470215, 0.08664870262145996, 0.0915217399597168, 0.08985400199890137, 0.0918276309967041, 0.09191346168518066, 0.08933734893798828, 0.08585333824157715, 0.08521318435668945, 0.08802366256713867, 0.08837485313415527, 0.09026193618774414, 0.08807563781738281, 0.09128737449645996, 0.0884406566619873, 0.08528375625610352, 0.08795785903930664, 0.08775448799133301, 0.09073781967163086, 0.08939456939697266, 0.08966302871704102, 0.09040379524230957, 0.08616876602172852, 0.08945965766906738, 0.09016013145446777, 0.08529520034790039, 0.09342455863952637, 0.08814811706542969, 0.08843755722045898, 0.08940410614013672, 0.08898377418518066, 0.08994340896606445, 0.08876395225524902, 0.08923959732055664, 0.09152698516845703, 0.08713674545288086, 0.08773207664489746, 0.08968067169189453, 0.08755922317504883, 0.08639168739318848, 0.08525466918945312, 0.0904843807220459, 0.08937883377075195, 0.08725953102111816, 0.08902406692504883, 0.08768725395202637, 0.0896139144897461, 0.08938860893249512, 0.08690237998962402, 0.0894784927368164, 0.0887606143951416, 0.09146642684936523, 0.08837771415710449, 0.08677363395690918, 0.08740234375, 0.08864355087280273, 0.08805274963378906, 0.08697390556335449, 0.08851313591003418, 0.08894467353820801, 0.08732223510742188, 0.08723115921020508, 0.0914602279663086, 0.08830571174621582, 0.08874154090881348, 0.08718395233154297, 0.08784747123718262, 0.08836555480957031, 0.08824944496154785, 0.09240007400512695, 0.08612489700317383, 0.09132885932922363, 0.09101414680480957, 0.08499932289123535, 0.08654356002807617, 0.08499765396118164, 0.08980321884155273, 0.09248685836791992, 0.08771538734436035, 0.0889275074005127, 0.0899648666381836, 0.08913111686706543, 0.0906982421875, 0.08981585502624512, 0.09370851516723633, 0.08632612228393555, 0.09046816825866699, 0.0884552001953125, 0.08633899688720703, 0.0921182632446289, 0.08683562278747559, 0.09115219116210938, 0.08718538284301758]}