{"batch": {"label": "batch", "average_duration": 0.36712320195030923, "n_events": 194, "total_time": 71.22190117835999}, "batch.accumulate": {"label": "batch.accumulate", "average_duration": 0.002662652417233116, "n_events": 38, "total_time": 0.1011807918548584}, "batch.backward": {"label": "batch.backward", "average_duration": 0.12213390512564748, "n_events": 194, "total_time": 23.69397759437561}, "batch.evaluate": {"label": "batch.evaluate", "average_duration": 0.0005866547220761014, "n_events": 194, "total_time": 0.11381101608276367}, "batch.forward": {"label": "batch.forward", "average_duration": 0.0410351335387869, "n_events": 194, "total_time": 7.960815906524658}, "batch.reduce": {"label": "batch.reduce", "average_duration": 0.8789059362913433, "n_events": 38, "total_time": 33.398425579071045}, "batch.step": {"label": "batch.step", "average_duration": 0.008167559338599136, "n_events": 194, "total_time": 1.5845065116882324}, "reduce.compress": {"label": "reduce.compress", "average_duration": 0.0004288271853798314, "n_events": 38, "total_time": 0.016295433044433594}, "reduce.decompress": {"label": "reduce.decompress", "average_duration": 8.425587101986534e-05, "n_events": 38, "total_time": 0.003201723098754883}, "reduce.flat_pack": {"label": "reduce.flat_pack", "average_duration": 0.0009205215855648643, "n_events": 38, "total_time": 0.034979820251464844}, "reduce.norm": {"label": "reduce.norm", "average_duration": 0.8669782375034533, "n_events": 38, "total_time": 32.945173025131226}, "reduce.reduce.vector": {"label": "reduce.reduce.vector", "average_duration": 0.00181344935768529, "n_events": 38, "total_time": 0.06891107559204102}, "reduce.setgrad": {"label": "reduce.setgrad", "average_duration": 0.008221776861893503, "n_events": 38, "total_time": 0.3124275207519531}}