{"batch": {"label": "batch", "average_duration": 0.1500382423400879, "n_events": 484, "total_time": 72.61850929260254}, "batch.accumulate": {"label": "batch.accumulate", "average_duration": 0.0007138863082759636, "n_events": 484, "total_time": 0.3455209732055664}, "batch.backward": {"label": "batch.backward", "average_duration": 0.06366186890720336, "n_events": 484, "total_time": 30.812344551086426}, "batch.evaluate": {"label": "batch.evaluate", "average_duration": 0.000536798938246798, "n_events": 484, "total_time": 0.2598106861114502}, "batch.forward": {"label": "batch.forward", "average_duration": 0.0541750980802804, "n_events": 484, "total_time": 26.220747470855713}, "batch.reduce": {"label": "batch.reduce", "average_duration": 0.026292129489015943, "n_events": 484, "total_time": 12.725390672683716}, "batch.step": {"label": "batch.step", "average_duration": 0.0032352233721205026, "n_events": 484, "total_time": 1.5658481121063232}, "epoch_metrics.collect": {"label": "epoch_metrics.collect", "average_duration": 0.005229055881500244, "n_events": 4, "total_time": 0.020916223526000977}, "reduce.compress": {"label": "reduce.compress", "average_duration": 0.0020936028031278246, "n_events": 484, "total_time": 1.0133037567138672}, "reduce.decompress": {"label": "reduce.decompress", "average_duration": 0.0002734400024098798, "n_events": 484, "total_time": 0.13234496116638184}, "reduce.flat_pack": {"label": "reduce.flat_pack", "average_duration": 0.0003580032301343177, "n_events": 484, "total_time": 0.17327356338500977}, "reduce.norm": {"label": "reduce.norm", "average_duration": 0.0023691003972833805, "n_events": 484, "total_time": 1.1466445922851562}, "reduce.reduce.vector": {"label": "reduce.reduce.vector", "average_duration": 0.018486473185956972, "n_events": 484, "total_time": 8.947453022003174}, "reduce.setgrad": {"label": "reduce.setgrad", "average_duration": 0.0023826104550322227, "n_events": 484, "total_time": 1.1531834602355957}, "test.last": {"label": "test.last", "average_duration": 1.1704552173614502, "n_events": 4, "total_time": 4.681820869445801}}