{"batch": {"label": "batch", "average_duration": 1.0967191760404122, "n_events": 193, "total_time": 211.66680097579956}, "batch.accumulate": {"label": "batch.accumulate", "average_duration": 0.0028371292074727272, "n_events": 193, "total_time": 0.5475659370422363}, "batch.backward": {"label": "batch.backward", "average_duration": 0.7443632573043745, "n_events": 193, "total_time": 143.66210865974426}, "batch.evaluate": {"label": "batch.evaluate", "average_duration": 0.0005284282209959672, "n_events": 193, "total_time": 0.10198664665222168}, "batch.forward": {"label": "batch.forward", "average_duration": 0.2671159845559708, "n_events": 193, "total_time": 51.55338501930237}, "batch.reduce": {"label": "batch.reduce", "average_duration": 0.0653630340655233, "n_events": 193, "total_time": 12.615065574645996}, "batch.step": {"label": "batch.step", "average_duration": 0.012245498172977428, "n_events": 193, "total_time": 2.3633811473846436}, "epoch_metrics.collect": {"label": "epoch_metrics.collect", "average_duration": 0.0011777877807617188, "n_events": 1, "total_time": 0.0011777877807617188}, "reduce.compress": {"label": "reduce.compress", "average_duration": 0.02434338559758478, "n_events": 193, "total_time": 4.698273420333862}, "reduce.decompress": {"label": "reduce.decompress", "average_duration": 0.00349569567744596, "n_events": 193, "total_time": 0.6746692657470703}, "reduce.flat_pack": {"label": "reduce.flat_pack", "average_duration": 0.001922955784772962, "n_events": 193, "total_time": 0.37113046646118164}, "reduce.norm": {"label": "reduce.norm", "average_duration": 0.02025708386317436, "n_events": 193, "total_time": 3.9096171855926514}, "reduce.reduce.vector": {"label": "reduce.reduce.vector", "average_duration": 0.007289636938065445, "n_events": 193, "total_time": 1.4068999290466309}, "reduce.setgrad": {"label": "reduce.setgrad", "average_duration": 0.007806868133149616, "n_events": 193, "total_time": 1.506725549697876}, "test.last": {"label": "test.last", "average_duration": 5.109885215759277, "n_events": 1, "total_time": 5.109885215759277}}