{"batch": {"label": "batch", "average_duration": 0.20786827554305395, "n_events": 96, "total_time": 19.95535445213318}, "batch.accumulate": {"label": "batch.accumulate", "average_duration": 0.0030560518304506936, "n_events": 96, "total_time": 0.2933809757232666}, "batch.backward": {"label": "batch.backward", "average_duration": 0.02770720173915227, "n_events": 96, "total_time": 2.659891366958618}, "batch.evaluate": {"label": "batch.evaluate", "average_duration": 0.11207593729098637, "n_events": 96, "total_time": 10.759289979934692}, "batch.forward": {"label": "batch.forward", "average_duration": 0.025079185763994854, "n_events": 96, "total_time": 2.407601833343506}, "batch.reduce": {"label": "batch.reduce", "average_duration": 0.022103150685628254, "n_events": 96, "total_time": 2.1219024658203125}, "batch.step": {"label": "batch.step", "average_duration": 0.009053312242031097, "n_events": 96, "total_time": 0.8691179752349854}, "reduce.compress": {"label": "reduce.compress", "average_duration": 0.0009739225109418234, "n_events": 96, "total_time": 0.09349656105041504}, "reduce.decompress": {"label": "reduce.decompress", "average_duration": 0.00021754701932271323, "n_events": 96, "total_time": 0.02088451385498047}, "reduce.flat_pack": {"label": "reduce.flat_pack", "average_duration": 0.0007366885741551717, "n_events": 96, "total_time": 0.07072210311889648}, "reduce.norm": {"label": "reduce.norm", "average_duration": 0.010946733256181082, "n_events": 96, "total_time": 1.0508863925933838}, "reduce.reduce.vector": {"label": "reduce.reduce.vector", "average_duration": 0.00012182941039403279, "n_events": 96, "total_time": 0.011695623397827148}, "reduce.setgrad": {"label": "reduce.setgrad", "average_duration": 0.008830572168032328, "n_events": 96, "total_time": 0.8477349281311035}, "reduce_times": [0.2789640426635742, 0.016817092895507812, 0.022945880889892578, 0.020876646041870117, 0.022212505340576172, 0.0224149227142334, 0.016695499420166016, 0.020709514617919922, 0.029163837432861328, 0.019826412200927734, 0.017328262329101562, 0.022507429122924805, 0.030133962631225586, 0.021497249603271484, 0.014616012573242188, 0.019921064376831055, 0.028416872024536133, 0.021221637725830078, 0.017513275146484375, 0.021675586700439453, 0.029682636260986328, 0.021567106246948242, 0.016707181930541992, 0.022883892059326172, 0.02764153480529785, 0.023192644119262695, 0.021318435668945312, 0.016318559646606445, 0.028849363327026367, 0.02038121223449707, 0.021007537841796875, 0.023004770278930664, 0.021514415740966797, 0.027390241622924805, 0.02159738540649414, 0.020639419555664062, 0.020956754684448242, 0.02896428108215332, 0.02105402946472168, 0.02003622055053711, 0.020376920700073242, 0.028429508209228516, 0.021216154098510742, 0.020434141159057617, 0.022222042083740234, 0.02812027931213379, 0.023546218872070312, 0.021219968795776367, 0.013555288314819336, 0.0231475830078125, 0.021509885787963867, 0.02300858497619629, 0.02126598358154297, 0.02893686294555664, 0.02097487449645996, 0.0216522216796875, 0.02207326889038086, 0.02047252655029297, 0.022458791732788086, 0.020879268646240234, 0.020537853240966797, 0.023346900939941406, 0.02167057991027832, 0.023973464965820312, 0.021874427795410156, 0.021822452545166016, 0.02307891845703125, 0.024163246154785156, 0.02288031578063965, 0.022807598114013672, 0.022986888885498047, 0.02425098419189453, 0.02027273178100586, 0.02302098274230957, 0.022976160049438477, 0.024111509323120117, 0.023422718048095703, 0.022339582443237305, 0.023386716842651367, 0.0239560604095459, 0.02337503433227539, 0.02172994613647461, 0.021134614944458008, 0.02426624298095703, 0.021177053451538086, 0.021711111068725586, 0.024829626083374023, 0.020659923553466797, 0.018523454666137695, 0.021439552307128906, 0.021216392517089844, 0.018789052963256836, 0.019711971282958984, 0.018850326538085938, 0.021647214889526367, 0.019309043884277344, 0.019950151443481445]}