{"batch": {"label": "batch", "average_duration": 0.09144168595472972, "n_events": 96, "total_time": 8.778401851654053}, "batch.accumulate": {"label": "batch.accumulate", "average_duration": 0.0010264342029889424, "n_events": 96, "total_time": 0.09853768348693848}, "batch.backward": {"label": "batch.backward", "average_duration": 0.06544380883375804, "n_events": 96, "total_time": 6.2826056480407715}, "batch.evaluate": {"label": "batch.evaluate", "average_duration": 0.0011180986960728962, "n_events": 96, "total_time": 0.10733747482299805}, "batch.forward": {"label": "batch.forward", "average_duration": 0.0065184906125068665, "n_events": 96, "total_time": 0.6257750988006592}, "batch.reduce": {"label": "batch.reduce", "average_duration": 0.01132564495007197, "n_events": 96, "total_time": 1.0872619152069092}, "batch.step": {"label": "batch.step", "average_duration": 0.002933459977308909, "n_events": 96, "total_time": 0.2816121578216553}, "reduce.compress": {"label": "reduce.compress", "average_duration": 0.0050989290078481036, "n_events": 96, "total_time": 0.48949718475341797}, "reduce.decompress": {"label": "reduce.decompress", "average_duration": 0.001006518801053365, "n_events": 96, "total_time": 0.09662580490112305}, "reduce.flat_pack": {"label": "reduce.flat_pack", "average_duration": 0.0006692608197530111, "n_events": 96, "total_time": 0.06424903869628906}, "reduce.norm": {"label": "reduce.norm", "average_duration": 0.0007249489426612854, "n_events": 96, "total_time": 0.0695950984954834}, "reduce.reduce.vector": {"label": "reduce.reduce.vector", "average_duration": 0.0004978328943252563, "n_events": 96, "total_time": 0.04779195785522461}, "reduce.setgrad": {"label": "reduce.setgrad", "average_duration": 0.00305404265721639, "n_events": 96, "total_time": 0.29318809509277344}}