{"batch": {"label": "batch", "average_duration": 0.2051203816207414, "n_events": 194, "total_time": 39.79335403442383}, "batch.accumulate": {"label": "batch.accumulate", "average_duration": 0.0027747977640210967, "n_events": 194, "total_time": 0.5383107662200928}, "batch.backward": {"label": "batch.backward", "average_duration": 0.1221587461294587, "n_events": 194, "total_time": 23.69879674911499}, "batch.evaluate": {"label": "batch.evaluate", "average_duration": 0.0005927798674278653, "n_events": 194, "total_time": 0.11499929428100586}, "batch.forward": {"label": "batch.forward", "average_duration": 0.04107331983821908, "n_events": 194, "total_time": 7.968224048614502}, "batch.reduce": {"label": "batch.reduce", "average_duration": 0.021721063200960455, "n_events": 194, "total_time": 4.213886260986328}, "batch.step": {"label": "batch.step", "average_duration": 0.008821917563369594, "n_events": 194, "total_time": 1.7114520072937012}, "reduce.compress": {"label": "reduce.compress", "average_duration": 0.01010256821347266, "n_events": 194, "total_time": 1.9598982334136963}, "reduce.decompress": {"label": "reduce.decompress", "average_duration": 0.0015141251160926425, "n_events": 194, "total_time": 0.29374027252197266}, "reduce.flat_pack": {"label": "reduce.flat_pack", "average_duration": 0.0008796748426771656, "n_events": 194, "total_time": 0.17065691947937012}, "reduce.norm": {"label": "reduce.norm", "average_duration": 0.00045548517679430776, "n_events": 194, "total_time": 0.0883641242980957}, "reduce.setgrad": {"label": "reduce.setgrad", "average_duration": 0.008531067789215403, "n_events": 194, "total_time": 1.655027151107788}}