{"batch": {"label": "batch", "average_duration": 0.18608095728117843, "n_events": 290, "total_time": 53.96347761154175}, "batch.accumulate": {"label": "batch.accumulate", "average_duration": 0.0031065146128336587, "n_events": 18, "total_time": 0.05591726303100586}, "batch.backward": {"label": "batch.backward", "average_duration": 0.025804014863639042, "n_events": 290, "total_time": 7.483164310455322}, "batch.evaluate": {"label": "batch.evaluate", "average_duration": 0.11653565538340602, "n_events": 290, "total_time": 33.795340061187744}, "batch.forward": {"label": "batch.forward", "average_duration": 0.0239155859782778, "n_events": 290, "total_time": 6.9355199337005615}, "batch.reduce": {"label": "batch.reduce", "average_duration": 0.02336116631825765, "n_events": 18, "total_time": 0.4205009937286377}, "batch.step": {"label": "batch.step", "average_duration": 0.009471111462034028, "n_events": 290, "total_time": 2.746622323989868}, "epoch_metrics.collect": {"label": "epoch_metrics.collect", "average_duration": 0.005751848220825195, "n_events": 2, "total_time": 0.01150369644165039}, "reduce.compress": {"label": "reduce.compress", "average_duration": 0.0004290872149997287, "n_events": 18, "total_time": 0.007723569869995117}, "reduce.decompress": {"label": "reduce.decompress", "average_duration": 8.572472466362847e-05, "n_events": 18, "total_time": 0.0015430450439453125}, "reduce.flat_pack": {"label": "reduce.flat_pack", "average_duration": 0.0007485283745659722, "n_events": 18, "total_time": 0.0134735107421875}, "reduce.norm": {"label": "reduce.norm", "average_duration": 0.012814309861924913, "n_events": 18, "total_time": 0.23065757751464844}, "reduce.reduce.vector": {"label": "reduce.reduce.vector", "average_duration": 0.0001512500974867079, "n_events": 18, "total_time": 0.002722501754760742}, "reduce.setgrad": {"label": "reduce.setgrad", "average_duration": 0.008831527498033311, "n_events": 18, "total_time": 0.1589674949645996}, "test.last": {"label": "test.last", "average_duration": 1.497268557548523, "n_events": 2, "total_time": 2.994537115097046}, "reduce_times": [0.04300379753112793, 0.03334379196166992, 0.028682470321655273, 0.01156759262084961, 0.023959875106811523, 0.019350767135620117, 0.011833667755126953, 0.02465534210205078, 0.02828693389892578, 0.022105932235717773, 0.01817154884338379, 0.022301673889160156, 0.01147913932800293, 0.05618715286254883, 0.011030912399291992, 0.011420965194702148, 0.02797555923461914, 0.026712417602539062, 0.031435251235961914]}