{"batch": {"label": "batch", "average_duration": 0.18653779276486102, "n_events": 290, "total_time": 54.09595990180969}, "batch.accumulate": {"label": "batch.accumulate", "average_duration": 0.0031749804814656577, "n_events": 18, "total_time": 0.057149648666381836}, "batch.backward": {"label": "batch.backward", "average_duration": 0.12403012555221031, "n_events": 290, "total_time": 35.96873641014099}, "batch.evaluate": {"label": "batch.evaluate", "average_duration": 0.0007433965288359543, "n_events": 290, "total_time": 0.21558499336242676}, "batch.forward": {"label": "batch.forward", "average_duration": 0.04150539102225468, "n_events": 290, "total_time": 12.036563396453857}, "batch.reduce": {"label": "batch.reduce", "average_duration": 0.02531119187672933, "n_events": 18, "total_time": 0.45560145378112793}, "batch.step": {"label": "batch.step", "average_duration": 0.009831014994917245, "n_events": 290, "total_time": 2.850994348526001}, "epoch_metrics.collect": {"label": "epoch_metrics.collect", "average_duration": 0.0015884637832641602, "n_events": 2, "total_time": 0.0031769275665283203}, "reduce.compress": {"label": "reduce.compress", "average_duration": 0.003283010588751899, "n_events": 18, "total_time": 0.05909419059753418}, "reduce.decompress": {"label": "reduce.decompress", "average_duration": 0.0002994007534450955, "n_events": 18, "total_time": 0.005389213562011719}, "reduce.flat_pack": {"label": "reduce.flat_pack", "average_duration": 0.0010077423519558376, "n_events": 18, "total_time": 0.018139362335205078}, "reduce.norm": {"label": "reduce.norm", "average_duration": 0.01014913452996148, "n_events": 18, "total_time": 0.18268442153930664}, "reduce.reduce.vector": {"label": "reduce.reduce.vector", "average_duration": 0.000736130608452691, "n_events": 18, "total_time": 0.013250350952148438}, "reduce.setgrad": {"label": "reduce.setgrad", "average_duration": 0.009516583548651801, "n_events": 18, "total_time": 0.17129850387573242}, "test.last": {"label": "test.last", "average_duration": 1.4972652196884155, "n_events": 2, "total_time": 2.994530439376831}, "reduce_times": [0.016843080520629883, 0.01573777198791504, 0.015691518783569336, 0.04561901092529297, 0.01592421531677246, 0.01553964614868164, 0.07181191444396973, 0.015572547912597656, 0.015496253967285156, 0.015368461608886719, 0.015462875366210938, 0.01565074920654297, 0.07994437217712402, 0.015709400177001953, 0.020191669464111328, 0.033464670181274414, 0.015921831130981445, 0.016514062881469727, 0.01598048210144043]}