{"batch": {"label": "batch", "average_duration": 0.18616226212731724, "n_events": 290, "total_time": 53.987056016922}, "batch.accumulate": {"label": "batch.accumulate", "average_duration": 0.0029673311445448133, "n_events": 18, "total_time": 0.05341196060180664}, "batch.backward": {"label": "batch.backward", "average_duration": 0.02526968923108331, "n_events": 290, "total_time": 7.32820987701416}, "batch.evaluate": {"label": "batch.evaluate", "average_duration": 0.1124357190625421, "n_events": 290, "total_time": 32.60635852813721}, "batch.forward": {"label": "batch.forward", "average_duration": 0.025998996866160425, "n_events": 290, "total_time": 7.539709091186523}, "batch.reduce": {"label": "batch.reduce", "average_duration": 0.05774750974443224, "n_events": 18, "total_time": 1.0394551753997803}, "batch.step": {"label": "batch.step", "average_duration": 0.009108019697255101, "n_events": 290, "total_time": 2.6413257122039795}, "epoch_metrics.collect": {"label": "epoch_metrics.collect", "average_duration": 0.031411170959472656, "n_events": 2, "total_time": 0.06282234191894531}, "reduce.compress": {"label": "reduce.compress", "average_duration": 0.00043050448099772137, "n_events": 18, "total_time": 0.007749080657958984}, "reduce.decompress": {"label": "reduce.decompress", "average_duration": 8.873144785563151e-05, "n_events": 18, "total_time": 0.0015971660614013672}, "reduce.flat_pack": {"label": "reduce.flat_pack", "average_duration": 0.0007766882578531901, "n_events": 18, "total_time": 0.013980388641357422}, "reduce.norm": {"label": "reduce.norm", "average_duration": 0.04739415645599365, "n_events": 18, "total_time": 0.8530948162078857}, "reduce.reduce.vector": {"label": "reduce.reduce.vector", "average_duration": 0.00015241569942898222, "n_events": 18, "total_time": 0.0027434825897216797}, "reduce.setgrad": {"label": "reduce.setgrad", "average_duration": 0.008601453569200303, "n_events": 18, "total_time": 0.15482616424560547}, "test.last": {"label": "test.last", "average_duration": 1.4972314834594727, "n_events": 2, "total_time": 2.9944629669189453}, "reduce_times": [0.10496926307678223, 0.06258559226989746, 0.03829145431518555, 0.07780814170837402, 0.05866742134094238, 0.03435659408569336, 0.05265021324157715, 0.04435467720031738, 0.04619240760803223, 0.040457963943481445, 0.04545283317565918, 0.044063568115234375, 0.06602287292480469, 0.09763360023498535, 0.07479047775268555, 0.07870912551879883, 0.019129037857055664, 0.08231639862060547, 0.0759727954864502]}