{"batch": {"label": "batch", "average_duration": 0.03891625049448514, "n_events": 29249, "total_time": 1138.2614107131958}, "batch.accumulate": {"label": "batch.accumulate", "average_duration": 0.0009386655711230301, "n_events": 1169, "total_time": 1.0973000526428223}, "batch.backward": {"label": "batch.backward", "average_duration": 0.022507129487773204, "n_events": 29249, "total_time": 658.3110303878784}, "batch.evaluate": {"label": "batch.evaluate", "average_duration": 0.0006064259336318247, "n_events": 29249, "total_time": 17.73735213279724}, "batch.forward": {"label": "batch.forward", "average_duration": 0.011384944629822435, "n_events": 29249, "total_time": 332.9982454776764}, "batch.reduce": {"label": "batch.reduce", "average_duration": 0.006624593604212648, "n_events": 1169, "total_time": 7.744149923324585}, "batch.step": {"label": "batch.step", "average_duration": 0.002711131554871951, "n_events": 29249, "total_time": 79.2978868484497}, "epoch_metrics.collect": {"label": "epoch_metrics.collect", "average_duration": 0.003776006250573485, "n_events": 149, "total_time": 0.5626249313354492}, "reduce.compress": {"label": "reduce.compress", "average_duration": 0.0004478771529511777, "n_events": 1169, "total_time": 0.5235683917999268}, "reduce.decompress": {"label": "reduce.decompress", "average_duration": 8.926440549773778e-05, "n_events": 1169, "total_time": 0.10435009002685547}, "reduce.flat_pack": {"label": "reduce.flat_pack", "average_duration": 0.0008048132202174543, "n_events": 1169, "total_time": 0.9408266544342041}, "reduce.norm": {"label": "reduce.norm", "average_duration": 0.0013328761091795204, "n_events": 1169, "total_time": 1.5581321716308594}, "reduce.reduce.vector": {"label": "reduce.reduce.vector", "average_duration": 0.00032873802250322874, "n_events": 1169, "total_time": 0.3842947483062744}, "reduce.setgrad": {"label": "reduce.setgrad", "average_duration": 0.003125367356325644, "n_events": 1169, "total_time": 3.6535544395446777}, "test.last": {"label": "test.last", "average_duration": 0.9070649931094791, "n_events": 149, "total_time": 135.15268397331238}}