{"batch": {"label": "batch", "average_duration": 0.08155716268509781, "n_events": 193, "total_time": 15.740532398223877}, "batch.accumulate": {"label": "batch.accumulate", "average_duration": 0.0010962353812323676, "n_events": 18, "total_time": 0.019732236862182617}, "batch.backward": {"label": "batch.backward", "average_duration": 0.006178144346247065, "n_events": 193, "total_time": 1.1923818588256836}, "batch.evaluate": {"label": "batch.evaluate", "average_duration": 0.06133566495668085, "n_events": 193, "total_time": 11.837783336639404}, "batch.forward": {"label": "batch.forward", "average_duration": 0.00557595213460181, "n_events": 193, "total_time": 1.0761587619781494}, "batch.reduce": {"label": "batch.reduce", "average_duration": 0.0192081265979343, "n_events": 18, "total_time": 0.3457462787628174}, "batch.step": {"label": "batch.step", "average_duration": 0.003234322206961676, "n_events": 193, "total_time": 0.6242241859436035}, "epoch_metrics.collect": {"label": "epoch_metrics.collect", "average_duration": 0.0013899803161621094, "n_events": 1, "total_time": 0.0013899803161621094}, "reduce.compress": {"label": "reduce.compress", "average_duration": 0.0010092390908135308, "n_events": 18, "total_time": 0.018166303634643555}, "reduce.decompress": {"label": "reduce.decompress", "average_duration": 0.0002338886260986328, "n_events": 18, "total_time": 0.004209995269775391}, "reduce.flat_pack": {"label": "reduce.flat_pack", "average_duration": 0.0003013478385077582, "n_events": 18, "total_time": 0.0054242610931396484}, "reduce.norm": {"label": "reduce.norm", "average_duration": 0.014146844546000162, "n_events": 18, "total_time": 0.25464320182800293}, "reduce.reduce.vector": {"label": "reduce.reduce.vector", "average_duration": 0.00013071960873074003, "n_events": 18, "total_time": 0.0023529529571533203}, "reduce.setgrad": {"label": "reduce.setgrad", "average_duration": 0.0030757056342230905, "n_events": 18, "total_time": 0.055362701416015625}, "test.last": {"label": "test.last", "average_duration": 1.3514988422393799, "n_events": 1, "total_time": 1.3514988422393799}}