{"batch": {"label": "batch", "average_duration": 0.0820772407590881, "n_events": 387, "total_time": 31.76389217376709}, "batch.accumulate": {"label": "batch.accumulate", "average_duration": 0.0011109775967068141, "n_events": 18, "total_time": 0.019997596740722656}, "batch.backward": {"label": "batch.backward", "average_duration": 0.0669089829890919, "n_events": 387, "total_time": 25.893776416778564}, "batch.evaluate": {"label": "batch.evaluate", "average_duration": 0.001192360269314867, "n_events": 387, "total_time": 0.4614434242248535}, "batch.forward": {"label": "batch.forward", "average_duration": 0.006509779035583023, "n_events": 387, "total_time": 2.51928448677063}, "batch.reduce": {"label": "batch.reduce", "average_duration": 0.0179440975189209, "n_events": 18, "total_time": 0.32299375534057617}, "batch.step": {"label": "batch.step", "average_duration": 0.00352739178857138, "n_events": 387, "total_time": 1.365100622177124}, "epoch_metrics.collect": {"label": "epoch_metrics.collect", "average_duration": 0.0010873476664225261, "n_events": 3, "total_time": 0.003262042999267578}, "reduce.compress": {"label": "reduce.compress", "average_duration": 0.005127615398830838, "n_events": 18, "total_time": 0.09229707717895508}, "reduce.decompress": {"label": "reduce.decompress", "average_duration": 0.0010199679268731012, "n_events": 18, "total_time": 0.01835942268371582}, "reduce.flat_pack": {"label": "reduce.flat_pack", "average_duration": 0.0007396009233262804, "n_events": 18, "total_time": 0.013312816619873047}, "reduce.norm": {"label": "reduce.norm", "average_duration": 0.007097601890563965, "n_events": 18, "total_time": 0.12775683403015137}, "reduce.reduce.vector": {"label": "reduce.reduce.vector", "average_duration": 0.000504612922668457, "n_events": 18, "total_time": 0.009083032608032227}, "reduce.setgrad": {"label": "reduce.setgrad", "average_duration": 0.0031148195266723633, "n_events": 18, "total_time": 0.05606675148010254}, "test.last": {"label": "test.last", "average_duration": 1.3234790166219075, "n_events": 3, "total_time": 3.9704370498657227}}