{"batch": {"label": "batch", "average_duration": 0.1864514239998751, "n_events": 387, "total_time": 72.15670108795166}, "batch.accumulate": {"label": "batch.accumulate", "average_duration": 0.0029587348302205405, "n_events": 18, "total_time": 0.05325722694396973}, "batch.backward": {"label": "batch.backward", "average_duration": 0.12302225751162191, "n_events": 387, "total_time": 47.60961365699768}, "batch.evaluate": {"label": "batch.evaluate", "average_duration": 0.0007272542909134266, "n_events": 387, "total_time": 0.2814474105834961}, "batch.forward": {"label": "batch.forward", "average_duration": 0.04134077434391938, "n_events": 387, "total_time": 15.998879671096802}, "batch.reduce": {"label": "batch.reduce", "average_duration": 0.06290305985344781, "n_events": 18, "total_time": 1.1322550773620605}, "batch.step": {"label": "batch.step", "average_duration": 0.009402538146775514, "n_events": 387, "total_time": 3.638782262802124}, "epoch_metrics.collect": {"label": "epoch_metrics.collect", "average_duration": 0.03636614481608073, "n_events": 3, "total_time": 0.10909843444824219}, "reduce.compress": {"label": "reduce.compress", "average_duration": 0.007929497294955783, "n_events": 18, "total_time": 0.1427309513092041}, "reduce.decompress": {"label": "reduce.decompress", "average_duration": 0.0015197992324829102, "n_events": 18, "total_time": 0.027356386184692383}, "reduce.flat_pack": {"label": "reduce.flat_pack", "average_duration": 0.0009762446085611979, "n_events": 18, "total_time": 0.017572402954101562}, "reduce.norm": {"label": "reduce.norm", "average_duration": 0.04267965422736274, "n_events": 18, "total_time": 0.7682337760925293}, "reduce.reduce.vector": {"label": "reduce.reduce.vector", "average_duration": 0.0007169379128350152, "n_events": 18, "total_time": 0.012904882431030273}, "reduce.setgrad": {"label": "reduce.setgrad", "average_duration": 0.008727894888983833, "n_events": 18, "total_time": 0.15710210800170898}, "test.last": {"label": "test.last", "average_duration": 1.5059080123901367, "n_events": 3, "total_time": 4.51772403717041}}