{"batch": {"label": "batch", "average_duration": 0.1319633554821172, "n_events": 484, "total_time": 63.87026405334473}, "batch.accumulate": {"label": "batch.accumulate", "average_duration": 0.0006746506888019152, "n_events": 484, "total_time": 0.32653093338012695}, "batch.backward": {"label": "batch.backward", "average_duration": 0.06251342680828631, "n_events": 484, "total_time": 30.25649857521057}, "batch.evaluate": {"label": "batch.evaluate", "average_duration": 0.0004952062260020863, "n_events": 484, "total_time": 0.23967981338500977}, "batch.forward": {"label": "batch.forward", "average_duration": 0.05321048508005694, "n_events": 484, "total_time": 25.75387477874756}, "batch.reduce": {"label": "batch.reduce", "average_duration": 0.010793573600201568, "n_events": 484, "total_time": 5.224089622497559}, "batch.step": {"label": "batch.step", "average_duration": 0.002936389328034456, "n_events": 484, "total_time": 1.4212124347686768}, "epoch_metrics.collect": {"label": "epoch_metrics.collect", "average_duration": 0.005320429801940918, "n_events": 4, "total_time": 0.021281719207763672}, "reduce.compress": {"label": "reduce.compress", "average_duration": 0.00031525586262222166, "n_events": 484, "total_time": 0.15258383750915527}, "reduce.decompress": {"label": "reduce.decompress", "average_duration": 8.200515400279652e-05, "n_events": 484, "total_time": 0.039690494537353516}, "reduce.flat_pack": {"label": "reduce.flat_pack", "average_duration": 0.00034208189357410777, "n_events": 484, "total_time": 0.16556763648986816}, "reduce.norm": {"label": "reduce.norm", "average_duration": 0.006209407956146997, "n_events": 484, "total_time": 3.0053534507751465}, "reduce.reduce.vector": {"label": "reduce.reduce.vector", "average_duration": 0.0009975113159368847, "n_events": 484, "total_time": 0.48279547691345215}, "reduce.setgrad": {"label": "reduce.setgrad", "average_duration": 0.002461289078736108, "n_events": 484, "total_time": 1.1912639141082764}, "test.last": {"label": "test.last", "average_duration": 1.1754087209701538, "n_events": 4, "total_time": 4.701634883880615}}