{"batch": {"label": "batch", "average_duration": 0.357731331197709, "n_events": 193, "total_time": 69.04214692115784}, "batch.accumulate": {"label": "batch.accumulate", "average_duration": 0.0028598176108466256, "n_events": 18, "total_time": 0.05147671699523926}, "batch.backward": {"label": "batch.backward", "average_duration": 0.1222356008124475, "n_events": 193, "total_time": 23.591470956802368}, "batch.evaluate": {"label": "batch.evaluate", "average_duration": 0.0007846516031057724, "n_events": 193, "total_time": 0.15143775939941406}, "batch.forward": {"label": "batch.forward", "average_duration": 0.041100521779430965, "n_events": 193, "total_time": 7.932400703430176}, "batch.reduce": {"label": "batch.reduce", "average_duration": 1.6765805350409613, "n_events": 18, "total_time": 30.178449630737305}, "batch.step": {"label": "batch.step", "average_duration": 0.009212927497112689, "n_events": 193, "total_time": 1.778095006942749}, "epoch_metrics.collect": {"label": "epoch_metrics.collect", "average_duration": 0.7139618396759033, "n_events": 1, "total_time": 0.7139618396759033}, "reduce.compress": {"label": "reduce.compress", "average_duration": 0.0067642927169799805, "n_events": 18, "total_time": 0.12175726890563965}, "reduce.decompress": {"label": "reduce.decompress", "average_duration": 0.00022367636362711588, "n_events": 18, "total_time": 0.004026174545288086}, "reduce.flat_pack": {"label": "reduce.flat_pack", "average_duration": 0.001001808378431532, "n_events": 18, "total_time": 0.018032550811767578}, "reduce.norm": {"label": "reduce.norm", "average_duration": 1.65959456231859, "n_events": 18, "total_time": 29.87270212173462}, "reduce.setgrad": {"label": "reduce.setgrad", "average_duration": 0.008506867620680068, "n_events": 18, "total_time": 0.1531236171722412}, "test.last": {"label": "test.last", "average_duration": 2.236252546310425, "n_events": 1, "total_time": 2.236252546310425}}