{"batch": {"label": "batch", "average_duration": 0.35688514574634383, "n_events": 389, "total_time": 138.82832169532776}, "batch.accumulate": {"label": "batch.accumulate", "average_duration": 0.0028105660488730983, "n_events": 38, "total_time": 0.10680150985717773}, "batch.backward": {"label": "batch.backward", "average_duration": 0.12226672160288363, "n_events": 389, "total_time": 47.56175470352173}, "batch.evaluate": {"label": "batch.evaluate", "average_duration": 0.0005972887985504072, "n_events": 389, "total_time": 0.2323453426361084}, "batch.forward": {"label": "batch.forward", "average_duration": 0.0411327124254869, "n_events": 389, "total_time": 16.000625133514404}, "batch.reduce": {"label": "batch.reduce", "average_duration": 1.7410628168206466, "n_events": 38, "total_time": 66.16038703918457}, "batch.step": {"label": "batch.step", "average_duration": 0.008497891511892598, "n_events": 389, "total_time": 3.3056797981262207}, "epoch_metrics.collect": {"label": "epoch_metrics.collect", "average_duration": 0.01317596435546875, "n_events": 1, "total_time": 0.01317596435546875}, "reduce.compress": {"label": "reduce.compress", "average_duration": 0.022347651029887953, "n_events": 38, "total_time": 0.8492107391357422}, "reduce.decompress": {"label": "reduce.decompress", "average_duration": 0.0015173962241724918, "n_events": 38, "total_time": 0.05766105651855469}, "reduce.flat_pack": {"label": "reduce.flat_pack", "average_duration": 0.000914605040299265, "n_events": 38, "total_time": 0.03475499153137207}, "reduce.norm": {"label": "reduce.norm", "average_duration": 1.7071840951317234, "n_events": 38, "total_time": 64.8729956150055}, "reduce.setgrad": {"label": "reduce.setgrad", "average_duration": 0.008813312179163882, "n_events": 38, "total_time": 0.33490586280822754}, "test.last": {"label": "test.last", "average_duration": 4.19272255897522, "n_events": 1, "total_time": 4.19272255897522}}