{"batch": {"label": "batch", "average_duration": 0.09088733047246933, "n_events": 96, "total_time": 8.725183725357056}, "batch.accumulate": {"label": "batch.accumulate", "average_duration": 0.001117055614789327, "n_events": 96, "total_time": 0.10723733901977539}, "batch.backward": {"label": "batch.backward", "average_duration": 0.006791663666566213, "n_events": 96, "total_time": 0.6519997119903564}, "batch.evaluate": {"label": "batch.evaluate", "average_duration": 0.05739930272102356, "n_events": 96, "total_time": 5.510333061218262}, "batch.forward": {"label": "batch.forward", "average_duration": 0.005686307946840922, "n_events": 96, "total_time": 0.5458855628967285}, "batch.reduce": {"label": "batch.reduce", "average_duration": 0.013552926480770111, "n_events": 96, "total_time": 1.3010809421539307}, "batch.step": {"label": "batch.step", "average_duration": 0.0032220358649889627, "n_events": 96, "total_time": 0.30931544303894043}, "reduce.compress": {"label": "reduce.compress", "average_duration": 0.0010194157560666401, "n_events": 96, "total_time": 0.09786391258239746}, "reduce.decompress": {"label": "reduce.decompress", "average_duration": 0.00022786855697631836, "n_events": 96, "total_time": 0.021875381469726562}, "reduce.flat_pack": {"label": "reduce.flat_pack", "average_duration": 0.0003046641747156779, "n_events": 96, "total_time": 0.029247760772705078}, "reduce.norm": {"label": "reduce.norm", "average_duration": 0.008199607332547506, "n_events": 96, "total_time": 0.7871623039245605}, "reduce.reduce.vector": {"label": "reduce.reduce.vector", "average_duration": 0.00013056894143422446, "n_events": 96, "total_time": 0.012534618377685547}, "reduce.setgrad": {"label": "reduce.setgrad", "average_duration": 0.0033859610557556152, "n_events": 96, "total_time": 0.32505226135253906}, "reduce_times": [0.10714340209960938, 0.02478623390197754, 0.014806509017944336, 0.01416635513305664, 0.011854171752929688, 0.008730411529541016, 0.011788129806518555, 0.016288280487060547, 0.017122983932495117, 0.010950088500976562, 0.010379791259765625, 0.014799833297729492, 0.013566732406616211, 0.012518167495727539, 0.013631820678710938, 0.015159368515014648, 0.01462864875793457, 0.014712810516357422, 0.011192083358764648, 0.014447689056396484, 0.01134800910949707, 0.013187170028686523, 0.012768268585205078, 0.01424551010131836, 0.014014005661010742, 0.014850854873657227, 0.012605905532836914, 0.015190601348876953, 0.014020442962646484, 0.012755393981933594, 0.011850595474243164, 0.013798236846923828, 0.013579130172729492, 0.01596355438232422, 0.013234138488769531, 0.013945341110229492, 0.014589548110961914, 0.01386404037475586, 0.013841867446899414, 0.013501167297363281, 0.012995243072509766, 0.012938261032104492, 0.012288808822631836, 0.014057159423828125, 0.0125885009765625, 0.013059616088867188, 0.012917280197143555, 0.013763189315795898, 0.01287984848022461, 0.013938426971435547, 0.013392925262451172, 0.026656150817871094, 0.016553163528442383, 0.0136566162109375, 0.01184844970703125, 0.017084360122680664, 0.012201786041259766, 0.013360738754272461, 0.012924671173095703, 0.013921976089477539, 0.013636112213134766, 0.013845205307006836, 0.013866662979125977, 0.014337301254272461, 0.013784646987915039, 0.012000083923339844, 0.01663374900817871, 0.012315750122070312, 0.012894630432128906, 0.010950565338134766, 0.014685392379760742, 0.012590169906616211, 0.01565718650817871, 0.012851953506469727, 0.014466524124145508, 0.013628721237182617, 0.012952804565429688, 0.013704776763916016, 0.0126495361328125, 0.015981435775756836, 0.010283470153808594, 0.014173030853271484, 0.014547348022460938, 0.014715194702148438, 0.012702465057373047, 0.013911724090576172, 0.013402462005615234, 0.013235807418823242, 0.011104345321655273, 0.0056459903717041016, 0.011055946350097656, 0.011428117752075195, 0.011246919631958008, 0.01184535026550293, 0.012380838394165039, 0.011557817459106445, 0.01269984245300293]}