{"batch": {"label": "batch", "average_duration": 0.1332184091087215, "n_events": 484, "total_time": 64.47771000862122}, "batch.accumulate": {"label": "batch.accumulate", "average_duration": 0.0007358488957744, "n_events": 484, "total_time": 0.35615086555480957}, "batch.backward": {"label": "batch.backward", "average_duration": 0.06318087272407595, "n_events": 484, "total_time": 30.57954239845276}, "batch.evaluate": {"label": "batch.evaluate", "average_duration": 0.0005548020039708162, "n_events": 484, "total_time": 0.268524169921875}, "batch.forward": {"label": "batch.forward", "average_duration": 0.05368826901617129, "n_events": 484, "total_time": 25.985122203826904}, "batch.reduce": {"label": "batch.reduce", "average_duration": 0.010645125523086421, "n_events": 484, "total_time": 5.152240753173828}, "batch.step": {"label": "batch.step", "average_duration": 0.003038763999938965, "n_events": 484, "total_time": 1.470761775970459}, "epoch_metrics.collect": {"label": "epoch_metrics.collect", "average_duration": 0.006210446357727051, "n_events": 4, "total_time": 0.024841785430908203}, "reduce.compress": {"label": "reduce.compress", "average_duration": 0.0015579787167635832, "n_events": 484, "total_time": 0.7540616989135742}, "reduce.decompress": {"label": "reduce.decompress", "average_duration": 0.00019695591335454262, "n_events": 484, "total_time": 0.09532666206359863}, "reduce.flat_pack": {"label": "reduce.flat_pack", "average_duration": 0.00035667468693630755, "n_events": 484, "total_time": 0.17263054847717285}, "reduce.norm": {"label": "reduce.norm", "average_duration": 0.0048014556080841824, "n_events": 484, "total_time": 2.323904514312744}, "reduce.reduce.vector": {"label": "reduce.reduce.vector", "average_duration": 0.0008820290407858605, "n_events": 484, "total_time": 0.42690205574035645}, "reduce.setgrad": {"label": "reduce.setgrad", "average_duration": 0.002421318992110323, "n_events": 484, "total_time": 1.1719183921813965}, "test.last": {"label": "test.last", "average_duration": 1.1709569096565247, "n_events": 4, "total_time": 4.683827638626099}}