{"batch": {"label": "batch", "average_duration": 0.08240880002629572, "n_events": 193, "total_time": 15.904898405075073}, "batch.accumulate": {"label": "batch.accumulate", "average_duration": 0.0011039574940999348, "n_events": 18, "total_time": 0.019871234893798828}, "batch.backward": {"label": "batch.backward", "average_duration": 0.00595483508134753, "n_events": 193, "total_time": 1.1492831707000732}, "batch.evaluate": {"label": "batch.evaluate", "average_duration": 0.06099082645356964, "n_events": 193, "total_time": 11.77122950553894}, "batch.forward": {"label": "batch.forward", "average_duration": 0.0056152269630234475, "n_events": 193, "total_time": 1.0837388038635254}, "batch.reduce": {"label": "batch.reduce", "average_duration": 0.03278888596428765, "n_events": 18, "total_time": 0.5901999473571777}, "batch.step": {"label": "batch.step", "average_duration": 0.003294123269115705, "n_events": 193, "total_time": 0.635765790939331}, "epoch_metrics.collect": {"label": "epoch_metrics.collect", "average_duration": 0.0011506080627441406, "n_events": 1, "total_time": 0.0011506080627441406}, "reduce.compress": {"label": "reduce.compress", "average_duration": 0.0010042587916056316, "n_events": 18, "total_time": 0.018076658248901367}, "reduce.decompress": {"label": "reduce.decompress", "average_duration": 0.00022066964043511284, "n_events": 18, "total_time": 0.003972053527832031}, "reduce.flat_pack": {"label": "reduce.flat_pack", "average_duration": 0.00030296378665500216, "n_events": 18, "total_time": 0.005453348159790039}, "reduce.norm": {"label": "reduce.norm", "average_duration": 0.02780285146501329, "n_events": 18, "total_time": 0.5004513263702393}, "reduce.reduce.vector": {"label": "reduce.reduce.vector", "average_duration": 0.00012524922688802084, "n_events": 18, "total_time": 0.002254486083984375}, "reduce.setgrad": {"label": "reduce.setgrad", "average_duration": 0.0030261145697699655, "n_events": 18, "total_time": 0.054470062255859375}, "test.last": {"label": "test.last", "average_duration": 1.3513531684875488, "n_events": 1, "total_time": 1.3513531684875488}, "reduce_times": [0.05668473243713379, 0.029603958129882812, 0.021615982055664062, 0.026959657669067383, 0.023874282836914062, 0.025544166564941406, 0.036675214767456055, 0.03634977340698242, 0.02696537971496582, 0.012355804443359375, 0.03670668601989746, 0.04603171348571777, 0.04795956611633301, 0.044708967208862305, 0.048692941665649414, 0.03815031051635742, 0.02947235107421875, 0.02875494956970215, 0.029778242111206055]}