{"batch": {"label": "batch", "average_duration": 0.18580426418196017, "n_events": 387, "total_time": 71.90625023841858}, "batch.accumulate": {"label": "batch.accumulate", "average_duration": 0.0030266973707411024, "n_events": 18, "total_time": 0.054480552673339844}, "batch.backward": {"label": "batch.backward", "average_duration": 0.025554372974760466, "n_events": 387, "total_time": 9.8895423412323}, "batch.evaluate": {"label": "batch.evaluate", "average_duration": 0.11318926971396119, "n_events": 387, "total_time": 43.80424737930298}, "batch.forward": {"label": "batch.forward", "average_duration": 0.024451444315355876, "n_events": 387, "total_time": 9.462708950042725}, "batch.reduce": {"label": "batch.reduce", "average_duration": 0.09581409560309516, "n_events": 18, "total_time": 1.724653720855713}, "batch.step": {"label": "batch.step", "average_duration": 0.009251169456067935, "n_events": 387, "total_time": 3.580202579498291}, "epoch_metrics.collect": {"label": "epoch_metrics.collect", "average_duration": 0.04901599884033203, "n_events": 3, "total_time": 0.1470479965209961}, "reduce.compress": {"label": "reduce.compress", "average_duration": 0.0004712608125474718, "n_events": 18, "total_time": 0.008482694625854492}, "reduce.decompress": {"label": "reduce.decompress", "average_duration": 9.691715240478516e-05, "n_events": 18, "total_time": 0.0017445087432861328}, "reduce.flat_pack": {"label": "reduce.flat_pack", "average_duration": 0.0008372465769449869, "n_events": 18, "total_time": 0.015070438385009766}, "reduce.norm": {"label": "reduce.norm", "average_duration": 0.08440256118774414, "n_events": 18, "total_time": 1.5192461013793945}, "reduce.reduce.vector": {"label": "reduce.reduce.vector", "average_duration": 0.00015551514095730253, "n_events": 18, "total_time": 0.0027992725372314453}, "reduce.setgrad": {"label": "reduce.setgrad", "average_duration": 0.009516782230801053, "n_events": 18, "total_time": 0.17130208015441895}, "test.last": {"label": "test.last", "average_duration": 1.5089411735534668, "n_events": 3, "total_time": 4.5268235206604}}