{"batch": {"label": "batch", "average_duration": 0.18602790696984423, "n_events": 387, "total_time": 71.99279999732971}, "batch.accumulate": {"label": "batch.accumulate", "average_duration": 0.0029324955410427516, "n_events": 18, "total_time": 0.05278491973876953}, "batch.backward": {"label": "batch.backward", "average_duration": 0.024212158311553086, "n_events": 387, "total_time": 9.370105266571045}, "batch.evaluate": {"label": "batch.evaluate", "average_duration": 0.11728182812377771, "n_events": 387, "total_time": 45.38806748390198}, "batch.forward": {"label": "batch.forward", "average_duration": 0.023563948712607686, "n_events": 387, "total_time": 9.119248151779175}, "batch.reduce": {"label": "batch.reduce", "average_duration": 0.061930802133348256, "n_events": 18, "total_time": 1.1147544384002686}, "batch.step": {"label": "batch.step", "average_duration": 0.009103804595710696, "n_events": 387, "total_time": 3.523172378540039}, "epoch_metrics.collect": {"label": "epoch_metrics.collect", "average_duration": 0.02573537826538086, "n_events": 3, "total_time": 0.07720613479614258}, "reduce.compress": {"label": "reduce.compress", "average_duration": 0.0004507568147447374, "n_events": 18, "total_time": 0.008113622665405273}, "reduce.decompress": {"label": "reduce.decompress", "average_duration": 9.532769521077474e-05, "n_events": 18, "total_time": 0.0017158985137939453}, "reduce.flat_pack": {"label": "reduce.flat_pack", "average_duration": 0.000767668088277181, "n_events": 18, "total_time": 0.013818025588989258}, "reduce.norm": {"label": "reduce.norm", "average_duration": 0.051420238282945424, "n_events": 18, "total_time": 0.9255642890930176}, "reduce.reduce.vector": {"label": "reduce.reduce.vector", "average_duration": 0.00016170077853732638, "n_events": 18, "total_time": 0.002910614013671875}, "reduce.setgrad": {"label": "reduce.setgrad", "average_duration": 0.008705549769931369, "n_events": 18, "total_time": 0.15669989585876465}, "test.last": {"label": "test.last", "average_duration": 1.5090173085530598, "n_events": 3, "total_time": 4.52705192565918}}