{"batch": {"label": "batch", "average_duration": 0.28256051276009186, "n_events": 974, "total_time": 275.21393942832947}, "batch.accumulate": {"label": "batch.accumulate", "average_duration": 0.002950034102375258, "n_events": 974, "total_time": 2.873333215713501}, "batch.backward": {"label": "batch.backward", "average_duration": 0.1436084633735171, "n_events": 974, "total_time": 139.87464332580566}, "batch.evaluate": {"label": "batch.evaluate", "average_duration": 0.0006902305986846986, "n_events": 974, "total_time": 0.6722846031188965}, "batch.forward": {"label": "batch.forward", "average_duration": 0.06606362634615731, "n_events": 974, "total_time": 64.34597206115723}, "batch.reduce": {"label": "batch.reduce", "average_duration": 0.045761556840775194, "n_events": 974, "total_time": 44.57175636291504}, "batch.step": {"label": "batch.step", "average_duration": 0.01598406498926621, "n_events": 974, "total_time": 15.568479299545288}, "epoch_metrics.collect": {"label": "epoch_metrics.collect", "average_duration": 0.0015872716903686523, "n_events": 4, "total_time": 0.006349086761474609}, "reduce.compress": {"label": "reduce.compress", "average_duration": 0.023904697361423248, "n_events": 974, "total_time": 23.283175230026245}, "reduce.decompress": {"label": "reduce.decompress", "average_duration": 0.003417390572706532, "n_events": 974, "total_time": 3.328538417816162}, "reduce.flat_pack": {"label": "reduce.flat_pack", "average_duration": 0.0012817656969387674, "n_events": 974, "total_time": 1.2484397888183594}, "reduce.norm": {"label": "reduce.norm", "average_duration": 0.0008965745354090383, "n_events": 974, "total_time": 0.8732635974884033}, "reduce.reduce.vector": {"label": "reduce.reduce.vector", "average_duration": 0.006621441801960218, "n_events": 974, "total_time": 6.449284315109253}, "reduce.setgrad": {"label": "reduce.setgrad", "average_duration": 0.009419461540128172, "n_events": 974, "total_time": 9.174555540084839}, "test.last": {"label": "test.last", "average_duration": 3.0607263445854187, "n_events": 4, "total_time": 12.242905378341675}}