{"batch": {"label": "batch", "average_duration": 0.14297945538828197, "n_events": 484, "total_time": 69.20205640792847}, "batch.accumulate": {"label": "batch.accumulate", "average_duration": 0.0023012511001145545, "n_events": 484, "total_time": 1.1138055324554443}, "batch.backward": {"label": "batch.backward", "average_duration": 0.08210360412755288, "n_events": 484, "total_time": 39.738144397735596}, "batch.evaluate": {"label": "batch.evaluate", "average_duration": 0.0005027169038441556, "n_events": 484, "total_time": 0.2433149814605713}, "batch.forward": {"label": "batch.forward", "average_duration": 0.03583442228884736, "n_events": 484, "total_time": 17.343860387802124}, "batch.reduce": {"label": "batch.reduce", "average_duration": 0.010143837652915766, "n_events": 484, "total_time": 4.9096174240112305}, "batch.step": {"label": "batch.step", "average_duration": 0.008180554740685077, "n_events": 484, "total_time": 3.959388494491577}, "epoch_metrics.collect": {"label": "epoch_metrics.collect", "average_duration": 0.008713185787200928, "n_events": 4, "total_time": 0.03485274314880371}, "reduce.compress": {"label": "reduce.compress", "average_duration": 0.00032352711543563967, "n_events": 484, "total_time": 0.1565871238708496}, "reduce.decompress": {"label": "reduce.decompress", "average_duration": 7.253047848535964e-05, "n_events": 484, "total_time": 0.03510475158691406}, "reduce.flat_pack": {"label": "reduce.flat_pack", "average_duration": 0.0008387339016622748, "n_events": 484, "total_time": 0.405947208404541}, "reduce.norm": {"label": "reduce.norm", "average_duration": 0.0013108253479003906, "n_events": 484, "total_time": 0.6344394683837891}, "reduce.reduce.vector": {"label": "reduce.reduce.vector", "average_duration": 0.00019022797750047415, "n_events": 484, "total_time": 0.09207034111022949}, "reduce.setgrad": {"label": "reduce.setgrad", "average_duration": 0.0070461827861376045, "n_events": 484, "total_time": 3.4103524684906006}, "test.last": {"label": "test.last", "average_duration": 0.838292121887207, "n_events": 4, "total_time": 3.353168487548828}}