{"batch": {"label": "batch", "average_duration": 0.10721023877461751, "n_events": 96, "total_time": 10.292182922363281}, "batch.accumulate": {"label": "batch.accumulate", "average_duration": 0.0010213752587636311, "n_events": 96, "total_time": 0.0980520248413086}, "batch.backward": {"label": "batch.backward", "average_duration": 0.06395694861809413, "n_events": 96, "total_time": 6.139867067337036}, "batch.evaluate": {"label": "batch.evaluate", "average_duration": 0.00138043612241745, "n_events": 96, "total_time": 0.1325218677520752}, "batch.forward": {"label": "batch.forward", "average_duration": 0.00635121762752533, "n_events": 96, "total_time": 0.6097168922424316}, "batch.reduce": {"label": "batch.reduce", "average_duration": 0.028229624032974243, "n_events": 96, "total_time": 2.7100439071655273}, "batch.step": {"label": "batch.step", "average_duration": 0.003126325706640879, "n_events": 96, "total_time": 0.3001272678375244}, "reduce.compress": {"label": "reduce.compress", "average_duration": 0.002104945480823517, "n_events": 96, "total_time": 0.20207476615905762}, "reduce.decompress": {"label": "reduce.decompress", "average_duration": 0.00032270699739456177, "n_events": 96, "total_time": 0.03097987174987793}, "reduce.flat_pack": {"label": "reduce.flat_pack", "average_duration": 0.0006991028785705566, "n_events": 96, "total_time": 0.06711387634277344}, "reduce.norm": {"label": "reduce.norm", "average_duration": 0.003233492374420166, "n_events": 96, "total_time": 0.31041526794433594}, "reduce.reduce.vector": {"label": "reduce.reduce.vector", "average_duration": 0.018391400575637817, "n_events": 96, "total_time": 1.7655744552612305}, "reduce.setgrad": {"label": "reduce.setgrad", "average_duration": 0.0030859336256980896, "n_events": 96, "total_time": 0.2962496280670166}}