{"batch": {"label": "batch", "average_duration": 0.05085508180009413, "n_events": 29249, "total_time": 1487.4602875709534}, "batch.accumulate": {"label": "batch.accumulate", "average_duration": 0.0010733884592749791, "n_events": 29249, "total_time": 31.395539045333862}, "batch.backward": {"label": "batch.backward", "average_duration": 0.007592004720376224, "n_events": 29249, "total_time": 222.05854606628418}, "batch.evaluate": {"label": "batch.evaluate", "average_duration": 0.01839997728542041, "n_events": 29249, "total_time": 538.1809356212616}, "batch.forward": {"label": "batch.forward", "average_duration": 0.004619213547550587, "n_events": 29249, "total_time": 135.10737705230713}, "batch.reduce": {"label": "batch.reduce", "average_duration": 0.01029621687883915, "n_events": 29249, "total_time": 301.15404748916626}, "batch.step": {"label": "batch.step", "average_duration": 0.005746272654528333, "n_events": 29249, "total_time": 168.0727288722992}, "epoch_metrics.collect": {"label": "epoch_metrics.collect", "average_duration": 0.002164440667069198, "n_events": 149, "total_time": 0.32250165939331055}, "reduce.compress": {"label": "reduce.compress", "average_duration": 0.0008802667202601136, "n_events": 29249, "total_time": 25.74692130088806}, "reduce.decompress": {"label": "reduce.decompress", "average_duration": 0.0002063036070933256, "n_events": 29249, "total_time": 6.034174203872681}, "reduce.flat_pack": {"label": "reduce.flat_pack", "average_duration": 0.0003057118542047887, "n_events": 29249, "total_time": 8.941766023635864}, "reduce.norm": {"label": "reduce.norm", "average_duration": 0.004220766794408887, "n_events": 29249, "total_time": 123.45320796966553}, "reduce.reduce.vector": {"label": "reduce.reduce.vector", "average_duration": 0.00011507677149131134, "n_events": 29249, "total_time": 3.3658804893493652}, "reduce.setgrad": {"label": "reduce.setgrad", "average_duration": 0.003580851213981516, "n_events": 29249, "total_time": 104.73631715774536}, "test.last": {"label": "test.last", "average_duration": 1.0504696977218526, "n_events": 149, "total_time": 156.51998496055603}}