{"batch": {"label": "batch", "average_duration": 0.050504715936873286, "n_events": 29249, "total_time": 1477.2124364376068}, "batch.accumulate": {"label": "batch.accumulate", "average_duration": 0.0010919230359815737, "n_events": 29249, "total_time": 31.93765687942505}, "batch.backward": {"label": "batch.backward", "average_duration": 0.019970260826704778, "n_events": 29249, "total_time": 584.1101589202881}, "batch.evaluate": {"label": "batch.evaluate", "average_duration": 0.0007046776847548516, "n_events": 29249, "total_time": 20.611117601394653}, "batch.forward": {"label": "batch.forward", "average_duration": 0.011448592649589804, "n_events": 29249, "total_time": 334.8598864078522}, "batch.reduce": {"label": "batch.reduce", "average_duration": 0.007723211985359217, "n_events": 29249, "total_time": 225.89622735977173}, "batch.step": {"label": "batch.step", "average_duration": 0.0063196147232814715, "n_events": 29249, "total_time": 184.84241104125977}, "epoch_metrics.collect": {"label": "epoch_metrics.collect", "average_duration": 0.009398622000777481, "n_events": 149, "total_time": 1.4003946781158447}, "reduce.compress": {"label": "reduce.compress", "average_duration": 0.00104839073302966, "n_events": 29249, "total_time": 30.66438055038452}, "reduce.decompress": {"label": "reduce.decompress", "average_duration": 0.00022368991251476664, "n_events": 29249, "total_time": 6.542706251144409}, "reduce.flat_pack": {"label": "reduce.flat_pack", "average_duration": 0.0006960438656568111, "n_events": 29249, "total_time": 20.35858702659607}, "reduce.norm": {"label": "reduce.norm", "average_duration": 0.0011505894369294718, "n_events": 29249, "total_time": 33.65359044075012}, "reduce.reduce.vector": {"label": "reduce.reduce.vector", "average_duration": 0.00015492364114653558, "n_events": 29249, "total_time": 4.5313615798950195}, "reduce.setgrad": {"label": "reduce.setgrad", "average_duration": 0.0036205518159700373, "n_events": 29249, "total_time": 105.89752006530762}, "test.last": {"label": "test.last", "average_duration": 1.1063421156582416, "n_events": 149, "total_time": 164.844975233078}}