{"batch": {"label": "batch", "average_duration": 0.18356296171744665, "n_events": 96, "total_time": 17.622044324874878}, "batch.accumulate": {"label": "batch.accumulate", "average_duration": 0.0030477576785617405, "n_events": 18, "total_time": 0.05485963821411133}, "batch.backward": {"label": "batch.backward", "average_duration": 0.024960751334826153, "n_events": 96, "total_time": 2.3962321281433105}, "batch.evaluate": {"label": "batch.evaluate", "average_duration": 0.11506769557793935, "n_events": 96, "total_time": 11.046498775482178}, "batch.forward": {"label": "batch.forward", "average_duration": 0.023712798953056335, "n_events": 96, "total_time": 2.276428699493408}, "batch.reduce": {"label": "batch.reduce", "average_duration": 0.010416295793321397, "n_events": 18, "total_time": 0.18749332427978516}, "batch.step": {"label": "batch.step", "average_duration": 0.008970402181148529, "n_events": 96, "total_time": 0.8611586093902588}, "reduce.allreduce": {"label": "reduce.allreduce", "average_duration": 0.00954421361287435, "n_events": 18, "total_time": 0.17179584503173828}, "reduce.flat_pack": {"label": "reduce.flat_pack", "average_duration": 0.0007466342714097765, "n_events": 18, "total_time": 0.013439416885375977}, "reduce_times": [0.010650157928466797, 0.010233879089355469, 0.010640144348144531, 0.010631799697875977, 0.010834217071533203, 0.010720252990722656, 0.010648250579833984, 0.010081291198730469, 0.010139226913452148, 0.010177373886108398, 0.010263442993164062, 0.01027369499206543, 0.010172367095947266, 0.010222434997558594, 0.010262250900268555, 0.010220527648925781, 0.010782241821289062, 0.010528087615966797, 0.010661840438842773]}