{"batch": {"label": "batch", "average_duration": 0.20021483798821768, "n_events": 96, "total_time": 19.220624446868896}, "batch.accumulate": {"label": "batch.accumulate", "average_duration": 0.0029726425806681314, "n_events": 96, "total_time": 0.2853736877441406}, "batch.backward": {"label": "batch.backward", "average_duration": 0.1225300282239914, "n_events": 96, "total_time": 11.762882709503174}, "batch.evaluate": {"label": "batch.evaluate", "average_duration": 0.000727139413356781, "n_events": 96, "total_time": 0.06980538368225098}, "batch.forward": {"label": "batch.forward", "average_duration": 0.0411195233464241, "n_events": 96, "total_time": 3.947474241256714}, "batch.reduce": {"label": "batch.reduce", "average_duration": 0.015557515124479929, "n_events": 96, "total_time": 1.4935214519500732}, "batch.step": {"label": "batch.step", "average_duration": 0.00896139939626058, "n_events": 96, "total_time": 0.8602943420410156}, "reduce.compress": {"label": "reduce.compress", "average_duration": 0.0032760227719942727, "n_events": 96, "total_time": 0.3144981861114502}, "reduce.decompress": {"label": "reduce.decompress", "average_duration": 0.0002909228205680847, "n_events": 96, "total_time": 0.027928590774536133}, "reduce.flat_pack": {"label": "reduce.flat_pack", "average_duration": 0.0009696284929911295, "n_events": 96, "total_time": 0.09308433532714844}, "reduce.norm": {"label": "reduce.norm", "average_duration": 0.001352099080880483, "n_events": 96, "total_time": 0.12980151176452637}, "reduce.reduce.vector": {"label": "reduce.reduce.vector", "average_duration": 0.0007244373361269633, "n_events": 96, "total_time": 0.06954598426818848}, "reduce.setgrad": {"label": "reduce.setgrad", "average_duration": 0.008662420014540354, "n_events": 96, "total_time": 0.831592321395874}}