{"batch": {"label": "batch", "average_duration": 0.200174850722154, "n_events": 96, "total_time": 19.216785669326782}, "batch.accumulate": {"label": "batch.accumulate", "average_duration": 0.0029061908523241677, "n_events": 96, "total_time": 0.2789943218231201}, "batch.backward": {"label": "batch.backward", "average_duration": 0.024792614082495373, "n_events": 96, "total_time": 2.3800909519195557}, "batch.evaluate": {"label": "batch.evaluate", "average_duration": 0.11464906483888626, "n_events": 96, "total_time": 11.006310224533081}, "batch.forward": {"label": "batch.forward", "average_duration": 0.025878225763638813, "n_events": 96, "total_time": 2.484309673309326}, "batch.reduce": {"label": "batch.reduce", "average_duration": 0.013227057953675589, "n_events": 96, "total_time": 1.2697975635528564}, "batch.step": {"label": "batch.step", "average_duration": 0.008803561329841614, "n_events": 96, "total_time": 0.8451418876647949}, "reduce.compress": {"label": "reduce.compress", "average_duration": 0.00039954980214436847, "n_events": 96, "total_time": 0.038356781005859375}, "reduce.decompress": {"label": "reduce.decompress", "average_duration": 8.36228330930074e-05, "n_events": 96, "total_time": 0.008027791976928711}, "reduce.flat_pack": {"label": "reduce.flat_pack", "average_duration": 0.0007230415940284729, "n_events": 96, "total_time": 0.0694119930267334}, "reduce.norm": {"label": "reduce.norm", "average_duration": 0.0030289143323898315, "n_events": 96, "total_time": 0.29077577590942383}, "reduce.reduce.vector": {"label": "reduce.reduce.vector", "average_duration": 0.0001358315348625183, "n_events": 96, "total_time": 0.013039827346801758}, "reduce.setgrad": {"label": "reduce.setgrad", "average_duration": 0.00859594096740087, "n_events": 96, "total_time": 0.8252103328704834}}