{"batch": {"label": "batch", "average_duration": 0.20018061995506287, "n_events": 96, "total_time": 19.217339515686035}, "batch.accumulate": {"label": "batch.accumulate", "average_duration": 0.0029609153668085733, "n_events": 96, "total_time": 0.28424787521362305}, "batch.backward": {"label": "batch.backward", "average_duration": 0.024846956133842468, "n_events": 96, "total_time": 2.385307788848877}, "batch.evaluate": {"label": "batch.evaluate", "average_duration": 0.11428954203923543, "n_events": 96, "total_time": 10.971796035766602}, "batch.forward": {"label": "batch.forward", "average_duration": 0.023654210070768993, "n_events": 96, "total_time": 2.2708041667938232}, "batch.reduce": {"label": "batch.reduce", "average_duration": 0.017159047226111095, "n_events": 96, "total_time": 1.647268533706665}, "batch.step": {"label": "batch.step", "average_duration": 0.008972972631454468, "n_events": 96, "total_time": 0.8614053726196289}, "reduce.compress": {"label": "reduce.compress", "average_duration": 0.00043080002069473267, "n_events": 96, "total_time": 0.041356801986694336}, "reduce.decompress": {"label": "reduce.decompress", "average_duration": 8.93200437227885e-05, "n_events": 96, "total_time": 0.008574724197387695}, "reduce.flat_pack": {"label": "reduce.flat_pack", "average_duration": 0.0007843573888142904, "n_events": 96, "total_time": 0.07529830932617188}, "reduce.norm": {"label": "reduce.norm", "average_duration": 0.005950960020224254, "n_events": 96, "total_time": 0.5712921619415283}, "reduce.reduce.vector": {"label": "reduce.reduce.vector", "average_duration": 0.0001416082183519999, "n_events": 96, "total_time": 0.013594388961791992}, "reduce.setgrad": {"label": "reduce.setgrad", "average_duration": 0.0094903235634168, "n_events": 96, "total_time": 0.9110710620880127}}