{"batch": {"label": "batch", "average_duration": 0.186199724828242, "n_events": 387, "total_time": 72.05929350852966}, "batch.accumulate": {"label": "batch.accumulate", "average_duration": 0.0029036071565416125, "n_events": 18, "total_time": 0.05226492881774902}, "batch.backward": {"label": "batch.backward", "average_duration": 0.12280943966651148, "n_events": 387, "total_time": 47.52725315093994}, "batch.evaluate": {"label": "batch.evaluate", "average_duration": 0.0007352040411581981, "n_events": 387, "total_time": 0.28452396392822266}, "batch.forward": {"label": "batch.forward", "average_duration": 0.04128118325265495, "n_events": 387, "total_time": 15.975817918777466}, "batch.reduce": {"label": "batch.reduce", "average_duration": 0.08034839895036486, "n_events": 18, "total_time": 1.4462711811065674}, "batch.step": {"label": "batch.step", "average_duration": 0.008946566618690196, "n_events": 387, "total_time": 3.4623212814331055}, "epoch_metrics.collect": {"label": "epoch_metrics.collect", "average_duration": 0.057375590006510414, "n_events": 3, "total_time": 0.17212677001953125}, "reduce.allreduce": {"label": "reduce.allreduce", "average_duration": 0.07927778032090929, "n_events": 18, "total_time": 1.4270000457763672}, "reduce.flat_pack": {"label": "reduce.flat_pack", "average_duration": 0.0009300841225518121, "n_events": 18, "total_time": 0.016741514205932617}, "test.last": {"label": "test.last", "average_duration": 1.5107337633768718, "n_events": 3, "total_time": 4.532201290130615}}