{"batch": {"label": "batch", "average_duration": 0.18592364350646656, "n_events": 387, "total_time": 71.95245003700256}, "batch.accumulate": {"label": "batch.accumulate", "average_duration": 0.003033585018581814, "n_events": 18, "total_time": 0.054604530334472656}, "batch.backward": {"label": "batch.backward", "average_duration": 0.024030845602661447, "n_events": 387, "total_time": 9.29993724822998}, "batch.evaluate": {"label": "batch.evaluate", "average_duration": 0.1187798373150887, "n_events": 387, "total_time": 45.96779704093933}, "batch.forward": {"label": "batch.forward", "average_duration": 0.02403580865194631, "n_events": 387, "total_time": 9.301857948303223}, "batch.reduce": {"label": "batch.reduce", "average_duration": 0.010024203194512261, "n_events": 18, "total_time": 0.1804356575012207}, "batch.step": {"label": "batch.step", "average_duration": 0.009592491218902035, "n_events": 387, "total_time": 3.712294101715088}, "epoch_metrics.collect": {"label": "epoch_metrics.collect", "average_duration": 0.001256863276163737, "n_events": 3, "total_time": 0.003770589828491211}, "reduce.allreduce": {"label": "reduce.allreduce", "average_duration": 0.009150796466403537, "n_events": 18, "total_time": 0.16471433639526367}, "reduce.flat_pack": {"label": "reduce.flat_pack", "average_duration": 0.0007413625717163086, "n_events": 18, "total_time": 0.013344526290893555}, "test.last": {"label": "test.last", "average_duration": 1.510797341664632, "n_events": 3, "total_time": 4.5323920249938965}}