{"batch": {"label": "batch", "average_duration": 0.18340862813846084, "n_events": 387, "total_time": 70.97913908958435}, "batch.accumulate": {"label": "batch.accumulate", "average_duration": 0.0028796990712483725, "n_events": 18, "total_time": 0.0518345832824707}, "batch.backward": {"label": "batch.backward", "average_duration": 0.02458346044062336, "n_events": 387, "total_time": 9.51379919052124}, "batch.evaluate": {"label": "batch.evaluate", "average_duration": 0.11666636935192178, "n_events": 387, "total_time": 45.149884939193726}, "batch.forward": {"label": "batch.forward", "average_duration": 0.023789616518242414, "n_events": 387, "total_time": 9.206581592559814}, "batch.reduce": {"label": "batch.reduce", "average_duration": 0.009832329220241971, "n_events": 18, "total_time": 0.17698192596435547}, "batch.step": {"label": "batch.step", "average_duration": 0.009093275981972076, "n_events": 387, "total_time": 3.5190978050231934}, "epoch_metrics.collect": {"label": "epoch_metrics.collect", "average_duration": 0.044135729471842446, "n_events": 3, "total_time": 0.13240718841552734}, "reduce.allreduce": {"label": "reduce.allreduce", "average_duration": 0.008947253227233887, "n_events": 18, "total_time": 0.16105055809020996}, "reduce.flat_pack": {"label": "reduce.flat_pack", "average_duration": 0.0007588201098971897, "n_events": 18, "total_time": 0.013658761978149414}, "test.last": {"label": "test.last", "average_duration": 1.5106147925059001, "n_events": 3, "total_time": 4.5318443775177}}