{"batch": {"label": "batch", "average_duration": 0.08371573825215184, "n_events": 387, "total_time": 32.397990703582764}, "batch.accumulate": {"label": "batch.accumulate", "average_duration": 0.0010211732652452257, "n_events": 18, "total_time": 0.018381118774414062}, "batch.backward": {"label": "batch.backward", "average_duration": 0.06647611588470695, "n_events": 387, "total_time": 25.726256847381592}, "batch.evaluate": {"label": "batch.evaluate", "average_duration": 0.0011872370421732426, "n_events": 387, "total_time": 0.4594607353210449}, "batch.forward": {"label": "batch.forward", "average_duration": 0.006517677036058687, "n_events": 387, "total_time": 2.522341012954712}, "batch.reduce": {"label": "batch.reduce", "average_duration": 0.010353803634643555, "n_events": 18, "total_time": 0.18636846542358398}, "batch.step": {"label": "batch.step", "average_duration": 0.003461068298773556, "n_events": 387, "total_time": 1.3394334316253662}, "epoch_metrics.collect": {"label": "epoch_metrics.collect", "average_duration": 0.002631505330403646, "n_events": 3, "total_time": 0.007894515991210938}, "reduce.compress": {"label": "reduce.compress", "average_duration": 0.0009254084693060981, "n_events": 18, "total_time": 0.016657352447509766}, "reduce.decompress": {"label": "reduce.decompress", "average_duration": 0.00020902686648898653, "n_events": 18, "total_time": 0.003762483596801758}, "reduce.flat_pack": {"label": "reduce.flat_pack", "average_duration": 0.0007247527440388998, "n_events": 18, "total_time": 0.013045549392700195}, "reduce.norm": {"label": "reduce.norm", "average_duration": 0.004692329300774468, "n_events": 18, "total_time": 0.08446192741394043}, "reduce.reduce.vector": {"label": "reduce.reduce.vector", "average_duration": 0.0001398854785495334, "n_events": 18, "total_time": 0.0025179386138916016}, "reduce.setgrad": {"label": "reduce.setgrad", "average_duration": 0.0030097299151950413, "n_events": 18, "total_time": 0.05417513847351074}, "test.last": {"label": "test.last", "average_duration": 1.3376704851786296, "n_events": 3, "total_time": 4.013011455535889}}