{"batch": {"label": "batch", "average_duration": 0.18704618996587294, "n_events": 290, "total_time": 54.24339509010315}, "batch.accumulate": {"label": "batch.accumulate", "average_duration": 0.0029690530565049914, "n_events": 18, "total_time": 0.053442955017089844}, "batch.backward": {"label": "batch.backward", "average_duration": 0.02465639689873005, "n_events": 290, "total_time": 7.150355100631714}, "batch.evaluate": {"label": "batch.evaluate", "average_duration": 0.11942870945766054, "n_events": 290, "total_time": 34.63432574272156}, "batch.forward": {"label": "batch.forward", "average_duration": 0.023373891567361766, "n_events": 290, "total_time": 6.778428554534912}, "batch.reduce": {"label": "batch.reduce", "average_duration": 0.01964388953314887, "n_events": 18, "total_time": 0.3535900115966797}, "batch.step": {"label": "batch.step", "average_duration": 0.0092838690198701, "n_events": 290, "total_time": 2.692322015762329}, "epoch_metrics.collect": {"label": "epoch_metrics.collect", "average_duration": 0.001145482063293457, "n_events": 2, "total_time": 0.002290964126586914}, "reduce.compress": {"label": "reduce.compress", "average_duration": 0.0010233322779337566, "n_events": 18, "total_time": 0.018419981002807617}, "reduce.decompress": {"label": "reduce.decompress", "average_duration": 0.0002227624257405599, "n_events": 18, "total_time": 0.004009723663330078}, "reduce.flat_pack": {"label": "reduce.flat_pack", "average_duration": 0.0007346471150716146, "n_events": 18, "total_time": 0.013223648071289062}, "reduce.norm": {"label": "reduce.norm", "average_duration": 0.008408281538221572, "n_events": 18, "total_time": 0.15134906768798828}, "reduce.reduce.vector": {"label": "reduce.reduce.vector", "average_duration": 0.00012817647722032334, "n_events": 18, "total_time": 0.0023071765899658203}, "reduce.setgrad": {"label": "reduce.setgrad", "average_duration": 0.008809129397074381, "n_events": 18, "total_time": 0.15856432914733887}, "test.last": {"label": "test.last", "average_duration": 1.5131357908248901, "n_events": 2, "total_time": 3.0262715816497803}}