{"batch": {"label": "batch", "average_duration": 0.18451352267302285, "n_events": 387, "total_time": 71.40673327445984}, "batch.accumulate": {"label": "batch.accumulate", "average_duration": 0.0030823416180080837, "n_events": 18, "total_time": 0.05548214912414551}, "batch.backward": {"label": "batch.backward", "average_duration": 0.024821128032004185, "n_events": 387, "total_time": 9.60577654838562}, "batch.evaluate": {"label": "batch.evaluate", "average_duration": 0.1179504000247295, "n_events": 387, "total_time": 45.64680480957031}, "batch.forward": {"label": "batch.forward", "average_duration": 0.02328009198802386, "n_events": 387, "total_time": 9.009395599365234}, "batch.reduce": {"label": "batch.reduce", "average_duration": 0.009916305541992188, "n_events": 18, "total_time": 0.17849349975585938}, "batch.step": {"label": "batch.step", "average_duration": 0.009357254018463214, "n_events": 387, "total_time": 3.6212573051452637}, "epoch_metrics.collect": {"label": "epoch_metrics.collect", "average_duration": 0.013165553410847982, "n_events": 3, "total_time": 0.039496660232543945}, "reduce.allreduce": {"label": "reduce.allreduce", "average_duration": 0.009062237209743924, "n_events": 18, "total_time": 0.16312026977539062}, "reduce.flat_pack": {"label": "reduce.flat_pack", "average_duration": 0.000729627079433865, "n_events": 18, "total_time": 0.01313328742980957}, "test.last": {"label": "test.last", "average_duration": 1.5074501832326253, "n_events": 3, "total_time": 4.522350549697876}, "reduce_times": [0.009993314743041992, 0.010152339935302734, 0.01082611083984375, 0.009848594665527344, 0.009988784790039062, 0.009969472885131836, 0.009755849838256836, 0.009743452072143555, 0.009670495986938477, 0.01035928726196289, 0.009788036346435547, 0.009690284729003906, 0.010370254516601562, 0.009599924087524414, 0.010370731353759766, 0.009547233581542969, 0.009502410888671875, 0.0096588134765625, 0.009651422500610352]}