{"batch": {"label": "batch", "average_duration": 0.18191816394027197, "n_events": 387, "total_time": 70.40232944488525}, "batch.accumulate": {"label": "batch.accumulate", "average_duration": 0.0030136505762736, "n_events": 18, "total_time": 0.054245710372924805}, "batch.backward": {"label": "batch.backward", "average_duration": 0.02540021534113921, "n_events": 387, "total_time": 9.829883337020874}, "batch.evaluate": {"label": "batch.evaluate", "average_duration": 0.11398775694598215, "n_events": 387, "total_time": 44.11326193809509}, "batch.forward": {"label": "batch.forward", "average_duration": 0.024146319051737624, "n_events": 387, "total_time": 9.344625473022461}, "batch.reduce": {"label": "batch.reduce", "average_duration": 0.009952531920539008, "n_events": 18, "total_time": 0.17914557456970215}, "batch.step": {"label": "batch.step", "average_duration": 0.009346276906725664, "n_events": 387, "total_time": 3.617009162902832}, "epoch_metrics.collect": {"label": "epoch_metrics.collect", "average_duration": 0.051225503285725914, "n_events": 3, "total_time": 0.15367650985717773}, "reduce.allreduce": {"label": "reduce.allreduce", "average_duration": 0.009054885970221626, "n_events": 18, "total_time": 0.16298794746398926}, "reduce.flat_pack": {"label": "reduce.flat_pack", "average_duration": 0.0007661978403727213, "n_events": 18, "total_time": 0.013791561126708984}, "test.last": {"label": "test.last", "average_duration": 1.5072842439015706, "n_events": 3, "total_time": 4.521852731704712}, "reduce_times": [0.010047435760498047, 0.009835004806518555, 0.010547399520874023, 0.010070562362670898, 0.010194540023803711, 0.009781122207641602, 0.009705781936645508, 0.009798288345336914, 0.009555339813232422, 0.009898900985717773, 0.010069608688354492, 0.010025262832641602, 0.009913206100463867, 0.009624004364013672, 0.01024007797241211, 0.00986170768737793, 0.009978294372558594, 0.010004758834838867, 0.01004171371459961]}