{"batch": {"label": "batch", "average_duration": 0.14740690196565923, "n_events": 29249, "total_time": 4311.504475593567}, "batch.accumulate": {"label": "batch.accumulate", "average_duration": 0.0008659913416067601, "n_events": 29249, "total_time": 25.329380750656128}, "batch.backward": {"label": "batch.backward", "average_duration": 0.022127912987553813, "n_events": 29249, "total_time": 647.2193269729614}, "batch.evaluate": {"label": "batch.evaluate", "average_duration": 0.00041686697468243606, "n_events": 29249, "total_time": 12.192942142486572}, "batch.forward": {"label": "batch.forward", "average_duration": 0.011276653344506725, "n_events": 29249, "total_time": 329.8308336734772}, "batch.reduce": {"label": "batch.reduce", "average_duration": 0.11079962456783493, "n_events": 29249, "total_time": 3240.778218984604}, "batch.step": {"label": "batch.step", "average_duration": 0.0007774704741414354, "n_events": 29249, "total_time": 22.740233898162842}, "epoch_metrics.collect": {"label": "epoch_metrics.collect", "average_duration": 0.0016521095429490877, "n_events": 149, "total_time": 0.24616432189941406}, "reduce.combine": {"label": "reduce.combine", "average_duration": 0.014088234276546405, "n_events": 29249, "total_time": 412.0667643547058}, "reduce.flatpack": {"label": "reduce.flatpack", "average_duration": 7.051726912526156e-05, "n_events": 29249, "total_time": 2.0625596046447754}, "reduce.gather": {"label": "reduce.gather", "average_duration": 0.0004320338573727739, "n_events": 29249, "total_time": 12.636558294296265}, "reduce.memory": {"label": "reduce.memory", "average_duration": 0.005840948648650673, "n_events": 29249, "total_time": 170.84190702438354}, "reduce.topk": {"label": "reduce.topk", "average_duration": 0.08949611668643953, "n_events": 29249, "total_time": 2617.67191696167}, "test.last": {"label": "test.last", "average_duration": 0.959944891449589, "n_events": 149, "total_time": 143.03178882598877}}