{"batch": {"label": "batch", "average_duration": 0.21175940470262009, "n_events": 484, "total_time": 102.49155187606812}, "batch.accumulate": {"label": "batch.accumulate", "average_duration": 0.0019979373482633227, "n_events": 484, "total_time": 0.9670016765594482}, "batch.backward": {"label": "batch.backward", "average_duration": 0.1244983756837766, "n_events": 484, "total_time": 60.257213830947876}, "batch.evaluate": {"label": "batch.evaluate", "average_duration": 0.000529280871399178, "n_events": 484, "total_time": 0.25617194175720215}, "batch.forward": {"label": "batch.forward", "average_duration": 0.06018995253507756, "n_events": 484, "total_time": 29.13193702697754}, "batch.reduce": {"label": "batch.reduce", "average_duration": 0.012461993812529508, "n_events": 484, "total_time": 6.031605005264282}, "batch.step": {"label": "batch.step", "average_duration": 0.008716708865047487, "n_events": 484, "total_time": 4.218887090682983}, "epoch_metrics.collect": {"label": "epoch_metrics.collect", "average_duration": 0.006544530391693115, "n_events": 4, "total_time": 0.02617812156677246}, "reduce.compress": {"label": "reduce.compress", "average_duration": 0.0014851088366232628, "n_events": 484, "total_time": 0.7187926769256592}, "reduce.decompress": {"label": "reduce.decompress", "average_duration": 0.0001865871681654749, "n_events": 484, "total_time": 0.09030818939208984}, "reduce.flat_pack": {"label": "reduce.flat_pack", "average_duration": 0.0007477979029505706, "n_events": 484, "total_time": 0.36193418502807617}, "reduce.norm": {"label": "reduce.norm", "average_duration": 0.0019460758887046624, "n_events": 484, "total_time": 0.9419007301330566}, "reduce.reduce.vector": {"label": "reduce.reduce.vector", "average_duration": 0.0009512950566189348, "n_events": 484, "total_time": 0.46042680740356445}, "reduce.setgrad": {"label": "reduce.setgrad", "average_duration": 0.006716999140652743, "n_events": 484, "total_time": 3.2510275840759277}, "test.last": {"label": "test.last", "average_duration": 1.4299128651618958, "n_events": 4, "total_time": 5.719651460647583}}