{"batch": {"label": "batch", "average_duration": 0.09208694100379944, "n_events": 96, "total_time": 8.840346336364746}, "batch.accumulate": {"label": "batch.accumulate", "average_duration": 0.0011850330564710829, "n_events": 18, "total_time": 0.021330595016479492}, "batch.backward": {"label": "batch.backward", "average_duration": 0.06546234091122945, "n_events": 96, "total_time": 6.284384727478027}, "batch.evaluate": {"label": "batch.evaluate", "average_duration": 0.0011875306566556294, "n_events": 96, "total_time": 0.11400294303894043}, "batch.forward": {"label": "batch.forward", "average_duration": 0.006507118542989095, "n_events": 96, "total_time": 0.6246833801269531}, "batch.reduce": {"label": "batch.reduce", "average_duration": 0.006497727500067817, "n_events": 18, "total_time": 0.1169590950012207}, "batch.step": {"label": "batch.step", "average_duration": 0.003938126067320506, "n_events": 96, "total_time": 0.37806010246276855}, "reduce.compress": {"label": "reduce.compress", "average_duration": 0.00041229195064968534, "n_events": 18, "total_time": 0.007421255111694336}, "reduce.decompress": {"label": "reduce.decompress", "average_duration": 8.88506571451823e-05, "n_events": 18, "total_time": 0.0015993118286132812}, "reduce.flat_pack": {"label": "reduce.flat_pack", "average_duration": 0.0006683270136515299, "n_events": 18, "total_time": 0.012029886245727539}, "reduce.norm": {"label": "reduce.norm", "average_duration": 0.0008742014567057291, "n_events": 18, "total_time": 0.015735626220703125}, "reduce.reduce.vector": {"label": "reduce.reduce.vector", "average_duration": 0.00014891889360215928, "n_events": 18, "total_time": 0.002680540084838867}, "reduce.setgrad": {"label": "reduce.setgrad", "average_duration": 0.0035607549879286024, "n_events": 18, "total_time": 0.06409358978271484}, "reduce_times": [0.9835596084594727, 0.009896278381347656, 0.0061779022216796875, 0.00614619255065918, 0.00622248649597168, 0.0060405731201171875, 0.006162166595458984, 0.006241559982299805, 0.005863666534423828, 0.006227970123291016, 0.005779743194580078, 0.00623774528503418, 0.0060329437255859375, 0.006242275238037109, 0.005704164505004883, 0.005921602249145508, 0.005756378173828125, 0.005223989486694336, 0.011081457138061523]}