{"batch": {"label": "batch", "average_duration": 0.09171167761087418, "n_events": 96, "total_time": 8.804321050643921}, "batch.accumulate": {"label": "batch.accumulate", "average_duration": 0.0011133617824978298, "n_events": 18, "total_time": 0.020040512084960938}, "batch.backward": {"label": "batch.backward", "average_duration": 0.006888935963312785, "n_events": 96, "total_time": 0.6613378524780273}, "batch.evaluate": {"label": "batch.evaluate", "average_duration": 0.058630771934986115, "n_events": 96, "total_time": 5.628554105758667}, "batch.forward": {"label": "batch.forward", "average_duration": 0.005884982645511627, "n_events": 96, "total_time": 0.5649583339691162}, "batch.reduce": {"label": "batch.reduce", "average_duration": 0.019055353270636663, "n_events": 18, "total_time": 0.34299635887145996}, "batch.step": {"label": "batch.step", "average_duration": 0.003178554276625315, "n_events": 96, "total_time": 0.3051412105560303}, "reduce.compress": {"label": "reduce.compress", "average_duration": 0.00040784147050645616, "n_events": 18, "total_time": 0.007341146469116211}, "reduce.decompress": {"label": "reduce.decompress", "average_duration": 8.314185672336155e-05, "n_events": 18, "total_time": 0.0014965534210205078}, "reduce.flat_pack": {"label": "reduce.flat_pack", "average_duration": 0.0003095997704399957, "n_events": 18, "total_time": 0.005572795867919922}, "reduce.norm": {"label": "reduce.norm", "average_duration": 0.014276054170396592, "n_events": 18, "total_time": 0.25696897506713867}, "reduce.reduce.vector": {"label": "reduce.reduce.vector", "average_duration": 0.0001373555925157335, "n_events": 18, "total_time": 0.002472400665283203}, "reduce.setgrad": {"label": "reduce.setgrad", "average_duration": 0.003342787424723307, "n_events": 18, "total_time": 0.06017017364501953}, "reduce_times": [0.9711554050445557, 0.02982807159423828, 0.027992963790893555, 0.011011600494384766, 0.015320301055908203, 0.017113685607910156, 0.008563041687011719, 0.020835161209106445, 0.019778013229370117, 0.01916217803955078, 0.018964052200317383, 0.015115976333618164, 0.01412653923034668, 0.019220829010009766, 0.01962137222290039, 0.030861854553222656, 0.02315235137939453, 0.015928983688354492, 0.016399383544921875]}