{"batch": {"label": "batch", "average_duration": 0.2105941735592085, "n_events": 194, "total_time": 40.85526967048645}, "batch.accumulate": {"label": "batch.accumulate", "average_duration": 0.0021614819457850504, "n_events": 194, "total_time": 0.4193274974822998}, "batch.backward": {"label": "batch.backward", "average_duration": 0.08193716683338598, "n_events": 194, "total_time": 15.89581036567688}, "batch.evaluate": {"label": "batch.evaluate", "average_duration": 0.0006868863843150975, "n_events": 194, "total_time": 0.1332559585571289}, "batch.forward": {"label": "batch.forward", "average_duration": 0.03585035653458428, "n_events": 194, "total_time": 6.954969167709351}, "batch.reduce": {"label": "batch.reduce", "average_duration": 0.07796060670282423, "n_events": 194, "total_time": 15.1243577003479}, "batch.step": {"label": "batch.step", "average_duration": 0.007868814714176138, "n_events": 194, "total_time": 1.526550054550171}, "reduce.allreduce": {"label": "reduce.allreduce", "average_duration": 0.07691991083400766, "n_events": 194, "total_time": 14.922462701797485}, "reduce.flat_pack": {"label": "reduce.flat_pack", "average_duration": 0.0008637094006095965, "n_events": 194, "total_time": 0.16755962371826172}}