{"batch": {"label": "batch", "average_duration": 0.047774343030408666, "n_events": 974, "total_time": 46.53221011161804}, "batch.accumulate": {"label": "batch.accumulate", "average_duration": 0.0010293570387289999, "n_events": 974, "total_time": 1.002593755722046}, "batch.backward": {"label": "batch.backward", "average_duration": 0.019894908341049414, "n_events": 974, "total_time": 19.37764072418213}, "batch.evaluate": {"label": "batch.evaluate", "average_duration": 0.0006586841978821177, "n_events": 974, "total_time": 0.6415584087371826}, "batch.forward": {"label": "batch.forward", "average_duration": 0.011459489377861884, "n_events": 974, "total_time": 11.161542654037476}, "batch.reduce": {"label": "batch.reduce", "average_duration": 0.006089260690755668, "n_events": 974, "total_time": 5.9309399127960205}, "batch.step": {"label": "batch.step", "average_duration": 0.005649617565241193, "n_events": 974, "total_time": 5.502727508544922}, "epoch_metrics.collect": {"label": "epoch_metrics.collect", "average_duration": 0.0066124796867370605, "n_events": 4, "total_time": 0.026449918746948242}, "reduce.compress": {"label": "reduce.compress", "average_duration": 0.00038883695856991245, "n_events": 974, "total_time": 0.3787271976470947}, "reduce.decompress": {"label": "reduce.decompress", "average_duration": 7.704983501708483e-05, "n_events": 974, "total_time": 0.07504653930664062}, "reduce.flat_pack": {"label": "reduce.flat_pack", "average_duration": 0.0006597835180451004, "n_events": 974, "total_time": 0.6426291465759277}, "reduce.norm": {"label": "reduce.norm", "average_duration": 0.0009702772085671553, "n_events": 974, "total_time": 0.9450500011444092}, "reduce.reduce.vector": {"label": "reduce.reduce.vector", "average_duration": 0.0001715277254703843, "n_events": 974, "total_time": 0.1670680046081543}, "reduce.setgrad": {"label": "reduce.setgrad", "average_duration": 0.0034117772104314222, "n_events": 974, "total_time": 3.323071002960205}, "test.last": {"label": "test.last", "average_duration": 1.1382877230644226, "n_events": 4, "total_time": 4.55315089225769}}