{"batch": {"label": "batch", "average_duration": 0.18774660140121538, "n_events": 193, "total_time": 36.23509407043457}, "batch.accumulate": {"label": "batch.accumulate", "average_duration": 0.00296277470058865, "n_events": 18, "total_time": 0.0533299446105957}, "batch.backward": {"label": "batch.backward", "average_duration": 0.02432371668247361, "n_events": 193, "total_time": 4.694477319717407}, "batch.evaluate": {"label": "batch.evaluate", "average_duration": 0.11879133560496909, "n_events": 193, "total_time": 22.926727771759033}, "batch.forward": {"label": "batch.forward", "average_duration": 0.023967394557023913, "n_events": 193, "total_time": 4.625707149505615}, "batch.reduce": {"label": "batch.reduce", "average_duration": 0.014150831434461806, "n_events": 18, "total_time": 0.2547149658203125}, "batch.step": {"label": "batch.step", "average_duration": 0.00946005761932215, "n_events": 193, "total_time": 1.8257911205291748}, "epoch_metrics.collect": {"label": "epoch_metrics.collect", "average_duration": 0.0015082359313964844, "n_events": 1, "total_time": 0.0015082359313964844}, "reduce.compress": {"label": "reduce.compress", "average_duration": 0.00042170948452419706, "n_events": 18, "total_time": 0.007590770721435547}, "reduce.decompress": {"label": "reduce.decompress", "average_duration": 8.789698282877605e-05, "n_events": 18, "total_time": 0.0015821456909179688}, "reduce.flat_pack": {"label": "reduce.flat_pack", "average_duration": 0.0007347000969780816, "n_events": 18, "total_time": 0.013224601745605469}, "reduce.norm": {"label": "reduce.norm", "average_duration": 0.0036395258373684352, "n_events": 18, "total_time": 0.06551146507263184}, "reduce.reduce.vector": {"label": "reduce.reduce.vector", "average_duration": 0.00014907783932156034, "n_events": 18, "total_time": 0.002683401107788086}, "reduce.setgrad": {"label": "reduce.setgrad", "average_duration": 0.008815765380859375, "n_events": 18, "total_time": 0.15868377685546875}, "test.last": {"label": "test.last", "average_duration": 1.5303523540496826, "n_events": 1, "total_time": 1.5303523540496826}}