{"batch": {"label": "batch", "average_duration": 0.18784130916694286, "n_events": 193, "total_time": 36.25337266921997}, "batch.accumulate": {"label": "batch.accumulate", "average_duration": 0.003036022186279297, "n_events": 18, "total_time": 0.054648399353027344}, "batch.backward": {"label": "batch.backward", "average_duration": 0.02390549961149384, "n_events": 193, "total_time": 4.6137614250183105}, "batch.evaluate": {"label": "batch.evaluate", "average_duration": 0.11429936404055265, "n_events": 193, "total_time": 22.05977725982666}, "batch.forward": {"label": "batch.forward", "average_duration": 0.025073819827539316, "n_events": 193, "total_time": 4.839247226715088}, "batch.reduce": {"label": "batch.reduce", "average_duration": 0.05469616254170736, "n_events": 18, "total_time": 0.9845309257507324}, "batch.step": {"label": "batch.step", "average_duration": 0.009359272032821735, "n_events": 193, "total_time": 1.8063395023345947}, "epoch_metrics.collect": {"label": "epoch_metrics.collect", "average_duration": 0.01326894760131836, "n_events": 1, "total_time": 0.01326894760131836}, "reduce.compress": {"label": "reduce.compress", "average_duration": 0.00045666429731580947, "n_events": 18, "total_time": 0.00821995735168457}, "reduce.decompress": {"label": "reduce.decompress", "average_duration": 9.338061014811198e-05, "n_events": 18, "total_time": 0.0016808509826660156}, "reduce.flat_pack": {"label": "reduce.flat_pack", "average_duration": 0.0008014175626966688, "n_events": 18, "total_time": 0.014425516128540039}, "reduce.norm": {"label": "reduce.norm", "average_duration": 0.043225076463487416, "n_events": 18, "total_time": 0.7780513763427734}, "reduce.reduce.vector": {"label": "reduce.reduce.vector", "average_duration": 0.0001510514153374566, "n_events": 18, "total_time": 0.0027189254760742188}, "reduce.setgrad": {"label": "reduce.setgrad", "average_duration": 0.009653978877597384, "n_events": 18, "total_time": 0.17377161979675293}, "test.last": {"label": "test.last", "average_duration": 1.5304350852966309, "n_events": 1, "total_time": 1.5304350852966309}}