{"batch": {"label": "batch", "average_duration": 1.0853888238828207, "n_events": 194, "total_time": 210.5654318332672}, "batch.accumulate": {"label": "batch.accumulate", "average_duration": 0.0030343987278102598, "n_events": 194, "total_time": 0.5886733531951904}, "batch.backward": {"label": "batch.backward", "average_duration": 0.7341401454099675, "n_events": 194, "total_time": 142.4231882095337}, "batch.evaluate": {"label": "batch.evaluate", "average_duration": 0.0007264417471344938, "n_events": 194, "total_time": 0.1409296989440918}, "batch.forward": {"label": "batch.forward", "average_duration": 0.25857617068536504, "n_events": 194, "total_time": 50.163777112960815}, "batch.reduce": {"label": "batch.reduce", "average_duration": 0.07066526732493922, "n_events": 194, "total_time": 13.709061861038208}, "batch.step": {"label": "batch.step", "average_duration": 0.012453465117621668, "n_events": 194, "total_time": 2.4159722328186035}, "reduce.compress": {"label": "reduce.compress", "average_duration": 0.023887816163682445, "n_events": 194, "total_time": 4.6342363357543945}, "reduce.decompress": {"label": "reduce.decompress", "average_duration": 0.003499602534107326, "n_events": 194, "total_time": 0.6789228916168213}, "reduce.flat_pack": {"label": "reduce.flat_pack", "average_duration": 0.0019769988109156027, "n_events": 194, "total_time": 0.38353776931762695}, "reduce.norm": {"label": "reduce.norm", "average_duration": 0.004211264787261019, "n_events": 194, "total_time": 0.8169853687286377}, "reduce.reduce.vector": {"label": "reduce.reduce.vector", "average_duration": 0.02801640500727388, "n_events": 194, "total_time": 5.435182571411133}, "reduce.setgrad": {"label": "reduce.setgrad", "average_duration": 0.008661610564005743, "n_events": 194, "total_time": 1.6803524494171143}}