{"batch": {"label": "batch", "average_duration": 0.2656317895455435, "n_events": 29249, "total_time": 7769.4642124176025}, "batch.accumulate": {"label": "batch.accumulate", "average_duration": 0.0027321804698346892, "n_events": 29249, "total_time": 79.91354656219482}, "batch.backward": {"label": "batch.backward", "average_duration": 0.0231228691764789, "n_events": 29249, "total_time": 676.3208005428314}, "batch.evaluate": {"label": "batch.evaluate", "average_duration": 0.1773211839949071, "n_events": 29249, "total_time": 5186.467310667038}, "batch.forward": {"label": "batch.forward", "average_duration": 0.012518609844561076, "n_events": 29249, "total_time": 366.1568193435669}, "batch.reduce": {"label": "batch.reduce", "average_duration": 0.008985381741177963, "n_events": 29249, "total_time": 262.81343054771423}, "batch.step": {"label": "batch.step", "average_duration": 0.03399587877428696, "n_events": 29249, "total_time": 994.3454582691193}, "epoch_metrics.collect": {"label": "epoch_metrics.collect", "average_duration": 0.009575499784226385, "n_events": 149, "total_time": 1.4267494678497314}, "reduce.allreduce": {"label": "reduce.allreduce", "average_duration": 0.008321110906916899, "n_events": 29249, "total_time": 243.38417291641235}, "reduce.flat_pack": {"label": "reduce.flat_pack", "average_duration": 0.0005875872792926681, "n_events": 29249, "total_time": 17.18634033203125}, "test.last": {"label": "test.last", "average_duration": 2.5266092255611547, "n_events": 149, "total_time": 376.46477460861206}}