{"batch": {"label": "batch", "average_duration": 0.26685639225587654, "n_events": 29249, "total_time": 7805.282617092133}, "batch.accumulate": {"label": "batch.accumulate", "average_duration": 0.002722316482926341, "n_events": 29249, "total_time": 79.62503480911255}, "batch.backward": {"label": "batch.backward", "average_duration": 0.14472727712156297, "n_events": 29249, "total_time": 4233.128128528595}, "batch.evaluate": {"label": "batch.evaluate", "average_duration": 0.0007166849608673854, "n_events": 29249, "total_time": 20.962318420410156}, "batch.forward": {"label": "batch.forward", "average_duration": 0.06730673156553604, "n_events": 29249, "total_time": 1968.6545915603638}, "batch.reduce": {"label": "batch.reduce", "average_duration": 0.027684427871920603, "n_events": 29249, "total_time": 809.7418308258057}, "batch.step": {"label": "batch.step", "average_duration": 0.01612915186243117, "n_events": 29249, "total_time": 471.76156282424927}, "epoch_metrics.collect": {"label": "epoch_metrics.collect", "average_duration": 0.002126487309500675, "n_events": 149, "total_time": 0.3168466091156006}, "reduce.allreduce": {"label": "reduce.allreduce", "average_duration": 0.026319916494736577, "n_events": 29249, "total_time": 769.8312375545502}, "reduce.flat_pack": {"label": "reduce.flat_pack", "average_duration": 0.0012749947092709098, "n_events": 29249, "total_time": 37.292320251464844}, "test.last": {"label": "test.last", "average_duration": 2.6151825485613522, "n_events": 149, "total_time": 389.6621997356415}}