{"batch": {"label": "batch", "average_duration": 0.08655069034951957, "n_events": 193, "total_time": 16.704283237457275}, "batch.accumulate": {"label": "batch.accumulate", "average_duration": 0.00111340151892768, "n_events": 18, "total_time": 0.020041227340698242}, "batch.backward": {"label": "batch.backward", "average_duration": 0.06612946455960447, "n_events": 193, "total_time": 12.762986660003662}, "batch.evaluate": {"label": "batch.evaluate", "average_duration": 0.0011975901114508278, "n_events": 193, "total_time": 0.23113489151000977}, "batch.forward": {"label": "batch.forward", "average_duration": 0.006418502392546501, "n_events": 193, "total_time": 1.2387709617614746}, "batch.reduce": {"label": "batch.reduce", "average_duration": 0.010415116945902506, "n_events": 18, "total_time": 0.18747210502624512}, "batch.step": {"label": "batch.step", "average_duration": 0.0038379387534344133, "n_events": 193, "total_time": 0.7407221794128418}, "epoch_metrics.collect": {"label": "epoch_metrics.collect", "average_duration": 0.022537946701049805, "n_events": 1, "total_time": 0.022537946701049805}, "reduce.compress": {"label": "reduce.compress", "average_duration": 0.000993808110555013, "n_events": 18, "total_time": 0.017888545989990234}, "reduce.decompress": {"label": "reduce.decompress", "average_duration": 0.00022500091128879122, "n_events": 18, "total_time": 0.004050016403198242}, "reduce.flat_pack": {"label": "reduce.flat_pack", "average_duration": 0.0006578233506944445, "n_events": 18, "total_time": 0.0118408203125}, "reduce.norm": {"label": "reduce.norm", "average_duration": 0.004279295603434245, "n_events": 18, "total_time": 0.0770273208618164}, "reduce.reduce.vector": {"label": "reduce.reduce.vector", "average_duration": 0.0001266267564561632, "n_events": 18, "total_time": 0.0022792816162109375}, "reduce.setgrad": {"label": "reduce.setgrad", "average_duration": 0.003412485122680664, "n_events": 18, "total_time": 0.06142473220825195}, "test.last": {"label": "test.last", "average_duration": 1.3613989353179932, "n_events": 1, "total_time": 1.3613989353179932}, "reduce_times": [0.9292354583740234, 0.0066378116607666016, 0.006479024887084961, 0.00687861442565918, 0.006632804870605469, 0.006609916687011719, 0.007437467575073242, 0.006716012954711914, 0.0059185028076171875, 0.07549786567687988, 0.006585121154785156, 0.006516695022583008, 0.006711006164550781, 0.00663304328918457, 0.006577253341674805, 0.006616830825805664, 0.006403446197509766, 0.006737947463989258, 0.005882740020751953]}