{"batch": {"label": "batch", "average_duration": 0.04362213219950087, "n_events": 974, "total_time": 42.48795676231384}, "batch.accumulate": {"label": "batch.accumulate", "average_duration": 0.0010285166989116943, "n_events": 974, "total_time": 1.0017752647399902}, "batch.backward": {"label": "batch.backward", "average_duration": 0.007854162300391853, "n_events": 974, "total_time": 7.649954080581665}, "batch.evaluate": {"label": "batch.evaluate", "average_duration": 0.01827814104131115, "n_events": 974, "total_time": 17.80290937423706}, "batch.forward": {"label": "batch.forward", "average_duration": 0.0043739922482375, "n_events": 974, "total_time": 4.260268449783325}, "batch.reduce": {"label": "batch.reduce", "average_duration": 0.0035890093574288935, "n_events": 974, "total_time": 3.495695114135742}, "batch.step": {"label": "batch.step", "average_duration": 0.005622407738922558, "n_events": 974, "total_time": 5.476225137710571}, "epoch_metrics.collect": {"label": "epoch_metrics.collect", "average_duration": 0.01063847541809082, "n_events": 4, "total_time": 0.04255390167236328}, "reduce.allreduce": {"label": "reduce.allreduce", "average_duration": 0.003254800606557231, "n_events": 974, "total_time": 3.170175790786743}, "reduce.flat_pack": {"label": "reduce.flat_pack", "average_duration": 0.0002546099911480224, "n_events": 974, "total_time": 0.24799013137817383}, "test.last": {"label": "test.last", "average_duration": 1.0016783475875854, "n_events": 4, "total_time": 4.006713390350342}}