{"batch": {"label": "batch", "average_duration": 0.04203383583659406, "n_events": 117149, "total_time": 4924.221834421158}, "batch.accumulate": {"label": "batch.accumulate", "average_duration": 0.0011336978644394388, "n_events": 117149, "total_time": 132.81157112121582}, "batch.backward": {"label": "batch.backward", "average_duration": 0.010540350441914403, "n_events": 117149, "total_time": 1234.7915139198303}, "batch.evaluate": {"label": "batch.evaluate", "average_duration": 0.0005609106267148498, "n_events": 117149, "total_time": 65.71011900901794}, "batch.forward": {"label": "batch.forward", "average_duration": 0.006439290084016983, "n_events": 117149, "total_time": 754.3563940525055}, "batch.reduce": {"label": "batch.reduce", "average_duration": 0.017461877883573, "n_events": 117149, "total_time": 2045.6415321826935}, "batch.step": {"label": "batch.step", "average_duration": 0.0042905453924367565, "n_events": 117149, "total_time": 502.6331021785736}, "epoch_metrics.collect": {"label": "epoch_metrics.collect", "average_duration": 0.0019726001176258064, "n_events": 149, "total_time": 0.2939174175262451}, "reduce.allreduce": {"label": "reduce.allreduce", "average_duration": 0.01661953051246603, "n_events": 117149, "total_time": 1946.9613800048828}, "reduce.flat_pack": {"label": "reduce.flat_pack", "average_duration": 0.0007497439293976621, "n_events": 117149, "total_time": 87.83175158500671}, "test.last": {"label": "test.last", "average_duration": 0.9406390270130747, "n_events": 149, "total_time": 140.15521502494812}}