{"batch": {"label": "batch", "average_duration": 0.2597999363264437, "n_events": 29249, "total_time": 7598.888337612152}, "batch.accumulate": {"label": "batch.accumulate", "average_duration": 0.0025929515922353623, "n_events": 29249, "total_time": 75.84124112129211}, "batch.backward": {"label": "batch.backward", "average_duration": 0.14300219195655867, "n_events": 29249, "total_time": 4182.671112537384}, "batch.evaluate": {"label": "batch.evaluate", "average_duration": 0.0006138679206772761, "n_events": 29249, "total_time": 17.95502281188965}, "batch.forward": {"label": "batch.forward", "average_duration": 0.06702636288326579, "n_events": 29249, "total_time": 1960.454087972641}, "batch.reduce": {"label": "batch.reduce", "average_duration": 0.025983524500209004, "n_events": 29249, "total_time": 759.9921081066132}, "batch.step": {"label": "batch.step", "average_duration": 0.013624803629234194, "n_events": 29249, "total_time": 398.51188135147095}, "epoch_metrics.collect": {"label": "epoch_metrics.collect", "average_duration": 0.002408082053165308, "n_events": 149, "total_time": 0.35880422592163086}, "reduce.compress": {"label": "reduce.compress", "average_duration": 0.00816305700402092, "n_events": 29249, "total_time": 238.7612543106079}, "reduce.decompress": {"label": "reduce.decompress", "average_duration": 0.0006630394926576224, "n_events": 29249, "total_time": 19.393242120742798}, "reduce.flat_pack": {"label": "reduce.flat_pack", "average_duration": 0.0011820097271856224, "n_events": 29249, "total_time": 34.57260251045227}, "reduce.norm": {"label": "reduce.norm", "average_duration": 0.0012369899693674632, "n_events": 29249, "total_time": 36.18071961402893}, "reduce.reduce.vector": {"label": "reduce.reduce.vector", "average_duration": 0.006569537697802193, "n_events": 29249, "total_time": 192.15240812301636}, "reduce.setgrad": {"label": "reduce.setgrad", "average_duration": 0.007971156319616889, "n_events": 29249, "total_time": 233.14835119247437}, "test.last": {"label": "test.last", "average_duration": 2.6480598865739453, "n_events": 149, "total_time": 394.5609230995178}}