{"batch": {"label": "batch", "average_duration": 0.08184444101363265, "n_events": 193, "total_time": 15.795977115631104}, "batch.accumulate": {"label": "batch.accumulate", "average_duration": 0.0011442899703979492, "n_events": 18, "total_time": 0.020597219467163086}, "batch.backward": {"label": "batch.backward", "average_duration": 0.06572232221692337, "n_events": 193, "total_time": 12.684408187866211}, "batch.evaluate": {"label": "batch.evaluate", "average_duration": 0.001336573319113934, "n_events": 193, "total_time": 0.25795865058898926}, "batch.forward": {"label": "batch.forward", "average_duration": 0.006409594432059965, "n_events": 193, "total_time": 1.2370517253875732}, "batch.reduce": {"label": "batch.reduce", "average_duration": 0.011340022087097168, "n_events": 18, "total_time": 0.20412039756774902}, "batch.step": {"label": "batch.step", "average_duration": 0.003961593993587197, "n_events": 193, "total_time": 0.7645876407623291}, "epoch_metrics.collect": {"label": "epoch_metrics.collect", "average_duration": 0.0015006065368652344, "n_events": 1, "total_time": 0.0015006065368652344}, "reduce.compress": {"label": "reduce.compress", "average_duration": 0.002109858724806044, "n_events": 18, "total_time": 0.03797745704650879}, "reduce.decompress": {"label": "reduce.decompress", "average_duration": 0.00021941132015652128, "n_events": 18, "total_time": 0.003949403762817383}, "reduce.flat_pack": {"label": "reduce.flat_pack", "average_duration": 0.0007370577918158637, "n_events": 18, "total_time": 0.013267040252685547}, "reduce.norm": {"label": "reduce.norm", "average_duration": 0.0041650136311848955, "n_events": 18, "total_time": 0.07497024536132812}, "reduce.reduce.vector": {"label": "reduce.reduce.vector", "average_duration": 0.0005131297641330295, "n_events": 18, "total_time": 0.009236335754394531}, "reduce.setgrad": {"label": "reduce.setgrad", "average_duration": 0.0032826529608832467, "n_events": 18, "total_time": 0.05908775329589844}, "test.last": {"label": "test.last", "average_duration": 1.3497984409332275, "n_events": 1, "total_time": 1.3497984409332275}, "reduce_times": [0.008458375930786133, 0.008095741271972656, 0.008010625839233398, 0.007721662521362305, 0.008182048797607422, 0.008304595947265625, 0.008263826370239258, 0.008186578750610352, 0.007456064224243164, 0.06809306144714355, 0.0077664852142333984, 0.008179187774658203, 0.00786900520324707, 0.007983207702636719, 0.00795745849609375, 0.008126020431518555, 0.008394002914428711, 0.008093833923339844, 0.007436990737915039]}