{"batch": {"label": "batch", "average_duration": 0.08160395078708471, "n_events": 193, "total_time": 15.749562501907349}, "batch.accumulate": {"label": "batch.accumulate", "average_duration": 0.0011492702696058485, "n_events": 18, "total_time": 0.020686864852905273}, "batch.backward": {"label": "batch.backward", "average_duration": 0.006133039998266981, "n_events": 193, "total_time": 1.1836767196655273}, "batch.evaluate": {"label": "batch.evaluate", "average_duration": 0.05885273804936384, "n_events": 193, "total_time": 11.358578443527222}, "batch.forward": {"label": "batch.forward", "average_duration": 0.005906532465485093, "n_events": 193, "total_time": 1.139960765838623}, "batch.reduce": {"label": "batch.reduce", "average_duration": 0.03916503323449029, "n_events": 18, "total_time": 0.7049705982208252}, "batch.step": {"label": "batch.step", "average_duration": 0.0033297341104616155, "n_events": 193, "total_time": 0.6426386833190918}, "epoch_metrics.collect": {"label": "epoch_metrics.collect", "average_duration": 0.013715267181396484, "n_events": 1, "total_time": 0.013715267181396484}, "reduce.compress": {"label": "reduce.compress", "average_duration": 0.00044716729058159725, "n_events": 18, "total_time": 0.00804901123046875}, "reduce.decompress": {"label": "reduce.decompress", "average_duration": 9.330113728841145e-05, "n_events": 18, "total_time": 0.0016794204711914062}, "reduce.flat_pack": {"label": "reduce.flat_pack", "average_duration": 0.0003151098887125651, "n_events": 18, "total_time": 0.005671977996826172}, "reduce.norm": {"label": "reduce.norm", "average_duration": 0.03477358818054199, "n_events": 18, "total_time": 0.6259245872497559}, "reduce.reduce.vector": {"label": "reduce.reduce.vector", "average_duration": 0.00015613767835828994, "n_events": 18, "total_time": 0.0028104782104492188}, "reduce.setgrad": {"label": "reduce.setgrad", "average_duration": 0.003066420555114746, "n_events": 18, "total_time": 0.05519556999206543}, "test.last": {"label": "test.last", "average_duration": 1.349562406539917, "n_events": 1, "total_time": 1.349562406539917}, "reduce_times": [0.09663963317871094, 0.03605461120605469, 0.04366898536682129, 0.03920483589172363, 0.046170711517333984, 0.053375959396362305, 0.05647778511047363, 0.031909942626953125, 0.03655886650085449, 0.01755237579345703, 0.04644036293029785, 0.03606390953063965, 0.04027271270751953, 0.040961265563964844, 0.031130313873291016, 0.031681060791015625, 0.03265571594238281, 0.04468536376953125, 0.04010581970214844]}