{"batch": {"label": "batch", "average_duration": 0.28283951561553766, "n_events": 974, "total_time": 275.4856882095337}, "batch.accumulate": {"label": "batch.accumulate", "average_duration": 0.0026721406031927778, "n_events": 974, "total_time": 2.6026649475097656}, "batch.backward": {"label": "batch.backward", "average_duration": 0.023280206402224436, "n_events": 974, "total_time": 22.6749210357666}, "batch.evaluate": {"label": "batch.evaluate", "average_duration": 0.17411446057305932, "n_events": 974, "total_time": 169.5874845981598}, "batch.forward": {"label": "batch.forward", "average_duration": 0.01262529503393467, "n_events": 974, "total_time": 12.297037363052368}, "batch.reduce": {"label": "batch.reduce", "average_duration": 0.03450835118303554, "n_events": 974, "total_time": 33.61113405227661}, "batch.step": {"label": "batch.step", "average_duration": 0.028668759784659322, "n_events": 974, "total_time": 27.92337203025818}, "epoch_metrics.collect": {"label": "epoch_metrics.collect", "average_duration": 0.026507854461669922, "n_events": 4, "total_time": 0.10603141784667969}, "reduce.compress": {"label": "reduce.compress", "average_duration": 0.000791246396560199, "n_events": 974, "total_time": 0.7706739902496338}, "reduce.decompress": {"label": "reduce.decompress", "average_duration": 0.00018176014173691766, "n_events": 974, "total_time": 0.1770343780517578}, "reduce.flat_pack": {"label": "reduce.flat_pack", "average_duration": 0.0005895149046880264, "n_events": 974, "total_time": 0.5741875171661377}, "reduce.norm": {"label": "reduce.norm", "average_duration": 0.024338270849270986, "n_events": 974, "total_time": 23.70547580718994}, "reduce.reduce.vector": {"label": "reduce.reduce.vector", "average_duration": 9.87229161193973e-05, "n_events": 974, "total_time": 0.09615612030029297}, "reduce.setgrad": {"label": "reduce.setgrad", "average_duration": 0.008312472082995782, "n_events": 974, "total_time": 8.09634780883789}, "test.last": {"label": "test.last", "average_duration": 2.494614005088806, "n_events": 4, "total_time": 9.978456020355225}}