{"batch": {"label": "batch", "average_duration": 0.27991587071379354, "n_events": 484, "total_time": 135.47928142547607}, "batch.accumulate": {"label": "batch.accumulate", "average_duration": 0.0021044207998543733, "n_events": 484, "total_time": 1.0185396671295166}, "batch.backward": {"label": "batch.backward", "average_duration": 0.12391958354918425, "n_events": 484, "total_time": 59.977078437805176}, "batch.evaluate": {"label": "batch.evaluate", "average_duration": 0.0005797886651409559, "n_events": 484, "total_time": 0.28061771392822266}, "batch.forward": {"label": "batch.forward", "average_duration": 0.06011297239744959, "n_events": 484, "total_time": 29.0946786403656}, "batch.reduce": {"label": "batch.reduce", "average_duration": 0.07982276490897186, "n_events": 484, "total_time": 38.63421821594238}, "batch.step": {"label": "batch.step", "average_duration": 0.009783122657744352, "n_events": 484, "total_time": 4.735031366348267}, "epoch_metrics.collect": {"label": "epoch_metrics.collect", "average_duration": 0.009787380695343018, "n_events": 4, "total_time": 0.03914952278137207}, "reduce.compress": {"label": "reduce.compress", "average_duration": 0.03781092462460857, "n_events": 484, "total_time": 18.300487518310547}, "reduce.decompress": {"label": "reduce.decompress", "average_duration": 0.0016162533405398535, "n_events": 484, "total_time": 0.7822666168212891}, "reduce.flat_pack": {"label": "reduce.flat_pack", "average_duration": 0.000791124568497839, "n_events": 484, "total_time": 0.3829042911529541}, "reduce.norm": {"label": "reduce.norm", "average_duration": 0.0011277233273529808, "n_events": 484, "total_time": 0.5458180904388428}, "reduce.reduce.vector": {"label": "reduce.reduce.vector", "average_duration": 0.03123917215126605, "n_events": 484, "total_time": 15.119759321212769}, "reduce.setgrad": {"label": "reduce.setgrad", "average_duration": 0.006748447733477127, "n_events": 484, "total_time": 3.2662487030029297}, "test.last": {"label": "test.last", "average_duration": 1.5219767093658447, "n_events": 4, "total_time": 6.087906837463379}}