{"batch": {"label": "batch", "average_duration": 0.25219867743729785, "n_events": 29249, "total_time": 7376.559116363525}, "batch.accumulate": {"label": "batch.accumulate", "average_duration": 0.0025578858754651893, "n_events": 29249, "total_time": 74.81560397148132}, "batch.backward": {"label": "batch.backward", "average_duration": 0.14490803784886205, "n_events": 29249, "total_time": 4238.415199041367}, "batch.evaluate": {"label": "batch.evaluate", "average_duration": 0.0005820170032162516, "n_events": 29249, "total_time": 17.023415327072144}, "batch.forward": {"label": "batch.forward", "average_duration": 0.06773520818575536, "n_events": 29249, "total_time": 1981.1871042251587}, "batch.reduce": {"label": "batch.reduce", "average_duration": 0.015479125480634901, "n_events": 29249, "total_time": 452.7489411830902}, "batch.step": {"label": "batch.step", "average_duration": 0.013962651828263877, "n_events": 29249, "total_time": 408.39360332489014}, "epoch_metrics.collect": {"label": "epoch_metrics.collect", "average_duration": 0.010771268166151622, "n_events": 149, "total_time": 1.6049189567565918}, "reduce.compress": {"label": "reduce.compress", "average_duration": 0.000328581762491542, "n_events": 29249, "total_time": 9.610687971115112}, "reduce.decompress": {"label": "reduce.decompress", "average_duration": 6.723912574355673e-05, "n_events": 29249, "total_time": 1.966677188873291}, "reduce.flat_pack": {"label": "reduce.flat_pack", "average_duration": 0.0011246129791448616, "n_events": 29249, "total_time": 32.89380502700806}, "reduce.norm": {"label": "reduce.norm", "average_duration": 0.005115326043744263, "n_events": 29249, "total_time": 149.61817145347595}, "reduce.reduce.vector": {"label": "reduce.reduce.vector", "average_duration": 0.00018571147698941013, "n_events": 29249, "total_time": 5.431874990463257}, "reduce.setgrad": {"label": "reduce.setgrad", "average_duration": 0.007889230547450481, "n_events": 29249, "total_time": 230.75210428237915}, "test.last": {"label": "test.last", "average_duration": 2.6397679140103745, "n_events": 149, "total_time": 393.3254191875458}}