{"batch": {"label": "batch", "average_duration": 0.25281308264547975, "n_events": 29249, "total_time": 7394.529854297638}, "batch.accumulate": {"label": "batch.accumulate", "average_duration": 0.0029025996231438543, "n_events": 29249, "total_time": 84.8981363773346}, "batch.backward": {"label": "batch.backward", "average_duration": 0.023786905349929163, "n_events": 29249, "total_time": 695.7431945800781}, "batch.evaluate": {"label": "batch.evaluate", "average_duration": 0.17576401999654628, "n_events": 29249, "total_time": 5140.9218208789825}, "batch.forward": {"label": "batch.forward", "average_duration": 0.01379387696350394, "n_events": 29249, "total_time": 403.45710730552673}, "batch.reduce": {"label": "batch.reduce", "average_duration": 0.01322848402564108, "n_events": 29249, "total_time": 386.91992926597595}, "batch.step": {"label": "batch.step", "average_duration": 0.01572505711832594, "n_events": 29249, "total_time": 459.9421956539154}, "epoch_metrics.collect": {"label": "epoch_metrics.collect", "average_duration": 0.002125668045658393, "n_events": 149, "total_time": 0.3167245388031006}, "reduce.compress": {"label": "reduce.compress", "average_duration": 0.00035799430404517536, "n_events": 29249, "total_time": 10.470975399017334}, "reduce.decompress": {"label": "reduce.decompress", "average_duration": 7.014416593531877e-05, "n_events": 29249, "total_time": 2.0516467094421387}, "reduce.flat_pack": {"label": "reduce.flat_pack", "average_duration": 0.0006441635214783986, "n_events": 29249, "total_time": 18.84113883972168}, "reduce.norm": {"label": "reduce.norm", "average_duration": 0.001815688757208613, "n_events": 29249, "total_time": 53.10708045959473}, "reduce.reduce.vector": {"label": "reduce.reduce.vector", "average_duration": 0.00011010941751896082, "n_events": 29249, "total_time": 3.220590353012085}, "reduce.setgrad": {"label": "reduce.setgrad", "average_duration": 0.009083496468255221, "n_events": 29249, "total_time": 265.68318819999695}, "test.last": {"label": "test.last", "average_duration": 2.531447149763171, "n_events": 149, "total_time": 377.1856253147125}}