{"batch": {"label": "batch", "average_duration": 1.2474663478811991, "n_events": 194, "total_time": 242.00847148895264}, "batch.accumulate": {"label": "batch.accumulate", "average_duration": 0.0030336527480292566, "n_events": 194, "total_time": 0.5885286331176758}, "batch.backward": {"label": "batch.backward", "average_duration": 0.6207981109619141, "n_events": 194, "total_time": 120.43483352661133}, "batch.evaluate": {"label": "batch.evaluate", "average_duration": 0.000807024768947326, "n_events": 194, "total_time": 0.15656280517578125}, "batch.forward": {"label": "batch.forward", "average_duration": 0.29182865570500954, "n_events": 194, "total_time": 56.61475920677185}, "batch.reduce": {"label": "batch.reduce", "average_duration": 0.31095005310687823, "n_events": 194, "total_time": 60.324310302734375}, "batch.step": {"label": "batch.step", "average_duration": 0.010519626214332188, "n_events": 194, "total_time": 2.0408074855804443}, "reduce.allreduce": {"label": "reduce.allreduce", "average_duration": 0.3088287188834751, "n_events": 194, "total_time": 59.912771463394165}, "reduce.flat_pack": {"label": "reduce.flat_pack", "average_duration": 0.0019167858300749789, "n_events": 194, "total_time": 0.3718564510345459}, "reduce_times": [0.3426535129547119, 0.3074510097503662, 0.30416059494018555, 0.30305051803588867, 0.3124840259552002, 0.29774045944213867, 0.3086261749267578, 0.28905296325683594, 0.307283878326416, 0.318911075592041, 0.31705594062805176, 0.3082709312438965, 0.3219273090362549, 0.3123316764831543, 0.32488393783569336, 0.31087708473205566, 0.31188297271728516, 0.3085954189300537, 0.3170006275177002, 0.3148994445800781, 0.32212185859680176, 0.32297492027282715, 0.3190584182739258, 0.32116270065307617, 0.3258049488067627, 0.3207528591156006, 0.31394219398498535, 0.3279759883880615, 0.309222936630249, 0.32230615615844727, 0.31430745124816895, 0.3135993480682373, 0.3209240436553955, 0.3116307258605957, 0.3220376968383789, 0.30420637130737305, 0.31678009033203125, 0.31029605865478516, 0.30603456497192383, 0.31170105934143066, 0.2970898151397705, 0.3162498474121094, 0.2999281883239746, 0.3084297180175781, 0.30226969718933105, 0.31429433822631836, 0.3096923828125, 0.3212919235229492, 0.31369662284851074, 0.32119202613830566, 0.3241753578186035, 0.31907153129577637, 0.3204343318939209, 0.3156142234802246, 0.3153705596923828, 0.31329870223999023, 0.29508519172668457, 0.306490421295166, 0.31125450134277344, 0.2897365093231201, 0.3160886764526367, 0.3124198913574219, 0.31465983390808105, 0.31270813941955566, 0.31031250953674316, 0.30982518196105957, 0.3179194927215576, 0.3047046661376953, 0.3146936893463135, 0.31870365142822266, 0.30556297302246094, 0.31635069847106934, 0.31580424308776855, 0.33132100105285645, 0.32613134384155273, 0.3195075988769531, 0.3081631660461426, 0.31177854537963867, 0.3115980625152588, 0.30685901641845703, 0.29940247535705566, 0.2998688220977783, 0.29288339614868164, 0.3044271469116211, 0.30258774757385254, 0.30562305450439453, 0.31819915771484375, 0.3105340003967285, 0.31938624382019043, 0.3125114440917969, 0.3144674301147461, 0.3192923069000244, 0.31867504119873047, 0.31741809844970703, 0.32532477378845215, 0.3289823532104492, 0.315093994140625, 0.3248908519744873, 0.3153233528137207, 0.31282615661621094, 0.31354475021362305, 0.3174164295196533, 0.3118140697479248, 0.3195168972015381, 0.3196291923522949, 0.3172919750213623, 0.3130371570587158, 0.31047725677490234, 0.3087503910064697, 0.31363391876220703, 0.3173351287841797, 0.31953883171081543, 0.31742119789123535, 0.3188624382019043, 0.3180098533630371, 0.31827354431152344, 0.3159451484680176, 0.29904794692993164, 0.30384135246276855, 0.31891465187072754, 0.3148486614227295, 0.3018677234649658, 0.3042631149291992, 0.28944897651672363, 0.31003665924072266, 0.3096730709075928, 0.30234193801879883, 0.3032402992248535, 0.3036320209503174, 0.31067347526550293, 0.3078906536102295, 0.27716517448425293, 0.3074924945831299, 0.31220412254333496, 0.2985270023345947, 0.3120450973510742, 0.3030714988708496, 0.3074452877044678, 0.3071303367614746, 0.30061793327331543, 0.31786060333251953, 0.3040792942047119, 0.31075310707092285, 0.3145711421966553, 0.31994128227233887, 0.31127047538757324, 0.3056657314300537, 0.3118598461151123, 0.30924129486083984, 0.30161142349243164, 0.30333590507507324, 0.3082253932952881, 0.3006162643432617, 0.3104827404022217, 0.29404568672180176, 0.3092210292816162, 0.2932286262512207, 0.3130311965942383, 0.3031911849975586, 0.31675219535827637, 0.2845940589904785, 0.294910192489624, 0.30059123039245605, 0.32039642333984375, 0.2980203628540039, 0.30419373512268066, 0.29547905921936035, 0.3009343147277832, 0.30063819885253906, 0.3234701156616211, 0.32803964614868164, 0.32135796546936035, 0.31537365913391113, 0.31537747383117676, 0.30828309059143066, 0.3173820972442627, 0.3120260238647461, 0.31046032905578613, 0.31641173362731934, 0.3096323013305664, 0.3086061477661133, 0.30556583404541016, 0.3237287998199463, 0.30956268310546875, 0.3150198459625244, 0.3128960132598877, 0.3083922863006592, 0.3103158473968506, 0.3008084297180176, 0.3145136833190918, 0.30740952491760254, 0.309234619140625, 0.28798413276672363, 0.2998321056365967, 0.3071436882019043]}