{"batch": {"label": "batch", "average_duration": 0.0918273131052653, "n_events": 96, "total_time": 8.815422058105469}, "batch.accumulate": {"label": "batch.accumulate", "average_duration": 0.0011747943030463324, "n_events": 18, "total_time": 0.021146297454833984}, "batch.backward": {"label": "batch.backward", "average_duration": 0.06552884231011073, "n_events": 96, "total_time": 6.29076886177063}, "batch.evaluate": {"label": "batch.evaluate", "average_duration": 0.0012149338920911152, "n_events": 96, "total_time": 0.11663365364074707}, "batch.forward": {"label": "batch.forward", "average_duration": 0.006456973652044932, "n_events": 96, "total_time": 0.6198694705963135}, "batch.reduce": {"label": "batch.reduce", "average_duration": 0.0068963633643256295, "n_events": 18, "total_time": 0.12413454055786133}, "batch.step": {"label": "batch.step", "average_duration": 0.004042680064837138, "n_events": 96, "total_time": 0.38809728622436523}, "reduce.compress": {"label": "reduce.compress", "average_duration": 0.0010790162616305882, "n_events": 18, "total_time": 0.019422292709350586}, "reduce.decompress": {"label": "reduce.decompress", "average_duration": 0.00022870964474148222, "n_events": 18, "total_time": 0.00411677360534668}, "reduce.flat_pack": {"label": "reduce.flat_pack", "average_duration": 0.0007077985339694553, "n_events": 18, "total_time": 0.012740373611450195}, "reduce.norm": {"label": "reduce.norm", "average_duration": 0.0005672772725423177, "n_events": 18, "total_time": 0.010210990905761719}, "reduce.reduce.vector": {"label": "reduce.reduce.vector", "average_duration": 0.0001457002427842882, "n_events": 18, "total_time": 0.0026226043701171875}, "reduce.setgrad": {"label": "reduce.setgrad", "average_duration": 0.0034504466586642796, "n_events": 18, "total_time": 0.06210803985595703}, "reduce_times": [0.9435367584228516, 0.006963014602661133, 0.007352352142333984, 0.007011890411376953, 0.006895303726196289, 0.00680232048034668, 0.00679469108581543, 0.007188081741333008, 0.0070133209228515625, 0.007136344909667969, 0.007599592208862305, 0.007285356521606445, 0.006377696990966797, 0.006697177886962891, 0.007005453109741211, 0.006796836853027344, 0.006365537643432617, 0.0059626102447509766, 0.006886959075927734]}