{"batch": {"label": "batch", "average_duration": 0.09255661070346832, "n_events": 96, "total_time": 8.885434627532959}, "batch.accumulate": {"label": "batch.accumulate", "average_duration": 0.0011023812823825413, "n_events": 18, "total_time": 0.019842863082885742}, "batch.backward": {"label": "batch.backward", "average_duration": 0.006307666500409444, "n_events": 96, "total_time": 0.6055359840393066}, "batch.evaluate": {"label": "batch.evaluate", "average_duration": 0.05839055528243383, "n_events": 96, "total_time": 5.6054933071136475}, "batch.forward": {"label": "batch.forward", "average_duration": 0.0058951253692309065, "n_events": 96, "total_time": 0.565932035446167}, "batch.reduce": {"label": "batch.reduce", "average_duration": 0.025469356113009982, "n_events": 18, "total_time": 0.4584484100341797}, "batch.step": {"label": "batch.step", "average_duration": 0.003225145240624746, "n_events": 96, "total_time": 0.3096139430999756}, "reduce.compress": {"label": "reduce.compress", "average_duration": 0.0010054376390245226, "n_events": 18, "total_time": 0.018097877502441406}, "reduce.decompress": {"label": "reduce.decompress", "average_duration": 0.0002248154746161567, "n_events": 18, "total_time": 0.00404667854309082}, "reduce.flat_pack": {"label": "reduce.flat_pack", "average_duration": 0.0003110700183444553, "n_events": 18, "total_time": 0.005599260330200195}, "reduce.norm": {"label": "reduce.norm", "average_duration": 0.020028074582417805, "n_events": 18, "total_time": 0.3605053424835205}, "reduce.reduce.vector": {"label": "reduce.reduce.vector", "average_duration": 0.00013173951043023003, "n_events": 18, "total_time": 0.0023713111877441406}, "reduce.setgrad": {"label": "reduce.setgrad", "average_duration": 0.0032471418380737305, "n_events": 18, "total_time": 0.05844855308532715}, "reduce_times": [1.0323238372802734, 0.04727673530578613, 0.021721601486206055, 0.02324056625366211, 0.024030447006225586, 0.027143001556396484, 0.02429795265197754, 0.02469921112060547, 0.02518630027770996, 0.02032780647277832, 0.026937484741210938, 0.020687580108642578, 0.02572798728942871, 0.021345853805541992, 0.030515193939208984, 0.025809288024902344, 0.031459808349609375, 0.020487308502197266, 0.017554283142089844]}