{"batch": {"label": "batch", "average_duration": 0.09287212789058685, "n_events": 96, "total_time": 8.915724277496338}, "batch.accumulate": {"label": "batch.accumulate", "average_duration": 0.0012357102500067817, "n_events": 18, "total_time": 0.02224278450012207}, "batch.backward": {"label": "batch.backward", "average_duration": 0.006408107777436574, "n_events": 96, "total_time": 0.6151783466339111}, "batch.evaluate": {"label": "batch.evaluate", "average_duration": 0.0589677095413208, "n_events": 96, "total_time": 5.660900115966797}, "batch.forward": {"label": "batch.forward", "average_duration": 0.00584076593319575, "n_events": 96, "total_time": 0.560713529586792}, "batch.reduce": {"label": "batch.reduce", "average_duration": 0.020896726184421115, "n_events": 18, "total_time": 0.3761410713195801}, "batch.step": {"label": "batch.step", "average_duration": 0.0033266271154085794, "n_events": 96, "total_time": 0.31935620307922363}, "reduce.compress": {"label": "reduce.compress", "average_duration": 0.0010466708077324762, "n_events": 18, "total_time": 0.01884007453918457}, "reduce.decompress": {"label": "reduce.decompress", "average_duration": 0.00022897455427381728, "n_events": 18, "total_time": 0.004121541976928711}, "reduce.flat_pack": {"label": "reduce.flat_pack", "average_duration": 0.0003292693032158746, "n_events": 18, "total_time": 0.005926847457885742}, "reduce.norm": {"label": "reduce.norm", "average_duration": 0.01495451397365994, "n_events": 18, "total_time": 0.2691812515258789}, "reduce.reduce.vector": {"label": "reduce.reduce.vector", "average_duration": 0.0001495149400499132, "n_events": 18, "total_time": 0.0026912689208984375}, "reduce.setgrad": {"label": "reduce.setgrad", "average_duration": 0.003641062312655979, "n_events": 18, "total_time": 0.06553912162780762}, "reduce_times": [1.054835557937622, 0.04822874069213867, 0.02425384521484375, 0.010553598403930664, 0.022367000579833984, 0.023075103759765625, 0.019700288772583008, 0.02058887481689453, 0.020354747772216797, 0.019397258758544922, 0.01932978630065918, 0.014042139053344727, 0.022725343704223633, 0.018148183822631836, 0.024077177047729492, 0.020455360412597656, 0.023279666900634766, 0.013750791549682617, 0.011813163757324219]}