{"batch": {"label": "batch", "average_duration": 0.059543667240971654, "n_events": 29249, "total_time": 1741.5927231311798}, "batch.accumulate": {"label": "batch.accumulate", "average_duration": 0.0009755806791023896, "n_events": 29249, "total_time": 28.534759283065796}, "batch.backward": {"label": "batch.backward", "average_duration": 0.022389937190545873, "n_events": 29249, "total_time": 654.8832728862762}, "batch.evaluate": {"label": "batch.evaluate", "average_duration": 0.0005180277275490538, "n_events": 29249, "total_time": 15.151793003082275}, "batch.forward": {"label": "batch.forward", "average_duration": 0.011368554752502055, "n_events": 29249, "total_time": 332.5188579559326}, "batch.reduce": {"label": "batch.reduce", "average_duration": 0.022150432021358107, "n_events": 29249, "total_time": 647.8779861927032}, "batch.step": {"label": "batch.step", "average_duration": 0.00084439677586331, "n_events": 29249, "total_time": 24.697761297225952}, "epoch_metrics.collect": {"label": "epoch_metrics.collect", "average_duration": 0.0017854527339039232, "n_events": 149, "total_time": 0.26603245735168457}, "reduce.compress": {"label": "reduce.compress", "average_duration": 0.013051552822897262, "n_events": 29249, "total_time": 381.744868516922}, "reduce.decompress": {"label": "reduce.decompress", "average_duration": 0.0004283824885310081, "n_events": 29249, "total_time": 12.529759407043457}, "reduce.flat_pack": {"label": "reduce.flat_pack", "average_duration": 0.0006475097122565388, "n_events": 29249, "total_time": 18.939011573791504}, "reduce.norm": {"label": "reduce.norm", "average_duration": 0.0003875518579589652, "n_events": 29249, "total_time": 11.335504293441772}, "reduce.reduce.vector": {"label": "reduce.reduce.vector", "average_duration": 0.00455211440478966, "n_events": 29249, "total_time": 133.14479422569275}, "reduce.setgrad": {"label": "reduce.setgrad", "average_duration": 0.0028957963099850237, "n_events": 29249, "total_time": 84.69914627075195}, "test.last": {"label": "test.last", "average_duration": 0.9309321089878978, "n_events": 149, "total_time": 138.70888423919678}}