{"batch": {"label": "batch", "average_duration": 0.207368737643527, "n_events": 194, "total_time": 40.22953510284424}, "batch.accumulate": {"label": "batch.accumulate", "average_duration": 0.002685621841666625, "n_events": 194, "total_time": 0.5210106372833252}, "batch.backward": {"label": "batch.backward", "average_duration": 0.12456528181882248, "n_events": 194, "total_time": 24.165664672851562}, "batch.evaluate": {"label": "batch.evaluate", "average_duration": 0.0005596974461349015, "n_events": 194, "total_time": 0.1085813045501709}, "batch.forward": {"label": "batch.forward", "average_duration": 0.041485668457660475, "n_events": 194, "total_time": 8.048219680786133}, "batch.reduce": {"label": "batch.reduce", "average_duration": 0.021614217266594012, "n_events": 194, "total_time": 4.193158149719238}, "batch.step": {"label": "batch.step", "average_duration": 0.008642889789699279, "n_events": 194, "total_time": 1.6767206192016602}, "reduce.compress": {"label": "reduce.compress", "average_duration": 0.008673223023562087, "n_events": 194, "total_time": 1.682605266571045}, "reduce.decompress": {"label": "reduce.decompress", "average_duration": 0.0015192412838493426, "n_events": 194, "total_time": 0.29473280906677246}, "reduce.flat_pack": {"label": "reduce.flat_pack", "average_duration": 0.0008465789028049744, "n_events": 194, "total_time": 0.16423630714416504}, "reduce.norm": {"label": "reduce.norm", "average_duration": 0.0004508261828078437, "n_events": 194, "total_time": 0.08746027946472168}, "reduce.reduce.vector": {"label": "reduce.reduce.vector", "average_duration": 0.0014741727986286597, "n_events": 194, "total_time": 0.28598952293395996}, "reduce.setgrad": {"label": "reduce.setgrad", "average_duration": 0.00838848610514218, "n_events": 194, "total_time": 1.627366304397583}}