{"batch": {"label": "batch", "average_duration": 0.08718954523404439, "n_events": 96, "total_time": 8.370196342468262}, "batch.accumulate": {"label": "batch.accumulate", "average_duration": 0.001138607660929362, "n_events": 96, "total_time": 0.10930633544921875}, "batch.backward": {"label": "batch.backward", "average_duration": 0.0060379306475321455, "n_events": 96, "total_time": 0.5796413421630859}, "batch.evaluate": {"label": "batch.evaluate", "average_duration": 0.06033390015363693, "n_events": 96, "total_time": 5.7920544147491455}, "batch.forward": {"label": "batch.forward", "average_duration": 0.005640303095181783, "n_events": 96, "total_time": 0.5414690971374512}, "batch.reduce": {"label": "batch.reduce", "average_duration": 0.007731487353642781, "n_events": 96, "total_time": 0.742222785949707}, "batch.step": {"label": "batch.step", "average_duration": 0.0032000591357549033, "n_events": 96, "total_time": 0.3072056770324707}, "reduce.compress": {"label": "reduce.compress", "average_duration": 0.00039997945229212445, "n_events": 96, "total_time": 0.038398027420043945}, "reduce.decompress": {"label": "reduce.decompress", "average_duration": 8.180737495422363e-05, "n_events": 96, "total_time": 0.007853507995605469}, "reduce.flat_pack": {"label": "reduce.flat_pack", "average_duration": 0.0003021061420440674, "n_events": 96, "total_time": 0.02900218963623047}, "reduce.norm": {"label": "reduce.norm", "average_duration": 0.0030847241481145224, "n_events": 96, "total_time": 0.29613351821899414}, "reduce.reduce.vector": {"label": "reduce.reduce.vector", "average_duration": 0.0001333529750506083, "n_events": 96, "total_time": 0.012801885604858398}, "reduce.setgrad": {"label": "reduce.setgrad", "average_duration": 0.003285373250643412, "n_events": 96, "total_time": 0.3153958320617676}, "reduce_times": [1.02109956741333, 0.014717340469360352, 0.017493486404418945, 0.011373519897460938, 0.009273052215576172, 0.00764012336730957, 0.004815101623535156, 0.006680488586425781, 0.007841825485229492, 0.007384538650512695, 0.006952762603759766, 0.007287502288818359, 0.008600711822509766, 0.007117271423339844, 0.00782155990600586, 0.0056612491607666016, 0.00790858268737793, 0.01149892807006836, 0.009619712829589844, 0.00679326057434082, 0.006836891174316406, 0.006981372833251953, 0.006221294403076172, 0.006679058074951172, 0.00714111328125, 0.007542133331298828, 0.007242918014526367, 0.0072977542877197266, 0.007976531982421875, 0.00744175910949707, 0.006635189056396484, 0.006077289581298828, 0.006475210189819336, 0.007208108901977539, 0.007420539855957031, 0.006212949752807617, 0.007138252258300781, 0.007939815521240234, 0.008525848388671875, 0.00680232048034668, 0.00712275505065918, 0.010875463485717773, 0.006241559982299805, 0.006569862365722656, 0.006898164749145508, 0.006801605224609375, 0.00625300407409668, 0.006599903106689453, 0.005201816558837891, 0.007603645324707031, 0.006562232971191406, 0.006094455718994141, 0.004992246627807617, 0.006813526153564453, 0.014434576034545898, 0.0077667236328125, 0.010746479034423828, 0.011928796768188477, 0.006902456283569336, 0.007681608200073242, 0.010182619094848633, 0.008430719375610352, 0.007282733917236328, 0.00737309455871582, 0.007647275924682617, 0.007243156433105469, 0.009682655334472656, 0.009900331497192383, 0.0070400238037109375, 0.0073070526123046875, 0.010917425155639648, 0.00929570198059082, 0.006056547164916992, 0.007048606872558594, 0.010516643524169922, 0.009857892990112305, 0.00715947151184082, 0.007592916488647461, 0.01226186752319336, 0.00901341438293457, 0.00837087631225586, 0.006838798522949219, 0.008947372436523438, 0.008229255676269531, 0.006729841232299805, 0.006910800933837891, 0.00765681266784668, 0.007251739501953125, 0.006044149398803711, 0.004949808120727539, 0.005499124526977539, 0.005543708801269531, 0.004899740219116211, 0.004912376403808594, 0.0049076080322265625, 0.004930019378662109, 0.005422353744506836]}