{"batch": {"label": "batch", "average_duration": 0.20607858151197433, "n_events": 96, "total_time": 19.783543825149536}, "batch.accumulate": {"label": "batch.accumulate", "average_duration": 0.0029961400561862523, "n_events": 18, "total_time": 0.05393052101135254}, "batch.backward": {"label": "batch.backward", "average_duration": 0.029294654726982117, "n_events": 96, "total_time": 2.812286853790283}, "batch.evaluate": {"label": "batch.evaluate", "average_duration": 0.10971997678279877, "n_events": 96, "total_time": 10.533117771148682}, "batch.forward": {"label": "batch.forward", "average_duration": 0.02404234806696574, "n_events": 96, "total_time": 2.308065414428711}, "batch.reduce": {"label": "batch.reduce", "average_duration": 0.03583211368984646, "n_events": 18, "total_time": 0.6449780464172363}, "batch.step": {"label": "batch.step", "average_duration": 0.009097521503766378, "n_events": 96, "total_time": 0.8733620643615723}, "reduce.compress": {"label": "reduce.compress", "average_duration": 0.0009934504826863606, "n_events": 18, "total_time": 0.017882108688354492}, "reduce.decompress": {"label": "reduce.decompress", "average_duration": 0.0002256896760728624, "n_events": 18, "total_time": 0.0040624141693115234}, "reduce.flat_pack": {"label": "reduce.flat_pack", "average_duration": 0.0007848209804958767, "n_events": 18, "total_time": 0.014126777648925781}, "reduce.norm": {"label": "reduce.norm", "average_duration": 0.024305635028415255, "n_events": 18, "total_time": 0.4375014305114746}, "reduce.reduce.vector": {"label": "reduce.reduce.vector", "average_duration": 0.00012926260630289713, "n_events": 18, "total_time": 0.0023267269134521484}, "reduce.setgrad": {"label": "reduce.setgrad", "average_duration": 0.008820666207207574, "n_events": 18, "total_time": 0.15877199172973633}, "reduce_times": [1.743983268737793, 0.047104597091674805, 0.042268991470336914, 0.04870772361755371, 0.06101346015930176, 0.051436662673950195, 0.04612469673156738, 0.042063236236572266, 0.05358600616455078, 0.028957843780517578, 0.026697397232055664, 0.023008108139038086, 0.027190446853637695, 0.022310495376586914, 0.02184128761291504, 0.024636030197143555, 0.030623197555541992, 0.022406578063964844, 0.02500128746032715]}