{"batch": {"label": "batch", "average_duration": 0.20482587814331055, "n_events": 96, "total_time": 19.663284301757812}, "batch.accumulate": {"label": "batch.accumulate", "average_duration": 0.0032347838083902993, "n_events": 18, "total_time": 0.05822610855102539}, "batch.backward": {"label": "batch.backward", "average_duration": 0.12285126745700836, "n_events": 96, "total_time": 11.793721675872803}, "batch.evaluate": {"label": "batch.evaluate", "average_duration": 0.0007135520378748575, "n_events": 96, "total_time": 0.06850099563598633}, "batch.forward": {"label": "batch.forward", "average_duration": 0.0412646879752477, "n_events": 96, "total_time": 3.9614100456237793}, "batch.reduce": {"label": "batch.reduce", "average_duration": 0.013363997141520182, "n_events": 18, "total_time": 0.24055194854736328}, "batch.step": {"label": "batch.step", "average_duration": 0.010631377498308817, "n_events": 96, "total_time": 1.0206122398376465}, "reduce.compress": {"label": "reduce.compress", "average_duration": 0.0010178486506144206, "n_events": 18, "total_time": 0.01832127571105957}, "reduce.decompress": {"label": "reduce.decompress", "average_duration": 0.00023100111219618056, "n_events": 18, "total_time": 0.00415802001953125}, "reduce.flat_pack": {"label": "reduce.flat_pack", "average_duration": 0.0009404553307427301, "n_events": 18, "total_time": 0.01692819595336914}, "reduce.norm": {"label": "reduce.norm", "average_duration": 0.0007135338253445096, "n_events": 18, "total_time": 0.012843608856201172}, "reduce.reduce.vector": {"label": "reduce.reduce.vector", "average_duration": 0.0001340574688381619, "n_events": 18, "total_time": 0.002413034439086914}, "reduce.setgrad": {"label": "reduce.setgrad", "average_duration": 0.00981805059644911, "n_events": 18, "total_time": 0.17672491073608398}, "reduce_times": [1.6111805438995361, 0.013365745544433594, 0.01354670524597168, 0.013190507888793945, 0.013175725936889648, 0.013155460357666016, 0.013082742691040039, 0.013088703155517578, 0.013146162033081055, 0.013135910034179688, 0.013101339340209961, 0.015494108200073242, 0.013092279434204102, 0.014458656311035156, 0.013069391250610352, 0.013113021850585938, 0.013263702392578125, 0.013118505477905273, 0.01295328140258789]}