{"batch": {"label": "batch", "average_duration": 0.20634319384892783, "n_events": 96, "total_time": 19.80894660949707}, "batch.accumulate": {"label": "batch.accumulate", "average_duration": 0.003131442599826389, "n_events": 18, "total_time": 0.056365966796875}, "batch.backward": {"label": "batch.backward", "average_duration": 0.023743783434232075, "n_events": 96, "total_time": 2.2794032096862793}, "batch.evaluate": {"label": "batch.evaluate", "average_duration": 0.11775701741377513, "n_events": 96, "total_time": 11.304673671722412}, "batch.forward": {"label": "batch.forward", "average_duration": 0.02363338569800059, "n_events": 96, "total_time": 2.2688050270080566}, "batch.reduce": {"label": "batch.reduce", "average_duration": 0.024806234571668837, "n_events": 18, "total_time": 0.44651222229003906}, "batch.step": {"label": "batch.step", "average_duration": 0.009359645346800486, "n_events": 96, "total_time": 0.8985259532928467}, "reduce.compress": {"label": "reduce.compress", "average_duration": 0.000985158814324273, "n_events": 18, "total_time": 0.017732858657836914}, "reduce.decompress": {"label": "reduce.decompress", "average_duration": 0.00022542476654052734, "n_events": 18, "total_time": 0.004057645797729492}, "reduce.flat_pack": {"label": "reduce.flat_pack", "average_duration": 0.000728501213921441, "n_events": 18, "total_time": 0.013113021850585938}, "reduce.norm": {"label": "reduce.norm", "average_duration": 0.013190189997355143, "n_events": 18, "total_time": 0.23742341995239258}, "reduce.reduce.vector": {"label": "reduce.reduce.vector", "average_duration": 0.00012560685475667319, "n_events": 18, "total_time": 0.002260923385620117}, "reduce.setgrad": {"label": "reduce.setgrad", "average_duration": 0.008990579181247287, "n_events": 18, "total_time": 0.16183042526245117}, "reduce_times": [1.7588775157928467, 0.0351712703704834, 0.03160429000854492, 0.03622555732727051, 0.04649496078491211, 0.03616595268249512, 0.03275942802429199, 0.03107905387878418, 0.04504251480102539, 0.019385337829589844, 0.01305389404296875, 0.012037515640258789, 0.016383647918701172, 0.0120391845703125, 0.014797687530517578, 0.016429662704467773, 0.019450664520263672, 0.016411781311035156, 0.011979818344116211]}