{"batch": {"label": "batch", "average_duration": 0.20619731893142065, "n_events": 96, "total_time": 19.794942617416382}, "batch.accumulate": {"label": "batch.accumulate", "average_duration": 0.003017173873053657, "n_events": 18, "total_time": 0.05430912971496582}, "batch.backward": {"label": "batch.backward", "average_duration": 0.028717073301474254, "n_events": 96, "total_time": 2.7568390369415283}, "batch.evaluate": {"label": "batch.evaluate", "average_duration": 0.11124054342508316, "n_events": 96, "total_time": 10.679092168807983}, "batch.forward": {"label": "batch.forward", "average_duration": 0.023861803114414215, "n_events": 96, "total_time": 2.2907330989837646}, "batch.reduce": {"label": "batch.reduce", "average_duration": 0.03329494264390734, "n_events": 18, "total_time": 0.599308967590332}, "batch.step": {"label": "batch.step", "average_duration": 0.008979509274164835, "n_events": 96, "total_time": 0.8620328903198242}, "reduce.compress": {"label": "reduce.compress", "average_duration": 0.0010066164864434137, "n_events": 18, "total_time": 0.018119096755981445}, "reduce.decompress": {"label": "reduce.decompress", "average_duration": 0.00022494792938232422, "n_events": 18, "total_time": 0.004049062728881836}, "reduce.flat_pack": {"label": "reduce.flat_pack", "average_duration": 0.0007576147715250651, "n_events": 18, "total_time": 0.013637065887451172}, "reduce.norm": {"label": "reduce.norm", "average_duration": 0.021259148915608723, "n_events": 18, "total_time": 0.38266468048095703}, "reduce.reduce.vector": {"label": "reduce.reduce.vector", "average_duration": 0.00012858708699544272, "n_events": 18, "total_time": 0.0023145675659179688}, "reduce.setgrad": {"label": "reduce.setgrad", "average_duration": 0.009345240063137479, "n_events": 18, "total_time": 0.1682143211364746}, "reduce_times": [1.7541842460632324, 0.03899240493774414, 0.03897237777709961, 0.04050874710083008, 0.061357736587524414, 0.0460665225982666, 0.03746509552001953, 0.033123016357421875, 0.05322694778442383, 0.025795936584472656, 0.026535511016845703, 0.026769399642944336, 0.03040003776550293, 0.01867985725402832, 0.03203630447387695, 0.019041776657104492, 0.025134801864624023, 0.022444486618041992, 0.022758007049560547]}