{"batch": {"label": "batch", "average_duration": 0.08375271517654945, "n_events": 290, "total_time": 24.28828740119934}, "batch.accumulate": {"label": "batch.accumulate", "average_duration": 0.0010828574498494465, "n_events": 18, "total_time": 0.01949143409729004}, "batch.backward": {"label": "batch.backward", "average_duration": 0.006253640405062971, "n_events": 290, "total_time": 1.8135557174682617}, "batch.evaluate": {"label": "batch.evaluate", "average_duration": 0.058636412127264614, "n_events": 290, "total_time": 17.00455951690674}, "batch.forward": {"label": "batch.forward", "average_duration": 0.005648392644421808, "n_events": 290, "total_time": 1.6380338668823242}, "batch.reduce": {"label": "batch.reduce", "average_duration": 0.05186580287085639, "n_events": 18, "total_time": 0.933584451675415}, "batch.step": {"label": "batch.step", "average_duration": 0.003200253124894767, "n_events": 290, "total_time": 0.9280734062194824}, "epoch_metrics.collect": {"label": "epoch_metrics.collect", "average_duration": 0.0301969051361084, "n_events": 2, "total_time": 0.0603938102722168}, "reduce.compress": {"label": "reduce.compress", "average_duration": 0.0010336902406480578, "n_events": 18, "total_time": 0.01860642433166504}, "reduce.decompress": {"label": "reduce.decompress", "average_duration": 0.00023255083296034072, "n_events": 18, "total_time": 0.004185914993286133}, "reduce.flat_pack": {"label": "reduce.flat_pack", "average_duration": 0.00033642186058892147, "n_events": 18, "total_time": 0.006055593490600586}, "reduce.norm": {"label": "reduce.norm", "average_duration": 0.046162923177083336, "n_events": 18, "total_time": 0.8309326171875}, "reduce.reduce.vector": {"label": "reduce.reduce.vector", "average_duration": 0.0001293553246392144, "n_events": 18, "total_time": 0.0023283958435058594}, "reduce.setgrad": {"label": "reduce.setgrad", "average_duration": 0.003453705045912001, "n_events": 18, "total_time": 0.062166690826416016}, "test.last": {"label": "test.last", "average_duration": 1.3897022008895874, "n_events": 2, "total_time": 2.779404401779175}}