{"batch": {"label": "batch", "average_duration": 0.08391577210919611, "n_events": 290, "total_time": 24.33557391166687}, "batch.accumulate": {"label": "batch.accumulate", "average_duration": 0.001143760151333279, "n_events": 18, "total_time": 0.020587682723999023}, "batch.backward": {"label": "batch.backward", "average_duration": 0.0063789458110414705, "n_events": 290, "total_time": 1.8498942852020264}, "batch.evaluate": {"label": "batch.evaluate", "average_duration": 0.05995979884575153, "n_events": 290, "total_time": 17.388341665267944}, "batch.forward": {"label": "batch.forward", "average_duration": 0.0057189415241109915, "n_events": 290, "total_time": 1.6584930419921875}, "batch.reduce": {"label": "batch.reduce", "average_duration": 0.02796463171641032, "n_events": 18, "total_time": 0.5033633708953857}, "batch.step": {"label": "batch.step", "average_duration": 0.0032608344637114427, "n_events": 290, "total_time": 0.9456419944763184}, "epoch_metrics.collect": {"label": "epoch_metrics.collect", "average_duration": 0.016130685806274414, "n_events": 2, "total_time": 0.03226137161254883}, "reduce.compress": {"label": "reduce.compress", "average_duration": 0.0010886987050374348, "n_events": 18, "total_time": 0.019596576690673828}, "reduce.decompress": {"label": "reduce.decompress", "average_duration": 0.0002497699525621202, "n_events": 18, "total_time": 0.004495859146118164}, "reduce.flat_pack": {"label": "reduce.flat_pack", "average_duration": 0.0003323952356974284, "n_events": 18, "total_time": 0.005983114242553711}, "reduce.norm": {"label": "reduce.norm", "average_duration": 0.022245327631632488, "n_events": 18, "total_time": 0.40041589736938477}, "reduce.reduce.vector": {"label": "reduce.reduce.vector", "average_duration": 0.00013714366488986544, "n_events": 18, "total_time": 0.002468585968017578}, "reduce.setgrad": {"label": "reduce.setgrad", "average_duration": 0.003375411033630371, "n_events": 18, "total_time": 0.06075739860534668}, "test.last": {"label": "test.last", "average_duration": 1.3897337913513184, "n_events": 2, "total_time": 2.7794675827026367}}