{"batch": {"label": "batch", "average_duration": 0.19597946614334263, "n_events": 194, "total_time": 38.02001643180847}, "batch.accumulate": {"label": "batch.accumulate", "average_duration": 0.0029936328376691367, "n_events": 194, "total_time": 0.5807647705078125}, "batch.backward": {"label": "batch.backward", "average_duration": 0.12228247062447145, "n_events": 194, "total_time": 23.72279930114746}, "batch.evaluate": {"label": "batch.evaluate", "average_duration": 0.0008137312132058685, "n_events": 194, "total_time": 0.15786385536193848}, "batch.forward": {"label": "batch.forward", "average_duration": 0.041169939581880866, "n_events": 194, "total_time": 7.986968278884888}, "batch.reduce": {"label": "batch.reduce", "average_duration": 0.011899283251811549, "n_events": 194, "total_time": 2.3084609508514404}, "batch.step": {"label": "batch.step", "average_duration": 0.00855867887280651, "n_events": 194, "total_time": 1.660383701324463}, "reduce.compress": {"label": "reduce.compress", "average_duration": 0.0011067980343533546, "n_events": 194, "total_time": 0.21471881866455078}, "reduce.decompress": {"label": "reduce.decompress", "average_duration": 0.00022989695834130355, "n_events": 194, "total_time": 0.04460000991821289}, "reduce.flat_pack": {"label": "reduce.flat_pack", "average_duration": 0.0009304358787143353, "n_events": 194, "total_time": 0.18050456047058105}, "reduce.norm": {"label": "reduce.norm", "average_duration": 0.000573187759242107, "n_events": 194, "total_time": 0.11119842529296875}, "reduce.reduce.vector": {"label": "reduce.reduce.vector", "average_duration": 0.0003364036992653129, "n_events": 194, "total_time": 0.0652623176574707}, "reduce.setgrad": {"label": "reduce.setgrad", "average_duration": 0.008255916772429477, "n_events": 194, "total_time": 1.6016478538513184}}