{"batch": {"label": "batch", "average_duration": 0.12461426093660552, "n_events": 290, "total_time": 36.1381356716156}, "batch.accumulate": {"label": "batch.accumulate", "average_duration": 0.00101927916208903, "n_events": 18, "total_time": 0.01834702491760254}, "batch.backward": {"label": "batch.backward", "average_duration": 0.0651854737051602, "n_events": 290, "total_time": 18.90378737449646}, "batch.evaluate": {"label": "batch.evaluate", "average_duration": 0.0011831275348005623, "n_events": 290, "total_time": 0.3431069850921631}, "batch.forward": {"label": "batch.forward", "average_duration": 0.006364201677256617, "n_events": 290, "total_time": 1.845618486404419}, "batch.reduce": {"label": "batch.reduce", "average_duration": 0.6767534282472398, "n_events": 18, "total_time": 12.181561708450317}, "batch.step": {"label": "batch.step", "average_duration": 0.0035203769289214037, "n_events": 290, "total_time": 1.020909309387207}, "epoch_metrics.collect": {"label": "epoch_metrics.collect", "average_duration": 0.5172944068908691, "n_events": 2, "total_time": 1.0345888137817383}, "reduce.allreduce": {"label": "reduce.allreduce", "average_duration": 0.6758798625734117, "n_events": 18, "total_time": 12.165837526321411}, "reduce.flat_pack": {"label": "reduce.flat_pack", "average_duration": 0.0007076660792032877, "n_events": 18, "total_time": 0.01273798942565918}, "test.last": {"label": "test.last", "average_duration": 1.8188471794128418, "n_events": 2, "total_time": 3.6376943588256836}}