{"batch": {"label": "batch", "average_duration": 0.37261849211663317, "n_events": 194, "total_time": 72.28798747062683}, "batch.accumulate": {"label": "batch.accumulate", "average_duration": 0.0009442727590344616, "n_events": 194, "total_time": 0.18318891525268555}, "batch.backward": {"label": "batch.backward", "average_duration": 0.06519512786078699, "n_events": 194, "total_time": 12.647854804992676}, "batch.evaluate": {"label": "batch.evaluate", "average_duration": 0.0006482871537356032, "n_events": 194, "total_time": 0.12576770782470703}, "batch.forward": {"label": "batch.forward", "average_duration": 0.05343288121764193, "n_events": 194, "total_time": 10.365978956222534}, "batch.reduce": {"label": "batch.reduce", "average_duration": 0.24609933808906792, "n_events": 194, "total_time": 47.743271589279175}, "batch.step": {"label": "batch.step", "average_duration": 0.0032678645910675995, "n_events": 194, "total_time": 0.6339657306671143}, "reduce.allreduce": {"label": "reduce.allreduce", "average_duration": 0.24548589200088658, "n_events": 194, "total_time": 47.624263048172}, "reduce.flat_pack": {"label": "reduce.flat_pack", "average_duration": 0.0004274046298154851, "n_events": 194, "total_time": 0.0829164981842041}, "reduce_times": [0.1483776569366455, 0.1242365837097168, 0.10439491271972656, 0.0971534252166748, 0.09659981727600098, 0.09748387336730957, 0.09642362594604492, 0.09269046783447266, 0.09442734718322754, 0.09589648246765137, 0.18703174591064453, 0.2531101703643799, 0.2536287307739258, 0.2540135383605957, 0.2536463737487793, 0.33513379096984863, 0.1721665859222412, 0.25348424911499023, 0.2526357173919678, 0.25355052947998047, 0.25275611877441406, 0.25366711616516113, 0.44326329231262207, 0.08774685859680176, 0.44110918045043945, 0.08906412124633789, 0.20676207542419434, 0.2530999183654785, 0.25301504135131836, 0.2543778419494629, 0.25034165382385254, 0.2541828155517578, 0.2542605400085449, 0.2875387668609619, 0.22162723541259766, 0.25385451316833496, 0.25350356101989746, 0.2541332244873047, 0.25417494773864746, 0.2533376216888428, 0.4293336868286133, 0.09195899963378906, 0.23917174339294434, 0.2541329860687256, 0.2537977695465088, 0.25360989570617676, 0.2533109188079834, 0.3966102600097656, 0.1472644805908203, 0.21859097480773926, 0.2537386417388916, 0.2535407543182373, 0.25391650199890137, 0.272977352142334, 0.2462172508239746, 0.24277973175048828, 0.26835179328918457, 0.24024081230163574, 0.25429463386535645, 0.25412464141845703, 0.2544674873352051, 0.2544991970062256, 0.253450870513916, 0.253309965133667, 0.2534141540527344, 0.2531750202178955, 0.285595178604126, 0.2220613956451416, 0.2540931701660156, 0.2542998790740967, 0.2541995048522949, 0.25405001640319824, 0.253650426864624, 0.27652764320373535, 0.23070216178894043, 0.2537214756011963, 0.2556416988372803, 0.25168490409851074, 0.25423693656921387, 0.2543330192565918, 0.25426530838012695, 0.253751277923584, 0.2531261444091797, 0.2541818618774414, 0.2540431022644043, 0.2538759708404541, 0.25320887565612793, 0.25347018241882324, 0.25357604026794434, 0.253448486328125, 0.25324368476867676, 0.2541158199310303, 0.2538166046142578, 0.2540128231048584, 0.2535090446472168, 0.2532958984375, 0.2531392574310303, 0.2541351318359375, 0.2539827823638916, 0.2537522315979004, 0.2538280487060547, 0.25499749183654785, 0.2605397701263428, 0.24566030502319336, 0.25434136390686035, 0.253093957901001, 0.25339269638061523, 0.335674524307251, 0.17155885696411133, 0.25460004806518555, 0.2542760372161865, 0.25363969802856445, 0.25366973876953125, 0.2539100646972656, 0.25380373001098633, 0.2535982131958008, 0.2530229091644287, 0.2535221576690674, 0.25336432456970215, 0.3055737018585205, 0.20195221900939941, 0.2539091110229492, 0.25439023971557617, 0.25388383865356445, 0.2532386779785156, 0.2530393600463867, 0.25405335426330566, 0.2541954517364502, 0.2536947727203369, 0.25397562980651855, 0.25427722930908203, 0.25461792945861816, 0.2534022331237793, 0.2529759407043457, 0.2533738613128662, 0.25312376022338867, 0.2529158592224121, 0.25325870513916016, 0.2536153793334961, 0.29442811012268066, 0.2121291160583496, 0.25376296043395996, 0.25386691093444824, 0.2540590763092041, 0.2534060478210449, 0.2533836364746094, 0.2538764476776123, 0.25392675399780273, 0.2536180019378662, 0.42857980728149414, 0.08736896514892578, 0.2443552017211914, 0.3593776226043701, 0.3206195831298828, 0.09071183204650879, 0.24286603927612305, 0.2523841857910156, 0.2533900737762451, 0.2525498867034912, 0.25352978706359863, 0.25230956077575684, 0.25313878059387207, 0.25393152236938477, 0.2535865306854248, 0.2537097930908203, 0.42966270446777344, 0.09178757667541504, 0.23549199104309082, 0.2523634433746338, 0.30922913551330566, 0.19679546356201172, 0.25310587882995605, 0.25378870964050293, 0.2544596195220947, 0.2556767463684082, 0.25095391273498535, 0.2521340847015381, 0.30635619163513184, 0.2159736156463623, 0.2649111747741699, 0.41237521171569824, 0.09725308418273926, 0.46167707443237305, 0.0901174545288086, 0.19855523109436035, 0.22884607315063477, 0.2530646324157715, 0.2531754970550537, 0.25371694564819336, 0.25390195846557617, 0.25353097915649414, 0.253293514251709, 0.4646158218383789, 0.09222745895385742, 0.2028501033782959]}