{"batch": {"label": "batch", "average_duration": 0.1938046729626433, "n_events": 193, "total_time": 37.40430188179016}, "batch.accumulate": {"label": "batch.accumulate", "average_duration": 0.0031132433149549696, "n_events": 18, "total_time": 0.05603837966918945}, "batch.backward": {"label": "batch.backward", "average_duration": 0.12302822276100593, "n_events": 193, "total_time": 23.744446992874146}, "batch.evaluate": {"label": "batch.evaluate", "average_duration": 0.0006869938707104618, "n_events": 193, "total_time": 0.13258981704711914}, "batch.forward": {"label": "batch.forward", "average_duration": 0.04131116644706133, "n_events": 193, "total_time": 7.973055124282837}, "batch.reduce": {"label": "batch.reduce", "average_duration": 0.021834360228644475, "n_events": 18, "total_time": 0.3930184841156006}, "batch.step": {"label": "batch.step", "average_duration": 0.009572361417384963, "n_events": 193, "total_time": 1.8474657535552979}, "epoch_metrics.collect": {"label": "epoch_metrics.collect", "average_duration": 0.015849590301513672, "n_events": 1, "total_time": 0.015849590301513672}, "reduce.compress": {"label": "reduce.compress", "average_duration": 0.0010335577858818902, "n_events": 18, "total_time": 0.018604040145874023}, "reduce.decompress": {"label": "reduce.decompress", "average_duration": 0.00022588835822211372, "n_events": 18, "total_time": 0.004065990447998047}, "reduce.flat_pack": {"label": "reduce.flat_pack", "average_duration": 0.0009132093853420682, "n_events": 18, "total_time": 0.016437768936157227}, "reduce.norm": {"label": "reduce.norm", "average_duration": 0.00946078035566542, "n_events": 18, "total_time": 0.17029404640197754}, "reduce.reduce.vector": {"label": "reduce.reduce.vector", "average_duration": 0.000164998902214898, "n_events": 18, "total_time": 0.002969980239868164}, "reduce.setgrad": {"label": "reduce.setgrad", "average_duration": 0.00956183009677463, "n_events": 18, "total_time": 0.17211294174194336}, "test.last": {"label": "test.last", "average_duration": 1.464437484741211, "n_events": 1, "total_time": 1.464437484741211}, "reduce_times": [1.6080472469329834, 0.01365971565246582, 0.012999296188354492, 0.012774229049682617, 0.018041610717773438, 0.01973581314086914, 0.021283864974975586, 0.014999628067016602, 0.021384000778198242, 0.09307384490966797, 0.03821873664855957, 0.019760608673095703, 0.022340059280395508, 0.013236045837402344, 0.016177654266357422, 0.01246190071105957, 0.012847661972045898, 0.012675046920776367, 0.017348766326904297]}