{"batch": {"label": "batch", "average_duration": 0.19423492955420302, "n_events": 193, "total_time": 37.48734140396118}, "batch.accumulate": {"label": "batch.accumulate", "average_duration": 0.003101136949327257, "n_events": 18, "total_time": 0.055820465087890625}, "batch.backward": {"label": "batch.backward", "average_duration": 0.02501799158481736, "n_events": 193, "total_time": 4.828472375869751}, "batch.evaluate": {"label": "batch.evaluate", "average_duration": 0.11754330452242046, "n_events": 193, "total_time": 22.68585777282715}, "batch.forward": {"label": "batch.forward", "average_duration": 0.02319813639388801, "n_events": 193, "total_time": 4.477240324020386}, "batch.reduce": {"label": "batch.reduce", "average_duration": 0.015226973427666558, "n_events": 18, "total_time": 0.27408552169799805}, "batch.step": {"label": "batch.step", "average_duration": 0.00920118692625372, "n_events": 193, "total_time": 1.7758290767669678}, "epoch_metrics.collect": {"label": "epoch_metrics.collect", "average_duration": 0.0009999275207519531, "n_events": 1, "total_time": 0.0009999275207519531}, "reduce.compress": {"label": "reduce.compress", "average_duration": 0.0009808407889472113, "n_events": 18, "total_time": 0.017655134201049805}, "reduce.decompress": {"label": "reduce.decompress", "average_duration": 0.00021326541900634766, "n_events": 18, "total_time": 0.003838777542114258}, "reduce.flat_pack": {"label": "reduce.flat_pack", "average_duration": 0.0007436407936943902, "n_events": 18, "total_time": 0.013385534286499023}, "reduce.norm": {"label": "reduce.norm", "average_duration": 0.0037560462951660156, "n_events": 18, "total_time": 0.06760883331298828}, "reduce.reduce.vector": {"label": "reduce.reduce.vector", "average_duration": 0.0001227193408542209, "n_events": 18, "total_time": 0.0022089481353759766}, "reduce.setgrad": {"label": "reduce.setgrad", "average_duration": 0.008869528770446777, "n_events": 18, "total_time": 0.159651517868042}, "test.last": {"label": "test.last", "average_duration": 1.464517593383789, "n_events": 1, "total_time": 1.464517593383789}, "reduce_times": [1.7709333896636963, 0.0254671573638916, 0.015875577926635742, 0.01588273048400879, 0.011770963668823242, 0.011779069900512695, 0.011892080307006836, 0.011822938919067383, 0.011762857437133789, 0.025706768035888672, 0.012392759323120117, 0.012468099594116211, 0.021395444869995117, 0.011906862258911133, 0.013159751892089844, 0.01732635498046875, 0.011763572692871094, 0.011781692504882812, 0.01993083953857422]}