{"batch": {"label": "batch", "average_duration": 0.1816874563385168, "n_events": 193, "total_time": 35.06567907333374}, "batch.accumulate": {"label": "batch.accumulate", "average_duration": 0.0029772652520073783, "n_events": 18, "total_time": 0.05359077453613281}, "batch.backward": {"label": "batch.backward", "average_duration": 0.02429513733621706, "n_events": 193, "total_time": 4.688961505889893}, "batch.evaluate": {"label": "batch.evaluate", "average_duration": 0.11513958076121276, "n_events": 193, "total_time": 22.221939086914062}, "batch.forward": {"label": "batch.forward", "average_duration": 0.023714601684728435, "n_events": 193, "total_time": 4.576918125152588}, "batch.reduce": {"label": "batch.reduce", "average_duration": 0.009811639785766602, "n_events": 18, "total_time": 0.17660951614379883}, "batch.step": {"label": "batch.step", "average_duration": 0.009003952994865456, "n_events": 193, "total_time": 1.7377629280090332}, "epoch_metrics.collect": {"label": "epoch_metrics.collect", "average_duration": 0.045767784118652344, "n_events": 1, "total_time": 0.045767784118652344}, "reduce.allreduce": {"label": "reduce.allreduce", "average_duration": 0.00893727938334147, "n_events": 18, "total_time": 0.16087102890014648}, "reduce.flat_pack": {"label": "reduce.flat_pack", "average_duration": 0.0007432699203491211, "n_events": 18, "total_time": 0.01337885856628418}, "test.last": {"label": "test.last", "average_duration": 1.4597625732421875, "n_events": 1, "total_time": 1.4597625732421875}, "reduce_times": [0.010261297225952148, 0.010109186172485352, 0.010317325592041016, 0.010028600692749023, 0.009533405303955078, 0.009888410568237305, 0.00962686538696289, 0.009627103805541992, 0.009692192077636719, 0.009956121444702148, 0.009690523147583008, 0.009656429290771484, 0.009881258010864258, 0.00983572006225586, 0.009717464447021484, 0.009760141372680664, 0.00981593132019043, 0.009612798690795898, 0.009860038757324219]}