{"batch": {"label": "batch", "average_duration": 0.1843322089299019, "n_events": 193, "total_time": 35.57611632347107}, "batch.accumulate": {"label": "batch.accumulate", "average_duration": 0.0031088855531480578, "n_events": 18, "total_time": 0.05595993995666504}, "batch.backward": {"label": "batch.backward", "average_duration": 0.02499602495697496, "n_events": 193, "total_time": 4.824232816696167}, "batch.evaluate": {"label": "batch.evaluate", "average_duration": 0.11740834848868414, "n_events": 193, "total_time": 22.65981125831604}, "batch.forward": {"label": "batch.forward", "average_duration": 0.023155334699956863, "n_events": 193, "total_time": 4.468979597091675}, "batch.reduce": {"label": "batch.reduce", "average_duration": 0.009907457563612197, "n_events": 18, "total_time": 0.17833423614501953}, "batch.step": {"label": "batch.step", "average_duration": 0.009247148592855029, "n_events": 193, "total_time": 1.7846996784210205}, "epoch_metrics.collect": {"label": "epoch_metrics.collect", "average_duration": 0.0013403892517089844, "n_events": 1, "total_time": 0.0013403892517089844}, "reduce.allreduce": {"label": "reduce.allreduce", "average_duration": 0.009046369128757052, "n_events": 18, "total_time": 0.16283464431762695}, "reduce.flat_pack": {"label": "reduce.flat_pack", "average_duration": 0.0007298919889662, "n_events": 18, "total_time": 0.013138055801391602}, "test.last": {"label": "test.last", "average_duration": 1.4598917961120605, "n_events": 1, "total_time": 1.4598917961120605}, "reduce_times": [0.010117292404174805, 0.010013341903686523, 0.010071277618408203, 0.009816169738769531, 0.010233163833618164, 0.009770393371582031, 0.009760856628417969, 0.009919881820678711, 0.009841442108154297, 0.010493755340576172, 0.010194063186645508, 0.009763479232788086, 0.009823083877563477, 0.009732484817504883, 0.00972747802734375, 0.009716987609863281, 0.009568214416503906, 0.00977182388305664, 0.010116338729858398]}