{"batch": {"label": "batch", "average_duration": 0.14690181557892285, "n_events": 974, "total_time": 143.08236837387085}, "batch.accumulate": {"label": "batch.accumulate", "average_duration": 0.002271565568520548, "n_events": 974, "total_time": 2.2125048637390137}, "batch.backward": {"label": "batch.backward", "average_duration": 0.08240522153568464, "n_events": 974, "total_time": 80.26268577575684}, "batch.evaluate": {"label": "batch.evaluate", "average_duration": 0.00046171544758446165, "n_events": 974, "total_time": 0.4497108459472656}, "batch.forward": {"label": "batch.forward", "average_duration": 0.03587398269582823, "n_events": 974, "total_time": 34.941259145736694}, "batch.reduce": {"label": "batch.reduce", "average_duration": 0.014201467531662458, "n_events": 974, "total_time": 13.832229375839233}, "batch.step": {"label": "batch.step", "average_duration": 0.008124264603522769, "n_events": 974, "total_time": 7.913033723831177}, "epoch_metrics.collect": {"label": "epoch_metrics.collect", "average_duration": 0.004041612148284912, "n_events": 4, "total_time": 0.01616644859313965}, "reduce.compress": {"label": "reduce.compress", "average_duration": 0.0037646952106233007, "n_events": 974, "total_time": 3.6668131351470947}, "reduce.decompress": {"label": "reduce.decompress", "average_duration": 0.00028340845871754986, "n_events": 974, "total_time": 0.27603983879089355}, "reduce.flat_pack": {"label": "reduce.flat_pack", "average_duration": 0.0008272845642277837, "n_events": 974, "total_time": 0.8057751655578613}, "reduce.norm": {"label": "reduce.norm", "average_duration": 0.0004792766649375461, "n_events": 974, "total_time": 0.4668154716491699}, "reduce.reduce.vector": {"label": "reduce.reduce.vector", "average_duration": 0.0017022109863939227, "n_events": 974, "total_time": 1.6579535007476807}, "reduce.setgrad": {"label": "reduce.setgrad", "average_duration": 0.006920925890395773, "n_events": 974, "total_time": 6.740981817245483}, "test.last": {"label": "test.last", "average_duration": 1.5210272073745728, "n_events": 4, "total_time": 6.084108829498291}}