{"batch": {"label": "batch", "average_duration": 0.18456723356430582, "n_events": 779, "total_time": 143.77787494659424}, "batch.accumulate": {"label": "batch.accumulate", "average_duration": 0.002611147729974044, "n_events": 38, "total_time": 0.09922361373901367}, "batch.backward": {"label": "batch.backward", "average_duration": 0.12472005986126763, "n_events": 779, "total_time": 97.15692663192749}, "batch.evaluate": {"label": "batch.evaluate", "average_duration": 0.0005619645271741992, "n_events": 779, "total_time": 0.43777036666870117}, "batch.forward": {"label": "batch.forward", "average_duration": 0.04168597418475365, "n_events": 779, "total_time": 32.473373889923096}, "batch.reduce": {"label": "batch.reduce", "average_duration": 0.014809897071436831, "n_events": 38, "total_time": 0.5627760887145996}, "batch.step": {"label": "batch.step", "average_duration": 0.008610609101086127, "n_events": 779, "total_time": 6.707664489746094}, "epoch_metrics.collect": {"label": "epoch_metrics.collect", "average_duration": 0.0023371378580729165, "n_events": 3, "total_time": 0.00701141357421875}, "reduce.compress": {"label": "reduce.compress", "average_duration": 0.0032796608774285567, "n_events": 38, "total_time": 0.12462711334228516}, "reduce.decompress": {"label": "reduce.decompress", "average_duration": 0.0002916172931068822, "n_events": 38, "total_time": 0.011081457138061523}, "reduce.flat_pack": {"label": "reduce.flat_pack", "average_duration": 0.0008999862168964587, "n_events": 38, "total_time": 0.03419947624206543}, "reduce.norm": {"label": "reduce.norm", "average_duration": 0.0005347603245785361, "n_events": 38, "total_time": 0.020320892333984375}, "reduce.reduce.vector": {"label": "reduce.reduce.vector", "average_duration": 0.0014938116073608398, "n_events": 38, "total_time": 0.056764841079711914}, "reduce.setgrad": {"label": "reduce.setgrad", "average_duration": 0.00802277263842131, "n_events": 38, "total_time": 0.30486536026000977}, "test.last": {"label": "test.last", "average_duration": 2.6629960536956787, "n_events": 3, "total_time": 7.988988161087036}}