{"batch": {"label": "batch", "average_duration": 0.21180236585869278, "n_events": 484, "total_time": 102.5123450756073}, "batch.accumulate": {"label": "batch.accumulate", "average_duration": 0.0019073052839799361, "n_events": 484, "total_time": 0.9231357574462891}, "batch.backward": {"label": "batch.backward", "average_duration": 0.12400635214876538, "n_events": 484, "total_time": 60.01907444000244}, "batch.evaluate": {"label": "batch.evaluate", "average_duration": 0.0004957958686450297, "n_events": 484, "total_time": 0.23996520042419434}, "batch.forward": {"label": "batch.forward", "average_duration": 0.06013646844989997, "n_events": 484, "total_time": 29.106050729751587}, "batch.reduce": {"label": "batch.reduce", "average_duration": 0.013772650691103344, "n_events": 484, "total_time": 6.6659629344940186}, "batch.step": {"label": "batch.step", "average_duration": 0.00820203950582457, "n_events": 484, "total_time": 3.969787120819092}, "epoch_metrics.collect": {"label": "epoch_metrics.collect", "average_duration": 0.0040007829666137695, "n_events": 4, "total_time": 0.016003131866455078}, "reduce.compress": {"label": "reduce.compress", "average_duration": 0.0014064755321534213, "n_events": 484, "total_time": 0.6807341575622559}, "reduce.decompress": {"label": "reduce.decompress", "average_duration": 0.0001810390101976631, "n_events": 484, "total_time": 0.08762288093566895}, "reduce.flat_pack": {"label": "reduce.flat_pack", "average_duration": 0.0007228068083771004, "n_events": 484, "total_time": 0.3498384952545166}, "reduce.norm": {"label": "reduce.norm", "average_duration": 0.003415584071608614, "n_events": 484, "total_time": 1.6531426906585693}, "reduce.reduce.vector": {"label": "reduce.reduce.vector", "average_duration": 0.0009364328108543207, "n_events": 484, "total_time": 0.4532334804534912}, "reduce.setgrad": {"label": "reduce.setgrad", "average_duration": 0.006694550356589073, "n_events": 484, "total_time": 3.2401623725891113}, "test.last": {"label": "test.last", "average_duration": 1.4298928380012512, "n_events": 4, "total_time": 5.719571352005005}}