{"batch": {"label": "batch", "average_duration": 0.18590564259571007, "n_events": 387, "total_time": 71.9454836845398}, "batch.accumulate": {"label": "batch.accumulate", "average_duration": 0.0029163360595703125, "n_events": 18, "total_time": 0.052494049072265625}, "batch.backward": {"label": "batch.backward", "average_duration": 0.1228475262644371, "n_events": 387, "total_time": 47.54199266433716}, "batch.evaluate": {"label": "batch.evaluate", "average_duration": 0.0007304523034305227, "n_events": 387, "total_time": 0.2826850414276123}, "batch.forward": {"label": "batch.forward", "average_duration": 0.04129718871695743, "n_events": 387, "total_time": 15.982012033462524}, "batch.reduce": {"label": "batch.reduce", "average_duration": 0.06895014974806044, "n_events": 18, "total_time": 1.241102695465088}, "batch.step": {"label": "batch.step", "average_duration": 0.008972629404191208, "n_events": 387, "total_time": 3.472407579421997}, "epoch_metrics.collect": {"label": "epoch_metrics.collect", "average_duration": 0.04803466796875, "n_events": 3, "total_time": 0.14410400390625}, "reduce.compress": {"label": "reduce.compress", "average_duration": 0.0032800568474663627, "n_events": 18, "total_time": 0.05904102325439453}, "reduce.decompress": {"label": "reduce.decompress", "average_duration": 0.00029147995842827693, "n_events": 18, "total_time": 0.005246639251708984}, "reduce.flat_pack": {"label": "reduce.flat_pack", "average_duration": 0.0009269316991170248, "n_events": 18, "total_time": 0.016684770584106445}, "reduce.norm": {"label": "reduce.norm", "average_duration": 0.0549767812093099, "n_events": 18, "total_time": 0.9895820617675781}, "reduce.reduce.vector": {"label": "reduce.reduce.vector", "average_duration": 0.000737203492058648, "n_events": 18, "total_time": 0.013269662857055664}, "reduce.setgrad": {"label": "reduce.setgrad", "average_duration": 0.008391698201497396, "n_events": 18, "total_time": 0.15105056762695312}, "test.last": {"label": "test.last", "average_duration": 1.5090861320495605, "n_events": 3, "total_time": 4.527258396148682}}