{"batch": {"label": "batch", "average_duration": 0.18628403444314803, "n_events": 387, "total_time": 72.09192132949829}, "batch.accumulate": {"label": "batch.accumulate", "average_duration": 0.003051386939154731, "n_events": 18, "total_time": 0.054924964904785156}, "batch.backward": {"label": "batch.backward", "average_duration": 0.02425062872026626, "n_events": 387, "total_time": 9.384993314743042}, "batch.evaluate": {"label": "batch.evaluate", "average_duration": 0.11871385081485876, "n_events": 387, "total_time": 45.94226026535034}, "batch.forward": {"label": "batch.forward", "average_duration": 0.023943519715498893, "n_events": 387, "total_time": 9.266142129898071}, "batch.reduce": {"label": "batch.reduce", "average_duration": 0.01328428586324056, "n_events": 18, "total_time": 0.23911714553833008}, "batch.step": {"label": "batch.step", "average_duration": 0.009580777289023387, "n_events": 387, "total_time": 3.707760810852051}, "epoch_metrics.collect": {"label": "epoch_metrics.collect", "average_duration": 0.0012853940327962239, "n_events": 3, "total_time": 0.003856182098388672}, "reduce.compress": {"label": "reduce.compress", "average_duration": 0.0004488362206353082, "n_events": 18, "total_time": 0.008079051971435547}, "reduce.decompress": {"label": "reduce.decompress", "average_duration": 9.241369035508897e-05, "n_events": 18, "total_time": 0.0016634464263916016}, "reduce.flat_pack": {"label": "reduce.flat_pack", "average_duration": 0.0007478131188286676, "n_events": 18, "total_time": 0.013460636138916016}, "reduce.norm": {"label": "reduce.norm", "average_duration": 0.002489381366305881, "n_events": 18, "total_time": 0.04480886459350586}, "reduce.reduce.vector": {"label": "reduce.reduce.vector", "average_duration": 0.00016695923275417753, "n_events": 18, "total_time": 0.0030052661895751953}, "reduce.setgrad": {"label": "reduce.setgrad", "average_duration": 0.008997321128845215, "n_events": 18, "total_time": 0.16195178031921387}, "test.last": {"label": "test.last", "average_duration": 1.5089980761210124, "n_events": 3, "total_time": 4.526994228363037}}