{"batch": {"label": "batch", "average_duration": 0.372550065984431, "n_events": 194, "total_time": 72.27471280097961}, "batch.accumulate": {"label": "batch.accumulate", "average_duration": 0.0013313010795829223, "n_events": 194, "total_time": 0.2582724094390869}, "batch.backward": {"label": "batch.backward", "average_duration": 0.09928064247996536, "n_events": 194, "total_time": 19.26044464111328}, "batch.evaluate": {"label": "batch.evaluate", "average_duration": 0.0006732510537216344, "n_events": 194, "total_time": 0.13061070442199707}, "batch.forward": {"label": "batch.forward", "average_duration": 0.05151443874713072, "n_events": 194, "total_time": 9.99380111694336}, "batch.reduce": {"label": "batch.reduce", "average_duration": 0.21218348778400226, "n_events": 194, "total_time": 41.163596630096436}, "batch.step": {"label": "batch.step", "average_duration": 0.004630412023092054, "n_events": 194, "total_time": 0.8982999324798584}, "reduce.allreduce": {"label": "reduce.allreduce", "average_duration": 0.21091448769126972, "n_events": 194, "total_time": 40.91741061210632}, "reduce.flat_pack": {"label": "reduce.flat_pack", "average_duration": 0.0010781103802710464, "n_events": 194, "total_time": 0.209153413772583}, "reduce_times": [0.09375905990600586, 0.08528280258178711, 0.07604074478149414, 0.08041739463806152, 0.08094930648803711, 0.07732462882995605, 0.07895994186401367, 0.07801365852355957, 0.07791471481323242, 0.08610701560974121, 0.0816652774810791, 0.16951251029968262, 0.21970772743225098, 0.2197434902191162, 0.2195296287536621, 0.22037172317504883, 0.21968650817871094, 0.21930527687072754, 0.2191317081451416, 0.21969127655029297, 0.21957063674926758, 0.2191174030303955, 0.21991896629333496, 0.22060108184814453, 0.22002816200256348, 0.21947026252746582, 0.2206737995147705, 0.21881890296936035, 0.21949481964111328, 0.21927690505981445, 0.22064685821533203, 0.21917724609375, 0.2198491096496582, 0.2198011875152588, 0.219252347946167, 0.2209317684173584, 0.21891212463378906, 0.21898603439331055, 0.21941709518432617, 0.21970009803771973, 0.21950793266296387, 0.21982526779174805, 0.2195577621459961, 0.21926069259643555, 0.2196662425994873, 0.21976685523986816, 0.21970176696777344, 0.21987342834472656, 0.21941852569580078, 0.2199857234954834, 0.22100591659545898, 0.21893572807312012, 0.2194678783416748, 0.21966028213500977, 0.2197110652923584, 0.21948957443237305, 0.220017671585083, 0.22068309783935547, 0.2202754020690918, 0.2200608253479004, 0.21935319900512695, 0.2196509838104248, 0.2198939323425293, 0.2202153205871582, 0.21907830238342285, 0.21912407875061035, 0.22014117240905762, 0.21951007843017578, 0.21990609169006348, 0.2194972038269043, 0.21990537643432617, 0.21955418586730957, 0.2196977138519287, 0.21962761878967285, 0.21945786476135254, 0.21989178657531738, 0.2199399471282959, 0.21929049491882324, 0.21972012519836426, 0.2198784351348877, 0.2195425033569336, 0.21958160400390625, 0.21953678131103516, 0.21968626976013184, 0.21899819374084473, 0.21995949745178223, 0.22060561180114746, 0.21979475021362305, 0.219740629196167, 0.21990513801574707, 0.21985626220703125, 0.21925616264343262, 0.2196810245513916, 0.2198197841644287, 0.21935224533081055, 0.21963119506835938, 0.2198033332824707, 0.2207944393157959, 0.21935629844665527, 0.21944594383239746, 0.21922826766967773, 0.21967506408691406, 0.21930980682373047, 0.21904325485229492, 0.21910643577575684, 0.2194056510925293, 0.21964025497436523, 0.21975493431091309, 0.2194063663482666, 0.2197556495666504, 0.21993231773376465, 0.21917247772216797, 0.2198030948638916, 0.21954727172851562, 0.2203071117401123, 0.21994304656982422, 0.2189486026763916, 0.21955108642578125, 0.21993255615234375, 0.2197740077972412, 0.21992802619934082, 0.22060012817382812, 0.22073101997375488, 0.21983838081359863, 0.2196967601776123, 0.2191331386566162, 0.22003769874572754, 0.22017812728881836, 0.2190532684326172, 0.22033047676086426, 0.21909284591674805, 0.219879150390625, 0.21930432319641113, 0.2201521396636963, 0.21921896934509277, 0.21974492073059082, 0.21968555450439453, 0.21969151496887207, 0.2195587158203125, 0.21962881088256836, 0.2193315029144287, 0.22028636932373047, 0.21968698501586914, 0.21974802017211914, 0.21979141235351562, 0.21997952461242676, 0.21926140785217285, 0.2191329002380371, 0.21994495391845703, 0.21991777420043945, 0.2196061611175537, 0.21946120262145996, 0.21921753883361816, 0.21950221061706543, 0.21982908248901367, 0.21959733963012695, 0.2192072868347168, 0.21910881996154785, 0.21947097778320312, 0.219390869140625, 0.219451904296875, 0.2193431854248047, 0.21920418739318848, 0.219926118850708, 0.21881699562072754, 0.2203819751739502, 0.2191007137298584, 0.22034549713134766, 0.2198469638824463, 0.2208855152130127, 0.21958327293395996, 0.21950316429138184, 0.21912860870361328, 0.22049260139465332, 0.2197425365447998, 0.2202603816986084, 0.21919846534729004, 0.21998977661132812, 0.21927356719970703, 0.21886706352233887, 0.21956753730773926, 0.21630454063415527, 0.21642661094665527, 0.21925973892211914, 0.21889257431030273, 0.2189931869506836, 0.2193613052368164, 0.21944618225097656, 0.219376802444458, 0.22020697593688965, 0.21935462951660156, 0.21924304962158203, 0.2199726104736328, 0.21938180923461914, 0.21971964836120605]}