{"batch": {"label": "batch", "average_duration": 0.08432206688617243, "n_events": 387, "total_time": 32.63263988494873}, "batch.accumulate": {"label": "batch.accumulate", "average_duration": 0.0011427005132039387, "n_events": 18, "total_time": 0.0205686092376709}, "batch.backward": {"label": "batch.backward", "average_duration": 0.06625117442404577, "n_events": 387, "total_time": 25.639204502105713}, "batch.evaluate": {"label": "batch.evaluate", "average_duration": 0.0012664573137150254, "n_events": 387, "total_time": 0.49011898040771484}, "batch.forward": {"label": "batch.forward", "average_duration": 0.006485110413504509, "n_events": 387, "total_time": 2.509737730026245}, "batch.reduce": {"label": "batch.reduce", "average_duration": 0.014030112160576714, "n_events": 18, "total_time": 0.25254201889038086}, "batch.step": {"label": "batch.step", "average_duration": 0.004057752377611106, "n_events": 387, "total_time": 1.570350170135498}, "epoch_metrics.collect": {"label": "epoch_metrics.collect", "average_duration": 0.0013915697733561199, "n_events": 3, "total_time": 0.004174709320068359}, "reduce.compress": {"label": "reduce.compress", "average_duration": 0.0010251601537068684, "n_events": 18, "total_time": 0.018452882766723633}, "reduce.decompress": {"label": "reduce.decompress", "average_duration": 0.00023296144273546006, "n_events": 18, "total_time": 0.004193305969238281}, "reduce.flat_pack": {"label": "reduce.flat_pack", "average_duration": 0.0007555749681260851, "n_events": 18, "total_time": 0.013600349426269531}, "reduce.norm": {"label": "reduce.norm", "average_duration": 0.007760246594746907, "n_events": 18, "total_time": 0.13968443870544434}, "reduce.reduce.vector": {"label": "reduce.reduce.vector", "average_duration": 0.00013233555687798394, "n_events": 18, "total_time": 0.002382040023803711}, "reduce.setgrad": {"label": "reduce.setgrad", "average_duration": 0.003365529908074273, "n_events": 18, "total_time": 0.060579538345336914}, "test.last": {"label": "test.last", "average_duration": 1.4050890604654949, "n_events": 3, "total_time": 4.215267181396484}, "reduce_times": [0.9120042324066162, 0.006932497024536133, 0.006655454635620117, 0.00668025016784668, 0.09419059753417969, 0.006716489791870117, 0.007223606109619141, 0.006556272506713867, 0.006790876388549805, 0.04944252967834473, 0.006855487823486328, 0.006510734558105469, 0.0066967010498046875, 0.006726741790771484, 0.0077533721923828125, 0.0070993900299072266, 0.0063631534576416016, 0.006624460220336914, 0.0067234039306640625]}