{"batch": {"label": "batch", "average_duration": 0.08382254607917726, "n_events": 387, "total_time": 32.4393253326416}, "batch.accumulate": {"label": "batch.accumulate", "average_duration": 0.0011288854810926649, "n_events": 18, "total_time": 0.02031993865966797}, "batch.backward": {"label": "batch.backward", "average_duration": 0.006524798789997742, "n_events": 387, "total_time": 2.525097131729126}, "batch.evaluate": {"label": "batch.evaluate", "average_duration": 0.05962773194916796, "n_events": 387, "total_time": 23.075932264328003}, "batch.forward": {"label": "batch.forward", "average_duration": 0.0058165927265965665, "n_events": 387, "total_time": 2.251021385192871}, "batch.reduce": {"label": "batch.reduce", "average_duration": 0.06011238363054064, "n_events": 18, "total_time": 1.0820229053497314}, "batch.step": {"label": "batch.step", "average_duration": 0.0032850229770946256, "n_events": 387, "total_time": 1.2713038921356201}, "epoch_metrics.collect": {"label": "epoch_metrics.collect", "average_duration": 0.013084650039672852, "n_events": 3, "total_time": 0.039253950119018555}, "reduce.compress": {"label": "reduce.compress", "average_duration": 0.0010573466618855794, "n_events": 18, "total_time": 0.01903223991394043}, "reduce.decompress": {"label": "reduce.decompress", "average_duration": 0.0002386702431572808, "n_events": 18, "total_time": 0.004296064376831055}, "reduce.flat_pack": {"label": "reduce.flat_pack", "average_duration": 0.0003244744406806098, "n_events": 18, "total_time": 0.0058405399322509766}, "reduce.norm": {"label": "reduce.norm", "average_duration": 0.05448264545864529, "n_events": 18, "total_time": 0.9806876182556152}, "reduce.reduce.vector": {"label": "reduce.reduce.vector", "average_duration": 0.00013118320041232638, "n_events": 18, "total_time": 0.002361297607421875}, "reduce.setgrad": {"label": "reduce.setgrad", "average_duration": 0.003358986642625597, "n_events": 18, "total_time": 0.06046175956726074}, "test.last": {"label": "test.last", "average_duration": 1.405053695042928, "n_events": 3, "total_time": 4.215161085128784}, "reduce_times": [1.0124075412750244, 0.06170916557312012, 0.07135128974914551, 0.07280564308166504, 0.05300569534301758, 0.06934881210327148, 0.025488615036010742, 0.07282567024230957, 0.07536196708679199, 0.006783962249755859, 0.05969500541687012, 0.06931209564208984, 0.07840847969055176, 0.07218027114868164, 0.016077756881713867, 0.06436514854431152, 0.08727359771728516, 0.05909562110900879, 0.06693410873413086]}