{"batch": {"label": "batch", "average_duration": 0.08394690323861687, "n_events": 387, "total_time": 32.48745155334473}, "batch.accumulate": {"label": "batch.accumulate", "average_duration": 0.0011355214648776585, "n_events": 18, "total_time": 0.02043938636779785}, "batch.backward": {"label": "batch.backward", "average_duration": 0.006505546027683781, "n_events": 387, "total_time": 2.517646312713623}, "batch.evaluate": {"label": "batch.evaluate", "average_duration": 0.0606546648405011, "n_events": 387, "total_time": 23.473355293273926}, "batch.forward": {"label": "batch.forward", "average_duration": 0.0057115339185532365, "n_events": 387, "total_time": 2.2103636264801025}, "batch.reduce": {"label": "batch.reduce", "average_duration": 0.042919026480780706, "n_events": 18, "total_time": 0.7725424766540527}, "batch.step": {"label": "batch.step", "average_duration": 0.0033051006553709043, "n_events": 387, "total_time": 1.27907395362854}, "epoch_metrics.collect": {"label": "epoch_metrics.collect", "average_duration": 0.0060193538665771484, "n_events": 3, "total_time": 0.018058061599731445}, "reduce.compress": {"label": "reduce.compress", "average_duration": 0.0010326703389485676, "n_events": 18, "total_time": 0.01858806610107422}, "reduce.decompress": {"label": "reduce.decompress", "average_duration": 0.0002199146482679579, "n_events": 18, "total_time": 0.003958463668823242}, "reduce.flat_pack": {"label": "reduce.flat_pack", "average_duration": 0.0003153218163384332, "n_events": 18, "total_time": 0.005675792694091797}, "reduce.norm": {"label": "reduce.norm", "average_duration": 0.03757434421115451, "n_events": 18, "total_time": 0.6763381958007812}, "reduce.reduce.vector": {"label": "reduce.reduce.vector", "average_duration": 0.00012768639458550347, "n_events": 18, "total_time": 0.0022983551025390625}, "reduce.setgrad": {"label": "reduce.setgrad", "average_duration": 0.0031391514672173392, "n_events": 18, "total_time": 0.05650472640991211}, "test.last": {"label": "test.last", "average_duration": 1.4051453272501628, "n_events": 3, "total_time": 4.215435981750488}, "reduce_times": [1.008089542388916, 0.0579838752746582, 0.04110527038574219, 0.04457712173461914, 0.006388187408447266, 0.04336094856262207, 0.03694510459899902, 0.043253183364868164, 0.05349540710449219, 0.04210257530212402, 0.01807546615600586, 0.0612635612487793, 0.060625314712524414, 0.0368189811706543, 0.017337560653686523, 0.04194808006286621, 0.07323980331420898, 0.037598371505737305, 0.05642366409301758]}