{"batch": {"label": "batch", "average_duration": 0.20486605912446976, "n_events": 96, "total_time": 19.667141675949097}, "batch.accumulate": {"label": "batch.accumulate", "average_duration": 0.0028625677029291787, "n_events": 96, "total_time": 0.27480649948120117}, "batch.backward": {"label": "batch.backward", "average_duration": 0.027167404691378277, "n_events": 96, "total_time": 2.6080708503723145}, "batch.evaluate": {"label": "batch.evaluate", "average_duration": 0.1137899433573087, "n_events": 96, "total_time": 10.923834562301636}, "batch.forward": {"label": "batch.forward", "average_duration": 0.023691306511561077, "n_events": 96, "total_time": 2.2743654251098633}, "batch.reduce": {"label": "batch.reduce", "average_duration": 0.01994459827740987, "n_events": 96, "total_time": 1.9146814346313477}, "batch.step": {"label": "batch.step", "average_duration": 0.008838579058647156, "n_events": 96, "total_time": 0.848503589630127}, "reduce.compress": {"label": "reduce.compress", "average_duration": 0.0009797314802805583, "n_events": 96, "total_time": 0.0940542221069336}, "reduce.decompress": {"label": "reduce.decompress", "average_duration": 0.0002201025684674581, "n_events": 96, "total_time": 0.021129846572875977}, "reduce.flat_pack": {"label": "reduce.flat_pack", "average_duration": 0.000749992827574412, "n_events": 96, "total_time": 0.07199931144714355}, "reduce.norm": {"label": "reduce.norm", "average_duration": 0.008865843216578165, "n_events": 96, "total_time": 0.8511209487915039}, "reduce.reduce.vector": {"label": "reduce.reduce.vector", "average_duration": 0.000124417245388031, "n_events": 96, "total_time": 0.011944055557250977}, "reduce.setgrad": {"label": "reduce.setgrad", "average_duration": 0.008725504080454508, "n_events": 96, "total_time": 0.8376483917236328}}