{"batch": {"label": "batch", "average_duration": 0.20485866318146387, "n_events": 96, "total_time": 19.666431665420532}, "batch.accumulate": {"label": "batch.accumulate", "average_duration": 0.002932131290435791, "n_events": 96, "total_time": 0.28148460388183594}, "batch.backward": {"label": "batch.backward", "average_duration": 0.02668319394191106, "n_events": 96, "total_time": 2.561586618423462}, "batch.evaluate": {"label": "batch.evaluate", "average_duration": 0.11096396545569102, "n_events": 96, "total_time": 10.652540683746338}, "batch.forward": {"label": "batch.forward", "average_duration": 0.025169938802719116, "n_events": 96, "total_time": 2.416314125061035}, "batch.reduce": {"label": "batch.reduce", "average_duration": 0.02102697143952052, "n_events": 96, "total_time": 2.0185892581939697}, "batch.step": {"label": "batch.step", "average_duration": 0.008851200342178345, "n_events": 96, "total_time": 0.8497152328491211}, "reduce.compress": {"label": "reduce.compress", "average_duration": 0.0010066702961921692, "n_events": 96, "total_time": 0.09664034843444824}, "reduce.decompress": {"label": "reduce.decompress", "average_duration": 0.00022632131973902384, "n_events": 96, "total_time": 0.02172684669494629}, "reduce.flat_pack": {"label": "reduce.flat_pack", "average_duration": 0.0007790823777516683, "n_events": 96, "total_time": 0.07479190826416016}, "reduce.norm": {"label": "reduce.norm", "average_duration": 0.009242735803127289, "n_events": 96, "total_time": 0.8873026371002197}, "reduce.reduce.vector": {"label": "reduce.reduce.vector", "average_duration": 0.00012570619583129883, "n_events": 96, "total_time": 0.012067794799804688}, "reduce.setgrad": {"label": "reduce.setgrad", "average_duration": 0.00936360905567805, "n_events": 96, "total_time": 0.8989064693450928}}