{"batch": {"label": "batch", "average_duration": 0.08174480448038841, "n_events": 389, "total_time": 31.798728942871094}, "batch.accumulate": {"label": "batch.accumulate", "average_duration": 0.0009532539468062552, "n_events": 38, "total_time": 0.036223649978637695}, "batch.backward": {"label": "batch.backward", "average_duration": 0.06698764259220702, "n_events": 389, "total_time": 26.05819296836853}, "batch.evaluate": {"label": "batch.evaluate", "average_duration": 0.0012033966329226457, "n_events": 389, "total_time": 0.4681212902069092}, "batch.forward": {"label": "batch.forward", "average_duration": 0.006454423644548823, "n_events": 389, "total_time": 2.510770797729492}, "batch.reduce": {"label": "batch.reduce", "average_duration": 0.006817209093194259, "n_events": 38, "total_time": 0.25905394554138184}, "batch.step": {"label": "batch.step", "average_duration": 0.00341363860279858, "n_events": 389, "total_time": 1.3279054164886475}, "epoch_metrics.collect": {"label": "epoch_metrics.collect", "average_duration": 0.0011298656463623047, "n_events": 1, "total_time": 0.0011298656463623047}, "reduce.allreduce": {"label": "reduce.allreduce", "average_duration": 0.006048993060463353, "n_events": 38, "total_time": 0.22986173629760742}, "reduce.flat_pack": {"label": "reduce.flat_pack", "average_duration": 0.0006551240619860197, "n_events": 38, "total_time": 0.02489471435546875}, "test.last": {"label": "test.last", "average_duration": 2.3668761253356934, "n_events": 1, "total_time": 2.3668761253356934}}