{"batch": {"label": "batch", "average_duration": 0.19138010945813408, "n_events": 290, "total_time": 55.50023174285889}, "batch.accumulate": {"label": "batch.accumulate", "average_duration": 0.002926309903462728, "n_events": 18, "total_time": 0.0526735782623291}, "batch.backward": {"label": "batch.backward", "average_duration": 0.1229017709863597, "n_events": 290, "total_time": 35.64151358604431}, "batch.evaluate": {"label": "batch.evaluate", "average_duration": 0.0007409309518748317, "n_events": 290, "total_time": 0.21486997604370117}, "batch.forward": {"label": "batch.forward", "average_duration": 0.04126077520436254, "n_events": 290, "total_time": 11.965624809265137}, "batch.reduce": {"label": "batch.reduce", "average_duration": 0.04381480481889513, "n_events": 18, "total_time": 0.7886664867401123}, "batch.step": {"label": "batch.step", "average_duration": 0.008960372004015692, "n_events": 290, "total_time": 2.598507881164551}, "epoch_metrics.collect": {"label": "epoch_metrics.collect", "average_duration": 0.03846573829650879, "n_events": 2, "total_time": 0.07693147659301758}, "reduce.compress": {"label": "reduce.compress", "average_duration": 0.0010430283016628688, "n_events": 18, "total_time": 0.01877450942993164}, "reduce.decompress": {"label": "reduce.decompress", "average_duration": 0.0002209080590142144, "n_events": 18, "total_time": 0.003976345062255859}, "reduce.flat_pack": {"label": "reduce.flat_pack", "average_duration": 0.0010649760564168294, "n_events": 18, "total_time": 0.01916956901550293}, "reduce.norm": {"label": "reduce.norm", "average_duration": 0.032323082288106285, "n_events": 18, "total_time": 0.5818154811859131}, "reduce.reduce.vector": {"label": "reduce.reduce.vector", "average_duration": 0.0001804563734266493, "n_events": 18, "total_time": 0.0032482147216796875}, "reduce.setgrad": {"label": "reduce.setgrad", "average_duration": 0.008474244011773003, "n_events": 18, "total_time": 0.15253639221191406}, "test.last": {"label": "test.last", "average_duration": 1.520713448524475, "n_events": 2, "total_time": 3.04142689704895}}