{"batch": {"label": "batch", "average_duration": 0.19187265429003486, "n_events": 290, "total_time": 55.64306974411011}, "batch.accumulate": {"label": "batch.accumulate", "average_duration": 0.0029828548431396484, "n_events": 18, "total_time": 0.05369138717651367}, "batch.backward": {"label": "batch.backward", "average_duration": 0.024199461936950682, "n_events": 290, "total_time": 7.017843961715698}, "batch.evaluate": {"label": "batch.evaluate", "average_duration": 0.11923367155009303, "n_events": 290, "total_time": 34.57776474952698}, "batch.forward": {"label": "batch.forward", "average_duration": 0.02342320310658422, "n_events": 290, "total_time": 6.792728900909424}, "batch.reduce": {"label": "batch.reduce", "average_duration": 0.01947898334927029, "n_events": 18, "total_time": 0.35062170028686523}, "batch.step": {"label": "batch.step", "average_duration": 0.009100868784148118, "n_events": 290, "total_time": 2.639251947402954}, "epoch_metrics.collect": {"label": "epoch_metrics.collect", "average_duration": 0.0012580156326293945, "n_events": 2, "total_time": 0.002516031265258789}, "reduce.compress": {"label": "reduce.compress", "average_duration": 0.0009967750973171657, "n_events": 18, "total_time": 0.017941951751708984}, "reduce.decompress": {"label": "reduce.decompress", "average_duration": 0.00022376908196343316, "n_events": 18, "total_time": 0.004027843475341797}, "reduce.flat_pack": {"label": "reduce.flat_pack", "average_duration": 0.0007393889957004123, "n_events": 18, "total_time": 0.013309001922607422}, "reduce.norm": {"label": "reduce.norm", "average_duration": 0.00799156559838189, "n_events": 18, "total_time": 0.14384818077087402}, "reduce.reduce.vector": {"label": "reduce.reduce.vector", "average_duration": 0.00012562010023328994, "n_events": 18, "total_time": 0.0022611618041992188}, "reduce.setgrad": {"label": "reduce.setgrad", "average_duration": 0.008843382199605307, "n_events": 18, "total_time": 0.1591808795928955}, "test.last": {"label": "test.last", "average_duration": 1.5206947326660156, "n_events": 2, "total_time": 3.0413894653320312}}