{"batch": {"label": "batch", "average_duration": 0.08639327152488158, "n_events": 194, "total_time": 16.760294675827026}, "batch.accumulate": {"label": "batch.accumulate", "average_duration": 0.0009294811048005757, "n_events": 38, "total_time": 0.035320281982421875}, "batch.backward": {"label": "batch.backward", "average_duration": 0.06686101008936302, "n_events": 194, "total_time": 12.971035957336426}, "batch.evaluate": {"label": "batch.evaluate", "average_duration": 0.0011819982037101825, "n_events": 194, "total_time": 0.2293076515197754}, "batch.forward": {"label": "batch.forward", "average_duration": 0.006447393869616322, "n_events": 194, "total_time": 1.2507944107055664}, "batch.reduce": {"label": "batch.reduce", "average_duration": 0.005043556815699527, "n_events": 38, "total_time": 0.19165515899658203}, "batch.step": {"label": "batch.step", "average_duration": 0.00332490807956027, "n_events": 194, "total_time": 0.6450321674346924}, "reduce.compress": {"label": "reduce.compress", "average_duration": 0.00036294836747018913, "n_events": 38, "total_time": 0.013792037963867188}, "reduce.decompress": {"label": "reduce.decompress", "average_duration": 8.006472336618524e-05, "n_events": 38, "total_time": 0.003042459487915039}, "reduce.flat_pack": {"label": "reduce.flat_pack", "average_duration": 0.000639695870248895, "n_events": 38, "total_time": 0.024308443069458008}, "reduce.norm": {"label": "reduce.norm", "average_duration": 0.00036005597365529915, "n_events": 38, "total_time": 0.013682126998901367}, "reduce.reduce.vector": {"label": "reduce.reduce.vector", "average_duration": 0.0001307098489058645, "n_events": 38, "total_time": 0.0049669742584228516}, "reduce.setgrad": {"label": "reduce.setgrad", "average_duration": 0.002847784443905479, "n_events": 38, "total_time": 0.1082158088684082}}