{"batch": {"label": "batch", "average_duration": 0.07867254224316828, "n_events": 290, "total_time": 22.8150372505188}, "batch.accumulate": {"label": "batch.accumulate", "average_duration": 0.0012620422575208875, "n_events": 18, "total_time": 0.022716760635375977}, "batch.backward": {"label": "batch.backward", "average_duration": 0.006551609368159853, "n_events": 290, "total_time": 1.8999667167663574}, "batch.evaluate": {"label": "batch.evaluate", "average_duration": 0.06007426278344516, "n_events": 290, "total_time": 17.421536207199097}, "batch.forward": {"label": "batch.forward", "average_duration": 0.005599467507724104, "n_events": 290, "total_time": 1.6238455772399902}, "batch.reduce": {"label": "batch.reduce", "average_duration": 0.004212829801771376, "n_events": 18, "total_time": 0.07583093643188477}, "batch.step": {"label": "batch.step", "average_duration": 0.0030931522106302195, "n_events": 290, "total_time": 0.8970141410827637}, "epoch_metrics.collect": {"label": "epoch_metrics.collect", "average_duration": 0.01714038848876953, "n_events": 2, "total_time": 0.03428077697753906}, "reduce.allreduce": {"label": "reduce.allreduce", "average_duration": 0.003718482123480903, "n_events": 18, "total_time": 0.06693267822265625}, "reduce.flat_pack": {"label": "reduce.flat_pack", "average_duration": 0.00036896599663628475, "n_events": 18, "total_time": 0.006641387939453125}, "test.last": {"label": "test.last", "average_duration": 1.3607633113861084, "n_events": 2, "total_time": 2.721526622772217}, "reduce_times": [0.0039250850677490234, 0.0037620067596435547, 0.0041577816009521484, 0.0039784908294677734, 0.003661632537841797, 0.003673553466796875, 0.004039287567138672, 0.007623910903930664, 0.0037212371826171875, 0.003651142120361328, 0.0037429332733154297, 0.003659963607788086, 0.0075604915618896484, 0.0036957263946533203, 0.003850221633911133, 0.0038259029388427734, 0.003655672073364258, 0.003792285919189453, 0.003778696060180664]}