{"batch": {"label": "batch", "average_duration": 0.08218996853664004, "n_events": 290, "total_time": 23.83509087562561}, "batch.accumulate": {"label": "batch.accumulate", "average_duration": 0.0011958016289605035, "n_events": 18, "total_time": 0.021524429321289062}, "batch.backward": {"label": "batch.backward", "average_duration": 0.06671898365020752, "n_events": 290, "total_time": 19.34850525856018}, "batch.evaluate": {"label": "batch.evaluate", "average_duration": 0.001232550884115285, "n_events": 290, "total_time": 0.3574397563934326}, "batch.forward": {"label": "batch.forward", "average_duration": 0.006494249146560143, "n_events": 290, "total_time": 1.8833322525024414}, "batch.reduce": {"label": "batch.reduce", "average_duration": 0.007379929224650065, "n_events": 18, "total_time": 0.13283872604370117}, "batch.step": {"label": "batch.step", "average_duration": 0.004041826313939588, "n_events": 290, "total_time": 1.1721296310424805}, "epoch_metrics.collect": {"label": "epoch_metrics.collect", "average_duration": 0.001220107078552246, "n_events": 2, "total_time": 0.002440214157104492}, "reduce.allreduce": {"label": "reduce.allreduce", "average_duration": 0.006458560625712077, "n_events": 18, "total_time": 0.11625409126281738}, "reduce.flat_pack": {"label": "reduce.flat_pack", "average_duration": 0.000784913698832194, "n_events": 18, "total_time": 0.014128446578979492}, "test.last": {"label": "test.last", "average_duration": 1.3608763217926025, "n_events": 2, "total_time": 2.721752643585205}, "reduce_times": [0.0053102970123291016, 0.004664421081542969, 0.004872798919677734, 0.005288600921630859, 0.004511833190917969, 0.004088878631591797, 0.030208826065063477, 0.0038144588470458984, 0.004667758941650391, 0.004649162292480469, 0.004358530044555664, 0.004848957061767578, 0.028519868850708008, 0.005299568176269531, 0.005014896392822266, 0.005331754684448242, 0.004629373550415039, 0.0042803287506103516, 0.0037887096405029297]}