{"batch": {"label": "batch", "average_duration": 0.07960377890488197, "n_events": 290, "total_time": 23.08509588241577}, "batch.accumulate": {"label": "batch.accumulate", "average_duration": 0.0011946625179714626, "n_events": 18, "total_time": 0.021503925323486328}, "batch.backward": {"label": "batch.backward", "average_duration": 0.006516118707328007, "n_events": 290, "total_time": 1.889674425125122}, "batch.evaluate": {"label": "batch.evaluate", "average_duration": 0.06069017689803551, "n_events": 290, "total_time": 17.600151300430298}, "batch.forward": {"label": "batch.forward", "average_duration": 0.0056937834312175886, "n_events": 290, "total_time": 1.6511971950531006}, "batch.reduce": {"label": "batch.reduce", "average_duration": 0.003928740819295247, "n_events": 18, "total_time": 0.07071733474731445}, "batch.step": {"label": "batch.step", "average_duration": 0.0032976068299392174, "n_events": 290, "total_time": 0.956305980682373}, "epoch_metrics.collect": {"label": "epoch_metrics.collect", "average_duration": 0.0045626163482666016, "n_events": 2, "total_time": 0.009125232696533203}, "reduce.allreduce": {"label": "reduce.allreduce", "average_duration": 0.0034088161256578234, "n_events": 18, "total_time": 0.06135869026184082}, "reduce.flat_pack": {"label": "reduce.flat_pack", "average_duration": 0.0003979868359035916, "n_events": 18, "total_time": 0.0071637630462646484}, "test.last": {"label": "test.last", "average_duration": 1.3607878684997559, "n_events": 2, "total_time": 2.7215757369995117}, "reduce_times": [0.003818511962890625, 0.0036253929138183594, 0.003647327423095703, 0.0035371780395507812, 0.003556489944458008, 0.0035600662231445312, 0.004096031188964844, 0.003545045852661133, 0.0035424232482910156, 0.003574371337890625, 0.0037174224853515625, 0.003638029098510742, 0.008958578109741211, 0.0035262107849121094, 0.003538370132446289, 0.0035359859466552734, 0.003818035125732422, 0.003668546676635742, 0.0036318302154541016]}