{"batch": {"label": "batch", "average_duration": 0.18579271932442984, "n_events": 96, "total_time": 17.836101055145264}, "batch.accumulate": {"label": "batch.accumulate", "average_duration": 0.0032448238796657985, "n_events": 18, "total_time": 0.058406829833984375}, "batch.backward": {"label": "batch.backward", "average_duration": 0.025397179027398426, "n_events": 96, "total_time": 2.438129186630249}, "batch.evaluate": {"label": "batch.evaluate", "average_duration": 0.11632303645213445, "n_events": 96, "total_time": 11.167011499404907}, "batch.forward": {"label": "batch.forward", "average_duration": 0.02353883534669876, "n_events": 96, "total_time": 2.259728193283081}, "batch.reduce": {"label": "batch.reduce", "average_duration": 0.010389871067470975, "n_events": 18, "total_time": 0.18701767921447754}, "batch.step": {"label": "batch.step", "average_duration": 0.009249900778134664, "n_events": 96, "total_time": 0.8879904747009277}, "reduce.allreduce": {"label": "reduce.allreduce", "average_duration": 0.009508371353149414, "n_events": 18, "total_time": 0.17115068435668945}, "reduce.flat_pack": {"label": "reduce.flat_pack", "average_duration": 0.0007549524307250977, "n_events": 18, "total_time": 0.013589143753051758}, "reduce_times": [0.009996891021728516, 0.009824991226196289, 0.009760379791259766, 0.0097808837890625, 0.009858846664428711, 0.00969552993774414, 0.00980067253112793, 0.010352373123168945, 0.010065317153930664, 0.02094888687133789, 0.009586334228515625, 0.009843826293945312, 0.009676694869995117, 0.009653091430664062, 0.009559392929077148, 0.009579658508300781, 0.009874820709228516, 0.009484291076660156, 0.009671688079833984]}