{"batch": {"label": "batch", "average_duration": 0.08261501044034958, "n_events": 96, "total_time": 7.93104100227356}, "batch.accumulate": {"label": "batch.accumulate", "average_duration": 0.00113017029232449, "n_events": 18, "total_time": 0.02034306526184082}, "batch.backward": {"label": "batch.backward", "average_duration": 0.006644117335478465, "n_events": 96, "total_time": 0.6378352642059326}, "batch.evaluate": {"label": "batch.evaluate", "average_duration": 0.058337519566218056, "n_events": 96, "total_time": 5.600401878356934}, "batch.forward": {"label": "batch.forward", "average_duration": 0.005681539575258891, "n_events": 96, "total_time": 0.5454277992248535}, "batch.reduce": {"label": "batch.reduce", "average_duration": 0.02509189976586236, "n_events": 18, "total_time": 0.45165419578552246}, "batch.step": {"label": "batch.step", "average_duration": 0.0031899909178415933, "n_events": 96, "total_time": 0.30623912811279297}, "reduce.compress": {"label": "reduce.compress", "average_duration": 0.0010471741358439128, "n_events": 18, "total_time": 0.01884913444519043}, "reduce.decompress": {"label": "reduce.decompress", "average_duration": 0.00023429923587375216, "n_events": 18, "total_time": 0.004217386245727539}, "reduce.flat_pack": {"label": "reduce.flat_pack", "average_duration": 0.00033209058973524306, "n_events": 18, "total_time": 0.005977630615234375}, "reduce.norm": {"label": "reduce.norm", "average_duration": 0.019737177424960665, "n_events": 18, "total_time": 0.355269193649292}, "reduce.reduce.vector": {"label": "reduce.reduce.vector", "average_duration": 0.00013392501407199435, "n_events": 18, "total_time": 0.0024106502532958984}, "reduce.setgrad": {"label": "reduce.setgrad", "average_duration": 0.003266718652513292, "n_events": 18, "total_time": 0.05880093574523926}}