{"batch": {"label": "batch", "average_duration": 0.20450775573650995, "n_events": 96, "total_time": 19.632744550704956}, "batch.accumulate": {"label": "batch.accumulate", "average_duration": 0.002932712435722351, "n_events": 96, "total_time": 0.2815403938293457}, "batch.backward": {"label": "batch.backward", "average_duration": 0.02298411230246226, "n_events": 96, "total_time": 2.206474781036377}, "batch.evaluate": {"label": "batch.evaluate", "average_duration": 0.11643029004335403, "n_events": 96, "total_time": 11.177307844161987}, "batch.forward": {"label": "batch.forward", "average_duration": 0.02332133799791336, "n_events": 96, "total_time": 2.2388484477996826}, "batch.reduce": {"label": "batch.reduce", "average_duration": 0.021724832554658253, "n_events": 96, "total_time": 2.0855839252471924}, "batch.step": {"label": "batch.step", "average_duration": 0.008912829061349234, "n_events": 96, "total_time": 0.8556315898895264}, "reduce.compress": {"label": "reduce.compress", "average_duration": 0.00040801366170247394, "n_events": 96, "total_time": 0.0391693115234375}, "reduce.decompress": {"label": "reduce.decompress", "average_duration": 8.614609638849895e-05, "n_events": 96, "total_time": 0.008270025253295898}, "reduce.flat_pack": {"label": "reduce.flat_pack", "average_duration": 0.00074549267689387, "n_events": 96, "total_time": 0.07156729698181152}, "reduce.norm": {"label": "reduce.norm", "average_duration": 0.011364303529262543, "n_events": 96, "total_time": 1.090973138809204}, "reduce.reduce.vector": {"label": "reduce.reduce.vector", "average_duration": 0.0001390750209490458, "n_events": 96, "total_time": 0.013351202011108398}, "reduce.setgrad": {"label": "reduce.setgrad", "average_duration": 0.008714037636915842, "n_events": 96, "total_time": 0.8365476131439209}, "reduce_times": [0.47774410247802734, 0.055664777755737305, 0.017875194549560547, 0.021887779235839844, 0.017907381057739258, 0.018544912338256836, 0.01858043670654297, 0.021120548248291016, 0.017794370651245117, 0.01805853843688965, 0.016991138458251953, 0.020094633102416992, 0.01708698272705078, 0.01722860336303711, 0.01779937744140625, 0.021698951721191406, 0.018118858337402344, 0.017844438552856445, 0.019237279891967773, 0.018003225326538086, 0.017945289611816406, 0.01767444610595703, 0.01732659339904785, 0.01734781265258789, 0.015911102294921875, 0.026080846786499023, 0.019720792770385742, 0.018418550491333008, 0.032747507095336914, 0.019433259963989258, 0.01866769790649414, 0.018479108810424805, 0.037035465240478516, 0.01856398582458496, 0.01811814308166504, 0.01863408088684082, 0.03252291679382324, 0.018725156784057617, 0.017653942108154297, 0.017319679260253906, 0.0312955379486084, 0.019696712493896484, 0.0192110538482666, 0.019084692001342773, 0.031976938247680664, 0.020265579223632812, 0.02096414566040039, 0.018404722213745117, 0.03161048889160156, 0.020497560501098633, 0.02010035514831543, 0.019629716873168945, 0.03178119659423828, 0.01887035369873047, 0.01842975616455078, 0.01920342445373535, 0.032662391662597656, 0.019127845764160156, 0.019486188888549805, 0.018229246139526367, 0.032750844955444336, 0.018044471740722656, 0.019489288330078125, 0.01903533935546875, 0.031119823455810547, 0.018388032913208008, 0.019539356231689453, 0.020143508911132812, 0.033269405364990234, 0.019190073013305664, 0.019731998443603516, 0.018847227096557617, 0.03403830528259277, 0.01998734474182129, 0.01959967613220215, 0.02162003517150879, 0.03276348114013672, 0.02013421058654785, 0.019837141036987305, 0.020654678344726562, 0.03283047676086426, 0.01943683624267578, 0.019415616989135742, 0.019359111785888672, 0.03359508514404297, 0.018239736557006836, 0.017737150192260742, 0.018110036849975586, 0.03381061553955078, 0.020451068878173828, 0.018361568450927734, 0.018910646438598633, 0.018906116485595703, 0.01939105987548828, 0.021004438400268555, 0.018207073211669922, 0.0192413330078125]}