{"batch": {"label": "batch", "average_duration": 1.045473741988341, "n_events": 96, "total_time": 100.36547923088074}, "batch.accumulate": {"label": "batch.accumulate", "average_duration": 0.0028027196725209555, "n_events": 96, "total_time": 0.2690610885620117}, "batch.backward": {"label": "batch.backward", "average_duration": 0.7099635973572731, "n_events": 96, "total_time": 68.15650534629822}, "batch.evaluate": {"label": "batch.evaluate", "average_duration": 0.0007256815830866495, "n_events": 96, "total_time": 0.06966543197631836}, "batch.forward": {"label": "batch.forward", "average_duration": 0.259719118475914, "n_events": 96, "total_time": 24.933035373687744}, "batch.reduce": {"label": "batch.reduce", "average_duration": 0.05488014966249466, "n_events": 96, "total_time": 5.268494367599487}, "batch.step": {"label": "batch.step", "average_duration": 0.012616850435733795, "n_events": 96, "total_time": 1.2112176418304443}, "reduce.compress": {"label": "reduce.compress", "average_duration": 0.0004703129331270854, "n_events": 96, "total_time": 0.045150041580200195}, "reduce.decompress": {"label": "reduce.decompress", "average_duration": 9.844948848088582e-05, "n_events": 96, "total_time": 0.009451150894165039}, "reduce.flat_pack": {"label": "reduce.flat_pack", "average_duration": 0.0019968325893084207, "n_events": 96, "total_time": 0.1916959285736084}, "reduce.norm": {"label": "reduce.norm", "average_duration": 0.042043844858805336, "n_events": 96, "total_time": 4.0362091064453125}, "reduce.reduce.vector": {"label": "reduce.reduce.vector", "average_duration": 0.0012057671944300334, "n_events": 96, "total_time": 0.1157536506652832}, "reduce.setgrad": {"label": "reduce.setgrad", "average_duration": 0.008577470978101095, "n_events": 96, "total_time": 0.8234372138977051}}