{"batch": {"label": "batch", "average_duration": 0.22191519362934065, "n_events": 29249, "total_time": 6490.797498464584}, "batch.accumulate": {"label": "batch.accumulate", "average_duration": 0.002577361372328296, "n_events": 291, "total_time": 0.7500121593475342}, "batch.backward": {"label": "batch.backward", "average_duration": 0.1443811957418558, "n_events": 29249, "total_time": 4223.00559425354}, "batch.evaluate": {"label": "batch.evaluate", "average_duration": 0.0004460906741142175, "n_events": 29249, "total_time": 13.047706127166748}, "batch.forward": {"label": "batch.forward", "average_duration": 0.06752431001812867, "n_events": 29249, "total_time": 1975.0185437202454}, "batch.reduce": {"label": "batch.reduce", "average_duration": 0.04512080703814005, "n_events": 291, "total_time": 13.130154848098755}, "batch.step": {"label": "batch.step", "average_duration": 0.005900659374980593, "n_events": 29249, "total_time": 172.58838605880737}, "epoch_metrics.collect": {"label": "epoch_metrics.collect", "average_duration": 0.025786289432704848, "n_events": 149, "total_time": 3.8421571254730225}, "reduce.compress": {"label": "reduce.compress", "average_duration": 0.00041317693965951195, "n_events": 291, "total_time": 0.12023448944091797}, "reduce.decompress": {"label": "reduce.decompress", "average_duration": 7.842906152259853e-05, "n_events": 291, "total_time": 0.022822856903076172}, "reduce.flat_pack": {"label": "reduce.flat_pack", "average_duration": 0.0011886018248358134, "n_events": 291, "total_time": 0.3458831310272217}, "reduce.norm": {"label": "reduce.norm", "average_duration": 0.034893665117086824, "n_events": 291, "total_time": 10.154056549072266}, "reduce.reduce.vector": {"label": "reduce.reduce.vector", "average_duration": 0.00018994259260774068, "n_events": 291, "total_time": 0.05527329444885254}, "reduce.setgrad": {"label": "reduce.setgrad", "average_duration": 0.007969680930330991, "n_events": 291, "total_time": 2.3191771507263184}, "test.last": {"label": "test.last", "average_duration": 2.4908816062364, "n_events": 149, "total_time": 371.14135932922363}}