{"batch": {"label": "batch", "average_duration": 0.2661580915854378, "n_events": 29249, "total_time": 7784.858020782471}, "batch.accumulate": {"label": "batch.accumulate", "average_duration": 0.0029141399415237336, "n_events": 29249, "total_time": 85.23567914962769}, "batch.backward": {"label": "batch.backward", "average_duration": 0.14483988371061346, "n_events": 29249, "total_time": 4236.421758651733}, "batch.evaluate": {"label": "batch.evaluate", "average_duration": 0.0006385675523744827, "n_events": 29249, "total_time": 18.677462339401245}, "batch.forward": {"label": "batch.forward", "average_duration": 0.06734249750697033, "n_events": 29249, "total_time": 1969.7007095813751}, "batch.reduce": {"label": "batch.reduce", "average_duration": 0.02678282870044504, "n_events": 29249, "total_time": 783.370956659317}, "batch.step": {"label": "batch.step", "average_duration": 0.015984870147744204, "n_events": 29249, "total_time": 467.54146695137024}, "epoch_metrics.collect": {"label": "epoch_metrics.collect", "average_duration": 0.004049857990853738, "n_events": 149, "total_time": 0.603428840637207}, "reduce.allocate_memory": {"label": "reduce.allocate_memory", "average_duration": 0.0011413491498939382, "n_events": 29249, "total_time": 33.3833212852478}, "reduce.compute.p": {"label": "reduce.compute.p", "average_duration": 0.0010180254056558124, "n_events": 29249, "total_time": 29.776225090026855}, "reduce.compute.q": {"label": "reduce.compute.q", "average_duration": 0.0012222076669554942, "n_events": 29249, "total_time": 35.74835205078125}, "reduce.normalize.p": {"label": "reduce.normalize.p", "average_duration": 0.006329393928089877, "n_events": 29249, "total_time": 185.1284430027008}, "reduce.outerprod": {"label": "reduce.outerprod", "average_duration": 0.004216785744571813, "n_events": 29249, "total_time": 123.33676624298096}, "reduce.p": {"label": "reduce.p", "average_duration": 0.0004061762379916893, "n_events": 29249, "total_time": 11.880248785018921}, "reduce.prepare.q": {"label": "reduce.prepare.q", "average_duration": 0.0009274448328390868, "n_events": 29249, "total_time": 27.12683391571045}, "reduce.q": {"label": "reduce.q", "average_duration": 0.0001430544976621755, "n_events": 29249, "total_time": 4.184201002120972}, "reduce.rank1.all_reduce": {"label": "reduce.rank1.all_reduce", "average_duration": 0.00011694394216329127, "n_events": 29249, "total_time": 3.4204933643341064}, "reduce.rank1.pack": {"label": "reduce.rank1.pack", "average_duration": 0.0004569158590269103, "n_events": 29249, "total_time": 13.3643319606781}, "reduce.rank1.unpack": {"label": "reduce.rank1.unpack", "average_duration": 0.002567268427858891, "n_events": 29249, "total_time": 75.0900342464447}, "test.last": {"label": "test.last", "average_duration": 2.672201279825812, "n_events": 149, "total_time": 398.157990694046}}