{"batch": {"label": "batch", "average_duration": 0.26485907778364476, "n_events": 29249, "total_time": 7746.863166093826}, "batch.accumulate": {"label": "batch.accumulate", "average_duration": 0.002679714190947296, "n_events": 29249, "total_time": 78.37896037101746}, "batch.backward": {"label": "batch.backward", "average_duration": 0.022654339221282807, "n_events": 29249, "total_time": 662.6167678833008}, "batch.evaluate": {"label": "batch.evaluate", "average_duration": 0.17665342892690447, "n_events": 29249, "total_time": 5166.936142683029}, "batch.forward": {"label": "batch.forward", "average_duration": 0.012962018409514331, "n_events": 29249, "total_time": 379.12607645988464}, "batch.reduce": {"label": "batch.reduce", "average_duration": 0.02279276358595856, "n_events": 29249, "total_time": 666.6655421257019}, "batch.step": {"label": "batch.step", "average_duration": 0.02006622701511411, "n_events": 29249, "total_time": 586.9170739650726}, "epoch_metrics.collect": {"label": "epoch_metrics.collect", "average_duration": 0.010227859420264327, "n_events": 149, "total_time": 1.5239510536193848}, "reduce.allocate_memory": {"label": "reduce.allocate_memory", "average_duration": 0.000993794989612776, "n_events": 29249, "total_time": 29.067509651184082}, "reduce.compute.p": {"label": "reduce.compute.p", "average_duration": 0.0008361746810098735, "n_events": 29249, "total_time": 24.457273244857788}, "reduce.compute.q": {"label": "reduce.compute.q", "average_duration": 0.0010393420269666253, "n_events": 29249, "total_time": 30.399714946746826}, "reduce.normalize.p": {"label": "reduce.normalize.p", "average_duration": 0.0055265882540256155, "n_events": 29249, "total_time": 161.64717984199524}, "reduce.outerprod": {"label": "reduce.outerprod", "average_duration": 0.0035048877158903977, "n_events": 29249, "total_time": 102.51446080207825}, "reduce.p": {"label": "reduce.p", "average_duration": 7.59774531872726e-05, "n_events": 29249, "total_time": 2.222264528274536}, "reduce.prepare.q": {"label": "reduce.prepare.q", "average_duration": 0.0007565137100910961, "n_events": 29249, "total_time": 22.127269506454468}, "reduce.q": {"label": "reduce.q", "average_duration": 0.0001196030237853309, "n_events": 29249, "total_time": 3.4982688426971436}, "reduce.rank1.all_reduce": {"label": "reduce.rank1.all_reduce", "average_duration": 6.550752817861011e-05, "n_events": 29249, "total_time": 1.916029691696167}, "reduce.rank1.pack": {"label": "reduce.rank1.pack", "average_duration": 0.0004045473147206455, "n_events": 29249, "total_time": 11.83260440826416}, "reduce.rank1.unpack": {"label": "reduce.rank1.unpack", "average_duration": 0.002224395750257646, "n_events": 29249, "total_time": 65.06135129928589}, "test.last": {"label": "test.last", "average_duration": 2.524007085185723, "n_events": 149, "total_time": 376.07705569267273}}