{"batch": {"label": "batch", "average_duration": 0.08679656884104935, "n_events": 194, "total_time": 16.838534355163574}, "batch.accumulate": {"label": "batch.accumulate", "average_duration": 0.0011034183895465026, "n_events": 194, "total_time": 0.21406316757202148}, "batch.backward": {"label": "batch.backward", "average_duration": 0.0649635238745778, "n_events": 194, "total_time": 12.60292363166809}, "batch.evaluate": {"label": "batch.evaluate", "average_duration": 0.0014058609598690702, "n_events": 194, "total_time": 0.2727370262145996}, "batch.forward": {"label": "batch.forward", "average_duration": 0.00637977762320607, "n_events": 194, "total_time": 1.2376768589019775}, "batch.reduce": {"label": "batch.reduce", "average_duration": 0.006668552909929727, "n_events": 194, "total_time": 1.2936992645263672}, "batch.step": {"label": "batch.step", "average_duration": 0.003076953986256393, "n_events": 194, "total_time": 0.5969290733337402}, "reduce.compress": {"label": "reduce.compress", "average_duration": 0.0010848967070432054, "n_events": 194, "total_time": 0.21046996116638184}, "reduce.decompress": {"label": "reduce.decompress", "average_duration": 0.00023054093429722736, "n_events": 194, "total_time": 0.04472494125366211}, "reduce.flat_pack": {"label": "reduce.flat_pack", "average_duration": 0.0007183871318384545, "n_events": 194, "total_time": 0.13936710357666016}, "reduce.norm": {"label": "reduce.norm", "average_duration": 0.0006134743543015313, "n_events": 194, "total_time": 0.11901402473449707}, "reduce.reduce.vector": {"label": "reduce.reduce.vector", "average_duration": 0.0003238105282341082, "n_events": 194, "total_time": 0.06281924247741699}, "reduce.setgrad": {"label": "reduce.setgrad", "average_duration": 0.003029830676993144, "n_events": 194, "total_time": 0.5877871513366699}}