{"batch": {"label": "batch", "average_duration": 0.19952291250228882, "n_events": 96, "total_time": 19.154199600219727}, "batch.accumulate": {"label": "batch.accumulate", "average_duration": 0.0029754762848218284, "n_events": 96, "total_time": 0.2856457233428955}, "batch.backward": {"label": "batch.backward", "average_duration": 0.025764209528764088, "n_events": 96, "total_time": 2.4733641147613525}, "batch.evaluate": {"label": "batch.evaluate", "average_duration": 0.11242935558160146, "n_events": 96, "total_time": 10.79321813583374}, "batch.forward": {"label": "batch.forward", "average_duration": 0.025222522517045338, "n_events": 96, "total_time": 2.4213621616363525}, "batch.reduce": {"label": "batch.reduce", "average_duration": 0.015191495418548584, "n_events": 96, "total_time": 1.458383560180664}, "batch.step": {"label": "batch.step", "average_duration": 0.009039280315240225, "n_events": 96, "total_time": 0.8677709102630615}, "reduce.compress": {"label": "reduce.compress", "average_duration": 0.0003997410337130229, "n_events": 96, "total_time": 0.038375139236450195}, "reduce.decompress": {"label": "reduce.decompress", "average_duration": 8.571892976760864e-05, "n_events": 96, "total_time": 0.00822901725769043}, "reduce.flat_pack": {"label": "reduce.flat_pack", "average_duration": 0.000749086340268453, "n_events": 96, "total_time": 0.07191228866577148}, "reduce.norm": {"label": "reduce.norm", "average_duration": 0.004578714569409688, "n_events": 96, "total_time": 0.4395565986633301}, "reduce.reduce.vector": {"label": "reduce.reduce.vector", "average_duration": 0.00013600041468938193, "n_events": 96, "total_time": 0.013056039810180664}, "reduce.setgrad": {"label": "reduce.setgrad", "average_duration": 0.00872907042503357, "n_events": 96, "total_time": 0.8379907608032227}, "reduce_times": [1.8329572677612305, 0.018578290939331055, 0.014374732971191406, 0.010957479476928711, 0.015008687973022461, 0.017045974731445312, 0.01565241813659668, 0.011023998260498047, 0.014039993286132812, 0.014876604080200195, 0.018053054809570312, 0.011000871658325195, 0.013637781143188477, 0.014933586120605469, 0.020613908767700195, 0.011040687561035156, 0.010992288589477539, 0.01447916030883789, 0.015666961669921875, 0.018625974655151367, 0.014728546142578125, 0.01499485969543457, 0.012706995010375977, 0.012839078903198242, 0.015129566192626953, 0.01578044891357422, 0.01663374900817871, 0.01149606704711914, 0.014894247055053711, 0.01599884033203125, 0.015603780746459961, 0.015408515930175781, 0.011002302169799805, 0.013335943222045898, 0.014002799987792969, 0.015421152114868164, 0.01581716537475586, 0.01618790626525879, 0.017539501190185547, 0.010922431945800781, 0.016499757766723633, 0.013864517211914062, 0.01592874526977539, 0.011015653610229492, 0.014734745025634766, 0.013753414154052734, 0.015415191650390625, 0.016971826553344727, 0.01477813720703125, 0.01696920394897461, 0.016388893127441406, 0.016104459762573242, 0.016150236129760742, 0.016391515731811523, 0.01558542251586914, 0.016557931900024414, 0.017859220504760742, 0.018716812133789062, 0.015911102294921875, 0.015717029571533203, 0.015172004699707031, 0.0183868408203125, 0.01494741439819336, 0.014838457107543945, 0.01418757438659668, 0.01694774627685547, 0.016412973403930664, 0.016883134841918945, 0.015255928039550781, 0.016565561294555664, 0.015376091003417969, 0.01712656021118164, 0.01837778091430664, 0.018092870712280273, 0.015482187271118164, 0.015605449676513672, 0.01612687110900879, 0.016261816024780273, 0.014351367950439453, 0.011294364929199219, 0.014206409454345703, 0.016156911849975586, 0.01590752601623535, 0.014396905899047852, 0.016055822372436523, 0.015311002731323242, 0.01511240005493164, 0.012318134307861328, 0.015550613403320312, 0.01512455940246582, 0.014624357223510742, 0.013769865036010742, 0.014953374862670898, 0.0159909725189209, 0.015383243560791016, 0.013990640640258789, 0.015477657318115234]}