{"batch": {"label": "batch", "average_duration": 0.19950606177250543, "n_events": 96, "total_time": 19.152581930160522}, "batch.accumulate": {"label": "batch.accumulate", "average_duration": 0.0029822935660680137, "n_events": 96, "total_time": 0.2863001823425293}, "batch.backward": {"label": "batch.backward", "average_duration": 0.02477792153755824, "n_events": 96, "total_time": 2.378680467605591}, "batch.evaluate": {"label": "batch.evaluate", "average_duration": 0.11548699686924617, "n_events": 96, "total_time": 11.086751699447632}, "batch.forward": {"label": "batch.forward", "average_duration": 0.02317401518424352, "n_events": 96, "total_time": 2.224705457687378}, "batch.reduce": {"label": "batch.reduce", "average_duration": 0.01614569624265035, "n_events": 96, "total_time": 1.5499868392944336}, "batch.step": {"label": "batch.step", "average_duration": 0.008813649415969849, "n_events": 96, "total_time": 0.8461103439331055}, "reduce.compress": {"label": "reduce.compress", "average_duration": 0.0004053935408592224, "n_events": 96, "total_time": 0.03891777992248535}, "reduce.decompress": {"label": "reduce.decompress", "average_duration": 8.239348729451497e-05, "n_events": 96, "total_time": 0.007909774780273438}, "reduce.flat_pack": {"label": "reduce.flat_pack", "average_duration": 0.0007437914609909058, "n_events": 96, "total_time": 0.07140398025512695}, "reduce.norm": {"label": "reduce.norm", "average_duration": 0.004979677498340607, "n_events": 96, "total_time": 0.47804903984069824}, "reduce.reduce.vector": {"label": "reduce.reduce.vector", "average_duration": 0.00013266255458196005, "n_events": 96, "total_time": 0.012735605239868164}, "reduce.setgrad": {"label": "reduce.setgrad", "average_duration": 0.009286152819792429, "n_events": 96, "total_time": 0.8914706707000732}, "reduce_times": [1.8179631233215332, 0.018991470336914062, 0.015273809432983398, 0.016508102416992188, 0.01590704917907715, 0.017221450805664062, 0.01626873016357422, 0.01618051528930664, 0.015289068222045898, 0.01574540138244629, 0.016025781631469727, 0.018223285675048828, 0.012372970581054688, 0.014138221740722656, 0.019607067108154297, 0.016686201095581055, 0.015445947647094727, 0.013219833374023438, 0.014668703079223633, 0.020011425018310547, 0.01546931266784668, 0.01566767692565918, 0.016107559204101562, 0.016265153884887695, 0.016381263732910156, 0.01750326156616211, 0.017008543014526367, 0.017444133758544922, 0.015241384506225586, 0.015774011611938477, 0.014771223068237305, 0.014713764190673828, 0.013744831085205078, 0.014687776565551758, 0.015079021453857422, 0.018294095993041992, 0.017008066177368164, 0.01746058464050293, 0.01799607276916504, 0.01773667335510254, 0.017426490783691406, 0.017896652221679688, 0.016397476196289062, 0.01779627799987793, 0.015625715255737305, 0.018697023391723633, 0.01737046241760254, 0.01754903793334961, 0.0179293155670166, 0.01887226104736328, 0.01644277572631836, 0.01569843292236328, 0.014424562454223633, 0.014603137969970703, 0.014026165008544922, 0.015102863311767578, 0.017298221588134766, 0.018344402313232422, 0.015107870101928711, 0.015247583389282227, 0.014309167861938477, 0.0185244083404541, 0.014739036560058594, 0.01502537727355957, 0.01368856430053711, 0.015949010848999023, 0.01571178436279297, 0.016833066940307617, 0.015217304229736328, 0.016507863998413086, 0.015143156051635742, 0.01567864418029785, 0.016375064849853516, 0.016077518463134766, 0.013254404067993164, 0.014872312545776367, 0.0171201229095459, 0.016528606414794922, 0.01565861701965332, 0.0175018310546875, 0.015041828155517578, 0.016727209091186523, 0.016629934310913086, 0.018546342849731445, 0.016213178634643555, 0.01596236228942871, 0.015678882598876953, 0.01774883270263672, 0.01755499839782715, 0.016790151596069336, 0.016238927841186523, 0.014211893081665039, 0.0139312744140625, 0.01602792739868164, 0.014921426773071289, 0.014086723327636719, 0.014962911605834961]}