{"batch": {"label": "batch", "average_duration": 0.0806893513120454, "n_events": 290, "total_time": 23.399911880493164}, "batch.accumulate": {"label": "batch.accumulate", "average_duration": 0.0011205938127305773, "n_events": 18, "total_time": 0.02017068862915039}, "batch.backward": {"label": "batch.backward", "average_duration": 0.06528052050491859, "n_events": 290, "total_time": 18.93135094642639}, "batch.evaluate": {"label": "batch.evaluate", "average_duration": 0.0012057345488975788, "n_events": 290, "total_time": 0.34966301918029785}, "batch.forward": {"label": "batch.forward", "average_duration": 0.006402646262070228, "n_events": 290, "total_time": 1.8567674160003662}, "batch.reduce": {"label": "batch.reduce", "average_duration": 0.012093000941806369, "n_events": 18, "total_time": 0.21767401695251465}, "batch.step": {"label": "batch.step", "average_duration": 0.003873732172209641, "n_events": 290, "total_time": 1.123382329940796}, "epoch_metrics.collect": {"label": "epoch_metrics.collect", "average_duration": 0.009990930557250977, "n_events": 2, "total_time": 0.019981861114501953}, "reduce.allreduce": {"label": "reduce.allreduce", "average_duration": 0.011166320906745063, "n_events": 18, "total_time": 0.20099377632141113}, "reduce.flat_pack": {"label": "reduce.flat_pack", "average_duration": 0.0007898145251803928, "n_events": 18, "total_time": 0.01421666145324707}, "test.last": {"label": "test.last", "average_duration": 1.3817640542984009, "n_events": 2, "total_time": 2.7635281085968018}}