{"batch": {"label": "batch", "average_duration": 0.07885225559103078, "n_events": 290, "total_time": 22.867154121398926}, "batch.accumulate": {"label": "batch.accumulate", "average_duration": 0.00109761291080051, "n_events": 18, "total_time": 0.01975703239440918}, "batch.backward": {"label": "batch.backward", "average_duration": 0.006193405184252509, "n_events": 290, "total_time": 1.7960875034332275}, "batch.evaluate": {"label": "batch.evaluate", "average_duration": 0.060062587672266465, "n_events": 290, "total_time": 17.418150424957275}, "batch.forward": {"label": "batch.forward", "average_duration": 0.005768270328127104, "n_events": 290, "total_time": 1.6727983951568604}, "batch.reduce": {"label": "batch.reduce", "average_duration": 0.003752536243862576, "n_events": 18, "total_time": 0.06754565238952637}, "batch.step": {"label": "batch.step", "average_duration": 0.0033397436141967773, "n_events": 290, "total_time": 0.9685256481170654}, "epoch_metrics.collect": {"label": "epoch_metrics.collect", "average_duration": 0.005693316459655762, "n_events": 2, "total_time": 0.011386632919311523}, "reduce.allreduce": {"label": "reduce.allreduce", "average_duration": 0.0032933023240831164, "n_events": 18, "total_time": 0.059279441833496094}, "reduce.flat_pack": {"label": "reduce.flat_pack", "average_duration": 0.0003383689456515842, "n_events": 18, "total_time": 0.006090641021728516}, "test.last": {"label": "test.last", "average_duration": 1.3817596435546875, "n_events": 2, "total_time": 2.763519287109375}}