{"batch": {"label": "batch", "average_duration": 0.3726104780570748, "n_events": 194, "total_time": 72.28643274307251}, "batch.accumulate": {"label": "batch.accumulate", "average_duration": 0.0010241368382247452, "n_events": 194, "total_time": 0.19868254661560059}, "batch.backward": {"label": "batch.backward", "average_duration": 0.049977138293739454, "n_events": 389, "total_time": 19.44110679626465}, "batch.evaluate": {"label": "batch.evaluate", "average_duration": 0.0009831211560796037, "n_events": 389, "total_time": 0.3824341297149658}, "batch.forward": {"label": "batch.forward", "average_duration": 0.0425600846199879, "n_events": 389, "total_time": 16.555872917175293}, "batch.reduce": {"label": "batch.reduce", "average_duration": 0.17181058274101965, "n_events": 194, "total_time": 33.33125305175781}, "batch.step": {"label": "batch.step", "average_duration": 0.00319543573045239, "n_events": 194, "total_time": 0.6199145317077637}, "reduce.allreduce": {"label": "reduce.allreduce", "average_duration": 0.17115115136215367, "n_events": 194, "total_time": 33.20332336425781}, "reduce.flat_pack": {"label": "reduce.flat_pack", "average_duration": 0.00044100800740350153, "n_events": 194, "total_time": 0.0855555534362793}, "reduce_times": [0.05369830131530762, 0.06019234657287598, 0.05783367156982422, 0.05494236946105957, 0.06016063690185547, 0.054885149002075195, 0.05393338203430176, 0.052535295486450195, 0.05361366271972656, 0.05341386795043945, 0.05292510986328125, 0.05640459060668945, 0.30634522438049316, 0.05304431915283203, 0.10569596290588379, 0.14754605293273926, 0.1812131404876709, 0.1874833106994629, 0.17977142333984375, 0.17343854904174805, 0.19661784172058105, 0.16296768188476562, 0.17987751960754395, 0.18042683601379395, 0.37869930267333984, 0.05637097358703613, 0.1054835319519043, 0.18054986000061035, 0.1805891990661621, 0.18056774139404297, 0.1798708438873291, 0.18045616149902344, 0.32578611373901367, 0.05747699737548828, 0.18714427947998047, 0.16553711891174316, 0.16327118873596191, 0.17987799644470215, 0.17958712577819824, 0.1806199550628662, 0.17977595329284668, 0.3217747211456299, 0.05429840087890625, 0.20394206047058105, 0.1394972801208496, 0.17978549003601074, 0.18603849411010742, 0.17208266258239746, 0.17971158027648926, 0.17964434623718262, 0.34287500381469727, 0.05195736885070801, 0.14352798461914062, 0.18022561073303223, 0.17927932739257812, 0.17822813987731934, 0.1796426773071289, 0.17978405952453613, 0.18016767501831055, 0.17984819412231445, 0.1801595687866211, 0.1802825927734375, 0.1799309253692627, 0.17960119247436523, 0.18019771575927734, 0.17959833145141602, 0.39449286460876465, 0.051386117935180664, 0.09257745742797852, 0.35345458984375, 0.051990509033203125, 0.13218951225280762, 0.1787738800048828, 0.17892098426818848, 0.17929816246032715, 0.17919445037841797, 0.17966866493225098, 0.17974257469177246, 0.3918166160583496, 0.05199885368347168, 0.0952613353729248, 0.17839360237121582, 0.1792759895324707, 0.17861056327819824, 0.17967891693115234, 0.1791374683380127, 0.17888593673706055, 0.17905974388122559, 0.17954373359680176, 0.34833478927612305, 0.05392718315124512, 0.158843994140625, 0.15511059761047363, 0.30760622024536133, 0.05252981185913086, 0.17889618873596191, 0.17978262901306152, 0.3842782974243164, 0.053746938705444336, 0.1008462905883789, 0.3264434337615967, 0.05246686935424805, 0.1598191261291504, 0.2660062313079834, 0.09314846992492676, 0.32500386238098145, 0.05246925354003906, 0.16183257102966309, 0.1800379753112793, 0.2633833885192871, 0.09488892555236816, 0.17835664749145508, 0.17932605743408203, 0.17869901657104492, 0.3374207019805908, 0.06041979789733887, 0.13721346855163574, 0.1774308681488037, 0.17875885963439941, 0.17929530143737793, 0.1795961856842041, 0.2654306888580322, 0.09334897994995117, 0.179548978805542, 0.17935848236083984, 0.1795971393585205, 0.1785585880279541, 0.17876601219177246, 0.17839407920837402, 0.26369571685791016, 0.09449315071105957, 0.17902445793151855, 0.1788170337677002, 0.17815756797790527, 0.17839694023132324, 0.17868947982788086, 0.38881659507751465, 0.05379652976989746, 0.09333562850952148, 0.1793985366821289, 0.32031798362731934, 0.05225539207458496, 0.16570186614990234, 0.17890644073486328, 0.17879962921142578, 0.17843198776245117, 0.17920231819152832, 0.29133152961730957, 0.2756001949310303, 0.054111480712890625, 0.0965726375579834, 0.1810760498046875, 0.17595648765563965, 0.1795201301574707, 0.1791987419128418, 0.17903757095336914, 0.17968130111694336, 0.17985844612121582, 0.17985939979553223, 0.17956757545471191, 0.17731904983520508, 0.17870306968688965, 0.17930126190185547, 0.3334312438964844, 0.05274343490600586, 0.14808392524719238, 0.1786484718322754, 0.22247982025146484, 0.1350388526916504, 0.17885684967041016, 0.17911815643310547, 0.17819762229919434, 0.17907381057739258, 0.17928695678710938, 0.17887330055236816, 0.17960786819458008, 0.17938995361328125, 0.21206140518188477, 0.1456749439239502, 0.17889022827148438, 0.1798555850982666, 0.179215669631958, 0.18009495735168457, 0.17963194847106934, 0.17882680892944336, 0.17919111251831055, 0.178131103515625, 0.17868852615356445, 0.1788473129272461, 0.1790027618408203, 0.17900395393371582, 0.1802678108215332, 0.1808485984802246, 0.1807703971862793, 0.1811983585357666]}