{"batch": {"label": "batch", "average_duration": 0.19020280987024307, "n_events": 96, "total_time": 18.259469747543335}, "batch.accumulate": {"label": "batch.accumulate", "average_duration": 0.0029227733612060547, "n_events": 18, "total_time": 0.052609920501708984}, "batch.backward": {"label": "batch.backward", "average_duration": 0.0255724440018336, "n_events": 96, "total_time": 2.4549546241760254}, "batch.evaluate": {"label": "batch.evaluate", "average_duration": 0.11338955412308376, "n_events": 96, "total_time": 10.88539719581604}, "batch.forward": {"label": "batch.forward", "average_duration": 0.025830328464508057, "n_events": 96, "total_time": 2.4797115325927734}, "batch.reduce": {"label": "batch.reduce", "average_duration": 0.02542510297563341, "n_events": 18, "total_time": 0.45765185356140137}, "batch.step": {"label": "batch.step", "average_duration": 0.009188806017239889, "n_events": 96, "total_time": 0.8821253776550293}, "reduce.compress": {"label": "reduce.compress", "average_duration": 0.000989463594224718, "n_events": 18, "total_time": 0.017810344696044922}, "reduce.decompress": {"label": "reduce.decompress", "average_duration": 0.0002190934287177192, "n_events": 18, "total_time": 0.003943681716918945}, "reduce.flat_pack": {"label": "reduce.flat_pack", "average_duration": 0.0007753769556681315, "n_events": 18, "total_time": 0.013956785202026367}, "reduce.norm": {"label": "reduce.norm", "average_duration": 0.014350308312310113, "n_events": 18, "total_time": 0.25830554962158203}, "reduce.reduce.vector": {"label": "reduce.reduce.vector", "average_duration": 0.0001254876454671224, "n_events": 18, "total_time": 0.002258777618408203}, "reduce.setgrad": {"label": "reduce.setgrad", "average_duration": 0.008634779188368056, "n_events": 18, "total_time": 0.155426025390625}}