{"batch": {"label": "batch", "average_duration": 0.18875162055095038, "n_events": 96, "total_time": 18.120155572891235}, "batch.accumulate": {"label": "batch.accumulate", "average_duration": 0.002981861432393392, "n_events": 18, "total_time": 0.053673505783081055}, "batch.backward": {"label": "batch.backward", "average_duration": 0.12236494570970535, "n_events": 96, "total_time": 11.747034788131714}, "batch.evaluate": {"label": "batch.evaluate", "average_duration": 0.0008540476361910502, "n_events": 96, "total_time": 0.08198857307434082}, "batch.forward": {"label": "batch.forward", "average_duration": 0.04117119560639063, "n_events": 96, "total_time": 3.952434778213501}, "batch.reduce": {"label": "batch.reduce", "average_duration": 0.022508422533671062, "n_events": 18, "total_time": 0.4051516056060791}, "batch.step": {"label": "batch.step", "average_duration": 0.009992169837156931, "n_events": 96, "total_time": 0.9592483043670654}, "reduce.compress": {"label": "reduce.compress", "average_duration": 0.007913099394904243, "n_events": 18, "total_time": 0.14243578910827637}, "reduce.decompress": {"label": "reduce.decompress", "average_duration": 0.0015251106686062282, "n_events": 18, "total_time": 0.02745199203491211}, "reduce.flat_pack": {"label": "reduce.flat_pack", "average_duration": 0.0010308424631754558, "n_events": 18, "total_time": 0.018555164337158203}, "reduce.norm": {"label": "reduce.norm", "average_duration": 0.002300315433078342, "n_events": 18, "total_time": 0.041405677795410156}, "reduce.reduce.vector": {"label": "reduce.reduce.vector", "average_duration": 0.0007177458869086371, "n_events": 18, "total_time": 0.012919425964355469}, "reduce.setgrad": {"label": "reduce.setgrad", "average_duration": 0.008664859665764702, "n_events": 18, "total_time": 0.15596747398376465}}