{"batch": {"label": "batch", "average_duration": 0.08158210642989701, "n_events": 779, "total_time": 63.55246090888977}, "batch.accumulate": {"label": "batch.accumulate", "average_duration": 0.0009964767255281146, "n_events": 38, "total_time": 0.03786611557006836}, "batch.backward": {"label": "batch.backward", "average_duration": 0.06696803609581141, "n_events": 779, "total_time": 52.168100118637085}, "batch.evaluate": {"label": "batch.evaluate", "average_duration": 0.0011521867059161636, "n_events": 779, "total_time": 0.8975534439086914}, "batch.forward": {"label": "batch.forward", "average_duration": 0.00649774916211815, "n_events": 779, "total_time": 5.061746597290039}, "batch.reduce": {"label": "batch.reduce", "average_duration": 0.006999072275663677, "n_events": 38, "total_time": 0.2659647464752197}, "batch.step": {"label": "batch.step", "average_duration": 0.0035275810031131847, "n_events": 779, "total_time": 2.747985601425171}, "epoch_metrics.collect": {"label": "epoch_metrics.collect", "average_duration": 0.0012017885843912761, "n_events": 3, "total_time": 0.003605365753173828}, "reduce.allreduce": {"label": "reduce.allreduce", "average_duration": 0.006196906692103336, "n_events": 38, "total_time": 0.23548245429992676}, "reduce.flat_pack": {"label": "reduce.flat_pack", "average_duration": 0.000683853500767758, "n_events": 38, "total_time": 0.025986433029174805}, "test.last": {"label": "test.last", "average_duration": 2.3572347164154053, "n_events": 3, "total_time": 7.071704149246216}}