{"batch": {"label": "batch", "average_duration": 1.103560501767188, "n_events": 194, "total_time": 214.09073734283447}, "batch.accumulate": {"label": "batch.accumulate", "average_duration": 0.0034613756789374597, "n_events": 194, "total_time": 0.6715068817138672}, "batch.backward": {"label": "batch.backward", "average_duration": 0.6696352061537123, "n_events": 194, "total_time": 129.9092299938202}, "batch.evaluate": {"label": "batch.evaluate", "average_duration": 0.0009975752879663841, "n_events": 194, "total_time": 0.19352960586547852}, "batch.forward": {"label": "batch.forward", "average_duration": 0.3105584174087367, "n_events": 194, "total_time": 60.24833297729492}, "batch.reduce": {"label": "batch.reduce", "average_duration": 0.09744737566131906, "n_events": 194, "total_time": 18.9047908782959}, "batch.step": {"label": "batch.step", "average_duration": 0.011481949963520482, "n_events": 194, "total_time": 2.2274982929229736}, "reduce.allreduce": {"label": "reduce.allreduce", "average_duration": 0.09522708912485654, "n_events": 194, "total_time": 18.474055290222168}, "reduce.flat_pack": {"label": "reduce.flat_pack", "average_duration": 0.0019701289147445837, "n_events": 194, "total_time": 0.3822050094604492}, "reduce_times": [12.42141079902649, 0.10114479064941406, 0.10323214530944824, 0.10739517211914062, 0.09928750991821289, 0.10572600364685059, 0.10457944869995117, 0.09941387176513672, 0.10125350952148438, 0.09673047065734863, 0.10369133949279785, 0.09921836853027344, 0.10193324089050293, 0.10174155235290527, 0.09924650192260742, 0.10251712799072266, 0.09551215171813965, 0.10115623474121094, 0.10205268859863281, 0.10168933868408203, 0.10173225402832031, 0.10543346405029297, 0.09830546379089355, 0.10074782371520996, 0.09719538688659668, 0.10338544845581055, 0.09688520431518555, 0.10021281242370605, 0.0900261402130127, 0.10247969627380371, 0.10345149040222168, 0.09514474868774414, 0.10016393661499023, 0.1016225814819336, 0.09718775749206543, 0.10001754760742188, 0.1008918285369873, 0.1018667221069336, 0.09795188903808594, 0.10148072242736816, 0.09659910202026367, 0.10230064392089844, 0.10163044929504395, 0.09674572944641113, 0.10419297218322754, 0.09714913368225098, 0.09720659255981445, 0.09659409523010254, 0.10229873657226562, 0.0957179069519043, 0.0995934009552002, 0.09560775756835938, 0.09911084175109863, 0.1006009578704834, 0.10405969619750977, 0.09523129463195801, 0.10221648216247559, 0.09595990180969238, 0.09770512580871582, 0.10509228706359863, 0.09460997581481934, 0.10276389122009277, 0.09888744354248047, 0.10575580596923828, 0.0986781120300293, 0.10097479820251465, 0.10040450096130371, 0.09688544273376465, 0.10047411918640137, 0.0972282886505127, 0.09634923934936523, 0.09804272651672363, 0.10077500343322754, 0.09608650207519531, 0.09945154190063477, 0.0984652042388916, 0.09905028343200684, 0.09853672981262207, 0.10367798805236816, 0.09907388687133789, 0.10018634796142578, 0.10125279426574707, 0.09950900077819824, 0.09832954406738281, 0.10001373291015625, 0.09291911125183105, 0.09917902946472168, 0.09195804595947266, 0.09384584426879883, 0.09659981727600098, 0.09743952751159668, 0.09618759155273438, 0.09589385986328125, 0.09836411476135254, 0.10092782974243164, 0.09949493408203125, 0.10007309913635254, 0.09865713119506836, 0.09807991981506348, 0.10029864311218262, 0.10306739807128906, 0.10360360145568848, 0.0981295108795166, 0.09417891502380371, 0.10005712509155273, 0.09931039810180664, 0.09976077079772949, 0.09460568428039551, 0.09568595886230469, 0.10368967056274414, 0.10099053382873535, 0.1036832332611084, 0.10037946701049805, 0.10205817222595215, 0.0960845947265625, 0.10118365287780762, 0.09803342819213867, 0.09623122215270996, 0.09528350830078125, 0.09921622276306152, 0.09463262557983398, 0.09592223167419434, 0.08992338180541992, 0.09432721138000488, 0.08871984481811523, 0.09185099601745605, 0.09003472328186035, 0.0901482105255127, 0.09741401672363281, 0.09521746635437012, 0.09407377243041992, 0.09169983863830566, 0.0953526496887207, 0.09969115257263184, 0.09551310539245605, 0.09131908416748047, 0.09840774536132812, 0.09538793563842773, 0.09592127799987793, 0.09687924385070801, 0.09929895401000977, 0.09137964248657227, 0.09288358688354492, 0.09441614151000977, 0.10176968574523926, 0.09441041946411133, 0.09916424751281738, 0.09600949287414551, 0.10073995590209961, 0.0990896224975586, 0.09406161308288574, 0.09317898750305176, 0.09638547897338867, 0.09934735298156738, 0.09565067291259766, 0.09681892395019531, 0.09676623344421387, 0.09412384033203125, 0.09777164459228516, 0.09933686256408691, 0.08884930610656738, 0.0957942008972168, 0.09663534164428711, 0.09584498405456543, 0.09430265426635742, 0.09733366966247559, 0.09653735160827637, 0.09092020988464355, 0.10284686088562012, 0.09203600883483887, 0.09461450576782227, 0.09706950187683105, 0.08613824844360352, 0.08741402626037598, 0.0959463119506836, 0.0930931568145752, 0.09113955497741699, 0.09104037284851074, 0.09156131744384766, 0.09167814254760742, 0.08891487121582031, 0.09108710289001465, 0.09099197387695312, 0.09521222114562988, 0.09203696250915527, 0.08876180648803711, 0.09681487083435059, 0.09062910079956055, 0.0923464298248291, 0.08930659294128418, 0.09457063674926758, 0.0925302505493164, 0.09177017211914062, 0.09034895896911621, 0.09370136260986328]}