{"batch": {"label": "batch", "average_duration": 0.08441571895138464, "n_events": 389, "total_time": 32.83771467208862}, "batch.accumulate": {"label": "batch.accumulate", "average_duration": 0.0010864084974352682, "n_events": 389, "total_time": 0.42261290550231934}, "batch.backward": {"label": "batch.backward", "average_duration": 0.06529799157365736, "n_events": 389, "total_time": 25.40091872215271}, "batch.evaluate": {"label": "batch.evaluate", "average_duration": 0.0014337616898406748, "n_events": 389, "total_time": 0.5577332973480225}, "batch.forward": {"label": "batch.forward", "average_duration": 0.006402893973500073, "n_events": 389, "total_time": 2.4907257556915283}, "batch.reduce": {"label": "batch.reduce", "average_duration": 0.00422380025711648, "n_events": 389, "total_time": 1.6430583000183105}, "batch.step": {"label": "batch.step", "average_duration": 0.002861747398474529, "n_events": 389, "total_time": 1.1132197380065918}, "reduce.allreduce": {"label": "reduce.allreduce", "average_duration": 0.0034325165736338167, "n_events": 389, "total_time": 1.3352489471435547}, "reduce.flat_pack": {"label": "reduce.flat_pack", "average_duration": 0.0007035260335338759, "n_events": 389, "total_time": 0.27367162704467773}}