{"batch": {"label": "batch", "average_duration": 0.13750037378516078, "n_events": 484, "total_time": 66.55018091201782}, "batch.accumulate": {"label": "batch.accumulate", "average_duration": 0.0007174093861225223, "n_events": 484, "total_time": 0.3472261428833008}, "batch.backward": {"label": "batch.backward", "average_duration": 0.06486602115237024, "n_events": 484, "total_time": 31.395154237747192}, "batch.evaluate": {"label": "batch.evaluate", "average_duration": 0.0007414202059596038, "n_events": 484, "total_time": 0.35884737968444824}, "batch.forward": {"label": "batch.forward", "average_duration": 0.055151856635227675, "n_events": 484, "total_time": 26.693498611450195}, "batch.reduce": {"label": "batch.reduce", "average_duration": 0.011402907450337056, "n_events": 484, "total_time": 5.519007205963135}, "batch.step": {"label": "batch.step", "average_duration": 0.0029405360379494913, "n_events": 484, "total_time": 1.4232194423675537}, "epoch_metrics.collect": {"label": "epoch_metrics.collect", "average_duration": 0.005267620086669922, "n_events": 4, "total_time": 0.021070480346679688}, "reduce.allocate_memory": {"label": "reduce.allocate_memory", "average_duration": 0.00024158944768353928, "n_events": 484, "total_time": 0.11692929267883301}, "reduce.compute.p": {"label": "reduce.compute.p", "average_duration": 0.0005474504360482713, "n_events": 484, "total_time": 0.2649660110473633}, "reduce.compute.q": {"label": "reduce.compute.q", "average_duration": 0.00070289984222286, "n_events": 484, "total_time": 0.34020352363586426}, "reduce.normalize.p": {"label": "reduce.normalize.p", "average_duration": 0.0013765224740524922, "n_events": 484, "total_time": 0.6662368774414062}, "reduce.outerprod": {"label": "reduce.outerprod", "average_duration": 0.0010952328847459525, "n_events": 484, "total_time": 0.530092716217041}, "reduce.p": {"label": "reduce.p", "average_duration": 0.001199085850360965, "n_events": 484, "total_time": 0.580357551574707}, "reduce.prepare.q": {"label": "reduce.prepare.q", "average_duration": 0.00024535685531363997, "n_events": 484, "total_time": 0.11875271797180176}, "reduce.q": {"label": "reduce.q", "average_duration": 0.0014776892898496518, "n_events": 484, "total_time": 0.7152016162872314}, "reduce.rank1.all_reduce": {"label": "reduce.rank1.all_reduce", "average_duration": 0.0011799167995610513, "n_events": 484, "total_time": 0.5710797309875488}, "reduce.rank1.pack": {"label": "reduce.rank1.pack", "average_duration": 0.0002491705673785249, "n_events": 484, "total_time": 0.12059855461120605}, "reduce.rank1.unpack": {"label": "reduce.rank1.unpack", "average_duration": 0.0008024750662244056, "n_events": 484, "total_time": 0.3883979320526123}, "test.last": {"label": "test.last", "average_duration": 1.1795512437820435, "n_events": 4, "total_time": 4.718204975128174}}